video_id,url,creator,creator_nick,caption,hashtags,views,likes,comments,shares,duration_s,published,thumbnail,media_url,search_query,is_ad,is_slideshow,width,height
7670829169541958932,https://www.tiktok.com/@myromana/video/7670829169541958932,myromana,Romana,@Léo et Violette Daily Laurence - Grained Leather - colour: Brown - Crossbody - Detachable strap • • 📌 Penat saya buat video dengan info. Please watch till the end before you ask me any questions.  #leoetviolette #leatherhandbag #frenchhandbags #handbagcollection  ,# #leoetviolette #leatherhandbag #frenchhandbags #handbagcollection,47900,1049,68,102,254,2026-08-06T08:14:59.000Z,https://p19-common-sign.tiktokcdn-us.com/tos-alisg-p-0037/oEEioEaCDO6KYxYl7vIRAPvnBA0WiIBhQzVRI~tplv-tiktokx-dmt-logom:tos-alisg-i-0068/oEqAUA0fBC3EEAFRvB5IIoFAAdE2g0fBAKQDEY.image?dr=9634&x-expires=1788555600&x-signature=nrlXUQnqPbou1F%2Ftg6l9sWdfxt4%3D&t=4d5b0474&ps=13740610&shp=81f88b70&shcp=43f4a2f9&idc=useast5,,leather handbag,False,False,576,1024
7675569359120502046,https://www.tiktok.com/@joyleather168/video/7675569359120502046,joyleather168,JOY LEATHER,#leatherbag #handmadebag #handbags #vintagestyle ,#leatherbag #handmadebag #handbags #vintagestyle,2001,51,8,0,24,2026-08-19T02:49:22.000Z,https://p19-common-sign.tiktokcdn-us.com/tos-useast8-p-0068-tx2/oY3hAKmERvIrhA1qA6AQRM0FefEbE4EVEDQCAy~tplv-tiktokx-origin.image?dr=9636&x-expires=1788555600&x-signature=xJEcTcpuKeesfMJUYlKbGf10%2BYk%3D&t=4d5b0474&ps=13740610&shp=81f88b70&shcp=43f4a2f9&idc=useast5,,leather handbag,False,False,720,1280
7615906030630849806,https://www.tiktok.com/@handbagmanufacturercn/video/7615906030630849806,handbagmanufacturercn,Handbag_Super_Manufacturer,"We are a high quality leather bag manufacturer,OEM & ODM service #chinesefactory #handbagfactory #handbagcustom #oemodmfactory #handbagmanufacturer ",#chinesefactory #handbagfactory #handbagcustom #oemodmfactory #handbagmanufacturer,447800,1299,13,46,13,2026-03-11T08:05:23.000Z,https://p19-common-sign.tiktokcdn-us.com/tos-useast5-p-0068-tx/oELRkPETYAEfHI1FIZrkyjICkVxeIoO8IeWAIG~tplv-tiktokx-origin.image?dr=9636&x-expires=1788555600&x-signature=x3rvhd4TMMzX5yB4%2BpyjDjXO68s%3D&t=4d5b0474&ps=13740610&shp=81f88b70&shcp=43f4a2f9&idc=useast5,,leather handbag,True,False,720,1280
7655489485450382612,https://www.tiktok.com/@rehstudios/video/7655489485450382612,rehstudios,Reh Studios,ICYMI: Archive Sale is on  #leatherhandbag #chicbags #whatsinmybag #sale ,#leatherhandbag #chicbags #whatsinmybag #sale,31600,798,8,13,8,2026-06-26T00:09:17.000Z,https://p16-common-sign.tiktokcdn-us.com/tos-alisg-p-0037/oQwGAeRqIBpTglLAoevAph4eUWiGFnRe7gGA6X~tplv-tiktokx-origin.image?dr=9636&x-expires=1788555600&x-signature=m8MeQTZ4KBw2lm7NDOPd5weoMXY%3D&t=4d5b0474&ps=13740610&shp=81f88b70&shcp=43f4a2f9&idc=useast5,,leather handbag,False,False,576,1024
7680747528442203405,https://www.tiktok.com/@cheevangxiong/video/7680747528442203405,cheevangxiong,Chee Vang Xiong,This all leather tote bag?! OBSESSED #fyp #affordableluxury #affordablefashion #handbag #fashioninspo @kiki02.official.tok ,#fyp #affordableluxury #affordablefashion #handbag #fashioninspo #,1955,144,11,9,176,2026-09-02T01:43:23.000Z,https://p16-common-sign.tiktokcdn-us.com/tos-useast5-p-0068-tx/oYgkfVAJeAEeAbGXIdMd3kgAcLjbvLXAOkIQHk~tplv-tiktokx-origin.image?dr=9636&x-expires=1788555600&x-signature=LxARgnMuamBSJGT5%2FKhxfNlHyec%3D&t=4d5b0474&ps=13740610&shp=81f88b70&shcp=43f4a2f9&idc=useast5,,leather handbag,False,False,720,1280
7645967280077098248,https://www.tiktok.com/@shaftales/video/7645967280077098248,shaftales,shaf | corporate & life,This leather handbag 🤌🏼 @nakdfashion #leatherbagnakd #workbagleather #laptopbagleather #bawlerleatherbag #leatherhandbag,# #leatherbagnakd #workbagleather #laptopbagleather #bawlerleatherbag #leatherhandbag,8410,78,9,7,110,2026-05-31T08:18:11.000Z,https://p19-common-sign.tiktokcdn-us.com/tos-alisg-p-0037/oYi0DwfDoQsejNUIq3I4QNPe3CYAWE2rFCl1QA~tplv-tiktokx-dmt-logom:tos-alisg-i-0068/oAiIADNEkzA7D2U5JFeBIUEAbDfsfGATjAE7Ao.image?dr=9634&x-expires=1788555600&x-signature=414Y8PceTUK4GAO8guqKGwAmjkQ%3D&t=4d5b0474&ps=13740610&shp=81f88b70&shcp=43f4a2f9&idc=useast5,,leather handbag,False,False,576,1024
7628045583697136910,https://www.tiktok.com/@sadibag5/video/7628045583697136910,sadibag5,SD Bag store,Wow so stylish #sadi #womenbag #bags #handbag ,#sadi #womenbag #bags #handbag,1550,4,0,0,12,2026-04-13T01:13:13.000Z,https://p19-common-sign.tiktokcdn-us.com/tos-useast5-p-0068-tx/oEII6uKmmLceACkL6Tu5jeAaQIQDeHsGQ4hl6p~tplv-tiktokx-origin.image?dr=9636&x-expires=1788555600&x-signature=L%2FtpevhEuHi2Etvvdp%2FyOwkXRD8%3D&t=4d5b0474&ps=13740610&shp=81f88b70&shcp=43f4a2f9&idc=useast5,,leather handbag,False,False,720,1280
7641607456518327566,https://www.tiktok.com/@ekammeyer/video/7641607456518327566,ekammeyer,Emily,"I wasn’t planning to film today but I opened this bag before heading out and was honestly BLOWN AWAY! The leather quality is incredible, the bag is handmade✨, the hardware is exceptional and the whole thing just looks so expensive. And then I looked up the price and was SHOCKED!  #bags #purselover #bagsofinstagram #bucketbag #purseaddict",#bags #purselover #bagsofinstagram #bucketbag #purseaddict,18700,118,17,6,71,2026-05-19T14:20:26.000Z,https://p16-common-sign.tiktokcdn-us.com/tos-useast5-p-0068-tx/oQAAWnEIEDgqpIDfxcFSMQAtmaGkLEAfDCHRAm~tplv-tiktokx-origin.image?dr=9636&x-expires=1788555600&x-signature=Tj33rH1WbrRRcer6A%2BoqGc%2BMvPU%3D&t=4d5b0474&ps=13740610&shp=81f88b70&shcp=43f4a2f9&idc=useast5,,leather handbag,False,False,720,1280
7656602143356472590,https://www.tiktok.com/@cartermcneil1/video/7656602143356472590,cartermcneil1,Carters Bags,Are they worth selling? 🥹❤️ #handmade #crocodilebag #handbag #leatherpurse ,#handmade #crocodilebag #handbag #leatherpurse,34500,3822,813,72,12,2026-06-29T00:07:11.000Z,https://p16-common-sign.tiktokcdn-us.com/tos-useast5-p-0068-tx/okAVORLpIg7HpGegv0G4Ft3BUYHmetQ6tfpfpA~tplv-tiktokx-origin.image?dr=9636&x-expires=1788555600&x-signature=dfgneww%2BcXI%2FtJF7kvLisZ%2B%2F4ic%3D&t=4d5b0474&ps=13740610&shp=81f88b70&shcp=43f4a2f9&idc=useast5,,leather handbag,False,False,720,1290
7584212056950295838,https://www.tiktok.com/@ashleydianeevans/video/7584212056950295838,ashleydianeevans,Ashley Evans,designer inspired bag #designerinspired #lookforless #leatherbag #leatherhandbag #handbags  ,#designerinspired #lookforless #leatherbag #leatherhandbag #handbags,531600,29300,487,1746,23,2025-12-15T22:16:38.000Z,https://p16-common-sign.tiktokcdn-us.com/tos-useast8-p-0068-tx2/oEYU8BxiVATlaBRAMNA0CTSAERsBAIEIABPii~tplv-tiktokx-origin.image?dr=9636&x-expires=1788555600&x-signature=9WOUEzrEr7FbpILwk3jaZzUdIR4%3D&t=4d5b0474&ps=13740610&shp=81f88b70&shcp=43f4a2f9&idc=useast5,,leather handbag,False,False,720,1280
7597328247658990868,https://www.tiktok.com/@rehstudios/video/7597328247658990868,rehstudios,Reh Studios,How it feels to have my dream bag with me  #genuineleather #baglover #chicbag #leatherhandbag ,#genuineleather #baglover #chicbag #leatherhandbag,256300,8142,117,761,8,2026-01-20T06:34:02.000Z,https://p19-common-sign.tiktokcdn-us.com/tos-alisg-p-0037/oESv0ABiADIPCIuI8Ai0AIBBw8qxtAvdf5tCx2~tplv-tiktokx-origin.image?dr=9636&x-expires=1788555600&x-signature=p61L9nktsN2bB9fpz%2BWSBtdZAlI%3D&t=4d5b0474&ps=13740610&shp=81f88b70&shcp=43f4a2f9&idc=useast5,,leather handbag,False,False,576,1024
7630045560912792863,https://www.tiktok.com/@leatheratelier_/video/7630045560912792863,leatheratelier_,Nora Handmadebag,"This I show a real so black Box BK is made.100% handmade.No mass production.Dark elegance you can’t find anywhere else.🔥 *Nora-customize your dream bag *Choose the style, design, and color that suits you #HandmadeBag #HandmadeLeatherBag #ArtisanBag#soblack #luxurybags ",#handmadebag #handmadeleatherbag #artisanbag #soblack #luxurybags,128000,6445,243,309,48,2026-04-18T10:35:16.000Z,https://p16-common-sign.tiktokcdn-us.com/tos-useast8-p-0068-tx2/oIA0AXd8Oi3pgCaBE0iB3mPoICSiAeItiqjViI~tplv-tiktokx-origin.image?dr=9636&x-expires=1788555600&x-signature=rwgySSDpjKnPIVOT1focUv4Fp14%3D&t=4d5b0474&ps=13740610&shp=81f88b70&shcp=43f4a2f9&idc=useast5,,leather handbag,False,False,720,1280
7670333582782532895,https://www.tiktok.com/@shopwithaaron/video/7670333582782532895,shopwithaaron,shopwithaaron,Top 5 Quiet Luxury Coach Bags #coachny #coachretailemployee ,#coachny #coachretailemployee,353800,19900,193,666,36,2026-08-05T00:12:02.000Z,https://p16-common-sign.tiktokcdn-us.com/tos-useast8-p-0068-tx2/ooh9kAfwPqMUxIQUz5LeICADGfUJ3wQcjdGTIh~tplv-tiktokx-origin.image?dr=9636&x-expires=1788555600&x-signature=Ut9QQQwI%2ByjqmXEeMokVHGD7%2BuQ%3D&t=4d5b0474&ps=13740610&shp=81f88b70&shcp=43f4a2f9&idc=useast8,,quiet luxury bag,True,False,720,1280
7648205959373917458,https://www.tiktok.com/@salinachai/video/7648205959373917458,salinachai,@salinachai,My favorite underrated midrange luxury bags for 2026 #midrange #luxurybags #bagreview #recommendation #quietluxury ,#midrange #luxurybags #bagreview #recommendation #quietluxury,4854,62,0,2,75,2026-06-06T09:05:24.000Z,https://p19-common-sign.tiktokcdn-us.com/tos-alisg-p-0037/oEMEs4jtIf3I4URCrjcDfDCjK2AFDTeAdpVUIj~tplv-tiktokx-origin.image?dr=9636&x-expires=1788555600&x-signature=wIWBJufG5Ngl2jd%2BSlH9MbILlIw%3D&t=4d5b0474&ps=13740610&shp=81f88b70&shcp=43f4a2f9&idc=useast8,,quiet luxury bag,False,False,576,1024
7669092699055672607,https://www.tiktok.com/@selleb.sisters/video/7669092699055672607,selleb.sisters,Selleb Sisters,What your “quiet luxury” bag says about you #quietluxury #designerbags #whatyoursaysaboutyou ,#quietluxury #designerbags #whatyoursaysaboutyou,36400,742,14,13,105,2026-08-01T15:56:45.000Z,https://p19-common-sign.tiktokcdn-us.com/tos-useast8-p-0068-tx2/o8Oc8XAbfAIhFcD8ADRq9nCwLEEVFEAVDhAQeu~tplv-tiktokx-origin.image?dr=9636&x-expires=1788555600&x-signature=UOqieuf57opY2ClE7EKtQZPOnSk%3D&t=4d5b0474&ps=13740610&shp=81f88b70&shcp=43f4a2f9&idc=useast8,,quiet luxury bag,False,False,720,1280
7615654310499716382,https://www.tiktok.com/@audreacurates/video/7615654310499716382,audreacurates,Audreacurates,Quiet luxury bags worth knowing 🤍  Bottega Veneta  @TOTEME  @LOEWE  @khaite  @The Row  @DeMellier   Timeless silhouettes that work with everything.  #quietluxury #handbags #luxurybags #capsulewardrobe #therow     ,# # # # # #quietluxury #handbags #luxurybags #capsulewardrobe #therow,2015,18,0,1,5,2026-03-10T15:48:51.000Z,https://p19-common-sign.tiktokcdn-us.com/tos-useast8-p-0068-tx2/ogawPAWcWIAbCBVxbViw7i6BIEP1BpaRAl3Oh~tplv-tiktokx-origin.image?dr=9636&x-expires=1788555600&x-signature=JLefAx4rIJ5srjo51cSjid3rq60%3D&t=4d5b0474&ps=13740610&shp=81f88b70&shcp=43f4a2f9&idc=useast8,,quiet luxury bag,False,False,720,900
7673496225391332616,https://www.tiktok.com/@mandyywongg/video/7673496225391332616,mandyywongg,mandyywongg,"another item in my @Cafuné Official collection: Ori Bag in Black🖤  definitely in my work bag rotation, love the quiet luxury bags that match any outfits and at an affordable price point🥹🫶🏻  #mycafune #quietluxurybags #leatherbag #workbag #bagrecommendation ",# #mycafune #quietluxurybags #leatherbag #workbag #bagrecommendation,4270,106,0,19,63,2026-08-13T12:44:30.000Z,https://p16-common-sign.tiktokcdn-us.com/tos-alisg-p-0037/oI9sEoev0DADvCmGsbFvDjUB1IPAQCHfIlfP9E~tplv-tiktokx-origin.image?dr=9636&x-expires=1788555600&x-signature=7ekGjhfRauXARacQ3c%2FIXuJK1vc%3D&t=4d5b0474&ps=13740610&shp=81f88b70&shcp=43f4a2f9&idc=useast8,,quiet luxury bag,False,False,720,1280
7642529638417419550,https://www.tiktok.com/@jonathanbernal.studio/video/7642529638417419550,jonathanbernal.studio,Jonathan Bernal,"Did we create the perfect quiet luxury bag? No logos, just very fine leather. Designed to be extremely practical and luxurious. Always 1 of 1, custom made just for you.   #luxury #luxurylifestyle #designer #travel #backpack ",#luxury #luxurylifestyle #designer #travel #backpack,90100,3454,186,497,59,2026-05-22T01:58:30.000Z,https://p16-common-sign.tiktokcdn-us.com/tos-useast8-p-0068-tx2/oY35qLGfjIIqagALufIQ9CEAcAIAIzA7HUeYaA~tplv-tiktokx-origin.image?dr=9636&x-expires=1788555600&x-signature=Q9nVNr0%2B9At6pblF3pMqaDpA3TM%3D&t=4d5b0474&ps=13740610&shp=81f88b70&shcp=43f4a2f9&idc=useast8,,quiet luxury bag,False,False,576,1024
7636066566257380638,https://www.tiktok.com/@itscelesta/video/7636066566257380638,itscelesta,itscelesta👜🩵,the gold detailing on the bag is perfection #leoetviolette #designerbags #quietluxury #coach #parisfashion ,#leoetviolette #designerbags #quietluxury #coach #parisfashion,48800,768,8,26,53,2026-05-04T15:58:47.000Z,https://p19-common-sign.tiktokcdn-us.com/tos-useast8-p-0068-tx2/oIxE5DifNEBza0AAESAAfPimp4IVRVNEVAjGwC~tplv-tiktokx-origin.image?dr=9636&x-expires=1788555600&x-signature=aI4brTrQxbJoWExbB0EU7N8kEU4%3D&t=4d5b0474&ps=13740610&shp=81f88b70&shcp=43f4a2f9&idc=useast8,,quiet luxury bag,True,False,576,1024
7669934834952850719,https://www.tiktok.com/@the.lazy.thrifter/video/7669934834952850719,the.lazy.thrifter,Jeremy Carr:The Lazy Thrifter,"Replying to @Parys-inni-kaap  These are five handbags that wealthy women often choose instead of Louis Vuitton. Beautiful leather, timeless design, and many are under $500.  Which one would you carry?  #Handbags #LuxuryBags #QuietLuxury #OldMoneyStyle #LouisVuitton",# #handbags #luxurybags #quietluxury #oldmoneystyle #louisvuitton,1100000,44400,1490,2737,108,2026-08-03T22:24:47.000Z,https://p16-common-sign.tiktokcdn-us.com/tos-useast8-p-0068-tx2/o4F8WiMCiI5EAmOrIxfj4SyAICQ81BqviC9SAi~tplv-tiktokx-origin.image?dr=9636&x-expires=1788555600&x-signature=3PMUMg1soETHFBOwxcqabD5KNrg%3D&t=4d5b0474&ps=13740610&shp=81f88b70&shcp=43f4a2f9&idc=useast8,,quiet luxury bag,False,False,720,1280
7679808453866556685,https://www.tiktok.com/@erika.lux51/video/7679808453866556685,erika.lux51,Erika Lux,This style of bag doesn't get enough attention! #quietluxury #fallfavorites #unboxing #affordablefashion ,#quietluxury #fallfavorites #unboxing #affordablefashion,813,33,3,1,143,2026-08-30T13:00:02.000Z,https://p19-common-sign.tiktokcdn-us.com/tos-useast5-p-0068-tx/oMUhwSBCTI1ziOKO9pfAIct0V4iWKhC8AiBa9I~tplv-tiktokx-origin.image?dr=9636&x-expires=1788555600&x-signature=cZIS4MZm8v9HXWLBSqj3Gzc1%2BJw%3D&t=4d5b0474&ps=13740610&shp=81f88b70&shcp=43f4a2f9&idc=useast8,,quiet luxury bag,False,False,720,1280
7673312168141540638,https://www.tiktok.com/@sydsrunway/video/7673312168141540638,sydsrunway,Syd,Replying to @Kookie yummy purse  #chanel #chanelmaxiflap #chanelbag #designerbags #chanelbeauty ,# #chanel #chanelmaxiflap #chanelbag #designerbags #chanelbeauty,62300,3351,27,188,32,2026-08-13T00:50:30.000Z,https://p16-common-sign.tiktokcdn-us.com/tos-useast8-p-0068-tx2/osAIBNS9i0UIfC75flDR5IU9qfFjEPFAT0aIqX~tplv-tiktokx-origin.image?dr=9636&x-expires=1788555600&x-signature=TTkCTyP%2FJdZyxs1%2BfCWMRYTH%2BHg%3D&t=4d5b0474&ps=13740610&shp=81f88b70&shcp=43f4a2f9&idc=useast8,,quiet luxury bag,False,False,720,1280
7655365077415021846,https://www.tiktok.com/@aliceinparisofficial/video/7655365077415021846,aliceinparisofficial,aliceinparisofficial,"The best bag brand to buy in Paris if you love quiet luxury 🤎 (by a Parisian) Fleuron is a Parisian leather goods brand designed in Paris and handcrafted in Italy, with timeless bags that feel elegant, modern, and understated. No loud logos — just beautiful leather, refined shapes, thoughtful details, and colors that instantly make an outfit feel more polished. I tried the Swann, one of their signature bags, with its elegant top handle, soft structured shape, and the option to wear it by hand, on the shoulder, or crossbody. I also loved the Hortensia, especially the new Hortensia clutch, which",,11200,287,5,33,71,2026-06-25T16:06:04.000Z,https://p19-common-sign.tiktokcdn-us.com/tos-useast2a-p-0037-euttp/oUBEoQN0I5pEmQPCMeoDfDARNKAFAAkQAa3qQ6~tplv-tiktokx-origin.image?dr=9636&x-expires=1788555600&x-signature=D2A%2BefvPakbyduzDtd4YkNYMsnY%3D&t=4d5b0474&ps=13740610&shp=81f88b70&shcp=43f4a2f9&idc=useast8,,quiet luxury bag,False,False,576,1024
7667351163695648030,https://www.tiktok.com/@the.lazy.thrifter/video/7667351163695648030,the.lazy.thrifter,Jeremy Carr:The Lazy Thrifter,"Replying to @Megan 🩷🫶🏻   Everyone buys the same luxury bags. If you want to look expensive without spending thousands, these are the five brands I'd buy instead. Which one would you choose…and what bag did I leave off the list?  #handbags #luxurybags #quietluxury #fashiontok #under1000",# #handbags #luxurybags #quietluxury #fashiontok #under1000,1700000,76800,2441,6751,102,2026-07-27T23:18:48.000Z,https://p16-common-sign.tiktokcdn-us.com/tos-useast8-p-0068-tx2/oYEwIq1fe19EeHIjw5zURBFDA1mDvpAIAx6jnC~tplv-tiktokx-origin.image?dr=9636&x-expires=1788555600&x-signature=ZsB%2BnScHgPwSc8j6CTMxpToMWuU%3D&t=4d5b0474&ps=13740610&shp=81f88b70&shcp=43f4a2f9&idc=useast8,,quiet luxury bag,False,False,720,1280
7671072366658882846,https://www.tiktok.com/@luxbiz_ness/video/7671072366658882846,luxbiz_ness,Vanessa,Top 5 Handbags of 2026! Thanks to all who tagged me! #handbaglover #coachchelsea #birkin35 #balenciagacity #fyp   I tag @Michael Christopher✨ @TYE | Your Gay Bestie ✨ @plentyobags @✨Ande✨ @🌈 Caleb Deane 🌈 @📚Jay’s Soft Life! ❌📚 @Alex @Allie Marie ✨ @BaggedByL👜 @Brittney Ellington @Cierra Briana @Daisy @Gabba @Geminis Cruz @Jonathan @Marissa Lyne @LifeofCarrie @Toni | High-Low Luxury Style ,#handbaglover #coachchelsea #birkin35 #balenciagacity #fyp # # # # # # # # # # # # # # # # # #,24700,2427,112,85,351,2026-08-06T23:58:45.000Z,https://p16-common-sign.tiktokcdn-us.com/tos-useast8-p-0068-tx2/ogIcjbQAqhAFqEjHJjjgo6fxFeD9ICeQ8I7Uu1~tplv-tiktokx-origin.image?dr=9636&x-expires=1788555600&x-signature=vxRTLIUQC7XKcU9odvVZvBouF5s%3D&t=4d5b0474&ps=13740610&shp=81f88b70&shcp=43f4a2f9&idc=useast8,,handbag,False,False,720,1280
7666865369520311565,https://www.tiktok.com/@joy.wholesalebag/video/7666865369520311565,joy.wholesalebag,joy.wholesalebag,Top selling women handbags West Africa. 100 pieces $350-500$ factory no middleman. Chat for price list.#LadiesBags #ChinaBagFactory #NigeriaWholesale #GhanaMarket ,#ladiesbags #chinabagfactory #nigeriawholesale #ghanamarket,81900,2926,158,393,21,2026-07-26T15:53:57.000Z,https://p19-common-sign.tiktokcdn-us.com/tos-useast5-p-0068-tx/oIcqDu2UAAAeARvxgEFbZLSDQf8saZiEDECBmI~tplv-tiktokx-origin.image?dr=9636&x-expires=1788555600&x-signature=bJtx4sznDDrQ1xTfXl3ikhgZvt4%3D&t=4d5b0474&ps=13740610&shp=81f88b70&shcp=43f4a2f9&idc=useast8,,handbag,False,False,576,1024
7677505602632879367,https://www.tiktok.com/@penelopes_finds/video/7677505602632879367,penelopes_finds,𝑃𝑒𝑛𝑒𝑙𝑜𝑝𝑒'𝑠 𝐹𝑖𝑛𝑑𝑠,editing this in the airport lounge cos I really want to show you guys this cute little blue mini 25 bag 🥹 from @Elena   #babyblue #minibag #handbag #luxuryunboxing #fashioninspo ,# #babyblue #minibag #handbag #luxuryunboxing #fashioninspo,448000,34700,78,2866,18,2026-08-24T08:03:03.000Z,https://p19-common-sign.tiktokcdn-us.com/tos-alisg-p-0037/ooWIWffXwAzjDeAQAb7EA2E49DFFIgwGVpqgAE~tplv-tiktokx-origin.image?dr=9636&x-expires=1788555600&x-signature=m3TRERxQXjcN1gH1ZwHhfmOoSnk%3D&t=4d5b0474&ps=13740610&shp=81f88b70&shcp=43f4a2f9&idc=useast8,,handbag,False,False,576,1024
7651755294187408670,https://www.tiktok.com/@ally.haul/video/7651755294187408670,ally.haul,Ally’s Hauls,giving my honest thoughts 🎀💗 - #summerfinds #asmrunboxing #shoppinghaul #bagreview #handbag ,#summerfinds #asmrunboxing #shoppinghaul #bagreview #handbag,725100,43200,149,4378,63,2026-06-15T22:38:56.000Z,https://p19-common-sign.tiktokcdn-us.com/tos-useast8-p-0068-tx2/oEogARAQE9DAMV0FHGCOBqf7jAxEREAAIlv7fy~tplv-tiktokx-origin.image?dr=9636&x-expires=1788555600&x-signature=qiw8OfR%2BLR%2BTTMkd5nZuVgy8S6k%3D&t=4d5b0474&ps=13740610&shp=81f88b70&shcp=43f4a2f9&idc=useast8,,handbag,False,False,720,1280
7666512671592074517,https://www.tiktok.com/@maligoshik/video/7666512671592074517,maligoshik,anna malygon,my Butler has a Birkin now,,1600000,117600,458,2678,27,2026-07-25T17:04:47.000Z,https://p19-common-sign.tiktokcdn-us.com/tos-alisg-p-0037/o4BEz7TKEWfEUBZCXkzDfBWRysAFAAOgAXKqIF~tplv-tiktokx-origin.image?dr=9636&x-expires=1788555600&x-signature=q8374GIEy99rKsA7MOkiOIttGYU%3D&t=4d5b0474&ps=13740610&shp=81f88b70&shcp=43f4a2f9&idc=useast8,,handbag,False,False,576,1024
7676645924118007070,https://www.tiktok.com/@britt.rae2/video/7676645924118007070,britt.rae2,Britt Rae,Are these Gorchic bags actually giving REAL LV & Gucci vibes?! 👀👜 Let’s take a closer look! Luxury-looking handbags without the luxury price tag ✨ @gorchic_officialpage #gorchic #bagtok #bougieonabudget #affordable #pursetok ,# #gorchic #bagtok #bougieonabudget #affordable #pursetok,39100,812,111,116,165,2026-08-22T00:27:03.000Z,https://p19-common-sign.tiktokcdn-us.com/tos-useast8-p-0068-tx2/o4HNIAexOVEtsEIqOiFfEBA8U7R7puI2RoDjEB~tplv-tiktokx-origin.image?dr=9636&x-expires=1788555600&x-signature=XOkxwYTn2Hl%2B7NbUtGhlCCEKuc4%3D&t=4d5b0474&ps=13740610&shp=81f88b70&shcp=43f4a2f9&idc=useast8,,handbag,False,False,720,1280
7670226723245509910,https://www.tiktok.com/@n.i.m.s.corner/video/7670226723245509910,n.i.m.s.corner,Nimra | n.i.m.s.corner 📖✨✍🏼,"Unbox my new leather handbag from @Radley - the Chancery, which is basically a dupe for the Mulberry Bayswater Handbag in my opinion 🤭✨ I’ve been on the hunt for a new leather handbag and when @Ceren Journals 📚 tells you to buy a handbag, you buy the handbag 🫡 I can’t believe how incredible the quality is, the outer shell is 100% leather with black suede inner lining! And it’s spacious enough to fit all my journals and accessories 🫶🏼✨ Radley have unfortunately gone into administration and all their stock is 50% off, so if you’ve been thinking about getting a leather handbag, now’s your chance ",# # # # # #luxuryhandbag #leatherhandbag #handbagcollection #luxurybag #leatherbag,90400,4569,191,225,36,2026-08-04T17:17:16.000Z,https://p19-common-sign.tiktokcdn-us.com/tos-no1a-p-0037-no/oUD1AE2A6IHcaFUE0kofBl5pT4AeCRgLyqEhAF~tplv-tiktokx-origin.image?dr=9636&x-expires=1788555600&x-signature=avPXmr5c%2FHxvStxpLscuM%2FxOjxs%3D&t=4d5b0474&ps=13740610&shp=81f88b70&shcp=43f4a2f9&idc=useast8,,handbag,False,False,576,1024
7675767679545806094,https://www.tiktok.com/@elllebe2/video/7675767679545806094,elllebe2,Elllebe2 new account!,What bag or bags do you miss using when you’re not using them? I have a handful of them but miss large quilted Charlie is one of the top ones that I physically crave to use. 🔥😍🤎 also look how cute the chain from my quilted time Square tabby looks on this bag!   #b#bagtokt#toryburchcharlieha#handbagaddicto#botde#besthandbag,#bagtok #toryburchcharlie #handbagaddict #botd #besthandbag,37500,2369,183,36,120,2026-08-19T15:39:04.000Z,https://p16-common-sign.tiktokcdn-us.com/tos-useast5-p-0068-tx/oQA5Eid9ko4pBzBgOkaaF9EAAE5XCFpRAIivh~tplv-tiktokx-dmt-logom:tos-useast5-i-0068-tx/oInF5ECaEoRSC4AWAf8oFIceqhAz0DZWhAEgAD.image?dr=9634&x-expires=1788555600&x-signature=oPq%2FTtVeW77uu49djFgWgJssm3E%3D&t=4d5b0474&ps=13740610&shp=81f88b70&shcp=43f4a2f9&idc=useast8,,handbag,False,False,720,1280
7678870850623294750,https://www.tiktok.com/@the.lazy.thrifter/video/7678870850623294750,the.lazy.thrifter,Jeremy Carr:The Lazy Thrifter,"Coach is back, but not every bag deserves a comeback. Which one would you buy, and which one should Coach be arrested for?  #Coach #CoachBags #Handbags #FashionTok #BuyThisNotThat",#coach #coachbags #handbags #fashiontok #buythisnotthat,519700,21200,1032,1174,136,2026-08-28T00:20:54.000Z,https://p19-common-sign.tiktokcdn-us.com/tos-useast8-p-0068-tx2/owMD0EfETAkMqwMV5QBNRHAGuxIfFuEoDscNqh~tplv-tiktokx-origin.image?dr=9636&x-expires=1788555600&x-signature=KTmFjFzJViYGslqyfiUU9mrKZPQ%3D&t=4d5b0474&ps=13740610&shp=81f88b70&shcp=43f4a2f9&idc=useast8,,handbag,False,False,720,1280
7680131903126523158,https://www.tiktok.com/@candy.bags4/video/7680131903126523158,candy.bags4,candy bags,#Luxurybags #fashionbags #totebags #newbag #handbags ,#luxurybags #fashionbags #totebags #newbag #handbags,58600,996,155,121,27,2026-08-31T09:54:24.000Z,https://p19-common-sign.tiktokcdn-us.com/tos-no1a-p-0037-no/oUCAYVO3IEE7YvuUVYaiBVBp06itBApWTATAP~tplv-tiktokx-origin.image?dr=9636&x-expires=1788555600&x-signature=bEsD0v%2BcNjhAMcAyJfzdUnsBbaE%3D&t=4d5b0474&ps=13740610&shp=81f88b70&shcp=43f4a2f9&idc=useast8,,handbag,False,False,576,1024
7675157339812482334,https://www.tiktok.com/@diaryofjyfh/video/7675157339812482334,diaryofjyfh,julie | fashion + lifestyle,Hope this helps ☺️♥️ @Things Between #OOTD #handbag #etsyfinds #amazonfinds ,# #OOTD #handbag #etsyfinds #amazonfinds,32600,2252,31,87,28,2026-08-18T00:10:39.000Z,https://p19-common-sign.tiktokcdn-us.com/tos-useast8-p-0068-tx2/oMc8AMXQIAX0IK78IASOfqVfiIjTBADeQgSEAp~tplv-tiktokx-dmt-logom:tos-useast8-i-0068-tx2/oUELEVhm8DAvoHAzA6FnERqACEPAHCvgIffVDE.image?dr=9634&x-expires=1788555600&x-signature=7NhmsEGITKL9anPKMsqvhWmvV9g%3D&t=4d5b0474&ps=13740610&shp=81f88b70&shcp=43f4a2f9&idc=useast8,,handbag,False,False,720,1280
7678354370668268831,https://www.tiktok.com/@emilyfactory1/video/7678354370668268831,emilyfactory1,𝑬𝒎𝒊𝒍𝒚-𝒉𝒂𝒏𝒅𝒃𝒂𝒈𝒔,#handbags #unboxing #handbag2026 #bagtok #bagforwomen ,#handbags #unboxing #handbag2026 #bagtok #bagforwomen,3098,42,5,0,18,2026-08-26T14:56:38.000Z,https://p16-common-sign.tiktokcdn-us.com/tos-useast8-p-0068-tx2/o4fqUARsE5DjQdCExfF5RQVqEoT3QAB5vdMV5A~tplv-tiktokx-origin.image?dr=9636&x-expires=1788555600&x-signature=haiG%2F00hOsdGa5GLFv9aBXgZwCo%3D&t=4d5b0474&ps=13740610&shp=81f88b70&shcp=43f4a2f9&idc=useast8,,handbag,False,False,720,1280
7674638276157787400,https://www.tiktok.com/@yourdailycart138/video/7674638276157787400,yourdailycart138,Your Daily Cart,Mini size လေးကို 1 သိန်း 1 သောင်း 5 ထောင်တည်းနဲ့မှာယူလို့ရပါပြီရှင့် #yourdailycart #totebag #bagsmart #fyp #foryoupage ,#yourdailycart #totebag #bagsmart #fyp #foryoupage,2983,175,32,26,14,2026-08-16T14:36:16.000Z,https://p16-common-sign.tiktokcdn-us.com/tos-alisg-p-0037/ok2FZKiIIAw1U9QfOyiqBnmdGuUEpCAbBAOIB5~tplv-tiktokx-origin.image?dr=9636&x-expires=1788555600&x-signature=AsO4qv9xYCAzzg0bXsDxpSqypEg%3D&t=4d5b0474&ps=13740610&shp=81f88b70&shcp=43f4a2f9&idc=useast8,,tote bag,False,False,576,1024
7675345388034886934,https://www.tiktok.com/@thegiftcorner.uk/video/7675345388034886934,thegiftcorner.uk,thegiftcorner.uk,A longest process but the results speak for themselves! Absolutely adore our totes🩷   #asmrsmallbusiness #orderpackingvideo #bookish #amsrpacking ,#asmrsmallbusiness #orderpackingvideo #bookish #amsrpacking,476700,16500,115,1261,36,2026-08-18T12:20:17.000Z,https://p19-common-sign.tiktokcdn-us.com/tos-no1a-p-0037-no/ogAECA66cpPEAosiR3gDaoYTBAIaBiSOsBBAE~tplv-tiktokx-origin.image?dr=9636&x-expires=1788555600&x-signature=rb5XM9QMjJZceDYvHhUXcQvb1%2FI%3D&t=4d5b0474&ps=13740610&shp=81f88b70&shcp=43f4a2f9&idc=useast8,,tote bag,False,False,576,1024
7677030258138238238,https://www.tiktok.com/@www.leahryan.com/video/7677030258138238238,www.leahryan.com,Leah Ryan,But to be fair she’s never failed me.  #totebag #coachbag #bagtok #typeb ,#totebag #coachbag #bagtok #typeb,110800,10000,52,215,10,2026-08-23T01:18:30.000Z,https://p16-common-sign.tiktokcdn-us.com/tos-useast8-p-0068-tx2/oUfNIffKA1BGAQLNqgQ0IIL1RhQUURelFDJOGY~tplv-tiktokx-origin.image?dr=9636&x-expires=1788555600&x-signature=ykCQORqRrlgLeb6zDSyXA0W5SX8%3D&t=4d5b0474&ps=13740610&shp=81f88b70&shcp=43f4a2f9&idc=useast8,,tote bag,False,False,720,1280
7674110898168024350,https://www.tiktok.com/@briannapalomino/video/7674110898168024350,briannapalomino,Brianna Palomino,pack my new work tote with me 👜🤎@Longchamp   #longchamp #packmybag #longchamplepliage ,# #longchamp #packmybag #longchamplepliage,593100,48400,166,3773,64,2026-08-15T04:29:50.000Z,https://p19-common-sign.tiktokcdn-us.com/tos-useast8-p-0068-tx2/okGDFQ85A7AQIAzpmeUFEsHfIJ1fIAwfvAD6Ra~tplv-tiktokx-origin.image?dr=9636&x-expires=1788555600&x-signature=eiBwA8zLSF0bYVKlO4YtM6eNlxA%3D&t=4d5b0474&ps=13740610&shp=81f88b70&shcp=43f4a2f9&idc=useast8,,tote bag,False,False,720,1280
7672120253656124686,https://www.tiktok.com/@50bag.co/video/7672120253656124686,50bag.co,50$Bag co.,The perfect everyday tote has arrived.#cutebag #totebag #coachbag #luxurybag #fashionbag ,#cutebag #totebag #coachbag #luxurybag #fashionbag,124100,1444,161,176,31,2026-08-09T19:45:23.000Z,https://p19-common-sign.tiktokcdn-us.com/tos-useast5-p-0068-tx/owX0B9fBpI5zIk1Cl2GIlP6G4ANAAix7iFyhIw~tplv-tiktokx-origin.image?dr=9636&x-expires=1788555600&x-signature=iG1ynSvThGSOshSHjvsmxkqZNbo%3D&t=4d5b0474&ps=13740610&shp=81f88b70&shcp=43f4a2f9&idc=useast8,,tote bag,False,False,720,1280
7671285669804657952,https://www.tiktok.com/@tuse.eu/video/7671285669804657952,tuse.eu,TUSÉ,This changed my grocery shopping forever 🤌🏻 more info in my profile 📌 #shoppingbag #shopping #grocery #totebag #grocerybag ,#shoppingbag #shopping #grocery #totebag #grocerybag,45400,764,15,216,10,2026-08-07T13:46:23.000Z,https://p16-common-sign.tiktokcdn-us.com/tos-useast2a-p-0037-euttp/oU1ATG1iWBUEvAiI2BkINa3AAOC7oDfBMD4Bio~tplv-tiktokx-origin.image?dr=9636&x-expires=1788555600&x-signature=1XjPbByGTyKnJFL1D%2F7Pgnv%2BsF8%3D&t=4d5b0474&ps=13740610&shp=81f88b70&shcp=43f4a2f9&idc=useast8,,tote bag,False,False,576,1024
7677669543740853534,https://www.tiktok.com/@liyahlidon/video/7677669543740853534,liyahlidon,aaliyah jua 🖋️,"It took a little over a month but she’s here, I’ve dressed her, and I’m in love!  The bag came with the crossbody strap, this is a medium tote. @musthavejoy #blackownedbusiness #musthavejoy #greatquality #totebagaesthetic",# #blackownedbusiness #musthavejoy #greatquality #totebagaesthetic,23800,2304,197,97,47,2026-08-24T18:39:25.000Z,https://p16-common-sign.tiktokcdn-us.com/tos-useast8-p-0068-tx2/ogAUIHBjRakfdKbnMqM0qxRiB36iEC15iIAA9R~tplv-tiktokx-origin.image?dr=9636&x-expires=1788555600&x-signature=b3sOT%2FhdANl%2FzVOirf801PsELBE%3D&t=4d5b0474&ps=13740610&shp=81f88b70&shcp=43f4a2f9&idc=useast8,,tote bag,False,False,720,1280
7680204500153552149,https://www.tiktok.com/@rileyscrafts6/video/7680204500153552149,rileyscrafts6,Riley,What do you think of my handmade bags… #tote #totebag #christmas #xmas ,#tote #totebag #christmas #xmas,1147,135,65,7,13,2026-08-31T14:36:03.000Z,https://p16-common-sign.tiktokcdn-us.com/tos-alisg-p-0037/o0mSuIhIBh3isAkrwifVAWE0RiC4L1ACi8SICV~tplv-tiktokx-origin.image?dr=9636&x-expires=1788555600&x-signature=%2FjJTg9i0eC666qm5KHuQC02FSlM%3D&t=4d5b0474&ps=13740610&shp=81f88b70&shcp=43f4a2f9&idc=useast8,,tote bag,False,False,576,1024
7678867386748964127,https://www.tiktok.com/@sisiloveyou/video/7678867386748964127,sisiloveyou,S ILY,Safe to say the At Ease Tote has the girls in a tizzy. 🫨🫨🤭❤️ #totebagsummer #totbagdesign #sily #silytotebag ,#totebagsummer #totbagdesign #sily #silytotebag,6009,897,26,65,16,2026-08-28T00:07:32.000Z,https://p16-common-sign.tiktokcdn-us.com/tos-useast8-p-0068-tx2/ocAgbENtqEs2ortrADBrMfakFDBQVQfRoE1bhK~tplv-tiktokx-origin.image?dr=9636&x-expires=1788555600&x-signature=vr3mjEWIXAr65qjjbmmBWya5k8k%3D&t=4d5b0474&ps=13740610&shp=81f88b70&shcp=43f4a2f9&idc=useast8,,tote bag,False,False,720,1280
7678889777776610574,https://www.tiktok.com/@elitetokshop/video/7678889777776610574,elitetokshop,elitetokshop,I’m toooooo in loveeee 💗🎀 #fyp #totebag #totebagaesthetic #girlythings #totebags ,#fyp #totebag #totebagaesthetic #girlythings #totebags,156,2,0,0,5,2026-08-28T01:34:22.000Z,https://p19-common-sign.tiktokcdn-us.com/tos-useast5-p-0068-tx/oAbhIjQIjkaelsWa5AHcJQfIQAtVHfG7a5aHLC~tplv-tiktokx-origin.image?dr=9636&x-expires=1788555600&x-signature=c5cf6mOzL8aOL%2FXPkvnhE8APqp8%3D&t=4d5b0474&ps=13740610&shp=81f88b70&shcp=43f4a2f9&idc=useast8,,tote bag,False,False,720,1280
7677619088881061142,https://www.tiktok.com/@fashionshop289/video/7677619088881061142,fashionshop289,Fashionshop,"Super affordable, great price! DM for details.💗💗💗#bagfactory #fyp #totebags #bagforwomen #fashionfinds #designerbags #affordableluxury ",#bagfactory #fyp #totebags #bagforwomen #fashionfinds #designerbags #affordableluxury,25400,442,36,25,7,2026-08-24T15:23:22.000Z,https://p19-common-sign.tiktokcdn-us.com/tos-no1a-p-0037-no/osFXjAMwGEM8PAzhYIdmIQJQAOfWIIVfLQAAe6~tplv-tiktokx-origin.image?dr=9636&x-expires=1788555600&x-signature=xDJ4M2%2BzWUJjpHOVV%2Fs1un9yUxI%3D&t=4d5b0474&ps=13740610&shp=81f88b70&shcp=43f4a2f9&idc=useast8,,tote bag,False,False,576,1024
7679668901231332621,https://www.tiktok.com/@bbaleysha/video/7679668901231332621,bbaleysha,Aleysha,LTH CITY TOTE 👜 ✨@sofia garcia #coach #sacramento #school #college #shopping ,# #coach #sacramento #school #college #shopping,214400,27700,69,270,84,2026-08-30T03:57:56.000Z,https://p16-common-sign.tiktokcdn-us.com/tos-useast5-p-0068-tx/okVbkNTT3CxE0ALjLHfIfkSBQJIFAAeaC6qGI2~tplv-tiktokx-origin.image?dr=9636&x-expires=1788555600&x-signature=Lx28TlgWzKA0AXuTu5Km4Xxu9aU%3D&t=4d5b0474&ps=13740610&shp=81f88b70&shcp=43f4a2f9&idc=useast8,,tote bag,True,False,720,1280
7679378182939725076,https://www.tiktok.com/@bostanten_official/video/7679378182939725076,bostanten_official,Bostanten,Celia Bag is finally coming 🤍✨  Mark your calendar — 31.08 💌 A new everyday bag you’re definitely gonna want to add to your collection 👜  Don’t miss the launch! 👀  #Fyp #HandBag #TasWanita #Tasselempang #NewArrivals ,#fyp #handbag #taswanita #tasselempang #newarrivals,494500,4472,67,306,22,2026-08-29T09:09:31.000Z,https://p16-common-sign.tiktokcdn-us.com/tos-alisg-p-0037/oE4QgikQc01QBhqiyFqMEME8lD25feAHRDBGkc~tplv-tiktokx-origin.image?dr=9636&x-expires=1788555600&x-signature=o99bpMupA4hHCDgo9JenJXrgX4I%3D&t=4d5b0474&ps=13740610&shp=81f88b70&shcp=43f4a2f9&idc=useast5,,everyday handbag,True,False,576,1024
7673190447786872094,https://www.tiktok.com/@eileenk.hyun/video/7673190447786872094,eileenk.hyun,Eileen Hyun,Top 5 bags that will instantly elevate any outfit! & totally worth your money #handbag #everydaybag #baghaul #bagcollection ,#handbag #everydaybag #baghaul #bagcollection,50200,2099,23,41,50,2026-08-12T16:58:03.000Z,https://p19-common-sign.tiktokcdn-us.com/tos-useast8-p-0068-tx2/oUIE2jCUjf8pWFemlTlDhADIqKIfA06ZKIz3EK~tplv-tiktokx-origin.image?dr=9636&x-expires=1788555600&x-signature=tav8azQRNF2VOqwLtYZQbEZRijA%3D&t=4d5b0474&ps=13740610&shp=81f88b70&shcp=43f4a2f9&idc=useast5,,everyday handbag,False,False,720,1280
7655068463718878486,https://www.tiktok.com/@elizabeth_obuks/video/7655068463718878486,elizabeth_obuks,Elizabeth | Handbags ✨,"As someone who loves to treat herself to a handbag, all you really need in your collection is an everyday bag, or 2.  If you’re actively building a handbag collection, you need to start with bags that you’ll actually use   #everydaybag #handbag #bagtok #affordablebags #handbagcollection ",#everydaybag #handbag #bagtok #affordablebags #handbagcollection,36700,1067,29,42,56,2026-06-24T20:55:29.000Z,https://p19-common-sign.tiktokcdn-us.com/tos-no1a-p-0037-no/oc8YiRfQ8KWXUGeIAQtAeAAedaDAHoYBMRG4QB~tplv-tiktokx-origin.image?dr=9636&x-expires=1788555600&x-signature=arxRcz%2F4mal45FBREcdV75W7ZQ8%3D&t=4d5b0474&ps=13740610&shp=81f88b70&shcp=43f4a2f9&idc=useast5,,everyday handbag,False,False,576,1024
7659839947301604628,https://www.tiktok.com/@melissasollee/video/7659839947301604628,melissasollee,Melissa Sol,Mid luxury bags I think are worth the price #midluxurybags #handbagcollection #bagrecommendation #everydaybag @polene_paris @DeMellier @VERAFIED NEW YORK @Parisa Wang New York ,#midluxurybags #handbagcollection #bagrecommendation #everydaybag # # # #,658800,32000,198,2182,31,2026-07-07T17:31:17.000Z,https://p19-common-sign.tiktokcdn-us.com/tos-alisg-p-0037/okXbeAAOUCDpmrMaEjFEAfDjImAj0MAQIqfT4m~tplv-tiktokx-origin.image?dr=9636&x-expires=1788555600&x-signature=Ws5zAkgWvwvOlNwAtGPYm3Krpw4%3D&t=4d5b0474&ps=13740610&shp=81f88b70&shcp=43f4a2f9&idc=useast5,,everyday handbag,True,False,576,1024
7669640710907251998,https://www.tiktok.com/@fashionend4/video/7669640710907251998,fashionend4,fashionend,"Bags that make every outfit look expensive! 🖤✨ Current bag collection! 👜 cre gosuamii - #bagcollection #handbagcollection #everydaybags #midluxurybags #minimalfashionstyle   Handbag collection, current bag rotation, bag collection, mid luxury bags, minimal style bags, everyday bags, mid luxury bags",#bagcollection #handbagcollection #everydaybags #midluxurybags #minimalfashionstyle,493,26,2,1,9,2026-08-03T03:23:18.000Z,https://p16-common-sign.tiktokcdn-us.com/tos-useast8-p-0068-tx2/oYrGGIAuIdpBFbR0QFgPxUL2qwWsEQeCefAqZf~tplv-tiktokx-origin.image?dr=9636&x-expires=1788555600&x-signature=YoAi8Hw2Ig9PUTbagCQsTTF5mCs%3D&t=4d5b0474&ps=13740610&shp=81f88b70&shcp=43f4a2f9&idc=useast5,,everyday handbag,False,False,720,1280
7639519949500894484,https://www.tiktok.com/@kate..hardy/video/7639519949500894484,kate..hardy,Kate Hardy,"I just can’t get enough of this bag, let me know if you want some other options 🤍 #louisvuitton #everydaybag #designer #shoulderbag",#louisvuitton #everydaybag #designer #shoulderbag,91200,1761,39,89,34,2026-05-13T23:19:22.000Z,https://p19-common-sign.tiktokcdn-us.com/tos-alisg-p-0037/oQvFI1AQAAliCBqkAAIAJ2NPeFhwSiEBAkOBso~tplv-tiktokx-origin.image?dr=9636&x-expires=1788555600&x-signature=ge2hcaa5tdocuLFNu6ziatcPeIM%3D&t=4d5b0474&ps=13740610&shp=81f88b70&shcp=43f4a2f9&idc=useast5,,everyday handbag,False,False,576,1024
7616080637455420703,https://www.tiktok.com/@haotruonggg/video/7616080637455420703,haotruonggg,hao,"just picked up the coach chelsea 36, here’s what fits! @Coach   #whatsinmybag #coach #handbag #dailyessentials #coachbag ",# #whatsinmybag #coach #handbag #dailyessentials #coachbag,1000000,39700,302,6905,46,2026-03-11T19:22:49.000Z,https://p19-common-sign.tiktokcdn-us.com/tos-useast8-p-0068-tx2/osDxEpq4EcYcAFMCeAVEAAEwUHAsCQD1EIQfRU~tplv-tiktokx-origin.image?dr=9636&x-expires=1788555600&x-signature=pRDRFYBsurAh81Cd1nSDnpiqTRk%3D&t=4d5b0474&ps=13740610&shp=81f88b70&shcp=43f4a2f9&idc=useast5,,everyday handbag,True,False,720,1280
7648345123176205599,https://www.tiktok.com/@heyhollyjane/video/7648345123176205599,heyhollyjane,HollyJane 👜✨,Going through my designer bag collection to help you pick your perf everyday bag. #designerbags #chanel #louisvuitton #handbags #handbagcollection ,#designerbags #chanel #louisvuitton #handbags #handbagcollection,308400,13600,143,382,146,2026-06-06T18:05:38.000Z,https://p19-common-sign.tiktokcdn-us.com/tos-useast8-p-0068-tx2/o4VdJoVRBQrFEYPEEqGA7CD9FmfLABXSsQikfL~tplv-tiktokx-origin.image?dr=9636&x-expires=1788555600&x-signature=sv9lHUQKA9bwLtPRYTmeBiG91n4%3D&t=4d5b0474&ps=13740610&shp=81f88b70&shcp=43f4a2f9&idc=useast5,,everyday handbag,False,False,720,1280
7662485219445918998,https://www.tiktok.com/@annabelfrometa/video/7662485219445918998,annabelfrometa,annabelfrometa,@Dooney and Bourke could kiss you - my favourite purse 🥹  #purse #handbag #dooneyandbourke #model #womensbag ,# #purse #handbag #dooneyandbourke #model #womensbag,25100,684,16,33,8,2026-07-14T20:36:12.000Z,https://p16-common-sign.tiktokcdn-us.com/tos-no1a-p-0037-no/ok81DP3HOAA5CICFwIi3KnyBjfKb6c0iCCAlWI~tplv-tiktokx-origin.image?dr=9636&x-expires=1788555600&x-signature=isCnKe4ZJ2NpL5is04jBKqDP8LU%3D&t=4d5b0474&ps=13740610&shp=81f88b70&shcp=43f4a2f9&idc=useast5,,everyday handbag,False,False,576,1024
7664744706454064414,https://www.tiktok.com/@heyhollyjane/video/7664744706454064414,heyhollyjane,HollyJane 👜✨,My top picks for everyday bags from designer brands! I think these are timeless and classic ones to get. #designerbags #handbag #chanel #louisvuitton #dior ,#designerbags #handbag #chanel #louisvuitton #dior,40000,991,36,27,99,2026-07-20T22:44:19.000Z,https://p16-common-sign.tiktokcdn-us.com/tos-useast8-p-0068-tx2/oMxIHgUdWSj1INhILUAS9ggG9AeqvfJCsGekZM~tplv-tiktokx-origin.image?dr=9636&x-expires=1788555600&x-signature=LqgDJklc%2Bjncu4R0wOf7pCuE34I%3D&t=4d5b0474&ps=13740610&shp=81f88b70&shcp=43f4a2f9&idc=useast5,,everyday handbag,False,False,720,1280
7610112698298158358,https://www.tiktok.com/@jodielapetitefrenchie/video/7610112698298158358,jodielapetitefrenchie,jodielapetitefrenchie,my favorites for fall/winter 🤎 ig : Jodielapetitefrenchie #bagcollection #bagrotation #everydaybag ,#bagcollection #bagrotation #everydaybag,347700,9143,60,531,9,2026-02-23T17:24:03.000Z,https://p16-common-sign.tiktokcdn-us.com/tos-no1a-p-0037-no/ocAcCA2dzpvEMZkiyqTpo4YjBAIaBiNNgBIAE~tplv-tiktokx-origin.image?dr=9636&x-expires=1788555600&x-signature=t5xHb2f8jC8iwhSTiBmlufgtWLg%3D&t=4d5b0474&ps=13740610&shp=81f88b70&shcp=43f4a2f9&idc=useast5,,everyday handbag,False,False,576,1024
7679883724850351390,https://www.tiktok.com/@mary.katherineee/video/7679883724850351390,mary.katherineee,Mary Katherine 🩷,love them both! 🔗 in my B!O #handbagreview #pursecollection #handbaghaul #luxuryforless #luxurybagcollection ,#handbagreview #pursecollection #handbaghaul #luxuryforless #luxurybagcollection,6949,225,6,11,56,2026-08-30T17:51:28.000Z,https://p19-common-sign.tiktokcdn-us.com/tos-useast8-p-0068-tx2/oYdbaaaIPRUpiA2iCBB8qRAoMOViUub4EkraI~tplv-tiktokx-origin.image?dr=9636&x-expires=1788555600&x-signature=TJPnflCjYc9EpdFGGKrpgzfGHJA%3D&t=4d5b0474&ps=13740610&shp=81f88b70&shcp=43f4a2f9&idc=useast5,,everyday handbag,False,False,720,1280
7623881293998083358,https://www.tiktok.com/@closetstylebackupblog/video/7623881293998083358,closetstylebackupblog,CLOSETBLOG,I love a good silent luxury bag!,,21800,735,13,21,59,2026-04-01T19:53:25.000Z,https://p16-common-sign.tiktokcdn-us.com/tos-useast8-p-0068-tx2/okfpNMRGEODzHafEL8FgpIAFEaAaQACiX2AVYA~tplv-tiktokx-origin.image?dr=9636&x-expires=1788555600&x-signature=R6l9l31sBh1D7FuuRQFM0Ynuqk0%3D&t=4d5b0474&ps=13740610&shp=81f88b70&shcp=43f4a2f9&idc=useast5,,quiet luxury bag,False,False,720,1280
7664954578164632839,https://www.tiktok.com/@anne.zenn/video/7664954578164632839,anne.zenn,annezenn,a hot new east west shoulder bag has entered the villa… she’s a timeless elevated everyday tote — a good investment piece for sure.  Cafuné’s Ori Shoulder Bag 🖤  #leatherbag #quietluxury #cafune #cafunebag #cafuneoritote ,#leatherbag #quietluxury #cafune #cafunebag #cafuneoritote,7773,85,2,28,28,2026-07-21T12:18:34.000Z,https://p19-common-sign.tiktokcdn-us.com/tos-alisg-p-0037/ogmUvAGkIDEIACD1eIAAQkALdsfz2Wec5MIjoY~tplv-tiktokx-origin.image?dr=9636&x-expires=1788555600&x-signature=Hexncd9Wq%2BFrvpMihmQB4MR3Ea0%3D&t=4d5b0474&ps=13740610&shp=81f88b70&shcp=43f4a2f9&idc=useast5,,quiet luxury bag,False,False,576,1024
7644545686381317379,https://www.tiktok.com/@aliceinparisofficial/video/7644545686381317379,aliceinparisofficial,aliceinparisofficial,"5 French Luxury Brands Quietly Replacing Chanel & Hermès 🇫🇷✨ Chanel and Hermès will always be iconic, but in Paris, true quiet luxury is often less recognizable, less logo-driven, and much more discreet. Joseph Duclos — refined Parisian leather goods with a couture-like elegance. The kind of bag that whispers luxury instead of shouting it. Pinel et Pinel — for women who love exceptional craftsmanship and want something truly unique. Think Parisian trunk-maker energy, but more unexpected. Moreau Paris — French heritage without the obvious logo. A beautiful choice if you love classic luxury hand",,73000,1764,20,599,42,2026-05-27T12:21:22.000Z,https://p16-common-sign.tiktokcdn-us.com/tos-no1a-p-4864-no/oAlCfMOh4fWcLeF8gAxtwIU6wYDGLJ6jQANDNg~tplv-tiktokx-origin.image?dr=9636&x-expires=1788555600&x-signature=qsY3YbVxxCICbQ0C1yHRxWTlYyA%3D&t=4d5b0474&ps=13740610&shp=81f88b70&shcp=43f4a2f9&idc=useast5,,quiet luxury bag,False,False,576,1024
7467958524694367493,https://www.tiktok.com/@jodiblk/video/7467958524694367493,jodiblk,Jodi,Quiet Luxury Minimalist Handbag  @Le Tanneur ,#,13000,120,10,22,10,2025-02-05T15:33:18.000Z,https://p16-common-sign.tiktokcdn-us.com/tos-maliva-p-0068/o4kNCfPUDBenFEPEzjEh4QILoBJQFCNQj2RRRA~tplv-tiktokx-origin.image?dr=9636&x-expires=1788555600&x-signature=0y24bU3N%2BgkTcWZ0GmVtiY7dM48%3D&t=4d5b0474&ps=13740610&shp=81f88b70&shcp=43f4a2f9&idc=useast5,,quiet luxury bag,False,False,576,1024
7663961713468837151,https://www.tiktok.com/@archiveyourpower/video/7663961713468837151,archiveyourpower,The Quiet Archive,"her bag, curated, intentional and entirely hers. 💼🌟  what’s in her bag | everyday carry | quiet luxury  #whatsinmybag #whatsinmypurse #darkacademia #intentionalliving #journals  ",#whatsinmybag #whatsinmypurse #darkacademia #intentionalliving #journals,148300,13800,83,215,9,2026-07-18T20:05:58.000Z,https://p16-common-sign.tiktokcdn-us.com/tos-useast8-p-0068-tx2/okap3Gpq1IFEo5IQlAKiVR1vBPFaVLibBaqAc~tplv-tiktokx-origin.image?dr=9636&x-expires=1788555600&x-signature=404Ai8ltknq8vuKOTv9NtSMClCI%3D&t=4d5b0474&ps=13740610&shp=81f88b70&shcp=43f4a2f9&idc=useast5,,quiet luxury bag,False,False,720,1280
7671047554741685534,https://www.tiktok.com/@the.lazy.thrifter/video/7671047554741685534,the.lazy.thrifter,Jeremy Carr:The Lazy Thrifter,Replying to @Parys-inni-kaap   Luxury isn't always about designer logos…sometomes.  These are 5 bags the wealthy actually carry for under $100.  NO MORE EXCUSES FOR LOOKING BAD!     Which one is your favorite?  #Q#QuietLuxuryO#OldMoneyStyleA#AffordableLuxurylouisvuitton g bc #FashionTok,# #quietluxury #oldmoneystyle #affordableluxury #fashiontok,279500,10500,758,663,123,2026-08-06T22:22:30.000Z,https://p16-common-sign.tiktokcdn-us.com/tos-useast8-p-0068-tx2/oIiNShG1OA2DiCFCizWoNICAqY1fIAkLCNGAEB~tplv-tiktokx-origin.image?dr=9636&x-expires=1788555600&x-signature=3ceywHKHEm13p%2Fhp0GAqCqNA1IM%3D&t=4d5b0474&ps=13740610&shp=81f88b70&shcp=43f4a2f9&idc=useast5,,quiet luxury bag,False,False,720,1280
7675233483408641302,https://www.tiktok.com/@onefinder3/video/7675233483408641302,onefinder3,onefinder,#designerbag #habdbag #ladybag #pursecollection ,#designerbag #habdbag #ladybag #pursecollection,815,51,1,3,13,2026-08-18T05:06:20.000Z,https://p19-common-sign.tiktokcdn-us.com/tos-no1a-p-0037-no/oAt3o9eLGgoTYPCBAPLGIfjzGDeGVwLgIhAaIB~tplv-tiktokx-origin.image?dr=9636&x-expires=1788555600&x-signature=eBSHCiYD8fM6GpcGRcDscZVZ%2Bwg%3D&t=4d5b0474&ps=13740610&shp=81f88b70&shcp=43f4a2f9&idc=useast5,,handbag,False,False,576,1024
7609636898751008030,https://www.tiktok.com/@zhaorenfei02/video/7609636898751008030,zhaorenfei02,Zhaorenfei.Ryan,Classic style#fyp #handbags #wholesale #affordablebags ,#fyp #handbags #wholesale #affordablebags,92400,1590,285,398,8,2026-02-22T10:39:06.000Z,https://p19-common-sign.tiktokcdn-us.com/tos-useast8-p-0068-tx2/oMymDfo7EEMVQYu30FpAFB11IDRtAK2ysEe15q~tplv-tiktokx-origin.image?dr=9636&x-expires=1788555600&x-signature=T8hXJbUa1VBf%2BW7%2FnnyG34NovHQ%3D&t=4d5b0474&ps=13740610&shp=81f88b70&shcp=43f4a2f9&idc=useast5,,handbag,False,False,720,1280
7630152474803834142,https://www.tiktok.com/@sammie.lena/video/7630152474803834142,sammie.lena,Sammie Lena | Fashion Bestie ✨,"ANNE HATHAWAY just wore this $99 timeless handbag that is perfect for the everyday normal girlies!! while promoting the devil wears prada 2 🖤✨   #JWPEI #JWPEIBAG #annehathaway #devilwearsprada #celebrityfashion everyday outfits, everyday style",#jwpei #jwpeibag #annehathaway #devilwearsprada #celebrityfashion,427400,13600,150,2778,58,2026-04-18T17:28:48.000Z,https://p16-common-sign.tiktokcdn-us.com/tos-useast8-p-0068-tx2/oAEgj0LCbAdljAIu04IADiii8vBdR8BC2fDp1q~tplv-tiktokx-origin.image?dr=9636&x-expires=1788555600&x-signature=bLTuBJLBfqfgYWhr48nKOJnfZ4M%3D&t=4d5b0474&ps=13740610&shp=81f88b70&shcp=43f4a2f9&idc=useast5,,everyday handbag,False,False,720,1280
7641692157891448077,https://www.tiktok.com/@elllebe2/video/7641692157891448077,elllebe2,Elllebe2 new account!,This was tough so I went based on functionality 🫶🏼🫶🏼🫶🏼 thanks for the tag sweet friends @Ashley J. @Mel🎀   #bagtok #lvnanospeedy #coachchelsea #toryburchcharlie #handbagcollection ,# # #bagtok #lvnanospeedy #coachchelsea #toryburchcharlie #handbagcollection,120400,5050,205,110,445,2026-05-19T19:48:58.000Z,https://p19-common-sign.tiktokcdn-us.com/tos-useast5-p-0068-tx/osJgBtkI8EYKCvCBi1lwm9B0iUfAABqAAI9MAP~tplv-tiktokx-dmt-logom:tos-useast5-i-0068-tx/osjE1LHBAVReAyGAVUePAMkySAQIgAsNGXfIIA.image?dr=9634&x-expires=1788555600&x-signature=naQWt906qWQct7MfZ6U5dCgNJLI%3D&t=4d5b0474&ps=13740610&shp=81f88b70&shcp=43f4a2f9&idc=useast5,,everyday handbag,False,False,720,1280
7669545326071565598,https://www.tiktok.com/@mary.katherineee/video/7669545326071565598,mary.katherineee,Mary Katherine 🩷,such a good everyday bag! #luxuryforless #pursecollection #boujeeonabudget #handbagreview #handbaghaul ,#luxuryforless #pursecollection #boujeeonabudget #handbagreview #handbaghaul,10800,286,24,20,105,2026-08-02T21:13:11.000Z,https://p19-common-sign.tiktokcdn-us.com/tos-useast8-p-0068-tx2/o0EAv1ZCKBeAyAI529IABiiiysBD2NAaova5uK~tplv-tiktokx-dmt-logom:tos-useast8-i-0068-tx2/okRBREliApAIfAuqB7VFEL5bECgfaAVv9ADsEk.image?dr=9634&x-expires=1788555600&x-signature=m07fr5zjn8FwnYuCaNEmzRALpLc%3D&t=4d5b0474&ps=13740610&shp=81f88b70&shcp=43f4a2f9&idc=useast5,,everyday handbag,False,False,720,1280
7672689900214390024,https://www.tiktok.com/@rubywatkins_/video/7672689900214390024,rubywatkins_,Ruby Watkins 💌,Don’t come at me please for brand pronunciation I am TERRIBLE!!  Brands mentioned: @Elli Vivaldi Official  @bymarta.studios  De V @saharawade  @Pierre Laborde  Outhouse Jewellery  #handbags #fashionfinds #smallbusiness  #hiddengems #leatherbag  ,# # # # #handbags #fashionfinds #smallbusiness #hiddengems #leatherbag,24200,2688,80,127,50,2026-08-11T08:35:39.000Z,https://p16-common-sign.tiktokcdn-us.com/tos-alisg-p-0037/o0uIhft6YALjD0iICJfEA4Co3DeFIbvyUp6x3x~tplv-tiktokx-origin.image?dr=9636&x-expires=1788555600&x-signature=o4mMf0hLBymeXcHnT9%2BFOgyP8tY%3D&t=4d5b0474&ps=13740610&shp=81f88b70&shcp=43f4a2f9&idc=useast5,,leather handbag,False,False,576,1024
7680976420159376653,https://www.tiktok.com/@elllebe2/video/7680976420159376653,elllebe2,Elllebe2 new account!,"Replying to @alexiskiiana with the Coach Rowan in black pebbled leather my expectations were too high! Unfortunately, she went back, I’m super picky about pebbled leather.  visually gorgeous, but just wasn’t good enough for my standards. 🫶🏼🖤  #coachlargerowan #coachtok #handbagreview #coachreview #bagtok ",# #coachlargerowan #coachtok #handbagreview #coachreview #bagtok,4471,339,87,5,309,2026-09-02T16:31:57.000Z,https://p16-common-sign.tiktokcdn-us.com/tos-useast5-p-0068-tx/oYtaDcfDSEe5RpqEUTi8CmyEYC3A7E9AFAA7Ig~tplv-tiktokx-dmt-logom:tos-useast5-i-0068-tx/oMADOeqhATRFiegEiEACBEIBYgRSmA0CFpvg34.image?dr=9634&x-expires=1788555600&x-signature=cnaMXw9imk9mPQysMZyQjypRlas%3D&t=4d5b0474&ps=13740610&shp=81f88b70&shcp=43f4a2f9&idc=useast5,,leather handbag,False,False,720,1280
7678691448832806174,https://www.tiktok.com/@shwncrz/video/7678691448832806174,shwncrz,Shawn Cruz | Content Creator,"The Marais Soft Boston Medium bag in Olive Suede and Waxed Dark Brown Leather has to be my new favorite bag from Fabrique. AD @Fabrique Official   You can use the code “BYSHAWN” for an additional something off.  The slouchy Boston shape, soft vintage-inspired suede, and rich dark brown color make this feel like one of those bags that instantly elevates a simple outfit.   I’m obsessed with this silhouette. It’s relaxed without looking sloppy, roomy without feeling oversized, and you can carry it by hand or over the shoulder. The slouchy feel makes this bag effortless and chic.   Would you wear ",# #fabrique #handbagreview #newbag #suedebag #fallfashion,17600,641,55,54,179,2026-08-27T12:45:11.000Z,https://p16-common-sign.tiktokcdn-us.com/tos-useast8-p-0068-tx2/oEMPIIBqEAjIvSRtlEzVfCxAQ2iDkF9DDVfMyE~tplv-tiktokx-origin.image?dr=9636&x-expires=1788555600&x-signature=mJEZsaC48nXPETAW9j%2FsP65D%2BMM%3D&t=4d5b0474&ps=13740610&shp=81f88b70&shcp=43f4a2f9&idc=useast5,,leather handbag,True,False,720,1280
7679964180895583519,https://www.tiktok.com/@thehausofmaven/video/7679964180895583519,thehausofmaven,Mystic Maven|HausofMaven,Replying to @Sassy she is #handbag #pursetok #fyp #brahmin #coach ,# #handbag #pursetok #fyp #brahmin #coach,3921,372,38,4,110,2026-08-30T23:04:13.000Z,https://p19-common-sign.tiktokcdn-us.com/tos-useast8-p-0068-tx2/oYEjyDIUf2h4EEDTCAfUFGAqAhE7u43fIWKVtI~tplv-tiktokx-origin.image?dr=9636&x-expires=1788555600&x-signature=xM3%2Fh7JhL5zeLxscX6i3dkkGxYM%3D&t=4d5b0474&ps=13740610&shp=81f88b70&shcp=43f4a2f9&idc=useast5,,leather handbag,False,False,720,1280
7680756950488894750,https://www.tiktok.com/@olivialebamoffmiller/video/7680756950488894750,olivialebamoffmiller,Olivia Miller,Has anyone seen this in person because I need EVERY possible detail there is to know! 🖤 #shopping #luxuryshopping #luxuryhandbags #bottegaveneta #greenscreen ,#shopping #luxuryshopping #luxuryhandbags #bottegaveneta #greenscreen,1232,65,16,4,79,2026-09-02T02:19:53.000Z,https://p19-common-sign.tiktokcdn-us.com/tos-useast8-p-0068-tx2/oUmfhVRKfACIBiDDI8HXfxIAOFjnwL28yqEEIB~tplv-tiktokx-origin.image?dr=9636&x-expires=1788555600&x-signature=usNkT%2F2Ek1PQdCcXl3MTKiS288o%3D&t=4d5b0474&ps=13740610&shp=81f88b70&shcp=43f4a2f9&idc=useast5,,leather handbag,False,False,720,1280
7641785617046670606,https://www.tiktok.com/@dressyourselfhappy/video/7641785617046670606,dressyourselfhappy,Dress Yourself Happy,Absolutely stunning large leather bag! Jaw on the floor!  Alice WA +86 138 9699 1282‬ ✨PLEASE read updated info in “private seller” page BEFORE ordering!!! ✨✨  #fashiontok #haulvideo #bagunboxing ,#fashiontok #haulvideo #bagunboxing,25800,734,16,87,178,2026-05-20T01:51:16.000Z,https://p16-common-sign.tiktokcdn-us.com/tos-useast5-p-0068-tx/o0UxqnNPfCfIiAFjlIbIqZdGQGIWAjfcKWFDEr~tplv-tiktokx-origin.image?dr=9636&x-expires=1788555600&x-signature=aKMOglD5qlGMYaeSulXSysto%2BaY%3D&t=4d5b0474&ps=13740610&shp=81f88b70&shcp=43f4a2f9&idc=useast5,,leather handbag,False,False,720,1280
7681014229637401886,https://www.tiktok.com/@itsnotnotus/video/7681014229637401886,itsnotnotus,mia 🧸ྀི,what’s in my tote bag!! #schoolbag ,#schoolbag,12500,2024,9,25,91,2026-09-02T18:58:36.000Z,https://p16-common-sign.tiktokcdn-us.com/tos-useast8-p-0068-tx2/oY7HtDmfQAVl2dDEjE4EZYGJnIERAhFOqwBHUf~tplv-tiktokx-origin.image?dr=9636&x-expires=1788555600&x-signature=8zufOKkUR73pVWvPEEnkPHNIz80%3D&t=4d5b0474&ps=13740610&shp=81f88b70&shcp=43f4a2f9&idc=useast5,,tote bag,False,False,720,1280
7679789432362274069,https://www.tiktok.com/@caeeeluh/video/7679789432362274069,caeeeluh,cae ᡣ𐭩,new bag alert ‼️ large capacity tote bag 💭🖤 #miabag #totebag #shoulderbag #agefree @AGE FREE.ph  ,#miabag #totebag #shoulderbag #agefree #,6882,367,51,108,10,2026-08-30T11:45:22.000Z,https://p19-common-sign.tiktokcdn-us.com/tos-alisg-p-0037/osQoQGFq4UUFeL7vTueG9AKRQuGeALelLQGpIF~tplv-tiktokx-origin.image?dr=9636&x-expires=1788555600&x-signature=eiPhFQyLNScotbWZE6kK1jTDseY%3D&t=4d5b0474&ps=13740610&shp=81f88b70&shcp=43f4a2f9&idc=useast5,,tote bag,False,False,576,1024
7647171189097565463,https://www.tiktok.com/@thepassportus/video/7647171189097565463,thepassportus,thepassportus,"Many times I’ve been told that a tote bag is just a fabric bag that doesn’t say much… but I think it’s being underestimated. A tote bag is practical and works for just about everything.  I took Europe as an example, where it’s very common to see people using tote bags for everything: going to work, traveling, running errands, or simply as part of an outfit.  They’re not just bags. They’re practical, stylish, and designed to be part of everyday life for everyone.  #PassportUs #ToteBags #Europe #EverydayStyle #FashionAccessories ",#passportus #totebags #europe #everydaystyle #fashionaccessories,72100,1765,10,65,18,2026-06-03T14:10:04.000Z,https://p19-common-sign.tiktokcdn-us.com/tos-no1a-p-0037-no/ogFTbkcqIAlwFEiCE4nDARNBk7gfIteRE6XgID~tplv-tiktokx-origin.image?dr=9636&x-expires=1788555600&x-signature=7NajPmtm6roMzuD6k4YwmvB5ILo%3D&t=4d5b0474&ps=13740610&shp=81f88b70&shcp=43f4a2f9&idc=useast5,,tote bag,False,False,576,658
7664505101867896084,https://www.tiktok.com/@ktrendy11/video/7664505101867896084,ktrendy11,K Trendy,Replying to @❤️Póë èî❤️ #36000ks#totebag#အိတ်လေးလာမှာလို့ရပါတယ်ရှင့်💖#သမိုင်းဦးရေခဲလမ်းအနီးဗဟိုလမ်းပေါ်#အသဲလေးတော့ပေးသွားနော်😍 ,# #36000ks #totebag #အိတ်လေးလာမှာလို့ရပါတယ်ရှင့်💖 #သမိုင်းဦးရေခဲလမ်းအနီးဗဟိုလမ်းပေါ် #အသဲလေးတော့ပေးသွားနော်😍,31000,846,29,173,12,2026-07-20T07:14:22.000Z,https://p19-common-sign.tiktokcdn-us.com/tos-alisg-p-0037/ogER4tQd7tbVnODXBgfMFDAcHqQhteO5BcXqyE~tplv-tiktokx-origin.image?dr=9636&x-expires=1788555600&x-signature=2dClDBBSEFSHQErpmu8EMi3ljco%3D&t=4d5b0474&ps=13740610&shp=81f88b70&shcp=43f4a2f9&idc=useast5,,tote bag,False,False,576,1024
7675803826900733197,https://www.tiktok.com/@aliciakmarie/video/7675803826900733197,aliciakmarie,aliciakmarie 🎀🛍️💕,😍😍 Ohhhhh girlies the new ‘Juicy Crown Tote’ daydreamer collection from Juicy Couture i saw yesterday at TJ Maxx is cuteeee! I’m loving the vintage color ways and the juicy heart placed on the back just like the OG bags!! Which color y’all going with?! 🛍️💕 #juicycouture #daydreamer #juicycrowntote #tjmaxxfinds #girlyfinds ,#juicycouture #daydreamer #juicycrowntote #tjmaxxfinds #girlyfinds,80000,14300,178,1327,18,2026-08-19T17:59:29.000Z,https://p16-common-sign.tiktokcdn-us.com/tos-useast5-p-0068-tx/o8EsA7kCQFCA0IeAEVEDfwfaIAD6A8kvHkFAAj~tplv-tiktokx-dmt-logom:tos-useast5-i-0068-tx/okBwAizA7I7CfiXIlk9fCYXvz9AEEjAtFVEeAH.image?dr=9634&x-expires=1788555600&x-signature=y9b4mgONlcHcfEyHXlBmY6y5PEA%3D&t=4d5b0474&ps=13740610&shp=81f88b70&shcp=43f4a2f9&idc=useast5,,tote bag,True,False,720,1280
7632455456052628744,https://www.tiktok.com/@maddisonglover_/video/7632455456052628744,maddisonglover_,maddison,An everyday bag that feels like luxury but is affordable 🤍  Wearing the Lyla Bag from @CHARLESKEITHOFFICIAL in taupe. Works with everything and instantly pulls an outfit together. I love how structured it feels while still being minimal and easy to wear day to day. #ImwithCharlesKeith #CharlesKeithCommunity #handbag #minimalstyle #outfitdetails ,# #imwithcharleskeith #charleskeithcommunity #handbag #minimalstyle #outfitdetails,24700,221,2,31,15,2026-04-24T22:25:28.000Z,https://p16-common-sign.tiktokcdn-us.com/tos-alisg-p-0037/oMfU1UDBdqCfQgERszvFwCkDBE3ALQVbg9QAEB~tplv-tiktokx-origin.image?dr=9636&x-expires=1788555600&x-signature=aZJ8Wgv4XaiLccK0DC3EHMEggQQ%3D&t=4d5b0474&ps=13740610&shp=81f88b70&shcp=43f4a2f9&idc=useast5,,quiet luxury bag,True,False,576,1024
7669195685601742094,https://www.tiktok.com/@iamciciespi/video/7669195685601742094,iamciciespi,Cici 🦋,No logos.  No pretending.  Just beautiful craftsmanship. What do you think? 👀   #LuxuryBags  #BagTalk  #LeatherLover   #QuietLuxury ,#luxurybags #bagtalk #leatherlover #quietluxury,1006,46,23,0,390,2026-08-01T22:36:30.000Z,https://p16-common-sign.tiktokcdn-us.com/tos-useast5-p-0068-tx/ogwm8B7iU4ikaBdAOzA45uwAEgTPuIE0ABPid~tplv-tiktokx-origin.image?dr=9636&x-expires=1788555600&x-signature=RfR0nFlWj%2BNhNG0sA0ZjMQqWbDM%3D&t=4d5b0474&ps=13740610&shp=81f88b70&shcp=43f4a2f9&idc=useast5,,quiet luxury bag,False,False,720,1280
7679229541230923039,https://www.tiktok.com/@the.lazy.thrifter/video/7679229541230923039,the.lazy.thrifter,Jeremy Carr:The Lazy Thrifter,"Replying to @Parys-inni-kaap   Rich women are officially bored with boring bags. These 5 are chic, unexpected, under $1,000 and proof that you don’t need a giant logo to look expensive. Which one are you carrying?  Hashtags: #Handbags #LuxuryBags #QuietLuxury #BagTok #FashionTok   ",# #handbags #luxurybags #quietluxury #bagtok #fashiontok,1100000,75400,1000,3207,100,2026-08-28T23:32:53.000Z,https://p16-common-sign.tiktokcdn-us.com/tos-useast8-p-0068-tx2/oQIYSVUIrCDuxAjfIJQAeLIIUGGCpJEakeuHqq~tplv-tiktokx-origin.image?dr=9636&x-expires=1788555600&x-signature=k2ZPFlrtDaFu1w2hCxFbZWR9YNM%3D&t=4d5b0474&ps=13740610&shp=81f88b70&shcp=43f4a2f9&idc=useast5,,quiet luxury bag,False,False,720,1280
7675924706502905119,https://www.tiktok.com/@serenityyll103/video/7675924706502905119,serenityyll103,serenityll,The definition of quiet luxury.#chanelbag #obsessed #unboxing #bag #fypシ ,#chanelbag #obsessed #unboxing #bag #fypシ,106,3,0,0,10,2026-08-20T01:48:21.000Z,https://p16-common-sign.tiktokcdn-us.com/tos-useast8-p-0068-tx2/oAa1QFBSIiAiMK7gfCAAIkRigyG0FTuxO99IqX~tplv-tiktokx-origin.image?dr=9636&x-expires=1788555600&x-signature=TVlNc1lF67Z%2Blc5DEHiVZCoN7zE%3D&t=4d5b0474&ps=13740610&shp=81f88b70&shcp=43f4a2f9&idc=useast5,,quiet luxury bag,False,False,720,1280
7679894807015165204,https://www.tiktok.com/@georgiaadriano/video/7679894807015165204,georgiaadriano,Georgia Adriano,"Você já conhece a bolsa mais hypada do momento? E detalhe, ela é CHINESA!  A bolsa chinesa que despertou a curiosidade até do homem por trás da Louis Vuitton. 🇨🇳 A Songmont é um dos nomes do novo luxo chinês que vem chamando atenção em meio a gigantes como LV e Gucci. E tem um detalhe que fez a marca viralizar ainda mais: Bernard Arnault, CEO da LVMH, visitou uma loja da Songmont em Xangai e teria comprado duas bolsas. Sem logos gigantes, com design minimalista e uma proposta de quiet luxury, ela levanta uma pergunta: Será que a próxima grande marca de luxo pode vir da China?  Unboxing para de",#songmont #quietluxury #unboxing #luxurybags,16900,689,20,99,103,2026-08-30T18:34:19.000Z,https://p16-common-sign.tiktokcdn-us.com/tos-alisg-p-0037/oAEAU1hCOBjARwI17nIACiiAvdBuXSAnYfXU6K~tplv-tiktokx-origin.image?dr=9636&x-expires=1788555600&x-signature=VKiElXdDGn82BmOhcdYtwgf1Bu0%3D&t=4d5b0474&ps=13740610&shp=81f88b70&shcp=43f4a2f9&idc=useast5,,quiet luxury bag,False,False,576,1024
7680002342372101406,https://www.tiktok.com/@fitswiththe_emiko/video/7680002342372101406,fitswiththe_emiko,Emiko🪭,My go to🖤 @Atorie #quietluxury #designerbags #atorie #designerfashion  ,# #quietluxury #designerbags #atorie #designerfashion,1679,22,0,1,39,2026-08-31T01:31:44.000Z,https://p16-common-sign.tiktokcdn-us.com/tos-useast8-p-0068-tx2/o0NEelC6MF9sABVtdqj8RgAclEIofEPDIU2YOk~tplv-tiktokx-origin.image?dr=9636&x-expires=1788555600&x-signature=HPCecM%2F8pVud%2Bt9CP6%2FpeY6ejXM%3D&t=4d5b0474&ps=13740610&shp=81f88b70&shcp=43f4a2f9&idc=useast5,,quiet luxury bag,False,False,720,1280
7663345569003277582,https://www.tiktok.com/@jonathanbernal.studio/video/7663345569003277582,jonathanbernal.studio,Jonathan Bernal,"Did we create the perfect quiet luxury bag? No logos, just very fine leather. Designed to be extremely practical and luxurious. Always 1 of 1, custom made just for you.  #luxury #luxurylifestyle #designer #travel #backpack",#luxury #luxurylifestyle #designer #travel #backpack,10200,491,29,55,64,2026-07-17T04:15:04.000Z,https://p16-common-sign.tiktokcdn-us.com/tos-useast5-p-0068-tx/owA7avWAIilBg4BrhmEnAZtkBAREOcsbmXE4i~tplv-tiktokx-origin.image?dr=9636&x-expires=1788555600&x-signature=1s2egoRcX2xcQO1RBGixZdjEF%2FY%3D&t=4d5b0474&ps=13740610&shp=81f88b70&shcp=43f4a2f9&idc=useast5,,quiet luxury bag,False,False,576,1024
7676061444223388946,https://www.tiktok.com/@user8605263509098/video/7676061444223388946,user8605263509098,Lulu-shop,#unboxing #luxurybag #fashionbag #totebag #handbag ,#unboxing #luxurybag #fashionbag #totebag #handbag,11800,423,42,47,17,2026-08-20T10:38:53.000Z,https://p16-common-sign.tiktokcdn-us.com/tos-alisg-p-0037/o0gjJoVAb5g1flsNMDgHFDWckFaCfA8GQsIeNn~tplv-tiktokx-origin.image?dr=9636&x-expires=1788555600&x-signature=lBZ0FqaB9JNsx6KwE5TD65AADqM%3D&t=4d5b0474&ps=13740610&shp=81f88b70&shcp=43f4a2f9&idc=useast5,,tote bag,False,False,576,1024
7679935926822243615,https://www.tiktok.com/@missdesidinero/video/7679935926822243615,missdesidinero,MS. DINERO,Unboxing my glamaholic tote bag 😛🩷 #glamaholiclifestyle ,#glamaholiclifestyle,23900,5482,88,97,307,2026-08-30T21:13:58.000Z,https://p16-common-sign.tiktokcdn-us.com/tos-useast8-p-0068-tx2/oURUjVhjKKfIInnvIAIhnJbetCbAZLEGBeqCtT~tplv-tiktokx-origin.image?dr=9636&x-expires=1788555600&x-signature=pSzPM6oqDuW6386mKZprZ0%2BWrN4%3D&t=4d5b0474&ps=13740610&shp=81f88b70&shcp=43f4a2f9&idc=useast5,,tote bag,False,False,720,1280
7672564815616937246,https://www.tiktok.com/@la.imazu/video/7672564815616937246,la.imazu,Crystal C.🩷🫧🩰🪩,Wow guys seriously can't believe I found another Coach bag at Ross!!! 🙌 @Coach  @Ross  #rossfind #coachbag #atross #coachny #coachtok ,# # #rossfind #coachbag #atross #coachny #coachtok,45900,1660,15,130,37,2026-08-11T00:30:27.000Z,https://p19-common-sign.tiktokcdn-us.com/tos-useast8-p-0068-tx2/oo8jQIniUhZfHAHpTiEEgfhsAAX7IUAN9eMqAQ~tplv-tiktokx-dmt-logom:tos-useast8-i-0068-tx2/ocAAJ7bARiIOBzt67aBLAlPscEznApH1BitEF.image?dr=9634&x-expires=1788555600&x-signature=iZOmcVQit5pdLRkqutVPIKoH%2BAY%3D&t=4d5b0474&ps=13740610&shp=81f88b70&shcp=43f4a2f9&idc=useast5,,tote bag,False,False,720,960
7668661425459563784,https://www.tiktok.com/@peanut.bttt/video/7668661425459563784,peanut.bttt,พีนัทบัตเตอร์,สายเลือดนักแบก #whatsinmybag #totebag #everydaybag #fashiongirlies #laptopbag ,#whatsinmybag #totebag #everydaybag #fashiongirlies #laptopbag,240100,24000,58,930,37,2026-07-31T12:03:04.000Z,https://p19-common-sign.tiktokcdn-us.com/tos-alisg-p-0037/owgGU2A0FjvRIEgYHf3D89AAIG4eyGAQTAeLjO~tplv-tiktokx-origin.image?dr=9636&x-expires=1788555600&x-signature=2OenVo%2FfsUOkM7QzyYmkJ4vI5h4%3D&t=4d5b0474&ps=13740610&shp=81f88b70&shcp=43f4a2f9&idc=useast5,,tote bag,False,False,576,1024
7662002150159125762,https://www.tiktok.com/@aliceinparisofficial/video/7662002150159125762,aliceinparisofficial,aliceinparisofficial,"5 handbags everyone is wearing in Paris right now 🇫🇷 If you want to understand real Parisian handbag style, it is not only about the most obvious designer bags. In Paris, the bags French women actually wear are often practical, understated, and easy to style every day. Mini Marly by Ateliers Auguste A chic everyday French bag — structured, minimal, and very Parisian without feeling too obvious. Céline Bucket Bag The perfect understated designer bag. Elegant, discreet, and easy to wear with jeans, tailoring, or a simple summer dress. Le City by Balenciaga The cool-girl Paris bag. A little messy",,192400,2922,55,367,33,2026-07-13T13:21:24.000Z,https://p16-common-sign.tiktokcdn-us.com/tos-no1a-p-4864-no/oscqVDDcIFBEG6ixfwEgQtYFgOpUxKFZMfCBkz~tplv-tiktokx-origin.image?dr=9636&x-expires=1788555600&x-signature=GMO203Vd0cc6LB0trWAoGji0Wkw%3D&t=4d5b0474&ps=13740610&shp=81f88b70&shcp=43f4a2f9&idc=useast5,,everyday handbag,True,False,576,1024
7672791567614102815,https://www.tiktok.com/@itsyourgirlsamanthaaa/video/7672791567614102815,itsyourgirlsamanthaaa,itsyourgirlsamanthaaa,all genuine leather & the first two are v affordable! 🖤 the aest studios is a bit pricier - as I mentioned my 13 inch laptop felt snug in there but they do have a super large size that fits a 15 inch! #bagcollection #therow #atoriebag #everydaybag ,#bagcollection #therow #atoriebag #everydaybag,118400,3856,74,161,145,2026-08-11T15:10:16.000Z,https://p16-common-sign.tiktokcdn-us.com/tos-useast8-p-0068-tx2/oc1CKfZ7KAdIBnAIA7yiArBKOiPiElCN1X2dAB~tplv-tiktokx-origin.image?dr=9636&x-expires=1788555600&x-signature=mpYecf%2FE%2F5yr4mclbYyt8AUVg8g%3D&t=4d5b0474&ps=13740610&shp=81f88b70&shcp=43f4a2f9&idc=useast5,,everyday handbag,False,False,720,1280
7670666678887550231,https://www.tiktok.com/@elizabeth_obuks/video/7670666678887550231,elizabeth_obuks,Elizabeth | Handbags ✨,"All my 9-5 girlies, my corporate babes, this one is for you! If you want to look more chic going to the office, but don’t know where to start, start with your handbag 👜 ✨  #handbag #everydaybag #corporategirlies #totebags #workbags   @Katie Loxton  @Coach  @strathberry  @Mango ",#handbag #everydaybag #corporategirlies #totebags #workbags # # # #,11700,339,19,8,105,2026-08-05T21:44:27.000Z,https://p19-common-sign.tiktokcdn-us.com/tos-no1a-p-0037-no/oQEAzqIEZC6A9gRjyFIABFEF6rDYfcApWfu6rk~tplv-tiktokx-origin.image?dr=9636&x-expires=1788555600&x-signature=dKpV3hVyLpku0YXTlQAso%2Fg9VSw%3D&t=4d5b0474&ps=13740610&shp=81f88b70&shcp=43f4a2f9&idc=useast5,,everyday handbag,False,False,576,1024
7680438669496438047,https://www.tiktok.com/@userdjdn130/video/7680438669496438047,userdjdn130,𝐇𝐀𝐔𝐒𝐎𝐅𝐍𝐀𝐓𝐘👜💼,Which style would fit your everyday look?#haultok #bag #handbag ,#haultok #bag #handbag,7050,534,17,37,250,2026-09-01T05:45:17.000Z,https://p16-common-sign.tiktokcdn-us.com/tos-useast8-p-0068-tx2/oEvmJEBlazAAA7ZBCARIZilK9pWPZalEympAi~tplv-tiktokx-origin.image?dr=9636&x-expires=1788555600&x-signature=Ygst5KkhScWlGysQtqOju6nxTh4%3D&t=4d5b0474&ps=13740610&shp=81f88b70&shcp=43f4a2f9&idc=useast5,,everyday handbag,False,False,720,1280
7670922002663771405,https://www.tiktok.com/@datcxss/video/7670922002663771405,datcxss,Cassandra✨,New everyday bag ✨ @TORY BURCH #handbags #handbagtiktok #toryburch #toryburchbag ,# #handbags #handbagtiktok #toryburch #toryburchbag,29000,2120,51,101,68,2026-08-06T14:15:21.000Z,https://p16-common-sign.tiktokcdn-us.com/tos-useast5-p-0068-tx/okf1LxIBC7BOx0Oidlit7EAvBHABIwB4kqAJTA~tplv-tiktokx-dmt-logom:tos-useast5-i-0068-tx/oIAZlJaHDIBvG0ebApFASiR2TCfYqADEEyguEd.image?dr=9634&x-expires=1788555600&x-signature=yU5yJQGzYs%2FvVwYRR8fJeYPJFqM%3D&t=4d5b0474&ps=13740610&shp=81f88b70&shcp=43f4a2f9&idc=useast5,,everyday handbag,False,False,720,1280
7642061793078086925,https://www.tiktok.com/@gosuami/video/7642061793078086925,gosuami,Gosuami,"Replying to @tabithabaltimore 👜 If I could only keep 10 bags in my closet, these are actually worth the money! ✨ #bagcollection #bagrotation #pursehaul #everydaybag #baghaul ",# #bagcollection #bagrotation #pursehaul #everydaybag #baghaul,100000,2577,49,50,9,2026-05-20T19:43:10.000Z,https://p19-common-sign.tiktokcdn-us.com/tos-useast5-p-0068-tx/oo1BY9TDItw4AWSCIkMOQBAbDIitBpfsMwdBdi~tplv-tiktokx-origin.image?dr=9636&x-expires=1788555600&x-signature=HhE8CagvaOhBip3S8gixz8rw1uM%3D&t=4d5b0474&ps=13740610&shp=81f88b70&shcp=43f4a2f9&idc=useast5,,everyday handbag,False,False,720,1280
7655004993270893854,https://www.tiktok.com/@tashijoon/video/7655004993270893854,tashijoon,★ tashi ★,"my work #firkin 🖤 yes, she’s made with real leather #purse #blackleather #birkin #workbag ",#firkin #purse #blackleather #birkin #workbag,82400,7283,151,103,10,2026-06-24T16:49:21.000Z,https://p16-common-sign.tiktokcdn-us.com/tos-useast8-p-0068-tx2/ogAiVFDeREEYvQFMG4EQVkBAFH0ASpuAPqfMhB~tplv-tiktokx-origin.image?dr=9636&x-expires=1788555600&x-signature=bsD24VVsnBsBvbQ7pmudHtTEUaw%3D&t=4d5b0474&ps=13740610&shp=81f88b70&shcp=43f4a2f9&idc=useast5,,leather handbag,False,False,720,1280
7634458600521338133,https://www.tiktok.com/@zikv6yr9s8/video/7634458600521338133,zikv6yr9s8,BODIARY-Jenny,Doubt kills more dreams than failure ever will.#BODIARY #BAG,#bodiary #bag,16300,56,5,7,44,2026-05-01T02:00:00.000Z,https://p16-common-sign.tiktokcdn-us.com/tos-alisg-p-0037/oYWgxMCFAQuCw3ppVBDCBbex4EIjEAFzADA8fD~tplv-tiktokx-origin.image?dr=9636&x-expires=1788555600&x-signature=2k8TmMdteq2y%2Brq4BA7DRpv4%2Bmk%3D&t=4d5b0474&ps=13740610&shp=81f88b70&shcp=43f4a2f9&idc=useast5,,leather handbag,True,False,1080,1920
7605232441816665366,https://www.tiktok.com/@ellena_fit/video/7605232441816665366,ellena_fit,Ellie,obsessed obsessed & she’s real leather 😮‍💨 not an ad either I just genuinely love and needed to share 😂  she’s from @Maeva Avenue #oversizedbag #handbag #ootd #outfitoftheday ,# #oversizedbag #handbag #ootd #outfitoftheday,208400,3116,49,347,66,2026-02-10T13:46:11.000Z,https://p16-common-sign.tiktokcdn-us.com/tos-no1a-p-0037-no/oQiE6AICECAfqICLA0Aw5jcqSBitRNxBZuTQw2~tplv-tiktokx-dmt-logom:tos-no1a-i-0068-no/oMkDVAuAEC2AIqFgpGzAaNzf5afRChEiLEF3Pi.image?dr=9634&x-expires=1788555600&x-signature=BukZngB2Ami6k7mFAu2YaMWGN%2BI%3D&t=4d5b0474&ps=13740610&shp=81f88b70&shcp=43f4a2f9&idc=useast5,,leather handbag,False,False,576,1024
7675452162700283167,https://www.tiktok.com/@katiemcev0y/video/7675452162700283167,katiemcev0y,katie,#coachny #coachretailemployee how to choose between a leather or suede bag featuring the chelsea 36! 🤎 @Coach #coachbag #coachchelsea #leathervssuede ,#coachny #coachretailemployee # #coachbag #coachchelsea #leathervssuede,15800,373,7,26,29,2026-08-18T19:14:48.000Z,https://p16-common-sign.tiktokcdn-us.com/tos-useast8-p-0068-tx2/oU1WIEcCABiuWA4D1rCAfiy7diqluIM4IlQIbD~tplv-tiktokx-origin.image?dr=9636&x-expires=1788555600&x-signature=eBU85Zf5lR25NxxbZ4xHr9Fjw9g%3D&t=4d5b0474&ps=13740610&shp=81f88b70&shcp=43f4a2f9&idc=useast5,,leather handbag,False,False,720,1280
7603873133371591967,https://www.tiktok.com/@_cenaida/video/7603873133371591967,_cenaida,Cenaida | Chicago Creator 🖤,That last one is so beautiful 😭 linked them all for you!!!   @Dooney and Bourke #dooneyandbourke #florentinesatchel #dooneyandbourkebag #pursetok #leather ,# #dooneyandbourke #florentinesatchel #dooneyandbourkebag #pursetok #leather,68000,1729,127,87,19,2026-02-06T21:51:36.000Z,https://p19-common-sign.tiktokcdn-us.com/tos-useast8-p-0068-tx2/ocI4Z2miPbizaGRiQVDEImB1BYCiAATZSyiYa~tplv-tiktokx-origin.image?dr=9636&x-expires=1788555600&x-signature=Gf7wS0VT3KapqWXoTlkVB0OuPrU%3D&t=4d5b0474&ps=13740610&shp=81f88b70&shcp=43f4a2f9&idc=useast5,,leather handbag,True,False,720,1280
7673900662001831199,https://www.tiktok.com/@glo.ssary/video/7673900662001831199,glo.ssary,Kathy,Ungatekeeping this brand bc they deserve more hype!! @Léo et Violette   #leoetviolette #slouchybag #midluxurybag #handbag,# #leoetviolette #slouchybag #midluxurybag #handbag,15900,523,36,37,77,2026-08-14T14:54:20.000Z,https://p16-common-sign.tiktokcdn-us.com/tos-useast8-p-0068-tx2/okXBRfrhQXAMefZAAG4MUnTal2WbgLpeaQK8FD~tplv-tiktokx-origin.image?dr=9636&x-expires=1788555600&x-signature=F%2FzeiDdSxi2JoRHvAUq7qNiQj2M%3D&t=4d5b0474&ps=13740610&shp=81f88b70&shcp=43f4a2f9&idc=useast5,,leather handbag,False,False,720,1280
7508217983647419679,https://www.tiktok.com/@welluxbags/video/7508217983647419679,welluxbags,WelluxBags,"Classic, Fashion Genuine Leather Handbag for Women#fashion #luxury #hermesbag #handbags",#fashion #luxury #hermesbag #handbags,564,2,0,0,27,2025-05-25T03:20:48.000Z,https://p16-common-sign.tiktokcdn-us.com/tos-useast8-p-0068-tx2/oUjoRNADYEX1ggIoAOD5QGIlfpEJeBEVrD0RMF~tplv-tiktokx-origin.image?dr=9636&x-expires=1788555600&x-signature=hlag9Kxd0Ff3VuwQbAGH9kqEQE4%3D&t=4d5b0474&ps=13740610&shp=81f88b70&shcp=43f4a2f9&idc=useast5,,leather handbag,False,False,576,1024
7651434074942213397,https://www.tiktok.com/@mamafirash/video/7651434074942213397,mamafirash,Mama & Firash Alriy,🤎👜    elegance in the simplest way @NuNu Studio   #nunuhandbag #handbaglover #nunustudio ,# #nunuhandbag #handbaglover #nunustudio,3100000,17100,163,3323,23,2026-06-15T01:52:09.000Z,https://p16-common-sign.tiktokcdn.com/tos-alisg-p-0037/oMIiAPAEE9icA7vBuAaWsgilByAYs9iAAIaON~tplv-tiktokx-origin.image?dr=14575&x-expires=1788555600&x-signature=ZO6fPMq5Iu%2FjFMDXuQKNA0p2vfI%3D&t=4d5b0474&ps=13740610&shp=81f88b70&shcp=43f4a2f9&idc=my2,,handbag,True,False,576,1024
7665176991594728722,https://www.tiktok.com/@bagvaultmy/video/7665176991594728722,bagvaultmy,BagVault MY,"OnTheGo BB 🥰🥰 Ready Stock 3 colour.. Shipping malaysia.. Order Melalui DM 🥰 Saiz : 18 x 15 x 8.5 cm (Length x Height x Width)  Dove Gray/Cream Monogram Empreinte cowhide leather Natural cowhide-leather trim Microfiber lining Gold-color hardware Large inside flat zipped pocket Fits: smartphone, a compact wallet, and other small items such as keys Strap: Removable, adjustable Strap drop:49.0 cm Strap drop max:55.0 cm Handle: Double #BegBrandedMalaysia #BegTanganMalaysia #HandbagMalaysia #LuxuryBagMalaysia #BegBrandedOriginal #HandbagOriginal #AuthenticBag #BegMewah #BegWanita #BegPremium #Brande",#begbrandedmalaysia #begtanganmalaysia #handbagmalaysia #luxurybagmalaysia #begbrandedoriginal #handbagoriginal #authenticbag #begmewah #begwanita #begpremium #brandedbag #luxuryhandbag #designerbag #shoppingmalaysia #tiktokshopmalaysia #malaysiaviral #fypmalaysia #viralmalaysia #bagvaultmy,28100,116,8,22,19,2026-07-22T02:41:39.000Z,https://p16-common-sign.tiktokcdn.com/tos-alisg-p-0037/ogDIIAY2ILA6fwAAQjlGov8LFkWAumUA0DeeE6~tplv-tiktokx-origin.image?dr=14575&x-expires=1788555600&x-signature=GFWB9iLJ5IeXCTxPOLOZtChVybw%3D&t=4d5b0474&ps=13740610&shp=81f88b70&shcp=43f4a2f9&idc=my2,,handbag,False,False,576,1024
7674675991570042132,https://www.tiktok.com/@bagsbyevareal/video/7674675991570042132,bagsbyevareal,Evarealcollectionz,Shop:12 A oci plaza opposite sunny plaza new Mandelas. #foryoupage❤️❤️  #fyyyyyyyyyyyyyyyyyyy  #fypシ  #fypシ  #handbags  #fyyyyyyyyyyyyyyyy  #Evarealbags  @Evarealscollectionz ,#foryoupage❤️❤️ #fyyyyyyyyyyyyyyyyyyy #fypシ #fypシ #handbags #fyyyyyyyyyyyyyyyy #evarealbags #,22000,779,54,109,23,2026-08-16T17:02:37.000Z,https://p16-common-sign.tiktokcdn.com/tos-alisg-p-0037/oI7eVDIurFDfA5ApIYKICt0BmoFTjAFE60R7fP~tplv-tiktokx-origin.image?dr=14575&x-expires=1788555600&x-signature=3GJ5X6e4mUXWCfe1J7Ab2buHltk%3D&t=4d5b0474&ps=13740610&shp=81f88b70&shcp=43f4a2f9&idc=my2,,handbag,False,False,576,1024
7597284236462263570,https://www.tiktok.com/@junu_bagcollection/video/7597284236462263570,junu_bagcollection,junu_bagcollection,Available in 3 different colors Black Pink and white✅ #bags #handbag #worldwideshipping #junubagcollection #trending ,#bags #handbag #worldwideshipping #junubagcollection #trending,470200,4351,70,6143,23,2026-01-20T03:43:04.000Z,https://p16-common-sign.tiktokcdn.com/tos-alisg-p-0037/o8YR8bEj0j47vdUcEdmReigQDfA3FBD6lBYpvQ~tplv-tiktokx-origin.image?dr=14575&x-expires=1788555600&x-signature=Kfz86D8vnZpXld7bMWz59be9zfs%3D&t=4d5b0474&ps=13740610&shp=81f88b70&shcp=43f4a2f9&idc=my2,,handbag,False,False,576,1024
7561845983127080204,https://www.tiktok.com/@alphonce_handbags/video/7561845983127080204,alphonce_handbags,alphonce_handbags,"✨ NEW COLLECTION ALERT ✨ Mapochi mapya ya kisasa yamefika 👜💥 🔹 Tunauza Jumla & Rejareja 🔹 Bei kuanzia 20,000 – 35,000 Tsh 💎 Ubora wa hali ya juu, muonekano wa kipekee! 📍 Kariakoo – Congo & Agrey 📞 0679 531 035 🚚 Tunatuma mikoani pia  #Handbags #FashionTz #Kariakoo #AlphonceHandbags #TanzaniaBusiness  ",#Handbags #FashionTz #Kariakoo #AlphonceHandbags #TanzaniaBusiness,112700,870,39,113,59,2025-10-16T15:44:35.000Z,https://p16-common-sign.tiktokcdn.com/tos-maliva-p-0068/oAuxRokGeXPiEEOsBAI2bxkf4FGQWiEBBGJBPI~tplv-tiktokx-origin.image?dr=14575&x-expires=1788555600&x-signature=zKgnqTK2e7nhcLhmlliRd%2FG%2FM%2Bs%3D&t=4d5b0474&ps=13740610&shp=81f88b70&shcp=43f4a2f9&idc=my2,,handbag,False,False,576,1024
7674070634246311175,https://www.tiktok.com/@dongtlla395/video/7674070634246311175,dongtlla395,Syurga Beg,#taswanita #pelbagaiwarna #fashionbag #handbag #2026 ,#taswanita #pelbagaiwarna #fashionbag #handbag #2026,559800,4823,101,350,31,2026-08-15T01:53:31.000Z,https://p16-common-sign.tiktokcdn.com/tos-alisg-p-0037/owlfG4cbpQQORYGwxFfF4LzEQBDHkYA7eAfdqQ~tplv-tiktokx-origin.image?dr=14575&x-expires=1788555600&x-signature=rweT8KnOj3lLrBw9U02135aR2OM%3D&t=4d5b0474&ps=13740610&shp=81f88b70&shcp=43f4a2f9&idc=my2,,handbag,True,False,576,1024
7647887067246071062,https://www.tiktok.com/@chelsea.may99/video/7647887067246071062,chelsea.may99,chelsea.may99,Which one? 😍 #handbags #designerbags #mallorca #espana #bagshop ,#handbags #designerbags #mallorca #espana #bagshop,191800,14900,52,1831,25,2026-06-05T12:28:05.000Z,https://p16-common-sign.tiktokcdn.com/tos-no1a-p-0037-no/oYDR2EyICQgIBF9Ejk6fxr1bfCuuBRgUFqQsAF~tplv-tiktokx-origin.image?dr=14575&x-expires=1788555600&x-signature=WzZmFKFz%2FXGXeWV0d699DzBYEys%3D&t=4d5b0474&ps=13740610&shp=81f88b70&shcp=43f4a2f9&idc=my2,,handbag,False,False,576,1024
7624216294346280214,https://www.tiktok.com/@breakng.news6/video/7624216294346280214,breakng.news6,🏆The Sport Archives 🏛️📜,the most expensive balenciaga handbag made in a bag   #didyouknow #viral #fyp #viralvideos #balenciaga ,#didyouknow #viral #fyp #viralvideos #balenciaga,17200,120,4,40,23,2026-04-02T17:33:11.000Z,https://p16-common-sign.tiktokcdn.com/tos-no1a-p-0037-no/owfdqBkDpBqu5DSFEuOqAAIuEF8OfzwgsRIFDi~tplv-tiktokx-origin.image?dr=14575&x-expires=1788555600&x-signature=8fx58cz7hO06Q%2F%2Fy66KFURxHcH0%3D&t=4d5b0474&ps=13740610&shp=81f88b70&shcp=43f4a2f9&idc=my2,,handbag,False,False,576,1024
7661960484995845384,https://www.tiktok.com/@kayjaysfashion2/video/7661960484995845384,kayjaysfashion2,KAYJAYS FASHION(WHOLESALER),WHATSAPP US 03413141016 CHECK BIO FOR ADDRESS #fyp #viralvideo #viral #handbags #foryoupage ,#fyp #viralvideo #viral #handbags #foryoupage,129100,2983,23,274,59,2026-07-13T10:40:00.000Z,https://p16-common-sign.tiktokcdn.com/tos-alisg-p-0037/o8gGLFKIwRh7ByFpQO5QIeefQgUKpQAjfGMGA3~tplv-tiktokx-origin.image?dr=14575&x-expires=1788555600&x-signature=FWV%2B0M5GEKU6BJBppLLGADjPV%2BU%3D&t=4d5b0474&ps=13740610&shp=81f88b70&shcp=43f4a2f9&idc=my2,,handbag,False,False,576,1024
7677217069468749069,https://www.tiktok.com/@finlay.hope6/video/7677217069468749069,finlay.hope6,Finlay Hope,bagswholesale #bags#handbagscollection #handbag #wholesaleonly#wholesalefactoryq,#bags #handbagscollection #handbag #wholesaleonly #wholesalefactoryq,11800,224,43,69,12,2026-08-23T13:23:45.000Z,https://p16-common-sign.tiktokcdn.com/tos-useast5-p-0068-tx/oYtG46UiaPBERBwouH0GrAIZKzoBEgr9B9ihb~tplv-tiktokx-origin.image?dr=14575&x-expires=1788555600&x-signature=Tn%2BSlMCmbiNCY0jXWp9N4ZZ0gUQ%3D&t=4d5b0474&ps=13740610&shp=81f88b70&shcp=43f4a2f9&idc=my2,,handbag,False,False,720,1280
7652607563090906390,https://www.tiktok.com/@qkbaguk_lara/video/7652607563090906390,qkbaguk_lara,QK BAG,"Exquisite Trendy Fashionable Solid-Color Crossbody Bag for Women, Casual Shoulder Bag with Unique Niche Style for Commuting, Shopping, Parties and Daily Outings, Casual Handbag Satchel, Crossbody Shoulder Purses, Elegant Bag, Casual Commuter Bag #luxurybags #cosmeticbags #summerbag #chanelbag #luxurybag #womanspurse #travelbags #womensbag #bagandpurse #highendfashion",#luxurybags #cosmeticbags #summerbag #chanelbag #luxurybag #womanspurse #travelbags #womensbag #bagandpurse #highendfashion,61800,246,4,133,15,2026-06-18T05:46:05.000Z,https://p16-common-sign.tiktokcdn.com/tos-no1a-p-0037-no/oIQQkQhkgAYpFiz0VFfI4qDB9TMZWEC9hf9dCz~tplv-tiktokx-origin.image?dr=14575&x-expires=1788555600&x-signature=DBr5Xor9bX8uuvy9kMYhKUFOg0U%3D&t=4d5b0474&ps=13740610&shp=81f88b70&shcp=43f4a2f9&idc=my2,,handbag,True,False,576,1024
7655420415312923926,https://www.tiktok.com/@luxurybagdiary/video/7655420415312923926,luxurybagdiary,Alex,Dior Lady Dior White Handbag🤍🤍🤍  #bag #luxurybags #fyp #dior #handbag ,#bag #luxurybags #fyp #dior #handbag,86000,1801,35,177,22,2026-06-25T19:41:07.000Z,https://p16-common-sign.tiktokcdn.com/tos-no1a-p-0037-no/oYFIDiPhaAUYZC7E2UbpAEEBABA7j9ZihEAiB~tplv-tiktokx-origin.image?dr=14575&x-expires=1788555600&x-signature=9tTs7GDX%2B1YHVMW3tO5Xy0LlZ1Q%3D&t=4d5b0474&ps=13740610&shp=81f88b70&shcp=43f4a2f9&idc=my2,,handbag,False,False,576,1024
7667261170516004127,https://www.tiktok.com/@alexisdimaya/video/7667261170516004127,alexisdimaya,alexis dimaya,I simply can’t decide I need yalls help @Coach #coach #coachshoulderbag #coachchelsea #everydaypurse #shoppingvlog ,# #coach #coachshoulderbag #coachchelsea #everydaypurse #shoppingvlog,917200,127300,422,1510,121,2026-07-27T17:29:21.000Z,https://p19-common-sign.tiktokcdn-us.com/tos-useast8-p-0068-tx2/o0VBZKAAl5qDRbeIBSMRXLfVEpEFnlEqAEwI3F~tplv-tiktokx-origin.image?dr=9636&x-expires=1788555600&x-signature=eQ0nzK1mOifeAdbIzjL9pKu4FnU%3D&t=4d5b0474&ps=13740610&shp=81f88b70&shcp=43f4a2f9&idc=useast5,,everyday handbag,False,False,720,1280
7675210345425718542,https://www.tiktok.com/@alykima/video/7675210345425718542,alykima,Aly Kima,if you’re looking for a new bag these are my TOP recs xx  #workbag #shoulderbag #purse #bagcollection #everydaybag @Songmont @Ralph Lauren ,#workbag #shoulderbag #purse #bagcollection #everydaybag # #,129100,6259,71,217,53,2026-08-18T03:36:26.000Z,https://p19-common-sign.tiktokcdn-us.com/tos-useast5-p-0068-tx/oMAIgEoARMLEqA0fDARgC9zqXfbDECF4SlgDb5~tplv-tiktokx-origin.image?dr=9636&x-expires=1788555600&x-signature=xqO8hl67%2FLoTlLSu%2B7rRSvBdmjU%3D&t=4d5b0474&ps=13740610&shp=81f88b70&shcp=43f4a2f9&idc=useast5,,everyday handbag,False,False,720,1280
7673795491250982166,https://www.tiktok.com/@suki.machin/video/7673795491250982166,suki.machin,suki.machin,Unboxing my first @DeMellier   #purseunboxing #unboxingvideo #pursetok #fyp #purse ,# #purseunboxing #unboxingvideo #pursetok #fyp #purse,36800,1064,25,136,19,2026-08-14T08:05:58.000Z,https://p19-common-sign.tiktokcdn-us.com/tos-no1a-p-0037-no/o8M9xxsniAfgAkxFOATAZUCsEfNmAASifseA0f~tplv-tiktokx-origin.image?dr=9636&x-expires=1788555600&x-signature=lshUFGy%2FCez2F7zjVbeLoQ%2BMWLI%3D&t=4d5b0474&ps=13740610&shp=81f88b70&shcp=43f4a2f9&idc=useast5,,everyday handbag,False,False,576,1024
7680018487686843679,https://www.tiktok.com/@shoppingwithsteph0417/video/7680018487686843679,shoppingwithsteph0417,Steph,This Cloud P9 25 is PERFECT! It’s a perfect bag for all the seasons and honestly such a great size for everyday carry. I got mine from @lisatopbags and she’s amazing! She’s 🔗 in my bio 🔗 and Info in comments #bagtok #pursetok #affodableluxury #budgetfriendly #designerinspired ,# #bagtok #pursetok #affodableluxury #budgetfriendly #designerinspired,2465,218,50,15,194,2026-08-31T14:02:00.000Z,https://p19-common-sign.tiktokcdn-us.com/tos-useast8-p-0068-tx2/oEex06fUUJQLwWYIAQeAUAA6yGCAFqebGRGpIE~tplv-tiktokx-dmt-logom:tos-useast8-i-0068-tx2/o4zApE0dA3BIdWqVjZeEIIueFIQdIALpAEAKeG.image?dr=9634&x-expires=1788555600&x-signature=EP2epxnxL0PwY%2F%2F%2F4yKGG1zdUnA%3D&t=4d5b0474&ps=13740610&shp=81f88b70&shcp=43f4a2f9&idc=useast5,,everyday handbag,False,False,720,1280
7680661309817457934,https://www.tiktok.com/@debs_hy/video/7680661309817457934,debs_hy,deb 하영,what’s in my new @Songmont medium gather bag — not filmed but also comes with a longer bag strap to wear as crossbody if u like xx #whatsinmybag #everydaybag ,# #whatsinmybag #everydaybag,4421,501,13,3,135,2026-09-01T20:09:08.000Z,https://p16-common-sign.tiktokcdn-us.com/tos-useast5-p-0068-tx/oc4OCB84XpZLHwJakAIklAiMcvgEEA45kiAKB~tplv-tiktokx-origin.image?dr=9636&x-expires=1788555600&x-signature=lQQeUwgwENZw09CcY1cdtuokGEk%3D&t=4d5b0474&ps=13740610&shp=81f88b70&shcp=43f4a2f9&idc=useast5,,everyday handbag,False,False,720,1280
7675835581544385806,https://www.tiktok.com/@sincerely__sammy/video/7675835581544385806,sincerely__sammy,SAMMY MOLINA,"The @Coach Soft Empire Carryall Bag 40 has easily become one of my most-used bags since I got mine last year 🤎  I have it in navy and love how spacious, classic, and easy it is to carry for everyday life. Would you buy this bag? Let me know in the comments — and who else is obsessed with Coach?!  #Coach #CoachBag #SoftEmpireCarryall #CoachStyle #BagLover",# #coach #coachbag #softempirecarryall #coachstyle #baglover,4479,85,15,4,87,2026-08-19T20:02:45.000Z,https://p16-common-sign.tiktokcdn-us.com/tos-useast5-p-0068-tx/oMAACQAJMuqAIUSF0SIbJLGRGOeGtAfIlIeEfa~tplv-tiktokx-origin.image?dr=9636&x-expires=1788555600&x-signature=4g9D%2BM2trYX%2B52OUMa2X%2Bv5V6Hw%3D&t=4d5b0474&ps=13740610&shp=81f88b70&shcp=43f4a2f9&idc=useast5,,everyday handbag,True,False,720,1280
7678026725061561631,https://www.tiktok.com/@karlagomezzx/video/7678026725061561631,karlagomezzx,Karla💕,switching through these bags all semester can’t choose one😭  #college #collegelife #collegestudent #totebag #schoolbag @marcjacobs @Coach @TORY BURCH @KURT GEIGER ,#college #collegelife #collegestudent #totebag #schoolbag # # # #,76400,10100,38,154,97,2026-08-25T17:45:24.000Z,https://p16-common-sign.tiktokcdn-us.com/tos-useast8-p-0068-tx2/ocNAasAkiRUC3azoBALDaB1iEA6BLMY4vlIAE~tplv-tiktokx-origin.image?dr=9636&x-expires=1788555600&x-signature=Eotn2SjBgf%2F3IynXd4%2BShhJwGAM%3D&t=4d5b0474&ps=13740610&shp=81f88b70&shcp=43f4a2f9&idc=useast5,,tote bag,True,False,720,1280
7499557090936048927,https://www.tiktok.com/@tote.bag71/video/7499557090936048927,tote.bag71,Tote bag,It’s literally perfect ….. 😍  #womenbags #work #corpratelife #workbag #bags #totebags #girlytotebag #handbag #fashiontiktok #fashion #3in1totebag #lover #bag #trending #viral #style #girls #viraltotebag ,#womenbags #work #corpratelife #workbag #bags #totebags #girlytotebag #handbag #fashiontiktok #fashion #3in1totebag #lover #bag #trending #viral #style #girls #viraltotebag,353600,3375,39,1657,16,2025-05-01T19:12:25.000Z,https://p16-common-sign.tiktokcdn-us.com/tos-useast8-p-0068-tx2/oopAPEkBPjxRh949AaVW2EVVIBTGiiBXIHB5v~tplv-tiktokx-origin.image?dr=9636&x-expires=1788555600&x-signature=bIhiSv2Mm6iUbiaP5ner4j8re3U%3D&t=4d5b0474&ps=13740610&shp=81f88b70&shcp=43f4a2f9&idc=useast5,,tote bag,False,False,576,1024
7657527233933774088,https://www.tiktok.com/@oncloudninetotesau/video/7657527233933774088,oncloudninetotesau,Cloud Nine Crew AU,"getting my back to school bag ready, along with the rest of my back to school haul for 2026 💙 does anyone else love using a tote bag for school?? #whatsinmybag #schoolbag #backtoschool #unibag #collegebag",#whatsinmybag #schoolbag #backtoschool #unibag #collegebag,4000000,412800,751,17600,17,2026-07-01T11:56:40.000Z,https://p16-common-sign.tiktokcdn-us.com/tos-alisg-p-0037/oQOVAnuZBIZHUF9eAliDqOIt2APU1PAIitwhCI~tplv-tiktokx-origin.image?dr=9636&x-expires=1788555600&x-signature=RLIju9s6%2B%2BGALUmotgDHc1EJc1I%3D&t=4d5b0474&ps=13740610&shp=81f88b70&shcp=43f4a2f9&idc=useast5,,tote bag,False,False,576,1024
7679833465000578334,https://www.tiktok.com/@luna.jie/video/7679833465000578334,luna.jie,Luna Jie,"🤎Coach TurnLock Tote Shoulder Bag, Official Runway Collection#coachbag #coachbags #bagged #hangbag #fyv ",#coachbag #coachbags #bagged #hangbag #fyv,41600,4151,216,745,16,2026-08-30T14:36:28.000Z,https://p16-common-sign.tiktokcdn-us.com/tos-useast8-p-0068-tx2/oA8GTUI5dB4gsQUeR2evfCAQGeAqLQFpuF7qPg~tplv-tiktokx-origin.image?dr=9636&x-expires=1788555600&x-signature=RwPmbsGnQTw%2FON5A%2FU9nERQ%2BDTU%3D&t=4d5b0474&ps=13740610&shp=81f88b70&shcp=43f4a2f9&idc=useast5,,tote bag,False,False,720,1280
7679894947356544277,https://www.tiktok.com/@rileyscrafts6/video/7679894947356544277,rileyscrafts6,Riley,i know i’m not pretty but i make Christmas bags 💼 #merrychristmas #tote #totebag ,#merrychristmas #tote #totebag,1194,205,78,3,16,2026-08-30T18:34:51.000Z,https://p16-common-sign.tiktokcdn-us.com/tos-alisg-p-0037/oEQHoVnIfCOmNAjp72QAMFEDf7DcYKGr7fgE54~tplv-tiktokx-origin.image?dr=9636&x-expires=1788555600&x-signature=xK8U9KQWj%2BcWfFis1hMFYsxwX74%3D&t=4d5b0474&ps=13740610&shp=81f88b70&shcp=43f4a2f9&idc=useast5,,tote bag,False,False,576,1024
7661312035434532116,https://www.tiktok.com/@_hasheeem/video/7661312035434532116,_hasheeem,Hashim🌼,"Flowerboy tote bag open for Pre orders  for 48h , July 15th🌼",,132600,24500,530,943,29,2026-07-11T16:43:36.000Z,https://p16-common-sign.tiktokcdn-us.com/tos-alisg-p-0037/o4OCeaJ8FSAUXDA2QVrejcDMAQSIopI7fFpuQM~tplv-tiktokx-origin.image?dr=9636&x-expires=1788555600&x-signature=kKBmqs0kTvzh4%2FvG%2B7U%2B5%2FTKp0s%3D&t=4d5b0474&ps=13740610&shp=81f88b70&shcp=43f4a2f9&idc=useast5,,tote bag,False,False,576,1024
7676199960009821471,https://www.tiktok.com/@liciousmeli/video/7676199960009821471,liciousmeli,￴ ￴￴,#totebag #jeans #school #needoh ,#totebag #jeans #school #needoh,1400000,163500,504,4163,10,2026-08-20T19:36:28.000Z,https://p19-common-sign.tiktokcdn-us.com/tos-useast8-p-0068-tx2/oUehrqjqDCILReUQGgpeBIAlMx5AnVpPGIjOIs~tplv-tiktokx-origin.image?dr=9636&x-expires=1788555600&x-signature=aZmZhGqK9MXJic852%2Bbj8nJHOY0%3D&t=4d5b0474&ps=13740610&shp=81f88b70&shcp=43f4a2f9&idc=useast5,,tote bag,False,False,720,1280
7659549519406796063,https://www.tiktok.com/@stylebynatalie/video/7659549519406796063,stylebynatalie,stylebynatalie,"UNIQUE HANDBAGS in the $150-$500 range. These are gorgeous, sustainably sourced, small business brands you need to know about!!   BRANDS: @Única Leathers @Volta Atelier NYC @VERAFIED NEW YORK @Dragon Diffusion   #uniquebags #smallbusiness #sustainability #coolgirlguide ",# # # # #uniquebags #smallbusiness #sustainability #coolgirlguide,46400,2999,31,102,101,2026-07-06T22:44:24.000Z,https://p16-common-sign.tiktokcdn-us.com/tos-useast8-p-0068-tx2/oc71yD1QsjFCEenfEAuYQVqmYaRPTA2VEQPBKY~tplv-tiktokx-origin.image?dr=9636&x-expires=1788555600&x-signature=C7xNNMvFOFiQfuQnYNvseecnraE%3D&t=4d5b0474&ps=13740610&shp=81f88b70&shcp=43f4a2f9&idc=useast8,,leather handbag,False,False,720,1280
7645685625173101854,https://www.tiktok.com/@the_little_beannn/video/7645685625173101854,the_little_beannn,Jo,"She’s a dream😍  Does the P9 Speedy 25 fit more than the canvas version? No, but she certainly is a joy to pack! I can’t emphasize just how soft and supple the leather is 🤤 Truly so pretty and I always feel excitement when I take her out to wear!  What bag in your collection gives you butterflies? Share in the comments below!  WIMB, what’s in my bag, BOTD, bag of the day, P9, asmr packing  #whatsinmybag #wimb #asmrpacking #speedy25 ",#whatsinmybag #wimb #asmrpacking #speedy25,394400,15300,482,1436,43,2026-05-30T14:05:27.000Z,https://p19-common-sign.tiktokcdn-us.com/tos-useast8-p-0068-tx2/o4wqaA6yXqEv0iI1ADifiAAnp7XQduIdIIB1CQ~tplv-tiktokx-dmt-logom:tos-useast8-i-0068-tx2/oQdEAXLeAaLULIAtE1qFj7lGAINIqWAaffNQIA.image?dr=9634&x-expires=1788555600&x-signature=Np2DTCsC7%2FABsY31umApl%2FQ%2BFJg%3D&t=4d5b0474&ps=13740610&shp=81f88b70&shcp=43f4a2f9&idc=useast8,,leather handbag,False,False,720,1280
7644065355077291277,https://www.tiktok.com/@imemma.z/video/7644065355077291277,imemma.z,Emma,my favorite mid range bags! @Coach @VERAFIED NEW YORK @marcjacobs @DeMellier @Freja #midrangebags #bagcollection #handbagcollection #bagreview #bagrecommendation ,# # # # # #midrangebags #bagcollection #handbagcollection #bagreview #bagrecommendation,1100000,63600,212,2547,59,2026-05-26T05:18:13.000Z,https://p19-common-sign.tiktokcdn-us.com/tos-useast5-p-0068-tx/oI1e8AMKktBHEWjfUiKnoAkIAQcUEyfgAAmlQV~tplv-tiktokx-origin.image?dr=9636&x-expires=1788555600&x-signature=0LW9BvdAcV8yz20Li925lTUDBzU%3D&t=4d5b0474&ps=13740610&shp=81f88b70&shcp=43f4a2f9&idc=useast8,,leather handbag,False,False,720,1280
7670693900457135374,https://www.tiktok.com/@shadaenotadu/video/7670693900457135374,shadaenotadu,shadaenotadu,"Let’s do a what’s in my bag while I talk about my Sabatier tote bag. I am so rough on bags, so I needed a high quality leather tote that would fit my whole life into it and last me for years. BTW, the bag costs about $200-$300 but it was over $400 for me because I had it shipped to the US  What’s an affordable leather tote bag you would recommend?  #whatsinmybag #everydaybag #totebag   Bag charms @True Religion Brand Jeans @Benefit Cosmetics @NYX Professional Makeup @Huda Beauty ",#whatsinmybag #everydaybag #totebag # # # #,63200,5787,106,232,89,2026-08-05T23:30:08.000Z,https://p16-common-sign.tiktokcdn-us.com/tos-useast5-p-0068-tx/o4xz4FXIEIBEAJ544zf7IAeAjAv4UDkfHAr3E9~tplv-tiktokx-origin.image?dr=9636&x-expires=1788555600&x-signature=mWKCUMTHJGApdw1zjf6NKU0%2F6c4%3D&t=4d5b0474&ps=13740610&shp=81f88b70&shcp=43f4a2f9&idc=useast8,,leather handbag,False,False,720,1280
7620958542924631309,https://www.tiktok.com/@yaikuo/video/7620958542924631309,yaikuo,Dri,"My sister funded it, my toddler approved it. That’s all the review you need. 👜🤍 Also I know it’s not vegan leather lol, meant to say vegetable tanned leather!!! (shoutout to Ms. Rachel for making it possible to film this video) #atorie #bagreview #girlmom #bagtok #aritzia ",#atorie #bagreview #girlmom #bagtok #aritzia,62600,1388,75,142,63,2026-03-24T22:51:47.000Z,https://p16-common-sign.tiktokcdn-us.com/tos-useast5-p-0068-tx/oEIgBEJvVAAixiAEagMZcBjDFkiEAYA4VDx64~tplv-tiktokx-origin.image?dr=9636&x-expires=1788555600&x-signature=AAtAfnCrxMndpQfx2F5PSZhLxj4%3D&t=4d5b0474&ps=13740610&shp=81f88b70&shcp=43f4a2f9&idc=useast8,,leather handbag,False,False,720,1280
7678166483112922382,https://www.tiktok.com/@cheevangxiong/video/7678166483112922382,cheevangxiong,Chee Vang Xiong,The Epsom leather mini Kelly bag! #fyp #handbag #fashioninspo #affordableluxury #affordablefashion @pinkdee_2023 ,#fyp #handbag #fashioninspo #affordableluxury #affordablefashion #,3425,210,15,19,278,2026-08-26T02:47:37.000Z,https://p19-common-sign.tiktokcdn-us.com/tos-useast5-p-0068-tx/oEjOw4gjfAECYMCQADRqpzCtUEDSFEAEMlAI1e~tplv-tiktokx-origin.image?dr=9636&x-expires=1788555600&x-signature=lN8aduE45Tvr%2B6BKrhZaYmzugOI%3D&t=4d5b0474&ps=13740610&shp=81f88b70&shcp=43f4a2f9&idc=useast8,,leather handbag,False,False,720,1280
7520649795451505951,https://www.tiktok.com/@itscelesta/video/7520649795451505951,itscelesta,itscelesta👜🩵,is this a reces$ion indicator that the “it bags” are getting cheaper🤨 #designerhandbags #toteme #quietluxury #handbagtiktok ,#designerhandbags #toteme #quietluxury #handbagtiktok,380100,5911,56,466,42,2025-06-27T15:22:32.000Z,https://p16-common-sign.tiktokcdn-us.com/tos-useast8-p-0068-tx2/oEG7eze2UNoWQLeI3t0CAdq0IvgItg3AjDSItY~tplv-tiktokx-origin.image?dr=9636&x-expires=1788555600&x-signature=ZWadNjLWJy%2F%2FZhnPvdO14iznoEY%3D&t=4d5b0474&ps=13740610&shp=81f88b70&shcp=43f4a2f9&idc=useast5,,quiet luxury bag,True,False,576,1024
7674304259768241428,https://www.tiktok.com/@aeroobags/video/7674304259768241428,aeroobags,Aero Bags Store,"Hermès Kelly 25 Bag Unboxing ✨ Timeless Quiet Luxury Featuring the signature structured silhouette, elegant top handle, refined Hermès hardware, and exceptional craftsmanship — a timeless expression of understated luxury. 💬 Would you carry this Hermès Kelly 25? Comment your favorite Hermès color below! #HermesBag #LuxuryBag #DesignerBag #QuietLuxury #LuxuryFashion ",#hermesbag #luxurybag #designerbag #quietluxury #luxuryfashion,729,27,1,1,14,2026-08-15T17:00:07.000Z,https://p16-common-sign.tiktokcdn-us.com/tos-alisg-p-0037/o45IwCQEYgAmAD1NGiEACHiAABzwfFAOIAB2CO~tplv-tiktokx-dmt-logom:tos-alisg-i-0068/okiEgAICEAAfwICAA1Aw4KG1OBi20mQBE5QAcy.image?dr=9634&x-expires=1788555600&x-signature=57uRh%2Be1b4m0qT%2FImcOoN7eqkcQ%3D&t=4d5b0474&ps=13740610&shp=81f88b70&shcp=43f4a2f9&idc=useast5,,quiet luxury bag,False,False,576,1024
7667790529052019998,https://www.tiktok.com/@fitswiththe_emiko/video/7667790529052019998,fitswiththe_emiko,Emiko🪭,Cool girls don’t pay for a logo😎 #designerbags #quietluxury #atorie #fashionfinds ,#designerbags #quietluxury #atorie #fashionfinds,232100,15100,50,563,63,2026-07-29T03:43:38.000Z,https://p19-common-sign.tiktokcdn-us.com/tos-useast8-p-0068-tx2/oItNLp2IuPEQ0PuUAzBIjdeLWeZM1mIqIGeCAO~tplv-tiktokx-origin.image?dr=9636&x-expires=1788555600&x-signature=Y3xLFXpNiAT2xj2BhWg7Chsm%2BSI%3D&t=4d5b0474&ps=13740610&shp=81f88b70&shcp=43f4a2f9&idc=useast5,,quiet luxury bag,False,False,720,1280
7658021670552177951,https://www.tiktok.com/@foreignobjects/video/7658021670552177951,foreignobjects,Foreign Objects,5 designer bags to add to your quiet luxury collection… pt 2 ✨ What other bags would you add to this list? #greenscreen #quietluxury #designerbags #prelovedbags #designer ,#greenscreen #quietluxury #designerbags #prelovedbags #designer,31200,517,13,24,57,2026-07-05T19:24:00.000Z,https://p16-common-sign.tiktokcdn-us.com/tos-useast8-p-0068-tx2/oEfqHRRpEmDRZGrEDwF86IOjEetsIABhrcEVJA~tplv-tiktokx-origin.image?dr=9636&x-expires=1788555600&x-signature=digEL56YmgJHXtonahZ9068Zf6w%3D&t=4d5b0474&ps=13740610&shp=81f88b70&shcp=43f4a2f9&idc=useast5,,quiet luxury bag,False,False,720,1280
7661371791943716117,https://www.tiktok.com/@dianamcchoi/video/7661371791943716117,dianamcchoi,Dianamcchoi,This is everything that fits inside my shopping bag! Been bringing her on my travels with me and she makes for a great travel companion. She’s been the best investment bag ever. #chanel #chanelshoppingbag #whatsinmybag #bagtok #luxurybag ,#chanel #chanelshoppingbag #whatsinmybag #bagtok #luxurybag,14300,326,13,61,118,2026-07-11T20:35:43.000Z,https://p16-common-sign.tiktokcdn-us.com/tos-alisg-p-0037/oMyISM4HABqKoupSgii1wPIiIA1EC8afCVA12V~tplv-tiktokx-dmt-logom:tos-alisg-i-0068/oAbEQCFUKIDtdhAAkSAgfcEtqlQvRfjBcAjqUC.image?dr=9634&x-expires=1788555600&x-signature=hXu6%2FEkHeWKBeseczuMYXtjH62c%3D&t=4d5b0474&ps=13740610&shp=81f88b70&shcp=43f4a2f9&idc=useast5,,quiet luxury bag,True,False,576,1024
7586731045400186126,https://www.tiktok.com/@taynnabrito/video/7586731045400186126,taynnabrito,TAY BRITO,the bags I’ve been reaching for every single day @Songmont_Official use c0de Tay12 for 12% off sitewide !!! (min. $100) #songmont #songmontgathercollection #quietluxury #songbag #songmontpartner ,# #songmont #songmontgathercollection #quietluxury #songbag #songmontpartner,152900,2429,23,655,76,2025-12-22T17:11:25.000Z,https://p16-common-sign.tiktokcdn-us.com/tos-useast5-p-0068-tx/ocDSASC8QCsSIIEk3fR9EjqDiueyXg4oArAAFp~tplv-tiktokx-origin.image?dr=9636&x-expires=1788555600&x-signature=Gr78WSTNdcw9yiShjEH4nsfMXrs%3D&t=4d5b0474&ps=13740610&shp=81f88b70&shcp=43f4a2f9&idc=useast5,,quiet luxury bag,False,False,720,1280
7679058697372355853,https://www.tiktok.com/@h89722980/video/7679058697372355853,h89722980,h89722980,"Discover why Coach bags might just outshine Louis Vuitton! I share my top 5 favorites, including the vintage Kiss Lock and the sophisticated Rogue. Which one do you think is a must-have? Let's chat in the comments! #LuxuryFashion #Coach #LouisVuitton #Handbags #QuietLuxury",#luxuryfashion #coach #louisvuitton #handbags #quietluxury,10100,336,54,29,72,2026-08-28T12:30:05.000Z,https://p16-common-sign.tiktokcdn-us.com/tos-useast5-p-85c255-tx/o41wDkPSDQEXPTj0Aof9ifFHkgEqCBDkqIUBBF~tplv-tiktokx-origin.image?dr=9636&x-expires=1788555600&x-signature=CEzqjXl4nBBdRDyhrVQfHrPFHQ4%3D&t=4d5b0474&ps=13740610&shp=81f88b70&shcp=43f4a2f9&idc=useast5,,quiet luxury bag,False,False,720,1280
7611509312455855382,https://www.tiktok.com/@ladyblue_official/video/7611509312455855382,ladyblue_official,ladyblue_official,Elegant bag for every day #elegant #elegance #elegantstyle #howtolookexpensive  #quietluxury     ,#elegant #elegance #elegantstyle #howtolookexpensive #quietluxury,126000,4311,124,81,103,2026-02-27T11:43:42.000Z,https://p16-common-sign.tiktokcdn-us.com/tos-no1a-p-0037-no/o8hlAYi2jBkG7DBAipAaygabbBCAYIlPzEE8l~tplv-tiktokx-dmt-logom:tos-no1a-i-0068-no/ocOg2AA5pCFF7kyhCqFEgNDpEoAREmAIEffjkY.image?dr=9634&x-expires=1788555600&x-signature=mg4qHeA2eIgK4jIFT%2FQpB69TYT8%3D&t=4d5b0474&ps=13740610&shp=81f88b70&shcp=43f4a2f9&idc=useast5,,quiet luxury bag,False,False,576,1024
7657633570944552205,https://www.tiktok.com/@bluboy__/video/7657633570944552205,bluboy__,Blu Boy,Available now at WNTDApparel.com   #art #fashion #design #draw ,#art #fashion #design #draw,18700,1855,115,224,19,2026-07-01T18:49:45.000Z,https://p19-common-sign.tiktokcdn-us.com/tos-useast5-p-0068-tx/o4BQhZkkAAEiHAFV3uvYREABkIaU6zi1igBu4~tplv-tiktokx-origin.image?dr=9636&x-expires=1788555600&x-signature=xfiBS3POYCTbQsZRf8rzFgqBslA%3D&t=4d5b0474&ps=13740610&shp=81f88b70&shcp=43f4a2f9&idc=useast8,,tote bag,False,False,720,1280
7666078819958164756,https://www.tiktok.com/@mytotea/video/7666078819958164756,mytotea,TOTEA,You’ll thank yourself on your next unexpected shopping trip✨ #totebag #bag #bolso #keychain #tote ,#totebag #bag #bolso #keychain #tote,62300,2401,44,1283,11,2026-07-24T13:01:11.000Z,https://p19-common-sign.tiktokcdn-us.com/tos-alisg-p-0037/oEAfAeaVGDDULAhIrGIxsSICxEoQfitAgrjCQA~tplv-tiktokx-origin.image?dr=9636&x-expires=1788555600&x-signature=vutaVIgG3mWo7gafDghVCFw%2Fdg8%3D&t=4d5b0474&ps=13740610&shp=81f88b70&shcp=43f4a2f9&idc=useast8,,tote bag,False,False,576,1024
7679895084258790676,https://www.tiktok.com/@rileyscrafts6/video/7679895084258790676,rileyscrafts6,Riley,Comment “bag” if you want one! #xmas #totebag #tote #bag ,#xmas #totebag #tote #bag,10300,1976,940,15,17,2026-08-30T18:35:25.000Z,https://p19-common-sign.tiktokcdn-us.com/tos-alisg-p-0037/o0wGkr68I5CQgeLAqE5AH3devf7GFHRURgGfut~tplv-tiktokx-origin.image?dr=9636&x-expires=1788555600&x-signature=P6l5%2BcAyXhnceEvXEg%2F0yC9bkYQ%3D&t=4d5b0474&ps=13740610&shp=81f88b70&shcp=43f4a2f9&idc=useast8,,tote bag,False,False,576,1024
7664491469209636110,https://www.tiktok.com/@diannaa107/video/7664491469209636110,diannaa107,Diana🪽,#rossfind #fall #totebag #gingham ,#rossfind #fall #totebag #gingham,22900,788,24,82,6,2026-07-20T06:21:54.000Z,https://p16-common-sign.tiktokcdn-us.com/tos-useast5-p-0068-tx/oEgenjCUbu2fnLmZRUFGQAYIkYHeAhwu1gyWI3~tplv-tiktokx-origin.image?dr=9636&x-expires=1788555600&x-signature=Jm%2FRoeB%2B7S7UlKtIcJrsIV%2BmqwQ%3D&t=4d5b0474&ps=13740610&shp=81f88b70&shcp=43f4a2f9&idc=useast8,,tote bag,False,False,720,1280
7668749959637781790,https://www.tiktok.com/@gracee.chungg/video/7668749959637781790,gracee.chungg,Grace Chung ⭐️,Part 1 of our BACK TO SCHOOL tote bag RECS!!! I am so excited to show you guys all my bags cuz I am SUCH a bag girl. Up first is @JW PEI Hana Tote Bag in Large Brown Canvas. This is my NEWEST addition to my closet and I LOVE HER SO MUCH. Genuinely a bag you’ll see in every girls Pinterest board. #backtoschool #schoolbag #whatsinmybag #JWPEI #JWPEIHANA ,# #backtoschool #schoolbag #whatsinmybag #jwpei #jwpeihana,511500,37900,133,1467,100,2026-07-31T17:46:46.000Z,https://p19-common-sign.tiktokcdn-us.com/tos-useast8-p-0068-tx2/ooAAB3IaCIERmIis7os8cvBNjDi76BNPzsV44~tplv-tiktokx-origin.image?dr=9636&x-expires=1788555600&x-signature=wNEg0Eng2jfrOTu3ZkI1XxGQiFU%3D&t=4d5b0474&ps=13740610&shp=81f88b70&shcp=43f4a2f9&idc=useast8,,tote bag,False,False,720,1280
7667629771769040150,https://www.tiktok.com/@arunniima/video/7667629771769040150,arunniima,Arunima Ghosh,My favourite cool girl bag collection! 🌿  #bagcollection #totebags #mediumbags ,#bagcollection #totebags #mediumbags,118500,8928,51,144,40,2026-07-28T17:19:42.000Z,https://p19-common-sign.tiktokcdn-us.com/tos-no1a-p-0037-no/osEoDYwNfAIOMHV9HBI1TLAn5iCyiCMBVHdIZ6~tplv-tiktokx-origin.image?dr=9636&x-expires=1788555600&x-signature=c5KgfgQuklch8IeYg%2BTyy2RaT7k%3D&t=4d5b0474&ps=13740610&shp=81f88b70&shcp=43f4a2f9&idc=useast8,,tote bag,True,False,576,1024
7647137685718502669,https://www.tiktok.com/@vincesvillagecobbler/video/7647137685718502669,vincesvillagecobbler,Vince’s Village Cobbler,"Sometimes a fresh look is all it takes. 🖤  We took this Dior patent leather bag from beige to black, completely changing its look while giving it a fresh start. A simple color change can make an old favorite feel brand new again. ✨  Thinking about updating a bag you already own? Head to the link in our bio to learn more about our services. 👜 • • • #dior #christiandior #patentleather #handbagrepair #leatherworks ",#dior #christiandior #patentleather #handbagrepair #leatherworks,2500000,49600,124,1418,32,2026-06-03T12:00:37.000Z,https://p19-common-sign.tiktokcdn-us.com/tos-useast8-p-0068-tx2/oYqRBfcIDEwqFNsEJgEFBFE2IBVIYUNAeVRSdA~tplv-tiktokx-origin.image?dr=9636&x-expires=1788555600&x-signature=%2FD0DgwZAkoasg51B%2Ftd5lt21Cns%3D&t=4d5b0474&ps=13740610&shp=81f88b70&shcp=43f4a2f9&idc=useast8,,leather handbag,False,False,720,1280
7675559404963466509,https://www.tiktok.com/@laura_jo69/video/7675559404963466509,laura_jo69,Laura | Bags and Baubles,"Work tote, but make it luxe. ✨  A beautiful leather work tote with incredible craftsmanship, a reversible design, and enough room to actually use every day. This one feels more like a piece of art than a practical work bag.  Comment TOTE for @Luska details.  #BagReview #totebagstyle #leatherbag #styleover40 #quietluxury ",# #bagreview #totebagstyle #leatherbag #styleover40 #quietluxury,6236,198,85,13,140,2026-08-19T20:30:00.000Z,https://p19-common-sign.tiktokcdn-us.com/tos-useast5-p-0068-tx/oIAAzUEAgiIKCjgFqaBh4kPQEE4oAUFVBixEA~tplv-tiktokx-dmt-logom:tos-useast5-i-0068-tx/o4EFIABAIEIQAcB1FiCdfNdEphzCTiAwJvoKBo.image?dr=9634&x-expires=1788555600&x-signature=7qGM%2B09ZVPUH%2B2MyKAVeO23%2Fz4M%3D&t=4d5b0474&ps=13740610&shp=81f88b70&shcp=43f4a2f9&idc=useast8,,leather handbag,False,False,720,1280
7673298636343758100,https://www.tiktok.com/@allyshayung/video/7673298636343758100,allyshayung,Allysha,My new fav work bag from Strathberry🤎 #leatherbag #workbag ,#leatherbag #workbag,4263,82,12,4,36,2026-08-12T23:57:47.000Z,https://p19-common-sign.tiktokcdn-us.com/tos-alisg-p-0037/ogiAIKOfoH1EQMCI8CP14AiQPA0BXBwAAWxn9B~tplv-tiktokx-dmt-logom:tos-alisg-i-0068/ogQPBPxeCihKIHCNgA1wiBp9EcIoAAVxBAiAvd.image?dr=9634&x-expires=1788555600&x-signature=wrwM1KZrERp5rBaBh4jAOJfgLxc%3D&t=4d5b0474&ps=13740610&shp=81f88b70&shcp=43f4a2f9&idc=useast8,,leather handbag,False,False,576,1024
7671904755643370765,https://www.tiktok.com/@nobodywhoareu/video/7671904755643370765,nobodywhoareu,Dajra Sara Kapić,Your sign to buy niche bags and not mainstream designers 🤍🤍😌🤌🏼🤌🏼 #atoriebag #birkinbag #leatherbag #workbag #fyp,#atoriebag #birkinbag #leatherbag #workbag #fyp,50000,2511,40,138,54,2026-08-09T05:49:11.000Z,https://p19-common-sign.tiktokcdn-us.com/tos-useast5-p-0068-tx/oc4avAGIjIOANkWffBEAtTDUATDFEHVBEAhTFe~tplv-tiktokx-dmt-logom:tos-useast5-i-0068-tx/oAFsgyABPBvHA6ESA4iaNakAignyBN1kIVUE4.image?dr=9634&x-expires=1788555600&x-signature=dk9EPbIxvc5UzKQieEDS5KORtSk%3D&t=4d5b0474&ps=13740610&shp=81f88b70&shcp=43f4a2f9&idc=useast8,,leather handbag,False,False,576,1024
7672020042246032670,https://www.tiktok.com/@softlyjali/video/7672020042246032670,softlyjali,jali ⊹ ࣪,my new favorite ~ 🧸 #whatsinmybag #workbag #quietlife #everydaybag #brownbag ,#whatsinmybag #workbag #quietlife #everydaybag #brownbag,15300,2704,32,36,12,2026-08-09T13:16:40.000Z,https://p16-common-sign.tiktokcdn-eu.com/tos-useast8-p-0068-tx2/o0jCtLIxI5pe7l8DbUsIAeqwj3QIQ2t9GPfSIA~tplv-tiktokx-origin.image?dr=10395&x-expires=1788555600&x-signature=o8T5ou1qgO%2B1O2ygPfuhPickk%2Fs%3D&t=4d5b0474&ps=13740610&shp=81f88b70&shcp=43f4a2f9&idc=no1a,,everyday handbag,True,False,720,1280
7551865330314923319,https://www.tiktok.com/@emjimnz/video/7551865330314923319,emjimnz,Emily,They go with anything 🤍 #purse #bagessentials ,#purse #bagessentials,90900,3314,15,74,7,2025-09-19T18:14:44.000Z,https://p16-common-sign.tiktokcdn-eu.com/tos-useast5-p-0068-tx/oAgcTA8NkmgKMOjeIDA7gfXQ0ssGlRbyMfHzCg~tplv-tiktokx-origin.image?dr=10395&x-expires=1788555600&x-signature=fJP4wzdMulu%2F6lCkF%2B13PmhzMTI%3D&t=4d5b0474&ps=13740610&shp=81f88b70&shcp=43f4a2f9&idc=no1a,,everyday handbag,False,False,576,1024
7679193544589970702,https://www.tiktok.com/@poppyandpeonies/video/7679193544589970702,poppyandpeonies,Poppy & Peonies,It's time to say goodbye to situations like this and hello to the bag that can do it all!! #everydaybag #whatsinmybag #fallbag #workbag ,#everydaybag #whatsinmybag #fallbag #workbag,1300000,58200,277,4542,36,2026-08-29T19:00:00.000Z,https://p16-common-sign.tiktokcdn-eu.com/tos-useast5-p-0068-tx/ogxM8fTyGQkfejwKAbLJIvGhgFeLqCOQIpAjRR~tplv-tiktokx-dmt-logom:tos-useast5-i-0068-tx/oMSjjfO0VIkAIAHs8EIF4EnEQGDASAAPwAfTfT.image?dr=10393&x-expires=1788555600&x-signature=Ksn8H6UysSMSMUtgldLR1JGIVsI%3D&t=4d5b0474&ps=13740610&shp=81f88b70&shcp=43f4a2f9&idc=no1a,,everyday handbag,False,False,576,1024
7600660608077401351,https://www.tiktok.com/@arcellenee/video/7600660608077401351,arcellenee,arcellene,Replying to @lella quality leather totebag — perf as your everyday/daily bag 🍂💫 #bag #totebag #everydaybag #leatherbag #fyp ,# #bag #totebag #everydaybag #leatherbag #fyp,347100,5399,144,516,29,2026-01-29T06:05:06.000Z,https://p16-common-sign.tiktokcdn-eu.com/tos-alisg-p-0037/o4SeED6eQAwnQDGRnG8EjPfnvQTGAMFsl1Fh8f~tplv-tiktokx-origin.image?dr=10395&x-expires=1788555600&x-signature=XEphDF3X8jVRSKrM%2BCv8VPd8jSY%3D&t=4d5b0474&ps=13740610&shp=81f88b70&shcp=43f4a2f9&idc=no1a,,everyday handbag,True,False,576,1024
7672795039591894294,https://www.tiktok.com/@amanistrandd/video/7672795039591894294,amanistrandd,Amani Strand,she’s perfect @polene_paris thank you💛 #poleneparis #shuldo ,# #poleneparis #shuldo,319400,16300,104,1154,20,2026-08-11T15:23:36.000Z,https://p16-common-sign.tiktokcdn-eu.com/tos-no1a-p-0037-no/oIE7IALAjPeeAYDU6FB1fxXWW56I2EAAI8znF1~tplv-tiktokx-origin.image?dr=10395&x-expires=1788555600&x-signature=MbwUfvYnupkYAz8U3ZyCqsjhWIE%3D&t=4d5b0474&ps=13740610&shp=81f88b70&shcp=43f4a2f9&idc=no1a,,everyday handbag,False,False,576,1024
7679149779166727456,https://www.tiktok.com/@loumilel/video/7679149779166727456,loumilel,❤️,Bershka Bag. #bershka #Bag #brown #fall #teddy my everyday bag 🧸,#bershka #bag #brown #fall #teddy,62700,13200,39,247,15,2026-08-28T18:23:08.000Z,https://p16-common-sign.tiktokcdn-eu.com/tos-useast2a-p-0037-euttp/owjepVYEeADnCLGpIBfjK3QghLjr6I6aMMIIGY~tplv-tiktokx-origin.image?dr=10395&x-expires=1788555600&x-signature=HyJpdSyE3atGsVZwFsE0zQx%2FLjs%3D&t=4d5b0474&ps=13740610&shp=81f88b70&shcp=43f4a2f9&idc=no1a,,everyday handbag,False,False,576,1024
7623762209616727309,https://www.tiktok.com/@atnorah/video/7623762209616727309,atnorah,Nora,Finally found the perfect purse that fits a waterbottle #everydaybag #whatsinmybag #totebag #fashiongirlies #fashiontok ,#everydaybag #whatsinmybag #totebag #fashiongirlies #fashiontok,734500,8461,22,720,9,2026-04-01T12:11:14.000Z,https://p16-common-sign.tiktokcdn-eu.com/tos-useast5-p-0068-tx/oU5mAaUIhZQamusTAWIQjFeLsemu1eIkHG6CAq~tplv-tiktokx-origin.image?dr=10395&x-expires=1788555600&x-signature=AAxbIl81eVc76SAat9qGKMGQlNQ%3D&t=4d5b0474&ps=13740610&shp=81f88b70&shcp=43f4a2f9&idc=no1a,,everyday handbag,True,False,720,1280
7674041771340401940,https://www.tiktok.com/@kirsstenjadee/video/7674041771340401940,kirsstenjadee,kirsten jade,"the perfect everyday tote bag, no notes @CHARLESKEITHOFFICIAL   #imwithcharleskeith #charleskeithcommunity #callaxlbag #totebag #workbag ",# #imwithcharleskeith #charleskeithcommunity #callaxlbag #totebag #workbag,41700,1722,21,309,40,2026-08-15T00:01:33.000Z,https://p16-common-sign.tiktokcdn-eu.com/tos-alisg-p-0037/oIA9gb2fjUE0DoDsEpDfuxF6AF1fAA2IosrAQI~tplv-tiktokx-origin.image?dr=10395&x-expires=1788555600&x-signature=Fim0iLO37X6nY1rShvjizKj1LfI%3D&t=4d5b0474&ps=13740610&shp=81f88b70&shcp=43f4a2f9&idc=no1a,,everyday handbag,True,False,576,1024
7671634175539072269,https://www.tiktok.com/@atnorah/video/7671634175539072269,atnorah,Nora,"Can’t believe how beautiful this bag is! 🤍 It’s so spacious, affordable, and perfect for work. My new everyday tote ✨👜 🤍 #lovevook #fyp #workbag #totebag #totebaggirlies ",#lovevook #fyp #workbag #totebag #totebaggirlies,493800,6120,23,426,10,2026-08-09T13:00:00.000Z,https://p16-common-sign.tiktokcdn-eu.com/tos-useast5-p-0068-tx/ok38RACCII1ArJAP7BEAusB1AJriiBs4Bw7eHO~tplv-tiktokx-origin.image?dr=10395&x-expires=1788555600&x-signature=H2tVijEj3lgzBdDgl0Mpj9pSDz4%3D&t=4d5b0474&ps=13740610&shp=81f88b70&shcp=43f4a2f9&idc=no1a,,everyday handbag,True,False,720,1280
7595101355585309973,https://www.tiktok.com/@aaeshleyyy/video/7595101355585309973,aaeshleyyy,ashley,One of my ins for 2026 is practically sized bags and this one is perfect 👛 #everydaybag #hobobag ,#everydaybag #hobobag,373500,15600,78,285,60,2026-01-14T06:32:26.000Z,https://p16-common-sign.tiktokcdn-eu.com/tos-alisg-p-0037/okf0NLIVCVBstnzi9OiwtIhHA9MyIwA65bFuYA~tplv-tiktokx-origin.image?dr=10395&x-expires=1788555600&x-signature=YJ3lTsXW2CImWOkPoWwQYmYyoJ8%3D&t=4d5b0474&ps=13740610&shp=81f88b70&shcp=43f4a2f9&idc=no1a,,everyday handbag,False,False,576,1024
7615736783594196237,https://www.tiktok.com/@imnotapisces/video/7615736783594196237,imnotapisces,aimz ⭐️,Got this for a stealllll on depop 😋 #marcjacobs #vintagebag #everydaybag ,#marcjacobs #vintagebag #everydaybag,136800,6818,38,460,6,2026-03-11T00:00:00.000Z,https://p16-common-sign.tiktokcdn-eu.com/tos-useast5-p-0068-tx/o8IwgEhEAcRMAIDE5CFpAiCDgmS8ADmGfIsEes~tplv-tiktokx-origin.image?dr=10395&x-expires=1788555600&x-signature=Rc8SFDejKIeDptDyqiK1RIJ2hoI%3D&t=4d5b0474&ps=13740610&shp=81f88b70&shcp=43f4a2f9&idc=no1a,,everyday handbag,True,False,720,1280
7670290170209438989,https://www.tiktok.com/@jessicanlinn/video/7670290170209438989,jessicanlinn,Jessica Linn,Bags that look way more expensive than they are! 💗  No affordable quiet luxury bags under list is complete without strathberry! They’re an Edinburgh based brand admired by elegant style icons like Kate Middleton and Meghan Markle! This is the nano mosaic and the mini tote 💗  Next is Paris’s Wang New York Such a classy understated bag with minimal logos and branding. Nothing is more quiet luxury than that!  Then another one of my favorite white luxury brands Fairfax and Favor. This is the town and country top handle they made with Lydia Millen.  We also have Songmont who I think does a brillian,#katespade #strathberry #fairfaxandfavor #songmont,132100,4549,59,167,93,2026-08-04T21:23:44.000Z,https://p19-common-sign.tiktokcdn-us.com/tos-useast5-p-0068-tx/os5HJBUePYjAQJDIWLAXfggMJA2k5ODCM38fas~tplv-tiktokx-origin.image?dr=9636&x-expires=1788555600&x-signature=4rlTPbsYyR6tV%2FIP0%2FqDJElS50c%3D&t=4d5b0474&ps=13740610&shp=81f88b70&shcp=43f4a2f9&idc=useast8,,quiet luxury bag,False,False,720,1280
7677422869248314644,https://www.tiktok.com/@mikanajp/video/7677422869248314644,mikanajp,Mikana,The quiet anchor of the entire fit. 👜🌸  🔎Takaichi Bag  #MikanaCarefreeLuxury #CoquetteCollection #FashionBag #BagStyle ,#mikanacarefreeluxury #coquettecollection #fashionbag #bagstyle,177500,4674,1764,113,17,2026-08-26T10:00:00.000Z,https://p16-common-sign.tiktokcdn-us.com/tos-alisg-p-0037/o8f8Lc3ABACEAMg4eQDAcqI3iEA9mrR56FhEC2~tplv-tiktokx-origin.image?dr=9636&x-expires=1788555600&x-signature=jjyhEGK8E4DJnv1FQDMrivLVW8I%3D&t=4d5b0474&ps=13740610&shp=81f88b70&shcp=43f4a2f9&idc=useast8,,quiet luxury bag,True,False,576,1024
7668067221339442462,https://www.tiktok.com/@the.lazy.thrifter/video/7668067221339442462,the.lazy.thrifter,Jeremy Carr:The Lazy Thrifter,Replying to @Feefee1974   These 5 Coach bags are better than Louis Vuitton.  I said what I said. Which one am I wrong about?  #Coach #LouisVuitton #Handbags #LuxuryFashion #QuietLuxury,# #coach #louisvuitton #handbags #luxuryfashion #quietluxury,293400,18500,1149,2101,78,2026-07-29T21:37:27.000Z,https://p19-common-sign.tiktokcdn-us.com/tos-useast8-p-0068-tx2/o4XEIfC1AFAjAIepU6IlowLiIBIqqOecCdDaGK~tplv-tiktokx-origin.image?dr=9636&x-expires=1788555600&x-signature=61BbuvY8T%2BZFoH13hTOxk9Q6X7k%3D&t=4d5b0474&ps=13740610&shp=81f88b70&shcp=43f4a2f9&idc=useast8,,quiet luxury bag,True,False,720,1280
7672335551520935199,https://www.tiktok.com/@serenityyll103/video/7672335551520935199,serenityyll103,serenityll,POV:You found the perfect quiet luxury bag 🩶#hermes #luxurylife #bagcollection #unboxingvideo #luxurybag ,#hermes #luxurylife #bagcollection #unboxingvideo #luxurybag,249,3,0,0,12,2026-08-10T19:30:00.000Z,https://p19-common-sign.tiktokcdn-us.com/tos-useast8-p-0068-tx2/oIUhI5cIADEjnA30pngCfFMulIqweI9Djz8eWF~tplv-tiktokx-origin.image?dr=9636&x-expires=1788555600&x-signature=EO7WXzydg7eE5SoRXOrb8QzdJgM%3D&t=4d5b0474&ps=13740610&shp=81f88b70&shcp=43f4a2f9&idc=useast8,,quiet luxury bag,False,False,720,1280
7624988535564569869,https://www.tiktok.com/@alanahosn/video/7624988535564569869,alanahosn,Alana Hosn,chic affordable bag brands for designer vibes. Which would you wear?  #affordablefashion #quietluxury ,#affordablefashion #quietluxury,69100,832,11,49,45,2026-04-04T19:30:09.000Z,https://p16-common-sign.tiktokcdn-us.com/tos-useast5-p-0068-tx/o4LMpiBhICBYjIKd9RiIiMAAZC4ws5yv60fiTr~tplv-tiktokx-origin.image?dr=9636&x-expires=1788555600&x-signature=cIacad3WvFDUg2%2BHQq45TIdF2ac%3D&t=4d5b0474&ps=13740610&shp=81f88b70&shcp=43f4a2f9&idc=useast8,,quiet luxury bag,False,False,720,1280
7665003634278649119,https://www.tiktok.com/@itscelesta/video/7665003634278649119,itscelesta,itscelesta👜🩵,is polene still worth buying in 2026??? #polene #designerbags #quietluxury #poleneparis #bagreview ,#polene #designerbags #quietluxury #poleneparis #bagreview,74100,1378,64,31,80,2026-07-21T15:29:20.000Z,https://p16-common-sign.tiktokcdn-us.com/tos-useast8-p-0068-tx2/ogejQIz2EWFXiYmfCqCFgolkAGLFIUAxvKGqeI~tplv-tiktokx-origin.image?dr=9636&x-expires=1788555600&x-signature=Xmbl0CZco55UJy4vOE044O6HbUE%3D&t=4d5b0474&ps=13740610&shp=81f88b70&shcp=43f4a2f9&idc=useast8,,quiet luxury bag,True,False,720,1280
7499169371151928606,https://www.tiktok.com/@tote.bag71/video/7499169371151928606,tote.bag71,Tote bag,"Waterproof tote bag,don’t worry about even in rainy day ☔️👜 #womenbags #work #corpratelife #workbag #bags #totebags #girlytotebag #fashiontiktok #handbag #shoulderbag #fashion #viral #style #girls #trending #corprategirlie #viraltotebag #3in1totebag ",#womenbags #work #corpratelife #workbag #bags #totebags #girlytotebag #fashiontiktok #handbag #shoulderbag #fashion #viral #style #girls #trending #corprategirlie #viraltotebag #3in1totebag,35700,189,4,71,13,2025-04-30T18:07:46.000Z,https://p16-common-sign.tiktokcdn-us.com/tos-useast8-p-0068-tx2/ooESqvEAVmAFMEmZA9RX3EfeAbDRECAIzAuoSS~tplv-tiktokx-origin.image?dr=9636&x-expires=1788555600&x-signature=p2o9ExCXeVf0c0eFiEWAYstTeT0%3D&t=4d5b0474&ps=13740610&shp=81f88b70&shcp=43f4a2f9&idc=useast5,,tote bag,False,False,576,1024
7656987323661372702,https://www.tiktok.com/@lucycatalan_/video/7656987323661372702,lucycatalan_,Lucy Catalan,for your next girls night craft 🩷🩷  #diytotebag #girlsnight #hobbylobby ,#diytotebag #girlsnight #hobbylobby,2400000,237000,470,57200,18,2026-06-30T01:01:45.000Z,https://p19-common-sign.tiktokcdn-us.com/tos-useast8-p-0068-tx2/oQAAYIAeDx1AA1hFhLijBiICIiXB3AqKgEPB96~tplv-tiktokx-origin.image?dr=9636&x-expires=1788555600&x-signature=r9yU7cd%2F52R3d0NBYHTJqt5cZCU%3D&t=4d5b0474&ps=13740610&shp=81f88b70&shcp=43f4a2f9&idc=useast5,,tote bag,False,False,720,1280
7668831155562532103,https://www.tiktok.com/@joshuamuerza/video/7668831155562532103,joshuamuerza,Josh Muerza,después de un año por fin encontré esta bolsa 🥳  #bolsahombre #traderjoestotebag #totebag #bolsabarata #moda ,#bolsahombre #traderjoestotebag #totebag #bolsabarata #moda,412000,14200,528,6350,49,2026-07-31T23:01:44.000Z,https://p16-common-sign.tiktokcdn-us.com/tos-alisg-p-0037/ocBmR4DKbZSflJKetk6Ec4NEF6yFIEq3BIgAV9~tplv-tiktokx-origin.image?dr=9636&x-expires=1788555600&x-signature=hQkwy4C4XoWjVfxUFpbdBlktV%2FI%3D&t=4d5b0474&ps=13740610&shp=81f88b70&shcp=43f4a2f9&idc=useast5,,tote bag,False,False,576,1024
7664717322560605453,https://www.tiktok.com/@shoppinkprive/video/7664717322560605453,shoppinkprive,PINK PRIVÉ,Shop the Lea tote pink now link in bio! #sale #boujeeonabudget #totebags ,#sale #boujeeonabudget #totebags,8330,513,4,18,6,2026-07-20T20:58:21.000Z,https://p16-common-sign.tiktokcdn-us.com/tos-useast8-p-0068-tx2/o8dorPAbVgqeErIreCKLIMUIgbGVE4ALXAeMog~tplv-tiktokx-origin.image?dr=9636&x-expires=1788555600&x-signature=%2FdUKAFs%2FXGYr4ItbFXTNw%2F%2FVXiE%3D&t=4d5b0474&ps=13740610&shp=81f88b70&shcp=43f4a2f9&idc=useast5,,tote bag,False,False,720,1280
7667689061745691918,https://www.tiktok.com/@annacherrychi/video/7667689061745691918,annacherrychi,Anna Cherry,what’s your favorite tote or work bag right now? 🤎 #workbag #totebag #comfychicstyle ,#workbag #totebag #comfychicstyle,7182,106,12,2,67,2026-07-28T21:10:02.000Z,https://p19-common-sign.tiktokcdn-us.com/tos-useast5-p-0068-tx/o0psyhhIjIeAqkxeKVIDf2GUROOLIHrjCASFG0~tplv-tiktokx-origin.image?dr=9636&x-expires=1788555600&x-signature=gqFVq54IssFcStutgg9m60EzhdI%3D&t=4d5b0474&ps=13740610&shp=81f88b70&shcp=43f4a2f9&idc=useast5,,tote bag,False,False,720,1280
7496583763791498526,https://www.tiktok.com/@tote.bag71/video/7496583763791498526,tote.bag71,Tote bag,Becoming that girl….💫💕✨🌸 #womenbags #totebags #viralvideo #handbag #bags #fashiontiktok #shoulderbag #fashion #girlytotebag #style #girls #trending #lover #viral #bag ,#womenbags #totebags #viralvideo #handbag #bags #fashiontiktok #shoulderbag #fashion #girlytotebag #style #girls #trending #lover #viral #bag,24100,165,2,9,13,2025-04-23T18:53:57.000Z,https://p19-common-sign.tiktokcdn-us.com/tos-useast8-p-0068-tx2/oU3R8IAxvAQAAAiNihrE4JZkAEBaBl3b0tJlA~tplv-tiktokx-origin.image?dr=9636&x-expires=1788555600&x-signature=knIu1XJcXXMYaLmnY0QOZwfBYpo%3D&t=4d5b0474&ps=13740610&shp=81f88b70&shcp=43f4a2f9&idc=useast5,,tote bag,False,False,576,1024
7640952850075389217,https://www.tiktok.com/@xaveriasiscaa/video/7640952850075389217,xaveriasiscaa,Fransisca,Corporate girl approved leather bags that fits a 13 to 17 inch laptop #demellier #laptopbag #workbag #leatherbag #sezane @Sézane @DeMellier ,#demellier #laptopbag #workbag #leatherbag #sezane # #,1800000,97500,173,5217,39,2026-05-17T19:59:33.000Z,https://p19-common-sign.tiktokcdn-us.com/tos-useast2a-p-0037-euttp/o0oAAiR21BAEKUgyABB2AKSBiARETIfIMC59KW~tplv-tiktokx-origin.image?dr=9636&x-expires=1788555600&x-signature=cLkSwmI%2Fi8WiVoYMWNm%2Bxpn10wg%3D&t=4d5b0474&ps=13740610&shp=81f88b70&shcp=43f4a2f9&idc=useast5,,leather handbag,False,False,576,1024
7679203527968804126,https://www.tiktok.com/@steffieinthecity/video/7679203527968804126,steffieinthecity,Steffie Price 🎀,#greenscreen consider this your little black book of bags under $700 that look $$$ 👀 #handbagtiktok #fashiontok #affordablefashion #handbags  ,#greenscreen #handbagtiktok #fashiontok #affordablefashion #handbags,59500,5756,58,327,104,2026-08-28T21:52:01.000Z,https://p19-common-sign.tiktokcdn-us.com/tos-useast8-p-0068-tx2/o8BqfYveAAAzAGRiAQWISCUMf8PigfAQQRJJIg~tplv-tiktokx-dmt-logom:tos-useast8-i-0068-tx2/okECAAXJULCANIAAEVIGeve7IA7YAXfwIqS9dj.image?dr=9634&x-expires=1788555600&x-signature=oyrcDj66I10i8V6oJLgqJSV35oU%3D&t=4d5b0474&ps=13740610&shp=81f88b70&shcp=43f4a2f9&idc=useast5,,leather handbag,False,False,720,1280
7668431127031516418,https://www.tiktok.com/@meg.helm/video/7668431127031516418,meg.helm,Meg.helm,new work bag day 💻 #atorie #workbag #leatherbag #newbag #atoriebag ,#atorie #workbag #leatherbag #newbag #atoriebag,225900,6544,58,577,114,2026-07-30T21:09:21.000Z,https://p19-common-sign.tiktokcdn-us.com/tos-no1a-p-0037-no/oQJXQQ8UfGAvekAfAvL9WGpAGR4AXKwrg6ezuI~tplv-tiktokx-dmt-logom:tos-no1a-i-0068-no/oM3If1ABOFJbAFIAuUpfjDAArEEBfLBDIrvX9y.image?dr=9634&x-expires=1788555600&x-signature=AGnU1C6uUOc%2Bvnk2FU6Xw2lfKjA%3D&t=4d5b0474&ps=13740610&shp=81f88b70&shcp=43f4a2f9&idc=useast5,,leather handbag,False,False,576,1024
7668120384113347871,https://www.tiktok.com/@helloitsz/video/7668120384113347871,helloitsz,zainab,"Replying to @Brooke 🌻🎃 if you’ve been searching for an affordable handbag that actually looks expensive, this one’s for you. 🤎  these are 5 of my favorite real leather handbags under $200 that are stylish, high quality, and genuinely worth the money. whether you’re building a capsule wardrobe, replacing a worn-out everyday bag, or just want something that looks more elevated without spending luxury prices, these are all bags i’d recommend as a stylist.  i’m always researching brands so you don’t have to, and these are some of the best affordable leather bags i’ve come across that balance quali",#,83700,4073,82,143,88,2026-07-30T01:03:42.000Z,https://p16-common-sign.tiktokcdn-us.com/tos-useast8-p-0068-tx2/oouZAVLEqsIPaAdqADAQRR8FufDeYkEVEDSCAm~tplv-tiktokx-origin.image?dr=9636&x-expires=1788555600&x-signature=6sVqjvjlZPZxa172zoExeENpPOY%3D&t=4d5b0474&ps=13740610&shp=81f88b70&shcp=43f4a2f9&idc=useast5,,leather handbag,False,False,720,1280
7666220766106553630,https://www.tiktok.com/@helloitsz/video/7666220766106553630,helloitsz,zainab,"looking for high-quality handbags that aren’t coach, polène, or songmont? here are some underrated mid-range handbag brands that deserve sooo much more attention 👀  from premium leather and handcrafted details to sculptural silhouettes, woven textures, and statement beadwork, these brands offer unique designs and thoughtful craftsmanship without the traditional luxury price tag.  save this for the next time you’re looking for a handbag that feels special, elevated, and a little less expected 🤗",,67300,3460,48,132,85,2026-07-24T22:12:04.000Z,https://p16-common-sign.tiktokcdn-us.com/tos-useast8-p-0068-tx2/oczIGfej9AMjDxAIA3eEAzEq4IxFE2sKUKMyAB~tplv-tiktokx-origin.image?dr=9636&x-expires=1788555600&x-signature=wA7tuRPQ7aFOeOnpt%2FxYOiTX46w%3D&t=4d5b0474&ps=13740610&shp=81f88b70&shcp=43f4a2f9&idc=useast5,,leather handbag,False,False,720,1280
7657716555265985806,https://www.tiktok.com/@50.pc.bag/video/7657716555265985806,50.pc.bag,$50 pc bag,Who wants the catalog?👀#bag #fyp #handbag #everydaybag #tiktokfinds ,#bag #fyp #handbag #everydaybag #tiktokfinds,8914,206,35,49,14,2026-07-02T00:11:46.000Z,https://p19-common-sign.tiktokcdn-us.com/tos-useast5-p-0068-tx/ooBFNWjiABLkyAaEAAklRICsPriBE7AvgMky4~tplv-tiktokx-origin.image?dr=9636&x-expires=1788555600&x-signature=qtmm9kS7HkdB0ywwm2Lm%2BFDdR4s%3D&t=4d5b0474&ps=13740610&shp=81f88b70&shcp=43f4a2f9&idc=useast8,,everyday handbag,False,False,720,1280
7676086221927402759,https://www.tiktok.com/@alyssasvids/video/7676086221927402759,alyssasvids,Alyssa Lyanne Uy,some of my favorite mid range cute but practical bags as a girl who doesn’t like the look of big bags on herself 👜😌  #bagcollection #eastwestbags #everydaybag #bagrecommendations ,#bagcollection #eastwestbags #everydaybag #bagrecommendations,60700,3407,31,175,133,2026-08-20T12:15:00.000Z,https://p19-common-sign.tiktokcdn-us.com/tos-alisg-p-0037/owi5Icifu8SIQHERb7hqtDifFJHBdqgBAw9ZGB~tplv-tiktokx-origin.image?dr=9636&x-expires=1788555600&x-signature=8%2B2MGQGdNOnzO%2F%2BHInU1zEHp1Z8%3D&t=4d5b0474&ps=13740610&shp=81f88b70&shcp=43f4a2f9&idc=useast8,,everyday handbag,False,False,576,1024
7674660572733967646,https://www.tiktok.com/@shwncrz/video/7674660572733967646,shwncrz,Shawn Cruz | Content Creator,"The Horse just released some new bags & colors, let’s talk about it! @The Horse   Bags Mentioned: •Clementine Bag in Mid Blue •Fin in Butter Yellow  This Clementine bag is often compared to the Loewe Puzzle bag, as the affordable luxury alternative. We love the look for less! When we talk about quiet luxury, we’re talking about the Clementine bag! Made with Italian leather, this crossbody top handle bag has a beautiful slouch. This is great for all year round, but this is the perfect addition to anyone’s Fall and Winter Fashion wardrobe.   The Fin drawstring pouch is the perfect 2-in-1 pouch. ",# #thehorse #handbagtiktok #fallfashion #lookforless #affordablefashion,14800,456,58,20,171,2026-08-16T16:03:01.000Z,https://p16-common-sign.tiktokcdn-us.com/tos-useast8-p-0068-tx2/oAdqCBnAiZziRC3A0AREgGOAReX2BEA7EfPIwV~tplv-tiktokx-origin.image?dr=9636&x-expires=1788555600&x-signature=NRF5SLpHjVanbTo012G2Us9BV8M%3D&t=4d5b0474&ps=13740610&shp=81f88b70&shcp=43f4a2f9&idc=useast5,,quiet luxury bag,False,False,720,1280
7674674207808146701,https://www.tiktok.com/@candy.bags78/video/7674674207808146701,candy.bags78,Candy.bags🍭,This bag is everything! 😍  #handbaglover #speedy #soft #fashiontiktok #fyp ,#handbaglover #speedy #soft #fashiontiktok #fyp,11600,560,30,53,19,2026-08-16T16:55:55.000Z,https://p16-common-sign.tiktokcdn-us.com/tos-useast5-p-0068-tx/okf6BmMABABiAiwpwABXJ1I5QEAXV6IcPiBCC0~tplv-tiktokx-origin.image?dr=9636&x-expires=1788555600&x-signature=iPm3MgHHESU0Nms51kIGVFKkAHk%3D&t=4d5b0474&ps=13740610&shp=81f88b70&shcp=43f4a2f9&idc=useast5,,handbag,False,False,720,1280
7673142735112621344,https://www.tiktok.com/@b5iv40/video/7673142735112621344,b5iv40,b5iv40,#luxurybag #fashionbags #dior #diorbag #handbag ,#luxurybag #fashionbags #dior #diorbag #handbag,225300,3369,46,277,9,2026-08-12T13:52:45.000Z,https://p19-common-sign.tiktokcdn-us.com/tos-useast2a-p-0037-euttp/o8EAzajIQGAfrQL4DUDgTaItMDFqLefDHxsYQs~tplv-tiktokx-origin.image?dr=9636&x-expires=1788555600&x-signature=z%2B5ISESZDWKZZeoFmXTGprKk0Ek%3D&t=4d5b0474&ps=13740610&shp=81f88b70&shcp=43f4a2f9&idc=useast5,,handbag,False,False,576,1024
7638034598244437279,https://www.tiktok.com/@ally.haul/video/7638034598244437279,ally.haul,Ally’s Hauls,it’s gorgeous 🖤 - #handbag #bagreview #summerfashion #asmrunboxing #fashiontiktok ,#handbag #bagreview #summerfashion #asmrunboxing #fashiontiktok,75700,3156,66,179,35,2026-05-09T23:16:11.000Z,https://p16-common-sign.tiktokcdn-us.com/tos-useast8-p-0068-tx2/ooHEkw2DIFxIqNfE3fmDfIQjA5AFAA8AA1lTQF~tplv-tiktokx-dmt-logom:tos-useast8-i-0068-tx2/oAUDfAwp8qAilEQTHfFfIEAcKwIAA0IOjAD4I4.image?dr=9634&x-expires=1788555600&x-signature=C83nx%2Fo97HOS5qfQoGhPIWSZ5po%3D&t=4d5b0474&ps=13740610&shp=81f88b70&shcp=43f4a2f9&idc=useast5,,handbag,False,False,720,1280
7671845387610656014,https://www.tiktok.com/@chaitali.s7/video/7671845387610656014,chaitali.s7,Chaitali S7,@Coach My first mini Coach bag unboxing 🫢👜 How cute is this? #fyp #coach #minibag #handbag #unboxing ,# #fyp #coach #minibag #handbag #unboxing,563500,15400,330,6539,10,2026-08-09T01:58:37.000Z,https://p16-common-sign.tiktokcdn-us.com/tos-useast5-p-0068-tx/oo691zBIQE9NetlD9vqEvDZBdQhvScufgAXFLR~tplv-tiktokx-origin.image?dr=9636&x-expires=1788555600&x-signature=ameDCDpjYT8BDn%2F5slIeGROinpg%3D&t=4d5b0474&ps=13740610&shp=81f88b70&shcp=43f4a2f9&idc=useast5,,handbag,False,False,576,1024
7669830045749349663,https://www.tiktok.com/@emilyfactory1/video/7669830045749349663,emilyfactory1,𝑬𝒎𝒊𝒍𝒚-𝒉𝒂𝒏𝒅𝒃𝒂𝒈𝒔,#handbags #unboxing #handbag2026 #bagtok #bagforwomen ,#handbags #unboxing #handbag2026 #bagtok #bagforwomen,89500,702,46,76,17,2026-08-03T15:38:11.000Z,https://p19-common-sign.tiktokcdn-us.com/tos-useast8-p-0068-tx2/oU7QECgAEFAqjcMAQR4DVstPLEaZW8qhDEtfBe~tplv-tiktokx-origin.image?dr=9636&x-expires=1788555600&x-signature=sM%2BnJQNwhhWqVma9sEUlmsIUHOE%3D&t=4d5b0474&ps=13740610&shp=81f88b70&shcp=43f4a2f9&idc=useast5,,handbag,False,False,720,1280
7677507991502966034,https://www.tiktok.com/@ladiesbag.factory/video/7677507991502966034,ladiesbag.factory,K-Bag Factory,"We’re a professional handbag factory, specializing in wholesale & custom orders.  #custombag #wholesalebags #bagfactory #handbag #ladiesbag ",#custombag #wholesalebags #bagfactory #handbag #ladiesbag,879800,4916,62,165,19,2026-08-24T08:12:13.000Z,https://p19-common-sign.tiktokcdn-us.com/tos-alisg-p-0037/ogJ1DKfDoQp7jpVITflysFYfXCOAsEwsFEd2QA~tplv-tiktokx-origin.image?dr=9636&x-expires=1788555600&x-signature=r6ysU77SKP%2F3it7WwoMULXK0Du4%3D&t=4d5b0474&ps=13740610&shp=81f88b70&shcp=43f4a2f9&idc=useast5,,handbag,False,False,576,1024
7680646037912030494,https://www.tiktok.com/@isabellherself/video/7680646037912030494,isabellherself,Isabell's finds,@Mr. Chen | TOP LUXE BAGS Editing this while literally laying on the beach because you all NEED to see how gorgeous this Mini 25 is in the popular cheetah pony hair 🐆 I seriously can’t get enough of her!  👉🏻all the 🔗s you need in my profile👀 #leopardprint #handbag #fashiontiktok #bougieonabudget #unboxing ,# #leopardprint #handbag #fashiontiktok #bougieonabudget #unboxing,45500,4571,8,82,54,2026-09-01T19:09:46.000Z,https://p16-common-sign.tiktokcdn-us.com/tos-useast8-p-0068-tx2/o8qXleEQQEAqihlf0aFVux8DG0W4PCALDBzVIv~tplv-tiktokx-origin.image?dr=9636&x-expires=1788555600&x-signature=bwhh3w3ll4JXcoLNkIDL7OHkG7U%3D&t=4d5b0474&ps=13740610&shp=81f88b70&shcp=43f4a2f9&idc=useast5,,handbag,False,False,720,1280
7678380472749034774,https://www.tiktok.com/@josayzso/video/7678380472749034774,josayzso,josayzso,Part 5: Don’t buy these handbags❌... buy these ones instead ✅   #handbag #fashionroast #trendybags #dontbuy #josayzso ,#handbag #fashionroast #trendybags #dontbuy #josayzso,10400,328,6,4,79,2026-08-26T16:37:53.000Z,https://p19-common-sign.tiktokcdn-us.com/tos-no1a-p-0037-no/ogApAf5CBCC1iAZCvPiF42ElRBSIiqSw79I0sA~tplv-tiktokx-origin.image?dr=9636&x-expires=1788555600&x-signature=0sYtC38Qd6Z12PSzur0goFKB55s%3D&t=4d5b0474&ps=13740610&shp=81f88b70&shcp=43f4a2f9&idc=useast5,,handbag,False,False,576,1024
7679833090717535518,https://www.tiktok.com/@evaloveslux/video/7679833090717535518,evaloveslux,eva 🌸,isn’t she perfect? The slouch though! This is the capucines edito in suede from Louis Vuitton. It’s such a fall bag 🤎 #capucines #louisvuitton #handbags #bagtok ,#capucines #louisvuitton #handbags #bagtok,190300,20000,115,4142,10,2026-08-30T14:35:09.000Z,https://p16-common-sign.tiktokcdn-us.com/tos-useast8-p-0068-tx2/oACif5BxiAUnSPU9AIMuABxC34wEIKAPA1hTri~tplv-tiktokx-origin.image?dr=9636&x-expires=1788555600&x-signature=rQICWnZS9vu4seh3FZmGa36O198%3D&t=4d5b0474&ps=13740610&shp=81f88b70&shcp=43f4a2f9&idc=useast5,,handbag,True,False,720,1280
7666270897874980118,https://www.tiktok.com/@lilybag80/video/7666270897874980118,lilybag80,Lilybag8,#lvbag #handbag #luxurybag #fashionbag #newbag ,#lvbag #handbag #luxurybag #fashionbag #newbag,66800,2380,130,177,30,2026-07-25T01:26:38.000Z,https://p19-common-sign.tiktokcdn-us.com/tos-no1a-p-0037-no/okAAgIAlk91ADJvEhOimBiMCICMB2whSwEfBmM~tplv-tiktokx-origin.image?dr=9636&x-expires=1788555600&x-signature=dxWgKBzwcttHkY0XQrBbgSI2T4U%3D&t=4d5b0474&ps=13740610&shp=81f88b70&shcp=43f4a2f9&idc=useast5,,handbag,False,False,576,1024
7672673290191654177,https://www.tiktok.com/@b5iv40/video/7672673290191654177,b5iv40,b5iv40,#luxurybag #fashionbags #handbag #lvbag #lv ,#luxurybag #fashionbags #handbag #lvbag #lv,221600,2700,69,294,10,2026-08-11T07:31:08.000Z,https://p16-common-sign.tiktokcdn-us.com/tos-useast2a-p-0037-euttp/oc9CNrJ4IIE3FPxbF0aiB6BZ8CiNgBnykFzAP~tplv-tiktokx-origin.image?dr=9636&x-expires=1788555600&x-signature=5AjzBI9f7WjcA7oXmdkcK3Nahgo%3D&t=4d5b0474&ps=13740610&shp=81f88b70&shcp=43f4a2f9&idc=useast5,,handbag,False,False,576,1024
7679509043186076941,https://www.tiktok.com/@lovely.farmlife.ne/video/7679509043186076941,lovely.farmlife.ne,@lovely.farmlife,The Louis Vuitton Lockit from 2011 might be the coolest bag I own! #louisvuitton #louisvuittonbag #handbagcollection #handbag ,#louisvuitton #louisvuittonbag #handbagcollection #handbag,325600,27100,581,2291,113,2026-08-29T17:37:35.000Z,https://p19-common-sign.tiktokcdn-us.com/tos-useast5-p-0068-tx/owfjDM7QiRgZJk4VA6WgjYiXu85egeIkHMQCAJ~tplv-tiktokx-origin.image?dr=9636&x-expires=1788555600&x-signature=iyvMRrTCHCWTYdtMfj9c0izKVyc%3D&t=4d5b0474&ps=13740610&shp=81f88b70&shcp=43f4a2f9&idc=useast5,,handbag,False,False,720,1280
7679850295127493918,https://www.tiktok.com/@keepitcasualkels/video/7679850295127493918,keepitcasualkels,keepitcasual,Obsessed with this bag!!! #bag #purse #pursetok #pursecollection #handbags ,#bag #purse #pursetok #pursecollection #handbags,10400,551,31,41,50,2026-08-30T15:41:44.000Z,https://p19-common-sign.tiktokcdn-us.com/tos-useast8-p-0068-tx2/oEAAUFI28lCzDTiARf7CEYE5AVE2ECAIfqPAE7~tplv-tiktokx-origin.image?dr=9636&x-expires=1788555600&x-signature=I01j4vzuRCU1yX2kQ7J7byaV1V8%3D&t=4d5b0474&ps=13740610&shp=81f88b70&shcp=43f4a2f9&idc=useast5,,handbag,False,False,720,1280
7678910375387073805,https://www.tiktok.com/@cheevangxiong/video/7678910375387073805,cheevangxiong,Chee Vang Xiong,The cheetah print Metiers D'Art Mini 25 bag! #fyp #handbag #affordablefashion #affordableluxury #fashioninspo @pinkdee_2023 ,#fyp #handbag #affordablefashion #affordableluxury #fashioninspo #,5109,383,20,36,129,2026-08-28T02:54:16.000Z,https://p19-common-sign.tiktokcdn-us.com/tos-useast5-p-0068-tx/oUAa9ekPDIC9KQefAKFAI5GZZJftqAOEEKAnRQ~tplv-tiktokx-origin.image?dr=9636&x-expires=1788555600&x-signature=rqtzZrx10%2BVEei3hw4fX%2FnNgmLA%3D&t=4d5b0474&ps=13740610&shp=81f88b70&shcp=43f4a2f9&idc=useast5,,handbag,False,False,720,1280
7678064187100269837,https://www.tiktok.com/@valentinesangel1/video/7678064187100269837,valentinesangel1,꒰ა Sophia Valentine ໒꒱,Such a cute bag for fall back to school season!! #bag #fall #pinterest #inspo #fallfashioninspo,#bag #fall #pinterest #inspo #fallfashioninspo,135600,31800,145,845,10,2026-08-25T20:10:51.000Z,https://p19-common-sign.tiktokcdn-us.com/tos-useast5-p-0068-tx/ogAcHIsVkE0EUjiIaHNfCF9GuDH7ffIuRxOZvA~tplv-tiktokx-origin.image?dr=9636&x-expires=1788555600&x-signature=ZgfOqp989J6%2BEF9SeT4u7hAkuVQ%3D&t=4d5b0474&ps=13740610&shp=81f88b70&shcp=43f4a2f9&idc=useast5,,fall bag,False,False,720,1280
7675085686977875214,https://www.tiktok.com/@gueramaal_/video/7675085686977875214,gueramaal_,𝑀𝒶𝓁𝓎𝒸𝑒 ྀིྀི ♡,She’s so perfect 🤎🍂🍁#fyp #coach #newbag #bagunboxing #fall @Coach  ,#fyp #coach #newbag #bagunboxing #fall #,1800000,359600,320,15300,23,2026-08-17T19:32:47.000Z,https://p19-common-sign.tiktokcdn-us.com/tos-useast5-p-0068-tx/oYfqmARMEgDgRGeEOwFDNQV8D8wOQgBs20DSpA~tplv-tiktokx-origin.image?dr=9636&x-expires=1788555600&x-signature=qiGNC7TDiBIZtoi9i7W0OoZR0S0%3D&t=4d5b0474&ps=13740610&shp=81f88b70&shcp=43f4a2f9&idc=useast5,,fall bag,True,False,720,1280
7672376439899032865,https://www.tiktok.com/@s3cret348/video/7672376439899032865,s3cret348,s3cret,especially in brown and dark brown #autumn #urbanoutfitters #bag #fall #fyp ,#autumn #urbanoutfitters #bag #fall #fyp,366300,79200,352,3023,9,2026-08-10T12:19:10.000Z,https://p16-common-sign.tiktokcdn-us.com/tos-useast2a-p-0037-euttp/osu5HrgIEWDAeM0Fc3DeVUwAjJDGjIB0ExbsfS~tplv-tiktokx-origin.image?dr=9636&x-expires=1788555600&x-signature=Px71sPAs9VPvYxTW6h5MNx5DITM%3D&t=4d5b0474&ps=13740610&shp=81f88b70&shcp=43f4a2f9&idc=useast5,,fall bag,False,False,576,768
7679288859867303198,https://www.tiktok.com/@malloryervin/video/7679288859867303198,malloryervin,Mallory Ervin,My new fall bag bought and styled in New York City 🤍✨ #newyork #shopwithme #fall #fyp #foryoupage ,#newyork #shopwithme #fall #fyp #foryoupage,96300,4003,51,84,74,2026-08-29T03:23:07.000Z,https://p19-common-sign.tiktokcdn-us.com/tos-useast8-p-0068-tx2/ow8kVQlQDTa6kBopAEfTAfLXcFIOgqEEN8ARUk~tplv-tiktokx-dmt-logom:tos-useast8-i-0068-tx2/ooiAIKifSJPEh9CIMUS1yAihMA8BFCAiAC8lSB.image?dr=9634&x-expires=1788555600&x-signature=ufU3C0Pb4Cpmnky1HUZxRTfDvj4%3D&t=4d5b0474&ps=13740610&shp=81f88b70&shcp=43f4a2f9&idc=useast5,,fall bag,False,False,720,1280
7674188570315328801,https://www.tiktok.com/@reyhan.olc/video/7674188570315328801,reyhan.olc,𝐑 𝐄 𝐘 𝐇 𝐀 𝐍,Le sac parfait pour l’automne 🍂  #zara #bag #zarahaul #zarabag #autumn ,#zara #bag #zarahaul #zarabag #autumn,406600,22200,55,5505,17,2026-08-15T09:31:09.000Z,https://p19-common-sign.tiktokcdn-us.com/tos-useast2a-p-0037-euttp/oskGOeGBLCNRAYA4wjDeADjISFYQQMHegVGJJI~tplv-tiktokx-origin.image?dr=9636&x-expires=1788555600&x-signature=fVWfJOufUOiqFWtRmnqljfvuhyE%3D&t=4d5b0474&ps=13740610&shp=81f88b70&shcp=43f4a2f9&idc=useast5,,fall bag,False,False,576,1024
7679518348807392543,https://www.tiktok.com/@lovely.n21/video/7679518348807392543,lovely.n21,𝒩ℯ𝓃𝒶 𐙚,Fall has officially made its way into my bag 🤎🧸 #FallAesthetic #CozyVibes #MiniBag #WhatsInMyBag #Fall ,#fallaesthetic #cozyvibes #minibag #whatsinmybag #fall,238700,72200,127,3104,9,2026-08-29T18:13:38.000Z,https://p19-common-sign.tiktokcdn-us.com/tos-useast8-p-0068-tx2/o4E1eqxBci6EEpFRRCQH3YAVmIAf22vTZGkQVD~tplv-tiktokx-origin.image?dr=9636&x-expires=1788555600&x-signature=kj2cic4wggKSHenp28jDvhkPVoM%3D&t=4d5b0474&ps=13740610&shp=81f88b70&shcp=43f4a2f9&idc=useast5,,fall bag,False,False,720,1280
7676507699525242125,https://www.tiktok.com/@jessicanlinn/video/7676507699525242125,jessicanlinn,Jessica Linn,What’s in my bag 🍂Fall Edition🍂 What fits in the large suede Rowan 🍂 everything on my LtK♥️  Pumpkin spice cafe fall book Harris tweed pouch KayAli mini travel perfume Bath and body works pumpkin cold foam lip oil Fall bandaids Rare beauty mini blush Personalized hairbrush from Etsy Magnetic power bank from Burga with romantasy pattern Clear kisslock pouch Rechargeable hand warmers Earphones with jewels on them Mini cleaning wipes Washable lint roller Coach outlet wallet Suede brush Scarf Pumpkin charm #fallbag #suedebag #coachoutlet #coachbag #whatsinmybag,#fallbag #suedebag #coachoutlet #coachbag #whatsinmybag,204500,19500,357,1248,40,2026-08-21T15:30:39.000Z,https://p16-common-sign.tiktokcdn-us.com/tos-useast5-p-0068-tx/ok5DbGAUDIOyxIe8AxFCSCRPSBfnqlDEEVgaEi~tplv-tiktokx-origin.image?dr=9636&x-expires=1788555600&x-signature=EUh0sOGNT%2Bbc0%2BvGaM3qMiq2pHo%3D&t=4d5b0474&ps=13740610&shp=81f88b70&shcp=43f4a2f9&idc=useast5,,fall bag,False,False,720,1280
7675489908366101773,https://www.tiktok.com/@jessicanlinn/video/7675489908366101773,jessicanlinn,Jessica Linn,"What’s in my bag 🍁 everything in my LtK 🍂  What fits in the Brooklyn 28 Cinnamon Bun Book Store book Reusable sticky lint roller ball Harris tweed pouch Bath and body works pumpkin cold foam lip oil KayAli mini perfume Tom ford mini lipstick in Casablanca Mini cleaning wipes Mini jewelry Kisslock holder Custom mini hairbrush Coach outlet spotted scarf Bath and body works jam hand sanitizer holder bag charm  Coach chain charm and pumpkin bag charm from Amazon  Coach Brooklyn 28 packing video  Fall packing, fall bag, fall bags #coachbag #coachbags #brooklyn28 #whatsinmybag ",#coachbag #coachbags #brooklyn28 #whatsinmybag,47100,3149,44,158,48,2026-08-18T21:41:21.000Z,https://p19-common-sign.tiktokcdn-us.com/tos-useast5-p-0068-tx/oE0NqDItFCD9gyASEFKEBPiEqSFYRhfEXJvYfW~tplv-tiktokx-origin.image?dr=9636&x-expires=1788555600&x-signature=%2FDV8%2Bzm3hO1CxqIMrN%2FvlQR7eS0%3D&t=4d5b0474&ps=13740610&shp=81f88b70&shcp=43f4a2f9&idc=useast5,,fall bag,False,False,720,1280
7678360157784460575,https://www.tiktok.com/@mindsetnurse/video/7678360157784460575,mindsetnurse,C h r i s t i n a🩵,"Just when I said NO suede and NO brown bags, Tory Burch releases this gorgeous bag. 😩😍😍😍 #toryburch #fallbag #suedebag #viralfinds #ifhewantedtohewould ",#toryburch #fallbag #suedebag #viralfinds #ifhewantedtohewould,105900,9256,222,1097,16,2026-08-26T15:19:07.000Z,https://p16-common-sign.tiktokcdn-us.com/tos-useast8-p-0068-tx2/oseIIHTqBgAg5tj0C6BJeeW5sAIuKCGoVgVjVL~tplv-tiktokx-origin.image?dr=9636&x-expires=1788555600&x-signature=tN9lIVIjJHX7PlG8VSzBREkS4bU%3D&t=4d5b0474&ps=13740610&shp=81f88b70&shcp=43f4a2f9&idc=useast5,,fall bag,True,False,720,1280
7676169400201792782,https://www.tiktok.com/@corryn_timm/video/7676169400201792782,corryn_timm,Corryn Timmerman🫶🏻,My pre fall bag collection🤎🍂 #fallbags #suedebag #animalprintbag #fallpurses #bagcollection ,#fallbags #suedebag #animalprintbag #fallpurses #bagcollection,20600,2303,40,125,48,2026-08-20T17:37:57.000Z,https://p16-common-sign.tiktokcdn-us.com/tos-useast5-p-0068-tx/oEI3HACc5pFgAiI1SQifBAwCOOZL1bIrIsBzC3~tplv-tiktokx-origin.image?dr=9636&x-expires=1788555600&x-signature=q%2BJf9Gk4PbG7Jj2OKNx1sOh4zXI%3D&t=4d5b0474&ps=13740610&shp=81f88b70&shcp=43f4a2f9&idc=useast5,,fall bag,False,False,720,1280
7680440985913969951,https://www.tiktok.com/@verafied_official/video/7680440985913969951,verafied_official,VERAFIED NEW YORK,My top 10 bags for fall 🍁🍂,,7481,374,4,24,9,2026-09-01T05:54:16.000Z,https://p19-common-sign.tiktokcdn-us.com/tos-useast8-p-0068-tx2/ocMmhDhI5zFmEqwfEAeWHVqIaSRalA7jEIyBJs~tplv-tiktokx-origin.image?dr=9636&x-expires=1788555600&x-signature=CHJqbAZJbweShatlM3hD2e4vJF0%3D&t=4d5b0474&ps=13740610&shp=81f88b70&shcp=43f4a2f9&idc=useast5,,fall bag,False,False,720,1280
7673318704003747102,https://www.tiktok.com/@savannahlsoto/video/7673318704003747102,savannahlsoto,Savannah Lee,She’s the perfect bag for fall 🍂🍁✨ #coachbag #unboxing #fallfashion #coachoutlet ,#coachbag #unboxing #fallfashion #coachoutlet,1300000,151800,665,17000,17,2026-08-13T01:15:47.000Z,https://p19-common-sign.tiktokcdn-us.com/tos-useast8-p-0068-tx2/ok1I6qU8BGjLELpIFRAhFEID9A1qfIKCfOfxst~tplv-tiktokx-dmt-logom:tos-useast8-i-0068-tx2/o8sGEyiFAnKgDLM9iABAI1P6IX1AGBBCAoixfx.image?dr=9634&x-expires=1788555600&x-signature=VTnx31TVSZFYt4hkpj5ykAFbwWo%3D&t=4d5b0474&ps=13740610&shp=81f88b70&shcp=43f4a2f9&idc=useast5,,fall bag,False,False,720,1280
7671898933295156502,https://www.tiktok.com/@styledxnaty01/video/7671898933295156502,styledxnaty01,Rena,"It’s the little details that make a bag feel properly put together   The canvas texture, neat stitching, zip and hardware all look so good up close.Definitely one of those bags that’s even better when you see the details properly.#BagTok #BagReview #HandbagTok #UKFashion #BritishStyle    ",#bagtok #bagreview #handbagtok #ukfashion #britishstyle,910,25,0,1,46,2026-08-09T05:26:37.000Z,https://p19-common-sign.tiktokcdn-us.com/tos-no1a-p-0037-no/ockWIkIjcI9ArhDBLCAFDe4jIfDfUaEDhC8u4A~tplv-tiktokx-origin.image?dr=9636&x-expires=1788555600&x-signature=OwDdsw%2B7OW9CyWlCNrEN1JjsbwU%3D&t=4d5b0474&ps=13740610&shp=81f88b70&shcp=43f4a2f9&idc=useast5,,bag details,False,False,576,1024
7675928104941948173,https://www.tiktok.com/@gorchic_officialpage/video/7675928104941948173,gorchic_officialpage,gorchic_officialpage,"Gorchic Bag Details You Need To See✨ A closer look at the details that make this bag so timeless. From the structured shape to the clean finishing, every detail deserves a closer look. #Gorchic #Gorchicunboxing #Gorchicbag #Bagdetail #Goodquality",#gorchic #gorchicunboxing #gorchicbag #bagdetail #goodquality,3117,64,3,3,13,2026-08-20T02:01:26.000Z,https://p19-common-sign.tiktokcdn-us.com/tos-useast5-p-85c255-tx/oUIgGFV2LCIMHmDCQf25XkEAE9YzwDl6aefJDA~tplv-tiktokx-origin.image?dr=9636&x-expires=1788555600&x-signature=H0Szlavo37IqlWW1X47FTUR4OF4%3D&t=4d5b0474&ps=13740610&shp=81f88b70&shcp=43f4a2f9&idc=useast5,,bag details,False,False,720,1280
7679831911635684621,https://www.tiktok.com/@mergeboonbagfactory/video/7679831911635684621,mergeboonbagfactory,Mergeboon Bag Factory,A bag tells you more before it’s finished.#bagfactory #samllbusiness #bagmanufacturer #baglover #bagmaking ,#bagfactory #samllbusiness #bagmanufacturer #baglover #bagmaking,12900,154,1,3,13,2026-08-30T14:30:41.000Z,https://p16-common-sign.tiktokcdn-us.com/tos-useast5-p-0068-tx/oEi9poI1SAzYB9ECi4VhOIPApSUfIU8rCl5wIB~tplv-tiktokx-origin.image?dr=9636&x-expires=1788555600&x-signature=9jXR4LzHCJUHYNo%2BgF%2BccIwbLQM%3D&t=4d5b0474&ps=13740610&shp=81f88b70&shcp=43f4a2f9&idc=useast5,,bag details,False,False,720,1280
7677411000106224918,https://www.tiktok.com/@rovak.store/video/7677411000106224918,rovak.store,ROVAK,"Zippers, pockets, compartments, and enough room for the things that usually disappear at the bottom of a bag. #bagdetails #purseorganization #hobobag",#bagdetails #purseorganization #hobobag,530000,3527,27,395,33,2026-08-24T01:56:10.000Z,https://p16-common-sign.tiktokcdn-us.com/tos-no1a-p-0037-no/ogiJIAC1RAUGCiFAi37dCKpBSsLfIcmABOVwEB~tplv-tiktokx-origin.image?dr=9636&x-expires=1788555600&x-signature=4wZh4bY1btDx%2B3EWR%2FNEobh1MEc%3D&t=4d5b0474&ps=13740610&shp=81f88b70&shcp=43f4a2f9&idc=useast5,,bag details,True,False,576,1024
7629789058960477462,https://www.tiktok.com/@lilacblue_london/video/7629789058960477462,lilacblue_london,Lilacbluelondon,"If you know luxury bags, you know…it’s always in the details.  #lilacbluelondon #luxurybags #bagdetails #asmr",#lilacbluelondon #luxurybags #bagdetails #asmr,840,41,1,0,12,2026-04-17T17:58:24.000Z,https://p19-common-sign.tiktokcdn-us.com/tos-no1a-p-0037-no/oElXQeQGWRSdPfGiWAALriMhQedynfIGGPJJiA~tplv-tiktokx-origin.image?dr=9636&x-expires=1788555600&x-signature=Mrwfmwww%2Bd7KcnrlQoVfb4IOB%2FI%3D&t=4d5b0474&ps=13740610&shp=81f88b70&shcp=43f4a2f9&idc=useast5,,bag details,False,False,576,1024
7676186358293040406,https://www.tiktok.com/@loveprelove/video/7676186358293040406,loveprelove,loveprelove,"👜 A closer look at one of our beautiful bags.  This video of bag 522 was specially requested by a client who wanted to see the bag in more detail. From the craftsmanship and stitching to the overall condition.  Sometimes, seeing a bag up close makes all the difference. Thinking about one of our bags? Send us a message to request your own personal video, and we’ll be happy to arrange one for you.",,439,12,1,0,69,2026-08-20T18:43:35.000Z,https://p16-common-sign.tiktokcdn-us.com/tos-no1a-p-0037-no/osTIUfEyLGlDeI5Or8LEAVQIrAz8A7PeEAFVAp~tplv-tiktokx-origin.image?dr=9636&x-expires=1788555600&x-signature=hqquc3oLvMn%2Fc%2BE4%2FymUczk0v0c%3D&t=4d5b0474&ps=13740610&shp=81f88b70&shcp=43f4a2f9&idc=useast5,,bag details,False,False,576,1024
7678061932670242061,https://www.tiktok.com/@ayebeibei/video/7678061932670242061,ayebeibei,AYEBEIBEI,Chanel 2026 maxi flap review #handbag #handbagtiktok #luxurybag #bagreview #chanelbag ,#handbag #handbagtiktok #luxurybag #bagreview #chanelbag,21900,910,33,74,277,2026-08-25T20:02:11.000Z,https://p16-common-sign.tiktokcdn-us.com/tos-useast5-p-0068-tx/oIqfI9bnVF4geAXGfOGglbvVYNRuAq80ed6MQE~tplv-tiktokx-origin.image?dr=9636&x-expires=1788555600&x-signature=5y0zg%2FpngfMUxupX%2FAWs84g8cus%3D&t=4d5b0474&ps=13740610&shp=81f88b70&shcp=43f4a2f9&idc=useast5,,bag details,False,False,720,1280
7601896993014795551,https://www.tiktok.com/@laylacostudio/video/7601896993014795551,laylacostudio,Layla & Company,"Replying to @AMM Here’s a little more detail of everything in my bag 💼🤍 Its my first time doing a video like this, so I hope you enjoy it.😅 I am happy to share more details if you’d like.  I’ve linked everything in my bio under “In My Bag”, if you’d like to explore ☺️  #plannercommunity #girlhood #whatsinmybag #journaltok #aestheticvibes ",# #plannercommunity #girlhood #whatsinmybag #journaltok #aestheticvibes,235600,18000,151,533,62,2026-02-01T14:03:41.000Z,https://p19-common-sign.tiktokcdn-us.com/tos-useast8-p-0068-tx2/o8peQrNfAjeGAgVolHgX2QWHRlQeUr8uF4RYM8~tplv-tiktokx-origin.image?dr=9636&x-expires=1788555600&x-signature=6T8OlSk86IrHwDFJmqlElbYvbVo%3D&t=4d5b0474&ps=13740610&shp=81f88b70&shcp=43f4a2f9&idc=useast5,,bag details,False,False,720,1280
7681030709988969741,https://www.tiktok.com/@johnathan.guo/video/7681030709988969741,johnathan.guo,johnathan guo,"in 2026, you shouldn’t be spending hundreds on polyester bags when you can find full leather options with considered design under 500€! today I’m highlighting Kassandre, a paris-based brand focused on midrange bags (300-600€) with architectural silhouettes and standout hardware details. perfect for any lovers of elegant bags or minimalist style like Khaite and The Row :) it's been a while since i've done a feature of some of my underrated brands and bags on the market so hoping this introduces some of you to this lovely brand ~   #designerbags #fashiontrends #workbag #luxurybag #uniquebags",#designerbags #fashiontrends #workbag #luxurybag #uniquebags,1325,123,7,1,108,2026-09-02T20:02:44.000Z,https://p16-common-sign.tiktokcdn-us.com/tos-useast5-p-0068-tx/ogCDESEDA0fDWfGAgqIYEzNIOAFKvRAmqhCcUg~tplv-tiktokx-origin.image?dr=9636&x-expires=1788555600&x-signature=Gvsezf8wfYqjeT9CpKYHnvhPQyY%3D&t=4d5b0474&ps=13740610&shp=81f88b70&shcp=43f4a2f9&idc=useast5,,bag details,False,False,576,1024
7676478002762485022,https://www.tiktok.com/@brigettejean/video/7676478002762485022,brigettejean,BrigJean,Replying to @Alizée 🐞 welp not sure how I feel about this answer 🫠,#,26600,366,54,13,100,2026-08-21T14:20:00.000Z,https://p19-common-sign.tiktokcdn-us.com/tos-useast8-p-0068-tx2/ow6IO2GEezRlGQ8IDBFqAViDAQVqPEmBfFiEGo~tplv-tiktokx-origin.image?dr=9636&x-expires=1788555600&x-signature=6oAW7ufHXT6wF3JYO115NCdJHjA%3D&t=4d5b0474&ps=13740610&shp=81f88b70&shcp=43f4a2f9&idc=useast5,,bag details,False,False,720,1280
7672619087717027090,https://www.tiktok.com/@penelopes_finds/video/7672619087717027090,penelopes_finds,𝑃𝑒𝑛𝑒𝑙𝑜𝑝𝑒'𝑠 𝐹𝑖𝑛𝑑𝑠,"BAG SCIENCE: a highly requested video, what do y’all think? From a far they’re actually all really similar lol. All 3 came with immaculate packaging and all 3’s interiors are the same.  Sophia’s is the cheapest, but her bag is taller in length than the others and the chain is lighter with thinner leather used for the strap and a bit longer than the others. However, her spots on the side flaps are slightly more accurate.   #handbags #trendybags #viral #fashioninspo #shoppinghaul ",#handbags #trendybags #viral #fashioninspo #shoppinghaul,112200,7025,77,462,19,2026-08-11T04:00:56.000Z,https://p19-common-sign.tiktokcdn-us.com/tos-alisg-p-0037/o84DSK7REreNQPFAUYkAxPpfy55jCvIe1QDOU3~tplv-tiktokx-origin.image?dr=9636&x-expires=1788555600&x-signature=%2BqRX8al0owRGP7XghW6V8w9wGyg%3D&t=4d5b0474&ps=13740610&shp=81f88b70&shcp=43f4a2f9&idc=useast5,,bag details,False,False,576,1024
7660330516746489108,https://www.tiktok.com/@honest.wolf/video/7660330516746489108,honest.wolf,Honest Wolf,We’re all about fun facts and free embroidery 🪡  #minitote #totebag #wool #nzbusiness #fyp ,#minitote #totebag #wool #nzbusiness #fyp,1592,102,0,4,46,2026-07-09T01:14:56.000Z,https://p16-common-sign.tiktokcdn.com/tos-alisg-p-0037/oQ5OYqhkE82vAFLBeAUEAgB9SPATCzDzEIgfRL~tplv-tiktokx-origin.image?dr=14575&x-expires=1788555600&x-signature=R%2F3HBZ9mtt6c2gXOqMTxLTrTocE%3D&t=4d5b0474&ps=13740610&shp=81f88b70&shcp=43f4a2f9&idc=my,,wool tote,False,False,576,1024
7592979802559221023,https://www.tiktok.com/@flaveiia/video/7592979802559221023,flaveiia,flaveiia,"Replying to @Spam Queen 👸 💅 This lamb wool tote bag instantly makes a simple winter outfit feel styled. The cozy texture, colorful plaid design, and oversized shape make it practical but still fun. It fits everything without looking bulky and adds personality to neutral coats and everyday outfits. Perfect for winter outfits, casual everyday bags, and cozy statement accessories that feel different without trying too hard #WinterTote #CozyAccessories #EverydayBag ",# #wintertote #cozyaccessories #everydaybag,1950,30,10,2,15,2026-01-08T13:19:50.000Z,https://p16-common-sign.tiktokcdn.com/tos-useast8-p-0068-tx2/owpUIIALzQIT6jKAohIvxqQ10erhGe9CqvgSkf~tplv-tiktokx-dmt-logom:tos-useast8-i-0068-tx2/o0gNRtAeRLf6AeYeSA4At0AoAvhq9ATXgrfKui.image?dr=14573&x-expires=1788555600&x-signature=bncrFiroHDtHIoT52K09LkH%2BHqI%3D&t=4d5b0474&ps=13740610&shp=81f88b70&shcp=43f4a2f9&idc=my,,wool tote,False,False,720,1280
7590821889078037791,https://www.tiktok.com/@flaveiia/video/7590821889078037791,flaveiia,flaveiia,"This lamb wool tote bag instantly makes a simple winter outfit feel styled. The cozy texture, colorful plaid design, and oversized shape make it practical but still fun. It fits everything without looking bulky and adds personality to neutral coats and everyday outfits. Perfect for winter outfits, casual everyday bags, and cozy statement accessories that feel different without trying too hard #WinterTote #CozyAccessories #EverydayBag  ",#wintertote #cozyaccessories #everydaybag,333,17,12,5,22,2026-01-02T17:46:17.000Z,https://p16-common-sign.tiktokcdn.com/tos-useast8-p-0068-tx2/oMBYRAlOpEVTEmExBBWF5pREIXDCfmA2YAfZGy~tplv-tiktokx-origin.image?dr=14575&x-expires=1788555600&x-signature=LFCjiqm146c88wZ2I1UaDgmsWBY%3D&t=4d5b0474&ps=13740610&shp=81f88b70&shcp=43f4a2f9&idc=my,,wool tote,False,False,720,1280
7617995423327751455,https://www.tiktok.com/@okrabytanvi/video/7617995423327751455,okrabytanvi,OKRA,favorite pinstripe felted bag  #crochetwool #crochet #feltedcrochet #wool ,#crochetwool #crochet #feltedcrochet #wool,5159,95,1,0,6,2026-03-16T23:13:07.000Z,https://p16-common-sign.tiktokcdn.com/tos-useast8-p-0068-tx2/oIoAjCaSW4DZyiiPVMkFb0YBMRV1E0ICKIBAi~tplv-tiktokx-origin.image?dr=14575&x-expires=1788555600&x-signature=T47ECBY3hWbiYwXCmOAZNBCDRDc%3D&t=4d5b0474&ps=13740610&shp=81f88b70&shcp=43f4a2f9&idc=my,,wool tote,False,False,720,1280
7649660116433751327,https://www.tiktok.com/@glenappin_official/video/7649660116433751327,glenappin_official,Glen Appin of Scotland,This scottish wool tote elevates every autumn outfit #fyp #handmade ,#fyp #handmade,281,7,0,0,11,2026-06-10T13:38:00.000Z,https://p16-common-sign.tiktokcdn.com/tos-useast8-p-0068-tx2/ocXQWtAV9E1szxDqAHFxIDIpfzE8TBEVfDiRKF~tplv-tiktokx-origin.image?dr=14575&x-expires=1788555600&x-signature=TB0PMbjE8v8oWsxmFrsI50LOaAs%3D&t=4d5b0474&ps=13740610&shp=81f88b70&shcp=43f4a2f9&idc=my,,wool tote,False,False,720,1280
7650211622660607254,https://www.tiktok.com/@victoriasugdendesigns/video/7650211622660607254,victoriasugdendesigns,Victoria Sugden Designs,"We are proud to reveal our new Harris Tweed Tote Bag. Lined with high quality 100% wool, fine worsted fabric. £38. #tweedbags #harristweed #madeinyorkshire",,811,1,0,0,30,2026-06-11T18:48:21.000Z,https://p16-common-sign.tiktokcdn.com/tos-no1a-p-0037-no/ocAFKrDRFAM0KAr4AVmxACTCfkBEIkAfgqwlFE~tplv-tiktokx-origin.image?dr=14575&x-expires=1788555600&x-signature=yE1GC7xuAA%2BApm%2B5oJAgXQtwBEY%3D&t=4d5b0474&ps=13740610&shp=81f88b70&shcp=43f4a2f9&idc=my,,wool tote,False,False,576,576
7649306628881255711,https://www.tiktok.com/@glenappin_official/video/7649306628881255711,glenappin_official,Glen Appin of Scotland,This scottish wool tote changed my fall outfits #foryou #fyp #handmade ,#foryou #fyp #handmade,177,1,0,0,9,2026-06-09T15:46:00.000Z,https://p16-common-sign.tiktokcdn.com/tos-useast8-p-0068-tx2/o4cku9IYQEcbADoE8lqEPDfBJQYJVNpfAA3FBR~tplv-tiktokx-origin.image?dr=14575&x-expires=1788555600&x-signature=zVoORSi%2Bet95pU9o7Yry9xjgEY0%3D&t=4d5b0474&ps=13740610&shp=81f88b70&shcp=43f4a2f9&idc=my,,wool tote,False,False,720,1280
7428067704650714386,https://www.tiktok.com/@shorn.nz/video/7428067704650714386,shorn.nz,Shorn,Making the Molly Tote #wool #fashion #newzealand #totebag ,#wool #fashion #newzealand #totebag,354,4,2,0,30,2024-10-21T03:36:33.000Z,https://p16-common-sign.tiktokcdn.com/tos-alisg-p-0037/a970262f77a0495b91986eba40fa566d_1729481797~tplv-tiktokx-origin.image?dr=14575&x-expires=1788555600&x-signature=4ihJnpUToMbQvHes1uvpZDDaEsk%3D&t=4d5b0474&ps=13740610&shp=81f88b70&shcp=43f4a2f9&idc=my,,wool tote,False,False,1080,1920
7661362673858235670,https://www.tiktok.com/@charni.crochets/video/7661362673858235670,charni.crochets,Charni crochets,Not one of my favourite pastimes…. Sewing a work piece on a tote bag… 🙄 but the outcome is worth it 🥰  #wool #crochet #totebags #summer #crafts ,#wool #crochet #totebags #summer #crafts,914,36,4,1,30,2026-07-11T20:00:10.000Z,https://p16-common-sign.tiktokcdn.com/tos-no1a-p-0037-no/o81e9SxISZIupsMUAaEIjoYLYe5jK1IILGaDAf~tplv-tiktokx-origin.image?dr=14575&x-expires=1788555600&x-signature=BG9oJXn4xbu3ZKvhkpACLRP%2Bnyc%3D&t=4d5b0474&ps=13740610&shp=81f88b70&shcp=43f4a2f9&idc=my,,wool tote,False,False,576,1024
7637891554614480150,https://www.tiktok.com/@made_by_gela/video/7637891554614480150,made_by_gela,made_by_gela,"This is a beginner-friendly, step-by-step tutorial on how to make your own tote bag 🧵✨  A few extra tips:  *You can add fusible interfacing to the straps to make them a bit sturdier  *If you want your bag to be more structured and hold its shape, you can use canvas fabric (like I did for the lining).   *Otherwise, you can use regular cotton fabric, but the bag will be more flexible, perfect to fold up and keep in your bag for when you need it 🤗    #totebag #sewingforbeginners #totebagtutorial #diytotebag #sewingtutorial ",#totebag #sewingforbeginners #totebagtutorial #diytotebag #sewingtutorial,166700,4280,97,1440,63,2026-05-09T14:00:12.000Z,https://p16-common-sign.tiktokcdn.com/tos-no1a-p-0037-no/o048Sa9ASesJ0frLYweCPBeASfQCxgmA8eIQAeg~tplv-tiktokx-origin.image?dr=14575&x-expires=1788555600&x-signature=UjzhPe8VUtY5ciPzXsZ0KlFQaik%3D&t=4d5b0474&ps=13740610&shp=81f88b70&shcp=43f4a2f9&idc=my,,wool tote,False,False,576,1024
7604541947771981078,https://www.tiktok.com/@amyisknitting/video/7604541947771981078,amyisknitting,amyisknitting,"Eek this is my first time felting, and I heeded @Noémi’s warning by felting conservatively with 15 min rapid wash cycles, 2.5 times.   The pattern recommends a 30 min cycle at 40 degrees C, but it truly all depends on each machine’s settings. I’m guessing the warm setting on the machine i used didn’t reach 40C.   It’s still bulky and could be a bit more structured. I’m thinking now it needs another cycle… do we agree??  Pattern is the Nordic tote by @Mathilda Andersson   #knittok #knitting #felting #dropssnow #totebags ",# # #knittok #knitting #felting #dropssnow #totebags,94800,5639,48,145,41,2026-02-08T17:06:42.000Z,https://p16-common-sign.tiktokcdn.com/tos-no1a-p-0037-no/ocBaCXZAtDEiuoIjdGvwjIABYIaqsVi0mBKtY~tplv-tiktokx-origin.image?dr=14575&x-expires=1788555600&x-signature=YkAOcgqmheuo9UCzuKSXqv9FMCE%3D&t=4d5b0474&ps=13740610&shp=81f88b70&shcp=43f4a2f9&idc=my,,wool tote,False,False,576,1024
7507628987112541448,https://www.tiktok.com/@do.it.unique/video/7507628987112541448,do.it.unique,Do it Unique Workshop,New product: Wool Tufting + Tote bag at #doitunique #handmade #xuhuongtiktok #wooltufting #totebag ,#doitunique #handmade #xuhuongtiktok #wooltufting #totebag,1178,13,0,3,36,2025-05-23T13:14:53.000Z,https://p16-common-sign.tiktokcdn.com/tos-alisg-p-0037/oYgwmFBRcDoJMLEQ6g7TAob6Qfg4ZpBEeTQVHN~tplv-tiktokx-origin.image?dr=14575&x-expires=1788555600&x-signature=dtqnwKiopb%2BNSCPb62YdFkPh04I%3D&t=4d5b0474&ps=13740610&shp=81f88b70&shcp=43f4a2f9&idc=my,,wool tote,False,False,576,1024
7668818282056650015,https://www.tiktok.com/@lillyybearrr/video/7668818282056650015,lillyybearrr,lillybear 🐻ིྀ,Found the most STUNNING fall bag at coach and couldn’t resist 🥲 I am obsessed with her! My first big bag purchase!!! #shopwithme #shoppingvlog #coach #coachbag #pursetok @Coach ,#shopwithme #shoppingvlog #coach #coachbag #pursetok #,568500,63700,468,754,114,2026-07-31T22:11:54.000Z,https://p19-common-sign.tiktokcdn-us.com/tos-useast8-p-0068-tx2/ogUtlfqEndRJDICIZBFqAHVDABVikEJbfRbEU6~tplv-tiktokx-dmt-logom:tos-useast8-i-0068-tx2/o0WAEEAFTEAeBRAAPgEbG2IRESHoDf6CVaXq1t.image?dr=9634&x-expires=1788555600&x-signature=6RdREsdk21eK6dah9MPlfG9bANE%3D&t=4d5b0474&ps=13740610&shp=81f88b70&shcp=43f4a2f9&idc=useast5,,fall bag,False,False,720,1280
7668434139791625485,https://www.tiktok.com/@simplyairicha/video/7668434139791625485,simplyairicha,Simply Airicha,🍁🍂Looking for your next fall 2026 fashion timeless bag 💼 ? Find some inspiration from what Vogue insiders are seeing on the runways!  #autumnfashion #styleinspo #fallbags #falloutfits #fashioninspo  ,#autumnfashion #styleinspo #fallbags #falloutfits #fashioninspo,46200,1670,31,77,53,2026-07-30T21:21:09.000Z,https://p16-common-sign.tiktokcdn-us.com/tos-useast5-p-0068-tx/oQQerUEIhC3zMAj6f1QAlLIHswGVh1JdKeA1Ek~tplv-tiktokx-origin.image?dr=9636&x-expires=1788555600&x-signature=%2BV1ADuy%2FQwyDGG02Q73VMXjSdlc%3D&t=4d5b0474&ps=13740610&shp=81f88b70&shcp=43f4a2f9&idc=useast5,,fall bag,False,False,720,1280
7677095107488746765,https://www.tiktok.com/@jupatchaintaratat/video/7677095107488746765,jupatchaintaratat,Jupatcha Intaratat★,Ima wear it nowww@Coach #coach#fallbag#shoppinghaul #okinawajapan #okinawa  ,# #coach #fallbag #shoppinghaul #okinawajapan #okinawa,365100,38500,55,2283,26,2026-08-23T05:30:27.000Z,https://p19-common-sign.tiktokcdn-us.com/tos-useast5-p-0068-tx/oAPaX40a9BhI8aXBSJEEIKqrUZqG8ogiEIXAi~tplv-tiktokx-origin.image?dr=9636&x-expires=1788555600&x-signature=92yWCHjrUb%2Bf9fl%2Ftz%2Bhns6X42Q%3D&t=4d5b0474&ps=13740610&shp=81f88b70&shcp=43f4a2f9&idc=useast5,,fall bag,False,False,576,1024
7669138147288173837,https://www.tiktok.com/@cheevangxiong/video/7669138147288173837,cheevangxiong,Chee Vang Xiong,"REPOST of the Nano Speedy bag comparison because my video got removed. 😭 If you are expecting a 100% match, please go the OG route. We have to keep in mind that this is INSPIRED BY at the end of the day. What we can expect is the closest we can get and this one is IT. #fyp #nanospeedy #handbag #bagtok #pursetok @baebag_luxe👜🍒 ",#fyp #nanospeedy #handbag #bagtok #pursetok #,174100,14600,519,1272,310,2026-08-01T18:53:21.000Z,https://p16-common-sign.tiktokcdn-us.com/tos-useast5-p-0068-tx/oUQkqDIyAADggfAIEjBECpQusSFARbCEJAnpfA~tplv-tiktokx-origin.image?dr=9636&x-expires=1788555600&x-signature=NxcSbEA23gDZROlUR5xIRjoGHP0%3D&t=4d5b0474&ps=13740610&shp=81f88b70&shcp=43f4a2f9&idc=useast8,,bag details,False,False,720,1280
7679654540379016461,https://www.tiktok.com/@agr8rn/video/7679654540379016461,agr8rn,💜 Amanda Darling 💜,"Check out this great trunk style bag   ✨ LV Side Trunk MM — Perforated Monogram Edition! ✨  Okayyyy, this one is a SHOWSTOPPER! 🤎💙 The Side Trunk MM in perforated Monogram canvas takes that classic LV look and gives it a seriously edgy twist.  From the perforated canvas and bold blue statement patch to the gorgeous vachetta trim, trunk-inspired corners and gold hardware — there are SO many details to look at on this bag. 😍🔎  Today we’re getting up close and personal with the quality, construction, hardware, glazing, stitching and all those little details that can make or break a bag for me!  💙",#purse #bolsa #bougie #luxurybag #affordableluxury,605,61,20,1,398,2026-08-30T11:00:00.000Z,https://p19-common-sign.tiktokcdn-us.com/tos-useast5-p-0068-tx/ogcBAwafCTJ1iBA1E6TuInjBwi4CJUAAAUSFIA~tplv-tiktokx-origin.image?dr=9636&x-expires=1788555600&x-signature=aHAxLzkqqIzgc1C%2FWUCOImLe9ug%3D&t=4d5b0474&ps=13740610&shp=81f88b70&shcp=43f4a2f9&idc=useast8,,bag details,False,False,720,1280
7604816972068523294,https://www.tiktok.com/@taylortriestrends35/video/7604816972068523294,taylortriestrends35,taylortriestrends35,"It's all in the details. From the hidden pockets to the precise stitching, this bag is a lesson in thoughtful design. #detailsmatter #thoughtfuldesign #hiddenpockets #cleanfinish #designerthinking",#detailsmatter #thoughtfuldesign #hiddenpockets #cleanfinish #designerthinking,25600,90,0,8,22,2026-02-09T10:55:27.000Z,https://p19-common-sign.tiktokcdn-us.com/tos-useast8-p-0068-tx2/oEiAIK2fNRHE4HCIIvx0nAi6zAEB3CAiAK7HJB~tplv-tiktokx-origin.image?dr=9636&x-expires=1788555600&x-signature=xZ3E%2FqkB4M7ys%2F3Vyi6fjYj1jDc%3D&t=4d5b0474&ps=13740610&shp=81f88b70&shcp=43f4a2f9&idc=useast8,,bag details,True,False,720,1280
7678277222859410702,https://www.tiktok.com/@yuhangtradingcompany/video/7678277222859410702,yuhangtradingcompany,Yuhang trading company,Jelly bag available for order. 35cm. Material: TPU. With lock.🔒 #jellybag #tpubag #ladiesbag #womenbag #bagsupplier ,#jellybag #tpubag #ladiesbag #womenbag #bagsupplier,1886,84,10,11,51,2026-08-26T09:57:28.000Z,https://p19-common-sign.tiktokcdn-us.com/tos-useast5-p-0068-tx/oEgiUvxUivBIoB3WiEudHaOMK3I4OIEvsA6Zl~tplv-tiktokx-origin.image?dr=9636&x-expires=1788555600&x-signature=wWGFDlYfmWEuMF72K3JSN8w%2BrJM%3D&t=4d5b0474&ps=13740610&shp=81f88b70&shcp=43f4a2f9&idc=useast8,,bag details,False,False,720,1280
7675450747403783455,https://www.tiktok.com/@n.r.styles/video/7675450747403783455,n.r.styles,Boujee for less with Nicole 🤍,I need to sign up for all the fall activities because I need to show these alllll off #affordablebags #itgirl #fyp #fallfashion #everydaybag,#affordablebags #itgirl #fyp #fallfashion #everydaybag,44600,3208,475,201,95,2026-08-18T19:09:25.000Z,https://p16-common-sign.tiktokcdn-us.com/tos-useast8-p-0068-tx2/o8QGVCAwNeHVIEAubcvIetAAIEq8JAAIwAeLjW~tplv-tiktokx-dmt-logom:tos-useast8-i-0068-tx2/ocERVTQJ4EYAA1DgCAf2FbAVA3I4eAKiEKhqWE.image?dr=9634&x-expires=1788555600&x-signature=QTueZVDHGPcESHIhMQD6F7vAAy0%3D&t=4d5b0474&ps=13740610&shp=81f88b70&shcp=43f4a2f9&idc=useast8,,fall bag,False,False,720,1280
7677724286173318431,https://www.tiktok.com/@mmmitsstephhh/video/7677724286173318431,mmmitsstephhh,stephanieee,She’s gorgeous✨🤎 #Coach #juliet25shoulderbag #autumn #spoiled #fypシ ,#coach #juliet25shoulderbag #autumn #spoiled #fypシ,654100,44300,137,13100,19,2026-08-24T22:11:43.000Z,https://p19-common-sign.tiktokcdn-us.com/tos-useast8-p-0068-tx2/oAsMfVX0EMcXAF6ywCqIPAIwPhXGCWDfIIafjX~tplv-tiktokx-origin.image?dr=9636&x-expires=1788555600&x-signature=%2FWfk%2FFv7aCGIAWrnKzlXZHrVVxE%3D&t=4d5b0474&ps=13740610&shp=81f88b70&shcp=43f4a2f9&idc=useast8,,fall bag,False,False,720,1280
7676278412511612190,https://www.tiktok.com/@katelyn.atkinson/video/7676278412511612190,katelyn.atkinson,Katelyn Atkinson,@target has so many fall bags rn!! i’m already thinking of all the outfits this bag will go with 🤩🍂🤎👜 #targetfinds #fallaesthetic #fallbag #targetshopping #falloutfits ,# #targetfinds #fallaesthetic #fallbag #targetshopping #falloutfits,2330,53,3,2,20,2026-08-21T00:40:53.000Z,https://p19-common-sign.tiktokcdn-us.com/tos-useast8-p-0068-tx2/o0IDqhAk2cU5ECNxnR6EvpAAECVpHZAEfAfFRn~tplv-tiktokx-dmt-logom:tos-useast8-i-0068-tx2/ogCi9pBOiAkJQnHWAIuuAB1CPz7EIKAfA18uwi.image?dr=9634&x-expires=1788555600&x-signature=RC%2FLmYZ8sVF648VmlHMWlplz5Pc%3D&t=4d5b0474&ps=13740610&shp=81f88b70&shcp=43f4a2f9&idc=useast8,,fall bag,True,False,720,1280
7679241895574359326,https://www.tiktok.com/@lovely.n21/video/7679241895574359326,lovely.n21,𝒩ℯ𝓃𝒶 𐙚,Chocolate brown everything this season 🤎🍂 #FallAesthetic #WhatsInMyBag #MiniBag ,#fallaesthetic #whatsinmybag #minibag,309500,87600,120,4451,10,2026-08-29T00:20:49.000Z,https://p19-common-sign.tiktokcdn-us.com/tos-useast8-p-0068-tx2/o8kjAJI5u5NflIq4Ios5lvAQGeAfLIHaZCqVEg~tplv-tiktokx-origin.image?dr=9636&x-expires=1788555600&x-signature=xFDirS%2FG%2B5I26pOZ0Uc6%2BBchGnw%3D&t=4d5b0474&ps=13740610&shp=81f88b70&shcp=43f4a2f9&idc=useast8,,fall bag,False,False,720,1280
7671005743914519839,https://www.tiktok.com/@sydneynicoleslone/video/7671005743914519839,sydneynicoleslone,Sydney Slone,I think the 3rd is my favorite!!🤎 all on my ‘bags’ storefront Iist #fallbags #affordablebags #amazonbags #amazonfinds ,#fallbags #affordablebags #amazonbags #amazonfinds,37700,1774,20,93,57,2026-08-06T19:40:15.000Z,https://p16-common-sign.tiktokcdn-us.com/tos-useast8-p-0068-tx2/o0B4yCNfq5EXDzD0B8FEALDgEdARFKPII2fLVO~tplv-tiktokx-dmt-logom:tos-useast8-i-0068-tx2/ooaAB7nBT5BQix4EAj0oiR2uEc4IAviAIllHA.image?dr=9634&x-expires=1788555600&x-signature=rSqVvpoUltg2jnCKTK4iS9QujTU%3D&t=4d5b0474&ps=13740610&shp=81f88b70&shcp=43f4a2f9&idc=useast8,,fall bag,False,False,720,1280
7667740705497894158,https://www.tiktok.com/@mommamoda/video/7667740705497894158,mommamoda,MommaModa,There are other great fall bags to talk about so definitely a part 2 with even more fall bags 2026! #fallbags2026 #fallbagtrends2026 #fallbags #2026fallbags #autumnbags2026 ,#fallbags2026 #fallbagtrends2026 #fallbags #2026fallbags #autumnbags2026,23100,570,13,18,67,2026-07-29T00:30:27.000Z,https://p19-common-sign.tiktokcdn-us.com/tos-useast5-p-0068-tx/o0kjd4GTQLAfQXFpyLIIeSRgOmRdeGvpp6aRAf~tplv-tiktokx-origin.image?dr=9636&x-expires=1788555600&x-signature=BL%2Blv5M3ZMwX3vCSGK8vR3stizM%3D&t=4d5b0474&ps=13740610&shp=81f88b70&shcp=43f4a2f9&idc=useast8,,fall bag,True,False,720,1280
7674687308116790541,https://www.tiktok.com/@escapedpages/video/7674687308116790541,escapedpages,Lauren Wagner,"love this bag so so much, and only $25 on Amazon 🍂☺️ #autumnbag #fallhandbags #whatsinmybag #fallaesthetic #journalaesthetic ",#autumnbag #fallhandbags #whatsinmybag #fallaesthetic #journalaesthetic,3989,180,10,5,8,2026-08-16T17:46:50.000Z,https://p16-common-sign.tiktokcdn-us.com/tos-useast5-p-0068-tx/oMEDIABAIAoQAGB1viC9f8HObD7CIiAwJHYZBX~tplv-tiktokx-origin.image?dr=9636&x-expires=1788555600&x-signature=EZbRfloYUfPZUFL2kYoTNpiryPg%3D&t=4d5b0474&ps=13740610&shp=81f88b70&shcp=43f4a2f9&idc=useast8,,fall bag,True,False,720,1280
7678429727392091405,https://www.tiktok.com/@girlsnpearls/video/7678429727392091405,girlsnpearls,girlsNpearls,all my must haves🤎 || #fallbag #girlessentials #fyp #whatsinmybag #designerbag ,#fallbag #girlessentials #fyp #whatsinmybag #designerbag,686,68,1,0,8,2026-08-26T19:49:28.000Z,https://p16-common-sign.tiktokcdn-us.com/tos-useast5-p-0068-tx/ocAIgEtARNUEqAQfPAZjC00kXLtDECFGSpaDae~tplv-tiktokx-origin.image?dr=9636&x-expires=1788555600&x-signature=GHBJlDUZCKMSGiVpzN19aZ7U2Ww%3D&t=4d5b0474&ps=13740610&shp=81f88b70&shcp=43f4a2f9&idc=useast8,,fall bag,False,False,720,1280
7621575989075676447,https://www.tiktok.com/@shaysgoodes/video/7621575989075676447,shaysgoodes,ShaysGoodes,Scrap yarn boho knit bag in wool #knitting #boho #tote #colorwork #scrapyarn ,#knitting #boho #tote #colorwork #scrapyarn,760,58,7,1,9,2026-03-26T14:47:35.000Z,https://p19-common-sign.tiktokcdn-us.com/tos-useast8-p-0068-tx2/ocpeV4FQUBlQUAFRhERQtwvLLxE2AjfTnSRDEu~tplv-tiktokx-origin.image?dr=9636&x-expires=1788555600&x-signature=52SABGlyFHgSa0%2F%2Fo9UfbVjubmo%3D&t=4d5b0474&ps=13740610&shp=81f88b70&shcp=43f4a2f9&idc=useast8,,wool tote,False,False,720,1280
7678669283475475725,https://www.tiktok.com/@la_sana_rana/video/7678669283475475725,la_sana_rana,La Sana Rana,what’re we putting in the bjurse?  #pinterest #bjork #handmade #oneofone ,#pinterest #bjork #handmade #oneofone,1730,140,5,4,15,2026-08-27T11:18:47.000Z,https://p16-common-sign.tiktokcdn-us.com/tos-useast5-p-0068-tx/oAvAtidIBgAQiLFtZ9ERCa4HwzApEaAkzBtAu~tplv-tiktokx-origin.image?dr=9636&x-expires=1788555600&x-signature=hJf3H1cqjEVjK10nnNIVWd%2BRnRg%3D&t=4d5b0474&ps=13740610&shp=81f88b70&shcp=43f4a2f9&idc=useast8,,wool tote,False,False,720,1280
7647007829181730079,https://www.tiktok.com/@beluxluxury/video/7647007829181730079,beluxluxury,Belux Luxury,"The Chloé Woody Tote is officially the “it-bag” for a reason. Its clean lines and signature logo ribbon make it the easiest way to elevate any everyday look. From laptop to lunch, it handles everything with style. 🏙️✨#chloe #vacationbag #summervibe #totebag #ootd ",#chloe #vacationbag #summervibe #totebag #ootd,2569,2,1,1,63,2026-06-03T03:36:10.000Z,https://p19-common-sign.tiktokcdn-us.com/tos-useast8-p-0068-tx2/oY0Cq4B8wfJUWIAeQJSUjoMMAQCIq1DpemPjQV~tplv-tiktokx-origin.image?dr=9636&x-expires=1788555600&x-signature=QVd6oU8YJKJb7yELf3dzHQkCBro%3D&t=4d5b0474&ps=13740610&shp=81f88b70&shcp=43f4a2f9&idc=useast8,,wool tote,False,False,720,1280
7444977293820448046,https://www.tiktok.com/@santamaya546/video/7444977293820448046,santamaya546,Santa,,,623,61,7,0,8,2024-12-05T17:14:22.000Z,https://p19-common-sign.tiktokcdn-us.com/tos-useast5-p-0068-tx/oY1AKf3dAe3I7HkOjxUCHVWA2IIyECLRm91oeG~tplv-tiktokx-origin.image?dr=9636&x-expires=1788555600&x-signature=vUzDgoB%2FS%2BSFCA%2F%2BwK%2BRn221qZM%3D&t=4d5b0474&ps=13740610&shp=81f88b70&shcp=43f4a2f9&idc=useast8,,wool tote,False,False,576,968
7085827910250155306,https://www.tiktok.com/@shopmexicoenlapiel/video/7085827910250155306,shopmexicoenlapiel,Mexico en la Piel,"Took our Bolsas de Corazón to the playita 🌞 Hechas en Chiapas, Mexico. Material de lana 🥰 #HechoenMexico #MexicoenlaPiel #summer2022 #islamujeres #WomenOwnedBusiness #totebag #Cancun #SummerBag",#hechoenmexico #mexicoenlapiel #summer2022 #islamujeres #womenownedbusiness #totebag #cancun #summerbag,3821,162,2,2,7,2022-04-12T21:11:16.000Z,https://p19-common-sign.tiktokcdn-us.com/tos-useast5-p-0068-tx/1036c61e275a41dc9f4d4674ce24ea78_1649797878~tplv-tiktokx-origin.image?dr=9636&x-expires=1788555600&x-signature=XF9ek8KAeWNP0brbEVMA%2B1GoVT4%3D&t=4d5b0474&ps=13740610&shp=81f88b70&shcp=43f4a2f9&idc=useast8,,wool tote,False,False,576,1024
7676681335309782279,https://www.tiktok.com/@pumpkinlism/video/7676681335309782279,pumpkinlism,Pumpkinlism💌,รีวิวกระเป๋าสายแบก จุของได้เยอะมากๆ สาวออฟฟิศ นักศึกษา หรือ content creator ที่ต้องพกของเยอะๆ คือเหมาะมากกก Pin up tote สี natural จาก Womenager คอล Pin up girl 26 สวยยยยยมาก🫶🏻🖤 @WOMENAGER 🤍😗 #รีวิวกระเป๋า #กระเป๋าสะพาย #กระเป๋าทํางาน ,# #รีวิวกระเป๋า #กระเป๋าสะพาย #กระเป๋าทํางาน,4316,179,7,12,45,2026-08-22T02:44:22.000Z,https://p16-common-sign.tiktokcdn-us.com/tos-alisg-p-0037/o44EOEFiaIDjFiAA0qAgfiEwqSQrRfbBcAgQGC~tplv-tiktokx-origin.image?dr=9636&x-expires=1788555600&x-signature=dJTVsa2sWrkRvNecBI%2FBBC2f688%3D&t=4d5b0474&ps=13740610&shp=81f88b70&shcp=43f4a2f9&idc=useast8,,wool tote,False,False,576,1024
7663462334748314901,https://www.tiktok.com/@pickcart2026/video/7663462334748314901,pickcart2026,pickcart2026 꿀템 리빙 살림,일상부터 여행까지 짐 걱정 없는 파타고니아 블랙홀 기어 토트와 블랙홀 토트 25L 모델을 소개합니다. 뛰어난 내구성의 리사이클 립스탑 원단과 발수 기능을 갖춰 장마철이나 데일리 백으로 추천합니다. 실사용자의 관점에서 보부상 가방으로 주목받는 이유와 수납 팁을 확인해보세요.  #파타고니아토트백 #블랙홀기어토트 #보부상가방추천 #짐많은직장인가방 #여행용대용량토트백,#파타고니아토트백 #블랙홀기어토트 #보부상가방추천 #짐많은직장인가방 #여행용대용량토트백,428,3,3,0,22,2026-07-17T11:47:57.000Z,https://p16-common-sign.tiktokcdn-us.com/tos-alisg-p-0037/owK0xZAt8AgfayaZJMjUSNCoLQDoXIeStCAgCe~tplv-tiktokx-origin.image?dr=9636&x-expires=1788555600&x-signature=rgJ%2Bz%2FGa84LuBp9RC9Ra5SLb%2FOU%3D&t=4d5b0474&ps=13740610&shp=81f88b70&shcp=43f4a2f9&idc=useast8,,wool tote,False,False,720,1280
7679987616216861965,https://www.tiktok.com/@carmenhaideee/video/7679987616216861965,carmenhaideee,Carmen 🦋,working girls need cool bags too!! #bagunboxing #outfitinspo #palomawool ,#bagunboxing #outfitinspo #palomawool,4867,226,7,10,70,2026-08-31T00:34:39.000Z,https://p19-common-sign.tiktokcdn-us.com/tos-useast5-p-0068-tx/oY69jUXim0IBSKC1AMDIIzRiLf2XALCpBBWAwG~tplv-tiktokx-dmt-logom:tos-useast5-i-0068-tx/o8msJiBCICB1DIAOZUiEkYBAzAUwB1AGS1fHGC.image?dr=9634&x-expires=1788555600&x-signature=LPJvMmNWKVwNzqB3mio%2Bv26KqcQ%3D&t=4d5b0474&ps=13740610&shp=81f88b70&shcp=43f4a2f9&idc=useast8,,wool tote,False,False,720,1280
7667990264362913037,https://www.tiktok.com/@complanie/video/7667990264362913037,complanie,complanie,PSA @Fishwife and @Whole Foods Market dropped an exclusive tote bag collab and theyre actually TOO STINKING CUTE!!! #fishwife #minivlog,# # #fishwife #minivlog,49900,2495,56,617,91,2026-07-29T16:38:55.000Z,https://p16-common-sign.tiktokcdn-us.com/tos-useast5-p-0068-tx/ooxIwhNITYkLBH1zBiR3CYiTqByLfjADILAVpp~tplv-tiktokx-origin.image?dr=9636&x-expires=1788555600&x-signature=I59ShDEj3MB%2FLxEk2RmZkggXyKE%3D&t=4d5b0474&ps=13740610&shp=81f88b70&shcp=43f4a2f9&idc=useast8,,wool tote,True,False,720,1280
7567391754878504223,https://www.tiktok.com/@alexchaines_/video/7567391754878504223,alexchaines_,alexandrahaines_,Episode 11: Worth the Schlep needlepoint bag charm for my #ironicboatandtote; canvas by @Rachel Barri Designs stitched in Planet Earth Wool #ndlpt #needlepointtiktok #llbeantote #bagcharms ,#ironicboatandtote # #ndlpt #needlepointtiktok #llbeantote #bagcharms,952,33,2,1,79,2025-10-31T14:25:13.000Z,https://p16-common-sign.tiktokcdn-us.com/tos-useast8-p-0068-tx2/ogvPAiyATGBRsEBQGapgIlFEAiOxASBE3PAA4~tplv-tiktokx-origin.image?dr=9636&x-expires=1788555600&x-signature=sXw8NtQUyc8CK9whtz%2F0a1Tehlw%3D&t=4d5b0474&ps=13740610&shp=81f88b70&shcp=43f4a2f9&idc=useast8,,wool tote,False,False,720,1280
7668001368837344519,https://www.tiktok.com/@dawnanddesmedt/video/7668001368837344519,dawnanddesmedt,Around D World 🇵🇭🇺🇸,"Move over, Trader Joe’s totes… Whole Foods just dropped the cutest totes. 🛍️ I honestly love how sturdy these feel in person. The canvas is nice and thick, the straps feel strong, and they don’t feel like the usual thin reusable bags.   #WholeFoods #ToteBag #Canvas #Organic #MiniToteBag",#WholeFoods #ToteBag #Canvas #Organic #MiniToteBag,6369,137,6,101,20,2026-07-29T17:21:42.000Z,https://p16-common-sign.tiktokcdn-us.com/tos-alisg-p-0037/oYAaNRNKBIBquq1tASiAKtIREBf21AAEiQwhCN~tplv-tiktokx-origin.image?dr=9636&x-expires=1788555600&x-signature=rb2izukQzK7v47lnCngQG5jd4GY%3D&t=4d5b0474&ps=13740610&shp=81f88b70&shcp=43f4a2f9&idc=useast8,,wool tote,False,False,576,1024
7678832138963176734,https://www.tiktok.com/@ashleyczhang/video/7678832138963176734,ashleyczhang,ashley,"as the queen of having 5–9 plans, the silk strapless midi dress is one of my favorite @onequince pieces yet 🩵 I love it with the Italian wool oversized blazer & Vivienne work tote for the day, then on its own for date night after. New customers get 10% off their first purchase with code INFG-26ASHLEYCZHANG10  #quincepartner ",# #quincepartner,527,26,9,1,9,2026-08-27T21:50:43.000Z,https://p19-common-sign.tiktokcdn-us.com/tos-useast8-p-0068-tx2/oMEASIA2bABwCt8V41CVBIaTszQ8YRIiTqipP~tplv-tiktokx-origin.image?dr=9636&x-expires=1788555600&x-signature=ShIOnv3vLzBArLxFn3w%2Fn2y%2FQ0E%3D&t=4d5b0474&ps=13740610&shp=81f88b70&shcp=43f4a2f9&idc=useast8,,wool tote,False,False,720,1280
7599624954056936734,https://www.tiktok.com/@bagaholicdiaries/video/7599624954056936734,bagaholicdiaries,Bagaholic Diaries,Every inch of this bag is a detail masterpiece. Exceptional quality that's perfect for the winter season. #DetailMasterpiece #WinterEssentials #CraftedToPerfection #LuxuryTextures #SeasonalStyle,#detailmasterpiece #winteressentials #craftedtoperfection #luxurytextures #seasonalstyle,48600,258,15,30,56,2026-01-26T11:07:10.000Z,https://p19-common-sign.tiktokcdn-us.com/tos-useast8-p-0068-tx2/o85bfABucS5itiIG08ScVDqCAEs3AJ0IBR16i1~tplv-tiktokx-origin.image?dr=9636&x-expires=1788555600&x-signature=mkwmDqA2w09mwNohXJwc9%2F8vRZY%3D&t=4d5b0474&ps=13740610&shp=81f88b70&shcp=43f4a2f9&idc=useast5,,bag details,True,False,720,1280
7680659759837531423,https://www.tiktok.com/@bipolaritgirl2/video/7680659759837531423,bipolaritgirl2,Bipolaritgirl2,Choose ur bag besties!!!!! #baggirl #bags #purses ,#baggirl #bags #purses,581,40,3,0,54,2026-09-01T20:02:58.000Z,https://p16-common-sign.tiktokcdn-us.com/tos-useast8-p-0068-tx2/oMLAeCQlueMrjoAB5fF6WduI8UqC0VQIXyQXYV~tplv-tiktokx-origin.image?dr=9636&x-expires=1788555600&x-signature=MfovYuIj2MYns2GW1Ae%2B1uDs%2BS8%3D&t=4d5b0474&ps=13740610&shp=81f88b70&shcp=43f4a2f9&idc=useast5,,bag details,False,False,720,1280
7680247393505250591,https://www.tiktok.com/@sarah_jane_7781/video/7680247393505250591,sarah_jane_7781,sarah_jane_7781,"I finally got my hands on the beautiful indigo SP9 in size 25 and it was so worth it! 💙😭💼✨ ⠀ Honestly, pictures don’t do this deep, rich shade of Indigo justice—it looks incredibly stunning in person! Plus, those chocolate brown handles are the perfect contrast. 🍫👜 ⠀ Let’s get into the details because Pharrell absolutely knocked this design out of the park! The exterior calf leather is buttery soft and has that perfect, effortlessly cool slouch. 🫠✨  ⠀ But can we talk about the *real* star of the show? The INTERIOR is next level. 🤩👇 ⠀ * Lambskin Lining: It feels incredibly luxurious to the touc",#bagreview #fyp #bagcollection #affordablefashion #bagtok #,59600,531,19,11,385,2026-08-31T17:22:43.000Z,https://p19-common-sign.tiktokcdn-us.com/tos-useast8-p-0068-tx2/og1AKAVcwBLEtAiI2iaI4GFAASCiA8fC7wuBig~tplv-tiktokx-origin.image?dr=9636&x-expires=1788555600&x-signature=JkQ5l829R62OxwDbbmKRjEw5qSU%3D&t=4d5b0474&ps=13740610&shp=81f88b70&shcp=43f4a2f9&idc=useast5,,bag details,False,False,720,1280
7674834419542265109,https://www.tiktok.com/@stitch.with.odun/video/7674834419542265109,stitch.with.odun,Stitch with Odun 🧵,Replying to @PD Brand here it is. A well detailed tutorial on how I made the bag. #bag #tutorial #sewing #inspiration #pinterest ,# #bag #tutorial #sewing #inspiration #pinterest,55900,4640,74,847,237,2026-08-17T03:17:26.000Z,https://p19-common-sign.tiktokcdn-us.com/tos-alisg-p-0037/oYiefPkRMgMVoElpAaWD4njTGC8aVfDgQdAUIB~tplv-tiktokx-origin.image?dr=9636&x-expires=1788555600&x-signature=VOaWjOr%2F9Q3QfTjYOLPwsyJqGIw%3D&t=4d5b0474&ps=13740610&shp=81f88b70&shcp=43f4a2f9&idc=useast5,,bag details,False,False,576,1024
7664637080181443848,https://www.tiktok.com/@nuskymafaza/video/7664637080181443848,nuskymafaza,Nusky Mafaza,detail bag nya gemes bgt! 🎀 @Nubuk Bags   #ootdhijab #ootdfashion #outfitinspiration #placetogojogja #coffeeshopjogja ,# #ootdhijab #ootdfashion #outfitinspiration #placetogojogja #coffeeshopjogja,16800,759,5,51,13,2026-07-20T15:46:34.000Z,https://p16-common-sign.tiktokcdn-us.com/tos-alisg-p-0037/o8KAEBAFkIA1CRAgAjEXFLQkEyQYDfwCUtqqpe~tplv-tiktokx-origin.image?dr=9636&x-expires=1788555600&x-signature=HxOZhNA9Av1TedW9Yz8Ww2f78W4%3D&t=4d5b0474&ps=13740610&shp=81f88b70&shcp=43f4a2f9&idc=useast5,,bag details,False,False,576,1024
7639195439115308302,https://www.tiktok.com/@mintymomentss/video/7639195439115308302,mintymomentss,Minty,My favorite mid-range bags that are actually worth it 🩵 #bagcollection #affordablebags #itgirlbag #freepeople @Free People @standoil @aeststudios_official ,#bagcollection #affordablebags #itgirlbag #freepeople # # #,310800,19000,41,316,89,2026-05-13T02:20:03.000Z,https://p19-common-sign.tiktokcdn-us.com/tos-useast5-p-0068-tx/os3eqDI0fABAg5A0EJAECEQDcSi9RA4iFAgSvA~tplv-tiktokx-origin.image?dr=9636&x-expires=1788555600&x-signature=2RuQQbJdL%2BAETVNWi5o51fNWZ5M%3D&t=4d5b0474&ps=13740610&shp=81f88b70&shcp=43f4a2f9&idc=useast5,,handbag recommendation,False,False,720,1280
7637708644246637855,https://www.tiktok.com/@looplyfinds/video/7637708644246637855,looplyfinds,Looply-Finds,BEST DESIGNER BAGS TO INVEST💕✨✨#designerbags #designer #fashion #luxurybags #hermes ,#designerbags #designer #fashion #luxurybags #hermes,6485,38,1,4,5,2026-05-09T02:10:34.000Z,https://p16-common-sign.tiktokcdn-us.com/tos-useast8-p-0068-tx2/o8elfADfiLHQzFG0nKVYeAURAI19JrBQAAuSEc~tplv-tiktokx-origin.image?dr=9636&x-expires=1788555600&x-signature=Rqyh9SNX%2BFRASmYqfIxM4HMejig%3D&t=4d5b0474&ps=13740610&shp=81f88b70&shcp=43f4a2f9&idc=useast5,,handbag recommendation,False,False,720,1280
7676644698349423902,https://www.tiktok.com/@glo.ssary/video/7676644698349423902,glo.ssary,Kathy,My top 5 handbags that are all under $1000! everything will be linked in my storefront linked in bio ⭐️ top is from @Sézane   @Ateliers Auguste @MAJE #polene @Parisa Wang New York @Léo et Violette #midluxurybags #favoritebags #handbags #bagcollection  ,# # # #polene # # #midluxurybags #favoritebags #handbags #bagcollection,19100,674,11,10,86,2026-08-22T14:00:00.000Z,https://p19-common-sign.tiktokcdn-us.com/tos-useast8-p-0068-tx2/oYZ0HfskDEEqFkAE2RE1O8Q3iBVQ00sAtxRfoA~tplv-tiktokx-origin.image?dr=9636&x-expires=1788555600&x-signature=Pu%2BuYpPnvB5wiq7bEzwucv9SskY%3D&t=4d5b0474&ps=13740610&shp=81f88b70&shcp=43f4a2f9&idc=useast5,,handbag recommendation,False,False,720,1280
7654893513913502984,https://www.tiktok.com/@salinachai/video/7654893513913502984,salinachai,@salinachai,"My most used bags for 2026 💞 Chanel, Polene, SheKnows Official, Louis Vuitton, AALLSS #bagreviews #midrange #bagrecommendation #quietluxury #tryon ",#bagreviews #midrange #bagrecommendation #quietluxury #tryon,106300,2551,8,97,70,2026-06-24T09:36:30.000Z,https://p16-common-sign.tiktokcdn-us.com/tos-alisg-p-0037/oAzpREpiqYB3Umf7BlFEgRDLEOAR59hIIBfsc6~tplv-tiktokx-origin.image?dr=9636&x-expires=1788555600&x-signature=ZjLgyLUHP5EkwqBNDWjmxFksIwU%3D&t=4d5b0474&ps=13740610&shp=81f88b70&shcp=43f4a2f9&idc=useast5,,handbag recommendation,True,False,576,1024
7663168496351677727,https://www.tiktok.com/@looplyfinds/video/7663168496351677727,looplyfinds,Looply-Finds,These are the designer handbags that get me compliments every single time I recommend them👜✨💕#fashion #designer #designerbags #luxurybags #fyp ,#fashion #designer #designerbags #luxurybags #fyp,537,13,0,0,63,2026-07-16T16:47:43.000Z,https://p16-common-sign.tiktokcdn-us.com/tos-useast8-p-0068-tx2/ocAA6EQ9qEAwCNszADCIB47WFAsEVIfRyEteZP~tplv-tiktokx-origin.image?dr=9636&x-expires=1788555600&x-signature=dk3ffad4QzhJT7Et8UOqKV9DDTc%3D&t=4d5b0474&ps=13740610&shp=81f88b70&shcp=43f4a2f9&idc=useast5,,handbag recommendation,False,False,720,1280
7647686935980412191,https://www.tiktok.com/@lissade/video/7647686935980412191,lissade,Lissa DeLorenzo,my top 10 favorite handbags ! #luxuryhandbags #handbagcollection ,#luxuryhandbags #handbagcollection,13800,228,13,8,9,2026-06-04T23:31:30.000Z,https://p16-common-sign.tiktokcdn-us.com/tos-useast8-p-0068-tx2/ogVIIhHRXEzfEC9EEqgAArDrFRfAACtAAIBiAx~tplv-tiktokx-origin.image?dr=9636&x-expires=1788555600&x-signature=0SogmSQe%2FXOpQAUmNaEnIDCgDbY%3D&t=4d5b0474&ps=13740610&shp=81f88b70&shcp=43f4a2f9&idc=useast5,,handbag recommendation,False,False,720,1280
7635789006764002574,https://www.tiktok.com/@larockzi_h/video/7635789006764002574,larockzi_h,Andrene ♥️,My current top 10 handbags 👜  #handbagcollection #coach #pursetok #bagcollection #chelsea ,#handbagcollection #coach #pursetok #bagcollection #chelsea,52900,1820,82,30,9,2026-05-03T22:01:37.000Z,https://p19-common-sign.tiktokcdn-us.com/tos-useast5-p-0068-tx/o0a3wWfPvAeBcVv6AfdieNFKQ3fxABkkiXCACx~tplv-tiktokx-origin.image?dr=9636&x-expires=1788555600&x-signature=yItfxvDSmWc3TUdu8tYBNjc95v4%3D&t=4d5b0474&ps=13740610&shp=81f88b70&shcp=43f4a2f9&idc=useast5,,handbag recommendation,False,False,720,1280
7098799926641118510,https://www.tiktok.com/@shopmexicoenlapiel/video/7098799926641118510,shopmexicoenlapiel,Mexico en la Piel,"Back in stock, our Corazón wool tote bags 💌 hechas en San Andres Larráinzar, Chiapas. #parati #HechoenMexico",#parati #hechoenmexico,5837,393,3,7,18,2022-05-17T20:09:18.000Z,https://p16-common-sign.tiktokcdn-us.com/tos-useast5-p-0068-tx/1457fedc2ce34e36bcce8cfc9d75a424~tplv-tiktokx-origin.image?dr=9636&x-expires=1788555600&x-signature=puK5FGRgHoOMsJuh8ZoTWQ4%2BnZ0%3D&t=4d5b0474&ps=13740610&shp=81f88b70&shcp=43f4a2f9&idc=useast8,,wool tote,False,False,576,1024
7654285358066044168,https://www.tiktok.com/@nekotienda.pe/video/7654285358066044168,nekotienda.pe,Nekotienda,OMG!! Amo este totepack 💖  #totepack #workbag #collegebag #mindesa #mochilasbonitas ,#totepack #workbag #collegebag #mindesa #mochilasbonitas,56500,666,37,84,26,2026-06-22T18:16:34.000Z,https://p19-common-sign.tiktokcdn-us.com/tos-alisg-p-0037/okEPQcsfXAvQliERrfOq4EFtiVND1pgBAJoPyB~tplv-tiktokx-origin.image?dr=9636&x-expires=1788555600&x-signature=tlDv5yV4kQWVioWxF8HfvwB9Wuo%3D&t=4d5b0474&ps=13740610&shp=81f88b70&shcp=43f4a2f9&idc=useast8,,wool tote,True,False,576,1024
7679780812732009749,https://www.tiktok.com/@heylocal.id/video/7679780812732009749,heylocal.id,Heylocal.Id,Look at the details ✨ #hlctotebag ,#hlctotebag,4994,36,2,4,19,2026-08-30T11:11:56.000Z,https://p19-common-sign.tiktokcdn-us.com/tos-alisg-p-0037/ok8EaHzfQN8Io8KCjo3DfDCjevAFBRBA5qKVQs~tplv-tiktokx-origin.image?dr=9636&x-expires=1788555600&x-signature=i9tpHh91ZgcSYC5fZSVHchejOxQ%3D&t=4d5b0474&ps=13740610&shp=81f88b70&shcp=43f4a2f9&idc=useast8,,wool tote,True,False,576,1024
7633046876958706965,https://www.tiktok.com/@cheeseeecats/video/7633046876958706965,cheeseeecats,𝐊𝐞𝐭𝐭𝐲,ga ada part-partan semuanya full rekomendasi workbag edisi totebag medium to big dan mostly dari lokal brand! nomor link produk divideo yaaa🫶✨ #RekomendasiTas #WorkBag #LokalBrand #Tasngantor #totebag ,#RekomendasiTas #WorkBag #LokalBrand #Tasngantor #totebag,1100000,46000,292,4400,255,2026-04-26T12:40:25.000Z,https://p16-common-sign.tiktokcdn-us.com/tos-alisg-p-0037/oMfGLE5YAIDAPH9cIAA2IeQv4D3UTQAH4DfjAX~tplv-tiktokx-origin.image?dr=9636&x-expires=1788555600&x-signature=LmMs4svg94IqbzQ2z7Vgp9X%2Bvyc%3D&t=4d5b0474&ps=13740610&shp=81f88b70&shcp=43f4a2f9&idc=useast8,,wool tote,False,False,576,1024
7669190157051923743,https://www.tiktok.com/@carolinaazteca/video/7669190157051923743,carolinaazteca,Azteca,Loooove the texture of my new work bag! It’s isle Jacobsen braided tote bag. Found it at @Kuhl-Linscomb in Houston! #workbag #totebag #sacdetravail #sacfemmes #teacherlife ,# #workbag #totebag #sacdetravail #sacfemmes #teacherlife,1167,54,2,3,38,2026-08-01T22:14:56.000Z,https://p16-common-sign.tiktokcdn-us.com/tos-useast8-p-0068-tx2/oolqbM6XrAp2FRfEAQFkb3VDzfkbp8mEEEBrcQ~tplv-tiktokx-origin.image?dr=9636&x-expires=1788555600&x-signature=i6VRj0yq3zXQcP47tqUqZsdwW7g%3D&t=4d5b0474&ps=13740610&shp=81f88b70&shcp=43f4a2f9&idc=useast8,,wool tote,False,False,720,1280
7661549770988686600,https://www.tiktok.com/@statusy.jp/video/7661549770988686600,statusy.jp,STATUSY,⁡新商品のご案内です。  本革なのに僅か890g  仕分けポケットが持ち物を無くさない  『SQUAIR Totebag』2026年8月プレセール開始！  是非プロフィールから公式LINEにご登録ください✨  #トートバッグ #トートバッグ紹介 #革製 #statusy ,#トートバッグ #トートバッグ紹介 #革製 #statusy,85600,228,19,5,25,2026-07-12T08:06:12.000Z,https://p16-common-sign.tiktokcdn-us.com/tos-alisg-p-0037/oECQIzBqBgOIW5RKVEWvfBmATVcDUFyp0cgSeE~tplv-tiktokx-origin.image?dr=9636&x-expires=1788555600&x-signature=gH0OJqjjv%2FiIuk6f%2FWb2ZD7kovY%3D&t=4d5b0474&ps=13740610&shp=81f88b70&shcp=43f4a2f9&idc=useast8,,wool tote,False,False,720,1280
7671552569780473096,https://www.tiktok.com/@cultivator2020/video/7671552569780473096,cultivator2020,CULTIVATOR2020,"If you’re into tote bags,you’ll love this piece.Boasting a distinctive design,it also offers generous storage space!#cultivator #totebag #fyp #сумка ",#cultivator #totebag #fyp #сумка,9076,486,8,20,24,2026-08-08T07:02:07.000Z,https://p19-common-sign.tiktokcdn-us.com/tos-alisg-p-0037/ocBArl1FQ1I1i7rCi2AJBIIB2wNoOUcAkFfsH4~tplv-tiktokx-origin.image?dr=9636&x-expires=1788555600&x-signature=Sf7Dr47g%2B%2BCL4j91j1Ls3sHTWj0%3D&t=4d5b0474&ps=13740610&shp=81f88b70&shcp=43f4a2f9&idc=useast8,,wool tote,False,False,576,1024
7673940370169941261,https://www.tiktok.com/@katiegraff2/video/7673940370169941261,katiegraff2,𝚔 𝚊 𝚝 𝚒 𝚎,Perfect for fall 🍂 @BaeBag #purse #crossbodybag #shoulderbag #fallstyle ,# #purse #crossbodybag #shoulderbag #fallstyle,8000000,259200,515,11700,15,2026-08-14T17:28:31.000Z,https://p16-common-sign.tiktokcdn.com/tos-useast5-p-0068-tx/owv3sKEQQHAU5GffSUFkfsjDUE9ZtIAZDC0jM8~tplv-tiktokx-origin.image?dr=14575&x-expires=1788555600&x-signature=FHSXiwUMhEVwKa4NMp9K%2FijgbVo%3D&t=4d5b0474&ps=13740610&shp=81f88b70&shcp=43f4a2f9&idc=my2,,fall bag,False,False,720,1280
7667391187833097503,https://www.tiktok.com/@sandraa.judith/video/7667391187833097503,sandraa.judith,SANDRA🎀JUDITH,Which one is your fave 👜🤭#fallbag #fallpurse ,#fallbag #fallpurse,43600,807,16,43,101,2026-07-28T01:53:57.000Z,https://p16-common-sign.tiktokcdn.com/tos-useast8-p-0068-tx2/okyQpYdIATjfAQgIEELUAFDGAUqeAIm2eB0IRQ~tplv-tiktokx-dmt-logom:tos-useast8-i-0068-tx2/owfvoNzAEACEAfAP5sDYVqI7aEAucCR1AFVEBv.image?dr=14573&x-expires=1788555600&x-signature=MNAea77SX1%2BD6NkgUFqegUVgPyk%3D&t=4d5b0474&ps=13740610&shp=81f88b70&shcp=43f4a2f9&idc=my2,,fall bag,True,False,720,1280
7556662425328602376,https://www.tiktok.com/@vanessa.giuliani/video/7556662425328602376,vanessa.giuliani,Vanessa Giuliani,Affordable handbags that look expensive?! Kinda my thing 💁🏻‍♀️💁🏻‍♀️  #fallfashion #transitionaloutfits #outfitinspo #fallstyle #amazonfinds ,#fallfashion #transitionaloutfits #outfitinspo #fallstyle #amazonfinds,177300,1758,228,152,41,2025-10-02T16:29:41.000Z,https://p16-common-sign.tiktokcdn.com/tos-alisg-p-0037/ogPA04qnAeDIVOoRju4ED7a4HIQkIALeAGAveG~tplv-tiktokx-origin.image?dr=14575&x-expires=1788555600&x-signature=DksDw%2B6KoKsWPxbLXxinjx0b%2FPE%3D&t=4d5b0474&ps=13740610&shp=81f88b70&shcp=43f4a2f9&idc=my2,,fall bag,False,False,576,1024
7535952651305897230,https://www.tiktok.com/@kelsey.calnan/video/7535952651305897230,kelsey.calnan,𝐊𝐄𝐋𝐒𝐄𝐘,If fall was a bag🤎👜 🍂 #TikTokMadeMeBuyIt #FallBag #BrownBagAesthetic #TikTokShopFinds #FallFashion2025 #OOTDFall #BagTok #MustHaveBag #fallfashion #fallvibes ,#fallbag #brownbagaesthetic #tiktokshopfinds #fallfashion2025 #ootdfall #bagtok #musthavebag #fallfashion #fallvibes,726800,16600,138,421,33,2025-08-07T21:05:22.000Z,https://p16-common-sign.tiktokcdn.com/tos-useast5-p-0068-tx/oIGqEJHpIBARFIAFAoi4BI0ACCBwQBASI1f2Vi~tplv-tiktokx-origin.image?dr=14575&x-expires=1788555600&x-signature=j9k9LGtjKWCOL6O%2Fd0yv23QOhFw%3D&t=4d5b0474&ps=13740610&shp=81f88b70&shcp=43f4a2f9&idc=my2,,fall bag,True,False,576,1024
7674508102896487693,https://www.tiktok.com/@bellaaa.xoxo2/video/7674508102896487693,bellaaa.xoxo2,bellaaa.xoxo,60% OFF Early Fall Sale 🍂#schoolbag #bag #autumn ,#schoolbag #bag #autumn,1200000,38500,103,1468,8,2026-08-16T06:11:30.000Z,https://p16-common-sign.tiktokcdn.com/tos-useast5-p-0068-tx/ow1Qu3TVIMK7AAWCIHuBQBA8CIiJQpfv8wMBpi~tplv-tiktokx-origin.image?dr=14575&x-expires=1788555600&x-signature=T%2FgVQqtCTu9R1zVUDQzo5RajIUs%3D&t=4d5b0474&ps=13740610&shp=81f88b70&shcp=43f4a2f9&idc=my2,,fall bag,True,False,720,1280
7669764896967396639,https://www.tiktok.com/@victoriaaaacherii/video/7669764896967396639,victoriaaaacherii,Victoria | Personal Stylist,Fall 2026 bag trends! What do you think? 💕   #creatorsearchinsights ##fyp##falltrends##fashiontrends##fallfashion ,#creatorsearchinsights #fyp #falltrends #fashiontrends #fallfashion,27000,1687,21,89,41,2026-08-03T11:25:38.000Z,https://p19-common-sign.tiktokcdn.com/tos-useast8-p-0068-tx2/o8D1grfpDJ3HqFXEkBxBA0VqEcQEeIzARvrnLS~tplv-tiktokx-origin.image?dr=14575&x-expires=1788555600&x-signature=FXMCPGHvU%2Bnl0gYMGLX86fAvKEQ%3D&t=4d5b0474&ps=13740610&shp=81f88b70&shcp=43f4a2f9&idc=my2,,fall bag,False,False,720,1280
7604360678845091079,https://www.tiktok.com/@leora_nepal/video/7604360678845091079,leora_nepal,LeoRa,Hey boys 👋 Your girlfriend is expecting this bag as a gift for this valentine 🙈 #fyp #brownbag #valentinegiftforher #brownbag ,#fyp #brownbag #valentinegiftforher #brownbag,454900,7913,43,3069,25,2026-02-08T05:23:16.000Z,https://p16-common-sign.tiktokcdn.com/tos-alisg-p-0037/o4Ax7EDsTDwUHvfyADCJKBUEFBoI4IfjcIq0Ie~tplv-tiktokx-origin.image?dr=14575&x-expires=1788555600&x-signature=ttvi10Y%2BAxJaFkfdkOtsP0q6ZIo%3D&t=4d5b0474&ps=13740610&shp=81f88b70&shcp=43f4a2f9&idc=my2,,fall bag,False,False,576,1024
7432798190585335070,https://www.tiktok.com/@sanicamehta/video/7432798190585335070,sanicamehta,sanica,im in love 🧸🤎 #suedebag #asmr #asmrunboxing #fallbag #brownbag #falltrends ,#suedebag #asmr #asmrunboxing #fallbag #brownbag #falltrends,1100000,20300,106,1682,24,2024-11-02T21:33:24.000Z,https://p16-common-sign.tiktokcdn.com/tos-useast8-p-0068-tx2/o0fgmLYAiBAiFuAN2tBkqzIqkEiyymIV0iqC85~tplv-tiktokx-origin.image?dr=14575&x-expires=1788555600&x-signature=R1lzW0iBRKZ36XVkrYvvSfEuZKg%3D&t=4d5b0474&ps=13740610&shp=81f88b70&shcp=43f4a2f9&idc=my2,,fall bag,False,False,576,1024
7680215215736130838,https://www.tiktok.com/@nbartikovaa_/video/7680215215736130838,nbartikovaa_,Nina Bartíková,i am obsessed.🤎  DM for link 🔗  #zarahaul #zarabag #fallbag #autumnfashion #unibag  @ZARA ,#zarahaul #zarabag #fallbag #autumnfashion #unibag #,456900,24300,33,3352,11,2026-08-31T15:17:39.000Z,https://p16-common-sign.tiktokcdn.com/tos-no1a-p-0037-no/ooJwY3mLAk0Cs3y1IuRACIgrxiI5EBiVBmTSfB~tplv-tiktokx-origin.image?dr=14575&x-expires=1788555600&x-signature=ZCZl8mbfadn4frtXewOhEOUVxqI%3D&t=4d5b0474&ps=13740610&shp=81f88b70&shcp=43f4a2f9&idc=my2,,fall bag,False,False,576,1024
7551885212901231886,https://www.tiktok.com/@kaylaleigh23/video/7551885212901231886,kaylaleigh23,kayla,my purse🤎 #purse #brownsuedebag #fallaesthetic #fallpurse #whatsinmybag ,#purse #brownsuedebag #fallaesthetic #fallpurse #whatsinmybag,669800,16200,124,282,8,2025-09-19T19:31:48.000Z,https://p19-common-sign.tiktokcdn.com/tos-useast5-p-0068-tx/og6PIniYV8SBa7jNDEBAIez7R0ogrBzEMaiXfw~tplv-tiktokx-origin.image?dr=14575&x-expires=1788555600&x-signature=WiV9WI%2Ba82gM9hLyl%2BOGSebctpg%3D&t=4d5b0474&ps=13740610&shp=81f88b70&shcp=43f4a2f9&idc=my2,,fall bag,False,False,576,1024
7675476686116359454,https://www.tiktok.com/@archiveyourpower/video/7675476686116359454,archiveyourpower,The Quiet Archive,"hi! i’ve gotten many questions about this bag, so here is a very DETAILED review of my balenciaga rodeo dupe ♡  #whatsinmybag #whatsinmypurse #workbag #dupe #dupes  what’s in my bag | purse tour | balenciaga rodea | purse dupe",#whatsinmybag #whatsinmypurse #workbag #dupe #dupes,52300,2703,70,111,217,2026-08-18T20:50:00.000Z,https://p16-common-sign.tiktokcdn-eu.com/tos-useast8-p-0068-tx2/oUOIC8d7iiA0uQDAIIyBqAS7m4xEG81ExibfAX~tplv-tiktokx-origin.image?dr=10395&x-expires=1788555600&x-signature=l%2FyTdfOf3iyPXxUyL9WG6Ef%2Bei0%3D&t=4d5b0474&ps=13740610&shp=81f88b70&shcp=43f4a2f9&idc=no1a,,bag details,False,False,720,1280
7665103500858150157,https://www.tiktok.com/@shoppingwith.vale/video/7665103500858150157,shoppingwith.vale,shoppingwith.vale,My favorite unboxing so far😭🫶  My provider is 🔗’d on my profile! #shoulderbag #bag #designerbags #bougieonbudget #fyp @Luxe&Co.212 ,#shoulderbag #bag #designerbags #bougieonbudget #fyp #,23200,269,5,14,312,2026-07-21T21:56:49.000Z,https://p16-common-sign.tiktokcdn-eu.com/tos-useast5-p-0068-tx/oMYREWEvAo4jAQNyUbQ69VFbIpHfkef6C5FkDF~tplv-tiktokx-origin.image?dr=10395&x-expires=1788555600&x-signature=rki%2FzBH15tUj8%2BMFhlpsIFHHeMI%3D&t=4d5b0474&ps=13740610&shp=81f88b70&shcp=43f4a2f9&idc=no1a,,bag details,False,False,720,1280
7672144864942804254,https://www.tiktok.com/@joanneinthecity/video/7672144864942804254,joanneinthecity,jojo,"when i was looking into buying this verafied hobo bag, i tried to find as many videos reviewing the bag. unfortunately there weren’t a lot, so hopefully this helps someone else!  #verafied #bagreview #review #fashion #handbagtiktok ",#verafied #bagreview #review #fashion #handbagtiktok,6655,185,20,8,57,2026-08-09T21:20:48.000Z,https://p16-common-sign.tiktokcdn-eu.com/tos-useast8-p-0068-tx2/o4BPn1UaAuD7Nzg8BMICTRzx9IGVi3aDA4Eji~tplv-tiktokx-dmt-logom:tos-useast8-i-0068-tx2/ogJjleEBEAdg64qyID8u77AEDfAUFIA4fEAUOI.image?dr=10393&x-expires=1788555600&x-signature=FlzjxwDR5BBwBuixXgXYElRuxFY%3D&t=4d5b0474&ps=13740610&shp=81f88b70&shcp=43f4a2f9&idc=no1a,,bag details,False,False,720,1280
7567341136105180437,https://www.tiktok.com/@elorieofficial/video/7567341136105180437,elorieofficial,Elorie,The details i’m obssesed with❤️ #localbrand #localbrandbag #shoulderbag #details #closeup ,#localbrand #localbrandbag #shoulderbag #details #closeup,15700,161,15,182,7,2025-10-31T11:08:32.000Z,https://p16-common-sign.tiktokcdn-eu.com/tos-alisg-p-0037/osJeBLJGwGkAEYRKMAAkA2V4IecfzeGIwPQAmA~tplv-tiktokx-origin.image?dr=10395&x-expires=1788555600&x-signature=TpwJyNH0B64DveMXIESuxVDnxMA%3D&t=4d5b0474&ps=13740610&shp=81f88b70&shcp=43f4a2f9&idc=no1a,,bag details,False,False,576,1024
7680537065708080414,https://www.tiktok.com/@the_little_beannn/video/7680537065708080414,the_little_beannn,Jo,"I didn’t think that much would fit 👀🤯👏  Packing the @BÉIS andable Crossbody Charm in Atlas Pink and I was genuinely surprised by how much I could fit inside!💗 The cutest little bag that somehow has way more room than you’d expect. It’s the perfect compact bag for travel!👏💗  pack with me, ASMR packing, travel packing, expandable bag, BÉIS bag #packwithme #whatsinmybag #beis #asmrpacking   All video footage, photography, and editing in this post were independently created by @the_little_beannn. Any brand names or trademarks shown are part of the featured products and do not imply sponsorship, en",# #packwithme #whatsinmybag #beis #asmrpacking,124600,3147,59,212,38,2026-09-01T12:06:50.000Z,https://p16-common-sign.tiktokcdn-eu.com/tos-useast8-p-0068-tx2/oYUWZpfEAsjeAImEEEFVAvCDAMqTAI79fXLI84~tplv-tiktokx-dmt-logom:tos-useast8-i-0068-tx2/ogVfCAKB1Bv35hciiAA1HAEuCiPWPShAaII9C2.image?dr=10393&x-expires=1788555600&x-signature=WCFZR7fKh4x6Ga7rUavB6MAG1es%3D&t=4d5b0474&ps=13740610&shp=81f88b70&shcp=43f4a2f9&idc=no1a,,bag details,False,False,720,1280
7678121955165211935,https://www.tiktok.com/@sharonkbg/video/7678121955165211935,sharonkbg,Sharonkbg,Love this bag downnnn #coachbag #vintagecoach #y2k #whatsinmybag ,#coachbag #vintagecoach #y2k #whatsinmybag,7575,1110,14,25,116,2026-08-25T23:54:50.000Z,https://p16-common-sign.tiktokcdn-eu.com/tos-useast8-p-0068-tx2/oQEAOqUEECiAKARpleIACFEEtKDUZjAcOfJH0V~tplv-tiktokx-origin.image?dr=10395&x-expires=1788555600&x-signature=MMa3WIw4EupWyxqET5Uou1vMky0%3D&t=4d5b0474&ps=13740610&shp=81f88b70&shcp=43f4a2f9&idc=no1a,,bag details,False,False,720,1280
7680580909921357069,https://www.tiktok.com/@cyanroad/video/7680580909921357069,cyanroad,Cyanroad,This pocket setup is genius.#WorkBag#Workwear#EverydayCarry#BagDetails#LondonStyle,,1522,33,1,0,12,2026-09-01T14:57:26.000Z,https://p16-common-sign.tiktokcdn-eu.com/tos-useast5-p-0068-tx/oQ8BBSgJoIA3PAAZLu5PWfAFBwiygBBC1EpKAi~tplv-tiktokx-origin.image?dr=10395&x-expires=1788555600&x-signature=rY5vFtPdl4GUF4hU7gTFnvTO9BE%3D&t=4d5b0474&ps=13740610&shp=81f88b70&shcp=43f4a2f9&idc=no1a,,bag details,False,False,720,1280
7621492826169232648,https://www.tiktok.com/@byneilvernon/video/7621492826169232648,byneilvernon,byneilvernon,Replying to @Mary The bag that’s (actually) made to be a daily bag - with all the features you need. Utility Bag ~ Online April 2 6PM AEDT #workbag #leatherbag #handbag #whatsinmybag #bagtour ,# #workbag #leatherbag #handbag #whatsinmybag #bagtour,24500,1141,52,79,67,2026-03-26T09:24:46.000Z,https://p19-common-sign.tiktokcdn-eu.com/tos-alisg-p-0037/ogQhMePAGGenLntRDJIef3g2EFwgVg4AbQGlTA~tplv-tiktokx-origin.image?dr=10395&x-expires=1788555600&x-signature=HuEXVxKnPlLElkdLYOyfNGkhcqY%3D&t=4d5b0474&ps=13740610&shp=81f88b70&shcp=43f4a2f9&idc=no1a,,bag details,False,False,576,1024
7654748399593377038,https://www.tiktok.com/@iamsofiajavier/video/7654748399593377038,iamsofiajavier,Sofia Javier,what is your go-to work bag? 👜🎒💼  @Michael Kors @Coach @BÉIS @CHARLESKEITHOFFICIAL @Longchamp ,# # # # #,545300,50800,179,800,318,2026-06-24T00:13:38.000Z,https://p19-common-sign.tiktokcdn-us.com/tos-useast5-p-0068-tx/owJdGeHhIIekgMhnhAUALEVsQejkAALMDHJAjH~tplv-tiktokx-origin.image?dr=9636&x-expires=1788555600&x-signature=tYMDYXwvlB%2FHOPePr1b3c6DevEI%3D&t=4d5b0474&ps=13740610&shp=81f88b70&shcp=43f4a2f9&idc=useast5,,handbag recommendation,False,False,720,1280
7673983430496914701,https://www.tiktok.com/@tandttwintalk/video/7673983430496914701,tandttwintalk,TandTtwintalk🌐,The 2026 bag edit! All the bags set to start hauling in the fall! Grab them now while the links are up! Comment TWINS for the details and the links! https://amzlink.to/az0l8sr7nvWgv #Bags #designerlooks,#bags #designerlooks,2041,10,13,0,8,2026-08-14T20:15:19.000Z,https://p16-common-sign.tiktokcdn-us.com/tos-useast5-p-85c255-tx/o4pBI6eb3FmQuTLGHO3gvryDnfAOAeenz67GI0~tplv-tiktokx-origin.image?dr=9636&x-expires=1788555600&x-signature=OkoJdUAae8yLdW4li4OdpMRSE6w%3D&t=4d5b0474&ps=13740610&shp=81f88b70&shcp=43f4a2f9&idc=useast5,,fall handbag,False,False,720,1280
7674724226120617246,https://www.tiktok.com/@dayanicus/video/7674724226120617246,dayanicus,Dayanicus,new fall mini bag | verafied ny cafe mini bag review #verafiedbag #handbagreview #handbagcollection #midrangebags #fallstyle ,#verafiedbag #handbagreview #handbagcollection #midrangebags #fallstyle,12000,560,21,38,86,2026-08-16T20:09:55.000Z,https://p16-common-sign.tiktokcdn-us.com/tos-useast8-p-0068-tx2/osuGRCz31Si3L59CAxiiAwBdCQAISgQIIOfgqQ~tplv-tiktokx-origin.image?dr=9636&x-expires=1788555600&x-signature=rdJC0YUQrLOmaOuOY4bLh%2Fk4tNQ%3D&t=4d5b0474&ps=13740610&shp=81f88b70&shcp=43f4a2f9&idc=useast5,,fall handbag,False,False,720,1280
7678441201950854431,https://www.tiktok.com/@steffieinthecity/video/7678441201950854431,steffieinthecity,Steffie Price 🎀,my fall bag collection 🤎🍂#bagcollection #fashiontok  #fallfashion #falltrends #handbagtiktok ,#bagcollection #fashiontok #fallfashion #falltrends #handbagtiktok,2041,128,13,0,113,2026-08-26T20:33:48.000Z,https://p16-common-sign.tiktokcdn-us.com/tos-useast8-p-0068-tx2/oweVeDjYI3GHCevIHmLX1gK2IE8IgACbpYRqpA~tplv-tiktokx-origin.image?dr=9636&x-expires=1788555600&x-signature=s0hqy3DVPiGhgaGWmxKQnG6FLuA%3D&t=4d5b0474&ps=13740610&shp=81f88b70&shcp=43f4a2f9&idc=useast5,,fall handbag,False,False,720,1280
7680251503868759309,https://www.tiktok.com/@shopluxewithjazzy/video/7680251503868759309,shopluxewithjazzy,shopluxewithjazzy,drop which one you would reach for in the comments! #handbags #handbagcollection #handbagreview #handbaglover #boujeeonabudget ,#handbags #handbagcollection #handbagreview #handbaglover #boujeeonabudget,1647,55,4,1,45,2026-08-31T17:38:59.000Z,https://p16-common-sign.tiktokcdn-us.com/tos-useast5-p-0068-tx/o0G1kItWegeVdL0RZIeeZEQG2CmcFGArWqguAO~tplv-tiktokx-origin.image?dr=9636&x-expires=1788555600&x-signature=yzm5fBCxZW7rFVWY%2BuVlX9UF7z0%3D&t=4d5b0474&ps=13740610&shp=81f88b70&shcp=43f4a2f9&idc=useast5,,fall handbag,False,False,720,1280
7680231994717900045,https://www.tiktok.com/@tboakbrook/video/7680231994717900045,tboakbrook,tboakbrook,love love love all the fall arrivals this season. THE Charlie Drawstring now in dark cocoa 🤎💫 dm to secure a spot on our waitlist! @TORY BURCH #toryburch #fallhandbags #charliedrawstring #fyp #teamtory ,# #toryburch #fallhandbags #charliedrawstring #fyp #teamtory,3292,402,8,54,8,2026-08-31T16:23:08.000Z,https://p19-common-sign.tiktokcdn-us.com/tos-useast5-p-0068-tx/oUmEDlHSUIAa9jWeJpqpVfBzjgEqtBDSqEiR4F~tplv-tiktokx-origin.image?dr=9636&x-expires=1788555600&x-signature=xclTesdLmH5W%2FeDEF5YpPbVKU5U%3D&t=4d5b0474&ps=13740610&shp=81f88b70&shcp=43f4a2f9&idc=useast5,,fall handbag,False,False,720,1280
7680609850321014030,https://www.tiktok.com/@burlingtondeals/video/7680609850321014030,burlingtondeals,Burlington,Savings on fall handbags? We can be suede. 👜 #burlingtondeals #suedebags #fallbag #fallbagtrend #falltrends *Styles and selections may vary by location,#burlingtondeals #suedebags #fallbag #fallbagtrend #falltrends,1119,24,2,1,11,2026-09-01T16:49:19.000Z,https://p19-common-sign.tiktokcdn-us.com/tos-useast5-p-85c255-tx/oQ0LkghgGZfQgCBVAIeDJZWTBLuafVHg0csDru~tplv-tiktokx-origin.image?dr=9636&x-expires=1788555600&x-signature=aWkeD%2B1ropHLHmRfiTSc1vgDlbE%3D&t=4d5b0474&ps=13740610&shp=81f88b70&shcp=43f4a2f9&idc=useast5,,fall handbag,False,False,720,1280
7680332037542137101,https://www.tiktok.com/@abigailfordstyled/video/7680332037542137101,abigailfordstyled,abigailfordstyled 💫,City Bag style bag from @TJ Maxx Brand is Gave Lux and says made in Italy. This maybe my greatest TJ Maxx find ever! Go to your local store to try and find it! #citybag #handbagscollection #tjmaxxbags #fallhandbag #trendybags ,# #citybag #handbagscollection #tjmaxxbags #fallhandbag #trendybags,2887,114,19,7,114,2026-08-31T22:51:14.000Z,https://p16-common-sign.tiktokcdn-us.com/tos-useast5-p-0068-tx/oscWwbwSfAEHGKCsABI1GWBDBiBJiCAKiwAIA6~tplv-tiktokx-dmt-logom:tos-useast5-i-0068-tx/ocBg09CgAoVEg8SqRfSCDihYsEQcIAFsAEAlfD.image?dr=9634&x-expires=1788555600&x-signature=fjvI%2BHLSXCV9HcZP5sEhqDxEJLg%3D&t=4d5b0474&ps=13740610&shp=81f88b70&shcp=43f4a2f9&idc=useast5,,fall handbag,False,False,720,1280
7679194937123982605,https://www.tiktok.com/@ayebeibei/video/7679194937123982605,ayebeibei,AYEBEIBEI,"Reviewing the @Topologie.official fall handbag collection, not sponsored! #handbag #handbagtiktok #bagreview #bagtrends #topologie ",# #handbag #handbagtiktok #bagreview #bagtrends #topologie,2306,75,7,1,307,2026-08-28T21:18:45.000Z,https://p16-common-sign.tiktokcdn-us.com/tos-useast5-p-0068-tx/oweIMEqDAbAEKsGFfAVjHAA4IUjAzIQqfzMEkk~tplv-tiktokx-origin.image?dr=9636&x-expires=1788555600&x-signature=BZwNDc7KNrrxxd%2BZzkSjJflat2I%3D&t=4d5b0474&ps=13740610&shp=81f88b70&shcp=43f4a2f9&idc=useast5,,fall handbag,False,False,720,1280
7678373123112176927,https://www.tiktok.com/@winslowsorto/video/7678373123112176927,winslowsorto,Winslow - TB Houston,"Fall season is approaching, here is a close up of the upcoming Dark Cocoa Suede color for the Charlie Drawstring! ⭐️ @TORY BURCH   Please handle with care if interested to mainting its longevity! Care cards are including with each drawstring to make sure it wear well over time (:  What do we think! ⭐️  #toryburch #charlie #fyp #handbag #newness ",# #toryburch #charlie #fyp #handbag #newness,99800,11200,190,2577,22,2026-08-26T16:09:26.000Z,https://p19-common-sign.tiktokcdn-us.com/tos-useast8-p-0068-tx2/oYEVRNeeAAA6AjnHAEFJHDqD0ftPr7hEIIECPI~tplv-tiktokx-dmt-logom:tos-useast8-i-0068-tx2/ogPbjFEjqDVCHlIeDAAsAB70Efez8MIE2OIAhA.image?dr=9634&x-expires=1788555600&x-signature=4keu0A9QowIrnbjzfQ8K943NXFU%3D&t=4d5b0474&ps=13740610&shp=81f88b70&shcp=43f4a2f9&idc=useast5,,fall handbag,True,False,720,1280
7672977513781546270,https://www.tiktok.com/@fitted.withlex/video/7672977513781546270,fitted.withlex,fittedwithlex,ik you want the link... it's atorie you're welcome #fashion #workbags #aritzia #zara,#fashion #workbags #aritzia #zara,368700,10100,6,592,9,2026-08-12T03:11:59.000Z,https://p19-common-sign.tiktokcdn-us.com/tos-useast8-p-0068-tx2/oAnIFRUACyjAE6vIFeAr3IQD3Afq9hECG5fcPg~tplv-tiktokx-origin.image?dr=9636&x-expires=1788555600&x-signature=mKqjBgdiwchTL8tT%2F7HiXea5I8I%3D&t=4d5b0474&ps=13740610&shp=81f88b70&shcp=43f4a2f9&idc=useast5,,wool tote,False,False,720,1280
7670963930042256670,https://www.tiktok.com/@christinetanguyen/video/7670963930042256670,christinetanguyen,christinetanguyen,found my new everyday bag and I’m in LOVEEEE 🫶 I can’t wait to start wearing her out and about especially for fall 🙈😁  #monorowbag #everydaybag #woventotebag #wconcept #fallbags  @W CONCEPT ,#monorowbag #everydaybag #woventotebag #wconcept #fallbags #,90900,3953,27,387,47,2026-08-06T16:57:59.000Z,https://p16-common-sign.tiktokcdn-us.com/tos-useast8-p-0068-tx2/oUOE4BFdtEDtWrAA0fAAfSEbq0IbRiUEVARLvC~tplv-tiktokx-origin.image?dr=9636&x-expires=1788555600&x-signature=5KHDHUGcfO6vrxD%2Ftomv%2BbuRsTg%3D&t=4d5b0474&ps=13740610&shp=81f88b70&shcp=43f4a2f9&idc=useast5,,wool tote,False,False,720,1280
7666836286405135633,https://www.tiktok.com/@fromnhatlinh/video/7666836286405135633,fromnhatlinh,Nhat Linh ♡,Chiếc túi đi học đi làm yêu thích của tuiii 🤎 @CHARLESKEITHOFFICIAL   #CharlesKeith_VN #CharlesKeithAcademy #Callatotebag #tuidilam #totebag,# #charleskeith_vn #charleskeithacademy #callatotebag #tuidilam #totebag,40000,893,30,208,24,2026-07-26T14:00:37.000Z,https://p16-common-sign.tiktokcdn-us.com/tos-alisg-p-0037/oQAa3AgfI1iVBOA7BQBmJmiwAwPMwA9EQEEAIC~tplv-tiktokx-origin.image?dr=9636&x-expires=1788555600&x-signature=2yoK8G%2BHgQydzOyyExaUsBkS3UY%3D&t=4d5b0474&ps=13740610&shp=81f88b70&shcp=43f4a2f9&idc=useast5,,wool tote,False,False,576,1024
7680153729886080277,https://www.tiktok.com/@anjmejia_/video/7680153729886080277,anjmejia_,"Anj Mejia - Tech, Travel, Life",Check my showcase for the yellow basket ❤️🛒 #alpaka #edc #bag #travel #totebag @ALPAKA.PH @ALPAKA ,#alpaka #edc #bag #travel #totebag # #,19400,651,15,39,101,2026-08-31T11:19:01.000Z,https://p19-common-sign.tiktokcdn-us.com/tos-alisg-p-0037/oEQyVA3lWcD0KEIqulFfBBgRHYxiLfIVRFD2E5~tplv-tiktokx-origin.image?dr=9636&x-expires=1788555600&x-signature=R4z%2FiyZtoadNZGMe%2FwgTrt66V80%3D&t=4d5b0474&ps=13740610&shp=81f88b70&shcp=43f4a2f9&idc=useast5,,wool tote,False,False,576,1024
7664536878997163282,https://www.tiktok.com/@miniiiiiiyeeee/video/7664536878997163282,miniiiiiiyeeee,❤️‍🔥,"first projek tote bag, timaci atas pesanannya @Riloka 🩷#crochet #fyp #fyppppppppppppppppppppppp ",# #crochet #fyp #fyppppppppppppppppppppppp,2283,72,7,2,9,2026-07-20T09:17:52.000Z,https://p16-common-sign.tiktokcdn-us.com/tos-alisg-p-0037/o4gAcIAliA7BC47mBYBYa2uiEACBymdGPlIAE~tplv-tiktokx-origin.image?dr=9636&x-expires=1788555600&x-signature=QPhlsfSuMT4q9dhCHDPs9tlxYcA%3D&t=4d5b0474&ps=13740610&shp=81f88b70&shcp=43f4a2f9&idc=useast5,,wool tote,False,False,576,1024
7653024695784181023,https://www.tiktok.com/@charleskeithofficial/video/7653024695784181023,charleskeithofficial,Charles & Keith,A tote bag that actually fits everything you need and more.  Shop now via our link in bio.  Product featured: Levy Nylon Tote Bag  #totebag #everydaycarry #spaciousbag ,#totebag #everydaycarry #spaciousbag,183500,2933,23,495,13,2026-06-20T04:00:00.000Z,https://p16-common-sign.tiktokcdn-us.com/tos-useast8-p-0068-tx2/oIaCiGUK4IAoTA9RA0AD1fAlGAi3xBBA1EMIAi~tplv-tiktokx-origin.image?dr=9636&x-expires=1788555600&x-signature=VNYhA1vKvcFFpY3nmqWjQ46l8qs%3D&t=4d5b0474&ps=13740610&shp=81f88b70&shcp=43f4a2f9&idc=useast5,,wool tote,True,False,576,1024
7672066882173717773,https://www.tiktok.com/@shopwayuubags/video/7672066882173717773,shopwayuubags,Claudiapaezarstore,"Wayuu Mochilón Bag - Large Woven Tote with Bold Graphic Geometric Motifs and Pompoms for Women, Tassel, Travel, Casual, Crochet, Colorful Pom-Pom Women's Tote Bags, Diamond-Inspired, Handcrafted Bag, Bags Handmade",,14900,441,38,76,31,2026-08-09T16:18:20.000Z,https://p16-common-sign.tiktokcdn-us.com/tos-useast5-p-50976-tx/oMFhEgCUejMNHfGDEwuKpDqCkr4fIVzBkhZBID~tplv-tiktokx-origin.image?dr=9636&x-expires=1788555600&x-signature=wF4yWVAqm7VyGP7kBBA6fXBLKcw%3D&t=4d5b0474&ps=13740610&shp=81f88b70&shcp=43f4a2f9&idc=useast5,,wool tote,False,False,720,1280
7623405221624040726,https://www.tiktok.com/@stow_london/video/7623405221624040726,stow_london,STOW London,"What’s really inside your bag?   Most luxury bags are reinforced with plastic. You just can't see it.  We stopped using plastic reinforcements in April 2024.   The Everyday Tote is handcrafted from smooth leather with the base and side panels reinforced with repurposed leather instead of plastic.  Honest craft and genuine materials all the way through.   The Everyday Tote, available in 5 colours. ",,2914,85,5,0,92,2026-03-31T13:05:53.000Z,https://p16-common-sign.tiktokcdn-us.com/tos-no1a-p-0037-no/ogfpYaRDEDDyoLjE9xFavEAqF8AeIgCq8uAkkA~tplv-tiktokx-origin.image?dr=9636&x-expires=1788555600&x-signature=urGJS3hWszdwAMzwYB2yrl0zmrE%3D&t=4d5b0474&ps=13740610&shp=81f88b70&shcp=43f4a2f9&idc=useast5,,wool tote,False,False,576,1024
7650031473075981588,https://www.tiktok.com/@kiaracengic/video/7650031473075981588,kiaracengic,Kiara Cengic,"If you’re looking for a new bag, start here 👜   #bagbrands #brandrecommendations #handbag #fashionrecommendations #accessories @eylandeyland @Pointe Milou @bymarta.studios @Quasi ",#bagbrands #brandrecommendations #handbag #fashionrecommendations #accessories # # # #,81800,7489,54,217,94,2026-06-11T07:09:20.000Z,https://p19-common-sign.tiktokcdn-us.com/tos-alisg-p-0037/okIeLAGRIGAejQBUAoAAM6qewJLxvvqGXslfm2~tplv-tiktokx-origin.image?dr=9636&x-expires=1788555600&x-signature=rEIJeYfQSIwR5Yl%2BCOiiRZfvALM%3D&t=4d5b0474&ps=13740610&shp=81f88b70&shcp=43f4a2f9&idc=useast5,,handbag recommendation,False,False,576,1024
7555207743653678367,https://www.tiktok.com/@avagracelaurie/video/7555207743653678367,avagracelaurie,AVA G,#coachretailemployee if you’re looking to purchase your first luxury handbag here is my recommendation! @Coach #coachny #coachbag #luxuryhandbag ,#coachretailemployee # #coachny #coachbag #luxuryhandbag,1800000,72400,320,7803,29,2025-09-28T18:24:58.000Z,https://p19-common-sign.tiktokcdn-us.com/tos-useast8-p-0068-tx2/osAIGvslNrRgeCiDXdGv4QNeqsejImLAJFUIYF~tplv-tiktokx-origin.image?dr=9636&x-expires=1788555600&x-signature=7GnzOJ9wKJnn67HbaCMg%2FvwSOHA%3D&t=4d5b0474&ps=13740610&shp=81f88b70&shcp=43f4a2f9&idc=useast5,,handbag recommendation,True,False,576,1024
7644516338194566414,https://www.tiktok.com/@styledxnaty/video/7644516338194566414,styledxnaty,⋆.𐙚 ̊𝐇𝐀𝐔𝐒𝐎𝐅𝐍𝐀𝐓𝐘♡,MUST HAVES 🫱🏼‍🫲🏽🫣 #fyp #haul #girlythings ,#fyp #haul #girlythings,880500,65800,394,3759,250,2026-05-27T19:00:00.000Z,https://p19-common-sign.tiktokcdn-us.com/tos-useast5-p-0068-tx/oYABA3VWUj1IfB8A6AB2EE6OJCxIiOiwAa6CFa~tplv-tiktokx-origin.image?dr=9636&x-expires=1788555600&x-signature=zmrsdgjqjHylZu0%2FKAahVT9TL6s%3D&t=4d5b0474&ps=13740610&shp=81f88b70&shcp=43f4a2f9&idc=useast5,,handbag recommendation,False,False,720,1280
7679388559370980630,https://www.tiktok.com/@pizza4alice/video/7679388559370980630,pizza4alice,alice🎀,in honour of us almost entering my favourite season … here’s my autumn / fall bag rotation !!! 😁😁🍁🥨‼️  #bagcollection#handbags#juicycouture ,#bagcollection #handbags #juicycouture,29200,3895,32,37,62,2026-08-29T17:16:00.000Z,https://p19-common-sign.tiktokcdn-us.com/tos-no1a-p-0037-no/oICSkK5iABzpwAaEAAw4DIyrPqiBEzyPBSpzY~tplv-tiktokx-origin.image?dr=9636&x-expires=1788555600&x-signature=W46yTVC%2Fro%2Fr9N7w5FxTSzQeupQ%3D&t=4d5b0474&ps=13740610&shp=81f88b70&shcp=43f4a2f9&idc=useast8,,fall handbag,False,False,576,1024
7680341553277144350,https://www.tiktok.com/@kyndal.mann/video/7680341553277144350,kyndal.mann,kyndal,"Is this not the most perfect fall bag?! The perfect size, color, shape… everything!! I haven’t been this excited about a new bag in a while!   #friendsofmadewell #fallbag #purse #pursetok #handbag  @madewell ",#friendsofmadewell #fallbag #purse #pursetok #handbag #,923,43,11,1,266,2026-08-31T23:28:03.000Z,https://p16-common-sign.tiktokcdn-us.com/tos-useast8-p-0068-tx2/okLFgIWsW5qAIigDM5EiBFlEREgDuA3VeIfKri~tplv-tiktokx-origin.image?dr=9636&x-expires=1788555600&x-signature=4zzCf6jkG4CNLdzzNWdxOnVgpVY%3D&t=4d5b0474&ps=13740610&shp=81f88b70&shcp=43f4a2f9&idc=useast8,,fall handbag,False,False,720,1280
7680336035070364959,https://www.tiktok.com/@kaitlyncostanzo/video/7680336035070364959,kaitlyncostanzo,Kait,ty @aeststudios_official ily 🩶🩶🩶🩶 #unboxing #handbag #fallfashion #edgy #fyp ,# #unboxing #handbag #fallfashion #edgy #fyp,1255,117,9,3,80,2026-08-31T23:06:36.000Z,https://p16-common-sign.tiktokcdn-us.com/tos-useast8-p-0068-tx2/ogzWebRiAZIAAIrEwBi1ACCBAOK7AiCPvwSCO0~tplv-tiktokx-dmt-logom:tos-useast8-i-0068-tx2/oQfWRgJ1qEVAEAEiCClFXCjEIzDAdlA05AfZPc.image?dr=9634&x-expires=1788555600&x-signature=kQsMwSoV8ad3%2BAwmmljpLKkzxrs%3D&t=4d5b0474&ps=13740610&shp=81f88b70&shcp=43f4a2f9&idc=useast8,,fall handbag,False,False,720,1280
7679493503218404621,https://www.tiktok.com/@the_handbag_edit/video/7679493503218404621,the_handbag_edit,the_handbag_edit,"Coach is absolutely winning Fall 2026 🍂🤎 These are some of my favorites from the season, and I genuinely don’t know if I could pick just one.  Brooklyn 28, Tabby 26, Empire Carryall, Waverly or Belted Ergo — which one are you choosing? 👇  I think the rich browns + gold hardware are SO good for fall. ✨  #CoachBags #Coach #coachbrooklyn #handbagcollection #coachtabby ",#coachbags #coach #coachbrooklyn #handbagcollection #coachtabby,2906,59,4,3,8,2026-08-29T16:37:21.000Z,https://p19-common-sign.tiktokcdn-us.com/tos-useast5-p-0068-tx/oMoArrAQEEfQCGADwCqETDsCkI42SjAfgAGFCR~tplv-tiktokx-origin.image?dr=9636&x-expires=1788555600&x-signature=I2jyH1KLxnAcZ0w0tAPfGQdTamE%3D&t=4d5b0474&ps=13740610&shp=81f88b70&shcp=43f4a2f9&idc=useast8,,fall handbag,False,False,720,1278
7664631942414912800,https://www.tiktok.com/@corneliautumnvibes/video/7664631942414912800,corneliautumnvibes,corneliautumnvibes,#handbag #brown #autumn #fall #zalando ,#handbag #brown #autumn #fall #zalando,252500,23100,74,1276,12,2026-07-20T15:26:34.000Z,https://p16-common-sign.tiktokcdn-us.com/tos-useast2a-p-0037-euttp/oAA8HWx7Ai3jkMdvQYPGTfAJCDQIvUnMgAFeIe~tplv-tiktokx-dmt-logom:tos-useast2a-i-0068-euttp/ocCvMIRQGe5xHFPCgIeiAhAAHLZTAUGIKyUj8e.image?dr=9634&x-expires=1788555600&x-signature=gPjs9EMmLBdIF6AYK2F68mttIY8%3D&t=4d5b0474&ps=13740610&shp=81f88b70&shcp=43f4a2f9&idc=useast8,,fall handbag,False,False,576,1024
7659174182923685140,https://www.tiktok.com/@dejmorrison/video/7659174182923685140,dejmorrison,dej 🍂,new bag alert - the stunning @Coach rhyder satchel 38 in dark chocolate 👜🍂🍫🔐 review and what’s in my bag!   #coachcollection #coachhandbag #coachny #coachbag #fallfashion ,# #coachcollection #coachhandbag #coachny #coachbag #fallfashion,130400,9925,476,630,524,2026-07-05T22:27:44.000Z,https://p16-common-sign.tiktokcdn-us.com/tos-alisg-p-0037/oYPVXEBoV6AAAr1BBYAIbin6IRNccapEBtkAi~tplv-tiktokx-dmt-logom:tos-alisg-i-0068/ogAinTLVACBEkBxliAbDnaN9BtIYxVEPAA1M0.image?dr=9634&x-expires=1788555600&x-signature=AfR%2FZ%2F0kB9P%2FxYbBkPiprsBM3UQ%3D&t=4d5b0474&ps=13740610&shp=81f88b70&shcp=43f4a2f9&idc=useast8,,fall handbag,False,False,576,1024
7672795432619232525,https://www.tiktok.com/@_criisel/video/7672795432619232525,_criisel,Crisel1990,savannahscollective curves-knit-tote-#lemongrass ,#lemongrass,451,15,0,1,21,2026-08-11T15:25:44.000Z,https://p19-common-sign.tiktokcdn-us.com/tos-useast5-p-0068-tx/oAkDmK51EBuDIvFAUqfAwPzfN42jCIIe7IHsMF~tplv-tiktokx-origin.image?dr=9636&x-expires=1788555600&x-signature=oeros7cTMQtmOHiPhLQEpGkKuDk%3D&t=4d5b0474&ps=13740610&shp=81f88b70&shcp=43f4a2f9&idc=useast5,,wool tote,False,False,720,1280
7677990413113806110,https://www.tiktok.com/@michellepinedaa/video/7677990413113806110,michellepinedaa,Michi,went to the Coach outlet the other day and found so many good finds 😭 I can’t decide I want them all  @Coach   #falloutfits #fallinspo #coach #fallbags ,# #falloutfits #fallinspo #coach #fallbags,207300,35000,291,3088,23,2026-08-25T15:24:37.000Z,https://p19-common-sign.tiktokcdn-us.com/tos-useast8-p-0068-tx2/osfusb5VjBEFcNyQGQzf8oAcIjFA7qbPDERNEa~tplv-tiktokx-origin.image?dr=9636&x-expires=1788555600&x-signature=21DJpcRkERHaoIyV8iGNFDGNLfQ%3D&t=4d5b0474&ps=13740610&shp=81f88b70&shcp=43f4a2f9&idc=useast5,,fall bag,False,False,720,1280
7671492550657674526,https://www.tiktok.com/@maestraontiveros/video/7671492550657674526,maestraontiveros,Melanea Ontiveros🍎,Birthday gift 🤍   #coach @Coach #designerbags #baginspo #coachbag #girls ,#coach # #designerbags #baginspo #coachbag #girls,2833,150,5,31,12,2026-08-08T03:09:19.000Z,https://p16-common-sign.tiktokcdn-us.com/tos-useast8-p-0068-tx2/oo3qiwfBKE5SIz1CFnPIBOc02BdAii7AiAAuIA~tplv-tiktokx-origin.image?dr=9636&x-expires=1788555600&x-signature=%2Bofkk2an%2FSbPJhJ3JRGuJoo5p6A%3D&t=4d5b0474&ps=13740610&shp=81f88b70&shcp=43f4a2f9&idc=useast5,,fall bag,True,False,720,1280
7680240129910263054,https://www.tiktok.com/@poppyandpeonies/video/7680240129910263054,poppyandpeonies,Poppy & Peonies,You made the Multitasker go viral… so obviously we had to make it in Espresso ☕️ Come pack up our bestselling bag in fall’s must-have colour 🤎 #everydaybag #whatsinmybag #workbag #packmybag ,#everydaybag #whatsinmybag #workbag #packmybag,10900,341,4,39,24,2026-08-31T22:00:00.000Z,https://p19-common-sign.tiktokcdn-us.com/tos-useast5-p-0068-tx/osAQAIYAGc0IqAYerAuVEs5wfOjGRJLfIJ5Oe3~tplv-tiktokx-dmt-logom:tos-useast5-i-0068-tx/oMjSBf8nCipJIcsJhA1wiBYVENItAAsoCB8AQ4.image?dr=9634&x-expires=1788555600&x-signature=MwBKOqrD8yJ9RaR1CK6p%2BBRinsc%3D&t=4d5b0474&ps=13740610&shp=81f88b70&shcp=43f4a2f9&idc=useast5,,fall bag,False,False,576,1024
7680160090803965214,https://www.tiktok.com/@welborn_katie8/video/7680160090803965214,welborn_katie8,Katie Welborn,this bag is so cute and the perfect brown color for fall 🍂🍁🧸🤎☕️ I also love all the new bag charms @target   Bag & accessories is in my SHOPMY  #newrelease #bag #fall #target #aesthetic ,# #newrelease #bag #fall #target #aesthetic,135900,13400,47,1671,7,2026-08-31T11:44:13.000Z,https://p16-common-sign.tiktokcdn-us.com/tos-useast8-p-0068-tx2/osRC2frVEAFIBmEIE7yiAbAqaiSiIESP1dRJCq~tplv-tiktokx-origin.image?dr=9636&x-expires=1788555600&x-signature=tGhbjYH4qaOKoTMJc3Tjj%2F3yDUo%3D&t=4d5b0474&ps=13740610&shp=81f88b70&shcp=43f4a2f9&idc=useast5,,fall bag,False,False,720,1280
7679482587659734286,https://www.tiktok.com/@rixtwo_/video/7679482587659734286,rixtwo_,Ri,OMG i manifested this bag! I saw another girly post her find & i decided to go to mine. Soon as i walked in it was there!! She looks like a Tory & Chanelly all in one 😊 Also under $100 for 100% leather & suede . This was an amazing find @Ross #rossfinds #falldealsforyou #fallbag #dupe ,# #rossfinds #falldealsforyou #fallbag #dupe,28400,1447,40,256,7,2026-08-29T15:55:01.000Z,https://p16-common-sign.tiktokcdn-us.com/tos-useast5-p-0068-tx/oIyfIpiB8wPBH5cCA1XTCrTIN5icDIASrkAK3w~tplv-tiktokx-origin.image?dr=9636&x-expires=1788555600&x-signature=uM5ILsWiXs3HbZojQilO%2FlMTEmk%3D&t=4d5b0474&ps=13740610&shp=81f88b70&shcp=43f4a2f9&idc=useast5,,fall bag,False,False,720,1280
7677713716040715534,https://www.tiktok.com/@katiefawn/video/7677713716040715534,katiefawn,katiefawn,Let me know what u queens think and comment pics of your favs!!! #fallfashion,#fallfashion,97700,6917,80,180,112,2026-08-24T21:30:52.000Z,https://p19-common-sign.tiktokcdn-us.com/tos-useast5-p-0068-tx/oIRsxDdZA5zQjECqkLSFEcojQBAfqVMZfgDcEp~tplv-tiktokx-origin.image?dr=9636&x-expires=1788555600&x-signature=J06fS8X9C90mtKIyHBG%2BWqAJ3Ag%3D&t=4d5b0474&ps=13740610&shp=81f88b70&shcp=43f4a2f9&idc=useast5,,fall bag,False,False,720,1280
7678128399310671112,https://www.tiktok.com/@mikhaelahashem/video/7678128399310671112,mikhaelahashem,mikhaela,Trending fall bags (give me all of them) 🍂🙂‍↕️🫪 #trendpredictions #fashiontrends #styleinspo #falltrends #fallfashion ,#trendpredictions #fashiontrends #styleinspo #falltrends #fallfashion,55400,865,14,114,42,2026-08-26T00:19:45.000Z,https://p16-common-sign.tiktokcdn-us.com/tos-alisg-p-0037/o8eIQ4olrGAkYcTXKGLsDjVK8I1A4CvHQfeycI~tplv-tiktokx-origin.image?dr=9636&x-expires=1788555600&x-signature=dSSDBBRtTsLn%2F4HW0negWle0Ua0%3D&t=4d5b0474&ps=13740610&shp=81f88b70&shcp=43f4a2f9&idc=useast5,,fall bag,False,False,576,1024
7680653833780890894,https://www.tiktok.com/@jessicanlinn/video/7680653833780890894,jessicanlinn,Jessica Linn,"Fall bags that aren’t brown, (and all under $200)! 🍂 everything on my LTK 🍂  Of course the new olive Longchamp Le Pliage is a staple color in general but especially for fall! I consider green a bit of a neutral that will go with everything you wear this fall.  Pink Longchamp Le Pliage bags are more like a mauve so the muted tone works well in a fall color palette   Another green bag but this one is punchier! This suede green Kate spade bag is stunning and even thought it’s a more saturated green it’s still neutral and muted enough to fit in seamlessly with fall color palettes.  Now we’re getti",#fallbags #colorfulfall #coachbag #katespade #longchamp,5845,259,2,4,67,2026-09-01T19:40:07.000Z,https://p16-common-sign.tiktokcdn-us.com/tos-useast5-p-0068-tx/oUuBBT1IXY5BEAnKwmph5fi6iCAIKES67lLYII~tplv-tiktokx-origin.image?dr=9636&x-expires=1788555600&x-signature=3sRUoMB9OyJe%2FO7hFWk3Ki81W4c%3D&t=4d5b0474&ps=13740610&shp=81f88b70&shcp=43f4a2f9&idc=useast5,,fall handbag,False,False,720,1280
7680907186771447053,https://www.tiktok.com/@emilyangelisse/video/7680907186771447053,emilyangelisse,emily🌷,🚨 EXTRA 20% OFF ALL DARKSTONE BAGS!!!   The perfect new fall bag just went on sale at the PERFECT time 🤎✨ Don’t sleep on these because they’re going QUICK!! #coach #fallbags #coachoutletemploye   DM me if you’re interested in a pay-by-link 🛍️✨ It’s officially time to grab your new fall bag 🍁👜,#coach #fallbags #coachoutletemploye,1965,109,10,13,21,2026-09-02T12:03:01.000Z,https://p16-common-sign.tiktokcdn-us.com/tos-useast5-p-0068-tx/oAg8E1ACfABVAYB5CH4YghIwaiIPAT0AIJiEBL~tplv-tiktokx-origin.image?dr=9636&x-expires=1788555600&x-signature=LUIe3qmtN2qH9YJfTQ4OO%2FN7ziA%3D&t=4d5b0474&ps=13740610&shp=81f88b70&shcp=43f4a2f9&idc=useast5,,fall handbag,False,False,720,1280
7643554153054227726,https://www.tiktok.com/@looply_luxury/video/7643554153054227726,looply_luxury,looply_luxury,What Louis Vuitton bag should you buy as your first one?👜🥰#baglover #louisvuitton #designerbags #preloved #looply ,#baglover #louisvuitton #designerbags #preloved #looply,230700,3861,110,506,64,2026-05-24T20:14:25.000Z,https://p19-common-sign.tiktokcdn-us.com/tos-useast5-p-0068-tx/oc1qCTZAEdBFeAXAGguEEgRARwSFDDAjEf1ICS~tplv-tiktokx-origin.image?dr=9636&x-expires=1788555600&x-signature=NWegnDKjIW5nRqd7uGrYRi7G0Cg%3D&t=4d5b0474&ps=13740610&shp=81f88b70&shcp=43f4a2f9&idc=useast5,,handbag recommendation,False,False,720,1280
7669950705871998238,https://www.tiktok.com/@foundbyande/video/7669950705871998238,foundbyande,✨Ande✨,"The 3 luxury handbags that started my collection. These were my very first designer bags, and looking back, I'd still choose every single one. The Louis Vuitton NeoNoe, Saint Laurent Kate in black embossed leather with black hardware, and the Chanel Wallet on Chain in black caviar with gold hardware have all stood the test of time. If you're building a luxury handbag collection, these are classics that never go out of style. #LuxuryHandbags #DesignerBags #LouisVuitton #BagCollection #HandBag ",#luxuryhandbags #designerbags #louisvuitton #bagcollection #handbag,7767,553,41,10,171,2026-08-03T23:26:18.000Z,https://p19-common-sign.tiktokcdn-us.com/tos-useast8-p-0068-tx2/ow1EhkAAEiawBRitjhBZAI5EIRmAlxPaBAxgn~tplv-tiktokx-origin.image?dr=9636&x-expires=1788555600&x-signature=MDrlCeKko%2BL8oyysZMuGZgHJjmI%3D&t=4d5b0474&ps=13740610&shp=81f88b70&shcp=43f4a2f9&idc=useast5,,handbag recommendation,False,False,720,1280
7664742834909531423,https://www.tiktok.com/@helloitsz/video/7664742834909531423,helloitsz,zainab,"looking for high-quality handbags that aren’t coach, polène, or songmont? here are 5 underrated mid-range handbag brands that deserve sooo much more attention!  from premium leather and handcrafted details to unique designs and thoughtful craftsmanship, these are the brands i recommend if you want something that feels special without paying luxury prices 🤗  @ellivivaldi_official @yuzefi @brahmin @bob.ore.bluecollection @audetteofficiel",,121900,6005,52,319,91,2026-07-20T22:37:11.000Z,https://p16-common-sign.tiktokcdn-us.com/tos-useast8-p-0068-tx2/oYAfqFM3AxyRbD57QAoEWPAXCvEEXqHVAACeIu~tplv-tiktokx-origin.image?dr=9636&x-expires=1788555600&x-signature=fXKw1Bggdl5xArHNONdJskUrmJQ%3D&t=4d5b0474&ps=13740610&shp=81f88b70&shcp=43f4a2f9&idc=useast5,,handbag recommendation,False,False,720,1280
7652497610317516046,https://www.tiktok.com/@bagsfashionlux/video/7652497610317516046,bagsfashionlux,Bags Fashion,"✨🌴 SUMMER LUXURY JUST DROPPED 🌴✨ Introducing the Saint Laurent Icare Medium Raffia Tote Bag — the ultimate statement of effortless luxury. Expertly crafted from natural crocheted raffia and finished with the iconic gold-tone YSL monogram, this bag brings timeless Parisian elegance into your everyday style. Perfect for beach escapes, travel days, and chic city looks, this oversized tote is where functionality meets high fashion. Spacious, lightweight, and instantly recognizable — it’s the must-have designer piece of the season. #SaintLaurent #YSLIcare #LuxuryTote #BagTok #QuietLuxury ",#saintlaurent #yslicare #luxurytote #bagtok #quietluxury,7232,29,9,10,12,2026-06-17T22:39:36.000Z,https://p16-common-sign.tiktokcdn-us.com/tos-useast5-p-0068-tx/oIAfyFGoAa3R2DfuI6IDtEAYAUEEMqkSgACzEq~tplv-tiktokx-origin.image?dr=9636&x-expires=1788555600&x-signature=IPFMFb%2FhxxgBZaIIHwh6KzbbeCs%3D&t=4d5b0474&ps=13740610&shp=81f88b70&shcp=43f4a2f9&idc=useast8,,bag details,False,False,720,1280
7680342785014140173,https://www.tiktok.com/@dalaynee_deck/video/7680342785014140173,dalaynee_deck,Da’Laynee | SAHM 💗,"POV: you found the designer look without the designer price tag 🖤✨ I’m actually SO impressed with the quality and details on this one! @SKreps-Kiki Check the 🔗 in my byeoooo to get one!  #skreps #luxuryfinds #designerbags #affordablefashion #unboxing  black shoulder bag, black handbag, quilted shoulder bag, black quilted bag, luxury inspired bag, designer inspired style, affordable luxury style, luxury aesthetic, handbag unboxing, purse unboxing, new bag unboxing, black bag unboxing, everyday shoulder bag, everyday handbag, going out bag, date night bag, neutral handbag, black purse styling, h",#skreps #luxuryfinds #designerbags #affordablefashion #unboxing,488,87,117,39,17,2026-08-31T23:32:55.000Z,https://p19-common-sign.tiktokcdn-us.com/tos-useast5-p-0068-tx/os5JpgZAEE2QiB8BACn1AIHWk4PAaHPyQSiDY~tplv-tiktokx-dmt-logom:tos-useast5-i-0068-tx/oA8FGECeEQRSC8AjGfiYWIgEqyADMDPxlAEgAD.image?dr=9634&x-expires=1788555600&x-signature=fY4FHf0lEtaPiwn0mbF4VISh438%3D&t=4d5b0474&ps=13740610&shp=81f88b70&shcp=43f4a2f9&idc=useast8,,bag details,False,False,720,1280
7679572729758092558,https://www.tiktok.com/@agr8rn/video/7679572729758092558,agr8rn,💜 Amanda Darling 💜,"Check this out  ✨ Louis Vuitton Lineup MM Review! ✨  She’s big, she’s beautiful, and she’s giving everyday LV with a little extra attitude! 🤎👜 Today I’m taking a closer look at the Louis Vuitton Lineup MM — from the monogram canvas and vachetta details to the size, structure, hardware, and overall quality.  👀 Is the Lineup MM worth adding to your collection? 👜 How much can she actually hold? 🔎 And of course… we’re checking those details CLOSE UP!  Come inspect this beauty with me and tell me below: Would you carry the Lineup MM? 👇💜 #purse #bolsa #bougie #luxurybag #affordableluxury ",#purse #bolsa #bougie #luxurybag #affordableluxury,769,97,28,1,484,2026-08-29T23:30:00.000Z,https://p16-common-sign.tiktokcdn-us.com/tos-useast5-p-0068-tx/o8kGOSeGIQfsGnqRMpfSsTUUmFaABIW7LPnfQA~tplv-tiktokx-origin.image?dr=9636&x-expires=1788555600&x-signature=%2BMO4yy1gOWEYfSXGqnn8FPC5ZlA%3D&t=4d5b0474&ps=13740610&shp=81f88b70&shcp=43f4a2f9&idc=useast8,,bag details,False,False,720,1280
7670406365357100295,https://www.tiktok.com/@sswaaggprincess/video/7670406365357100295,sswaaggprincess,A 🧚🏻‍♀️,Avoid this mistake with your bags 🫠   #bagcollection #designerbag #minivlog #bagreview #bagcare ,#bagcollection #designerbag #minivlog #bagreview #bagcare,165500,4705,91,378,8,2026-08-05T04:54:24.000Z,https://p19-common-sign.tiktokcdn-us.com/tos-alisg-p-0037/ogIB1OE4sWeWCAtyULDAjAmAihqgyydIFwviIw~tplv-tiktokx-origin.image?dr=9636&x-expires=1788555600&x-signature=GqrF7AWcVl%2BKaW1VlLflSZgXsh0%3D&t=4d5b0474&ps=13740610&shp=81f88b70&shcp=43f4a2f9&idc=useast8,,bag details,False,False,576,1024
7678794272023366926,https://www.tiktok.com/@dhgfinds.167/video/7678794272023366926,dhgfinds.167,LINK IN BIO167,A little detail that makes a big difference. #viral #outfitideas #everydaystyle #fashiontok #fyp,#viral #outfitideas #everydaystyle #fashiontok #fyp,13,0,0,0,219,2026-08-27T19:22:24.000Z,https://p16-common-sign.tiktokcdn-us.com/tos-useast5-p-85c255-tx/oUjHIuYWGAO64gfH3QgQeoFTjEeArrerQq4QQK~tplv-tiktokx-origin.image?dr=9636&x-expires=1788555600&x-signature=kJFcD5QLhEBMeFLsqjCFIv%2FIOFI%3D&t=4d5b0474&ps=13740610&shp=81f88b70&shcp=43f4a2f9&idc=useast8,,bag details,False,False,720,1280
7444680992608046391,https://www.tiktok.com/@melissasollee/video/7444680992608046391,melissasollee,Melissa Sol,my favorite everyday bags @DeMellier @polene_paris @Ateliers Auguste ,# # #,182700,2583,40,138,46,2024-12-04T22:04:37.000Z,https://p16-common-sign.tiktokcdn-us.com/tos-maliva-p-0068/oYAADL7nPoheGReAjepEabITgSIBCFAgFOUHQ8~tplv-tiktokx-origin.image?dr=9636&x-expires=1788555600&x-signature=ma04mxyGRifM3QilDmjBajCIZcE%3D&t=4d5b0474&ps=13740610&shp=81f88b70&shcp=43f4a2f9&idc=useast8,,handbag recommendation,True,False,576,1024
7642832136365460750,https://www.tiktok.com/@ganadelrey/video/7642832136365460750,ganadelrey,Gana,why I chose the YSL LE 5 À 7 in smooth leather 🖤 haven’t been this excited abt something in a while #ysl #designer #designerbags #luxury #money @SAINT LAURENT ,#ysl #designer #designerbags #luxury #money #,69600,717,18,131,109,2026-05-22T21:32:41.000Z,https://p19-common-sign.tiktokcdn-us.com/tos-useast5-p-0068-tx/oUAMIJByCoGfSCyEQbg9ph0iBT0iEC1zBIwA33~tplv-tiktokx-origin.image?dr=9636&x-expires=1788555600&x-signature=Vgb6%2B7V5C3e9YlI%2FLBFZfeWlAtk%3D&t=4d5b0474&ps=13740610&shp=81f88b70&shcp=43f4a2f9&idc=useast8,,handbag recommendation,False,False,720,1280
7638408343161261325,https://www.tiktok.com/@velore.atelier5/video/7638408343161261325,velore.atelier5,Velore' Atelier,For all the handbag addicts. This is for you #handbagtok #handbagbrand #handbagaddict #modernluxury #fyp,#handbagtok #handbagbrand #handbagaddict #modernluxury #fyp,3616,16,2,3,6,2026-05-10T23:25:53.000Z,https://p16-common-sign.tiktokcdn-us.com/tos-useast5-p-0068-tx/oAAAEvnCTBEgEAO57EnBvPEBiBgiaIFIU4EoV~tplv-tiktokx-origin.image?dr=9636&x-expires=1788555600&x-signature=doKqPX5S%2FpBcAaYXLGm9zwqmWE8%3D&t=4d5b0474&ps=13740610&shp=81f88b70&shcp=43f4a2f9&idc=useast8,,handbag recommendation,False,False,720,982
7678485716589923614,https://www.tiktok.com/@heyhollyjane/video/7678485716589923614,heyhollyjane,HollyJane 👜✨,"My favorite bags for everyday, evening, and travel at three different budgets! Price per bag not total! #designerbags #handbag #chanel #louisvuitton ",#designerbags #handbag #chanel #louisvuitton,21900,797,35,9,95,2026-08-26T23:26:28.000Z,https://p16-common-sign.tiktokcdn-us.com/tos-useast8-p-0068-tx2/ogieIDLdMNqttraPIGGAIpHZjSVAdCCI6uIeeD~tplv-tiktokx-origin.image?dr=9636&x-expires=1788555600&x-signature=iQRa672pWpfQIgj3CPOmkkKxEJk%3D&t=4d5b0474&ps=13740610&shp=81f88b70&shcp=43f4a2f9&idc=useast8,,handbag recommendation,False,False,720,1280
7673240748837440789,https://www.tiktok.com/@yariart.oficial1/video/7673240748837440789,yariart.oficial1,✨ YariArt✨,"Best Handbags for women 😍 ¡NO PUDE CREER EL RESULTADO DE ESTA BOLSA! ¡Miren esta belleza! 👜✨ Por primera vez hice una bolsa grande de este estilo, combinando malla plástica en el frente, atrás y laterales con detalles tejidos a crochet. 🖤 📏 Medidas: 30 × 25 × 8,5 cm Un modelo elegante, diferente y totalmente hecho a mano, pensado para quienes aman llevar una pieza única. ✨ ¿La usarías en este color negro? 🖤😍 ¡Déjame tu opinión en los comentarios! 👇 #creatorsearchinsights #besthandbagsforwomen #plasticcanvas #bolsasartesanales #crochet ",#creatorsearchinsights #besthandbagsforwomen #plasticcanvas #bolsasartesanales #crochet,32900,1987,70,300,90,2026-08-12T20:13:10.000Z,https://p16-common-sign.tiktokcdn-us.com/tos-alisg-p-0037/ogPfDf8JIEfoQ5pZFAUAFEM5IWjNAADuDDOACq~tplv-tiktokx-origin.image?dr=9636&x-expires=1788555600&x-signature=gXRfSlbOvALBiNGPG64%2FTCLiCGA%3D&t=4d5b0474&ps=13740610&shp=81f88b70&shcp=43f4a2f9&idc=useast8,,handbag recommendation,False,False,576,1024
7644942462758227213,https://www.tiktok.com/@ayebeibei/video/7644942462758227213,ayebeibei,AYEBEIBEI,Travel bag recommendation! Been a huge fan of @Good Totes 🍀 for years and so happy to add these two new nylon bags to my collection  #handbags #travelbag #bagtok #asianfashion #bagreview ,# #handbags #travelbag #bagtok #asianfashion #bagreview,126600,2945,40,155,245,2026-05-28T14:01:27.000Z,https://p16-common-sign.tiktokcdn-us.com/tos-useast5-p-0068-tx/oMowSqAAfACaAHD2ErQYq1IgfFRZEGEA8SEEDj~tplv-tiktokx-origin.image?dr=9636&x-expires=1788555600&x-signature=EcGcXH02y5GUZp%2FKKUJbur0Qt24%3D&t=4d5b0474&ps=13740610&shp=81f88b70&shcp=43f4a2f9&idc=useast8,,handbag recommendation,False,False,720,1280
7667381390668746014,https://www.tiktok.com/@itsemmygirl/video/7667381390668746014,itsemmygirl,emily,specifically shoulder bags  #bagcollection #shoulderbag @Freja @kiki_nyc @polene_paris @The Horse @Etsy @Le Tanneur @PARIS/64 ,#bagcollection #shoulderbag # # # # # # #,75600,2503,52,80,61,2026-07-28T01:16:01.000Z,https://p16-common-sign.tiktokcdn-us.com/tos-useast8-p-0068-tx2/o8EZ8IB1oNoAFih68SBBsAACKWifAnnA3IA3iA~tplv-tiktokx-origin.image?dr=9636&x-expires=1788555600&x-signature=tWLFNW8Iv3vrr6rqLP2vv0c%2BHQs%3D&t=4d5b0474&ps=13740610&shp=81f88b70&shcp=43f4a2f9&idc=useast8,,handbag recommendation,False,False,720,1280
7662137999165099295,https://www.tiktok.com/@foxfern_/video/7662137999165099295,foxfern_,Emmie,Perfect Coach bags for this fall. Which one is your favorite? 💼 🍂 #coach #fallfashiontrends #fallaesthetic #coachbags ,#coach #fallfashiontrends #fallaesthetic #coachbags,21800,2213,11,241,8,2026-07-13T22:09:02.000Z,https://p19-common-sign.tiktokcdn-us.com/tos-useast8-p-0068-tx2/ogaECdFVWQDTVkEAB2fAfaE6qVQFRDEEV5gWYB~tplv-tiktokx-origin.image?dr=9636&x-expires=1788555600&x-signature=tlh9MgORO0e88eG2zGE06KSg2w4%3D&t=4d5b0474&ps=13740610&shp=81f88b70&shcp=43f4a2f9&idc=useast5,,fall handbag,False,False,720,720
7678899538966351135,https://www.tiktok.com/@keepingitrealwithjill/video/7678899538966351135,keepingitrealwithjill,Keeping It Real With Jill,🍁Tjmaxx Fall Handbags!🍁Great Selection!#Tjmaxx ,#tjmaxx,7262,607,24,4,570,2026-08-28T02:12:15.000Z,https://p16-common-sign.tiktokcdn-us.com/tos-useast8-p-0068-tx2/oUDZT1gfI1icmqiIAQBQYAiHwo4SAA4I3V7AIC~tplv-tiktokx-origin.image?dr=9636&x-expires=1788555600&x-signature=OorPb9OwhNPkdyk3xzKOqDnaALI%3D&t=4d5b0474&ps=13740610&shp=81f88b70&shcp=43f4a2f9&idc=useast5,,fall handbag,False,False,720,1280
7677682758696586509,https://www.tiktok.com/@jessicanlinn/video/7677682758696586509,jessicanlinn,Jessica Linn,Packing my Coach Chelsea for fall 🍂 everything on my LTK 🍁  What’s in my bag: Coach Chelsea 30 in maple  Chelsea bag insert Cinnamon bun book store book  Clear kisslock pouch KayAli mini perfume Bath and body works pumpkin cold foam lip oil with pumpkin charm Coach outlet wallet Vintage Kisslock pouch from Etsy Rare guests mini blush Tom ford mini lipstick Touchland hand sanitizer Mini jewelry pouch  Customized hair brush  Pumpkin bag charm from Amazon Islander uk bear charm #coachbag #coachbags #whatsinmybag #fallbag #coachchelsea ,#coachbag #coachbags #whatsinmybag #fallbag #coachchelsea,125900,8435,73,516,44,2026-08-24T19:30:43.000Z,https://p19-common-sign.tiktokcdn-us.com/tos-useast5-p-0068-tx/okjNeD1qq0DagZGZBtFEguD1EjARGQBQIIfdSJ~tplv-tiktokx-origin.image?dr=9636&x-expires=1788555600&x-signature=1C2101m1XFTjStFt%2F%2BE%2FRpcSmGY%3D&t=4d5b0474&ps=13740610&shp=81f88b70&shcp=43f4a2f9&idc=useast5,,fall handbag,False,False,720,1280
7680253916025556254,https://www.tiktok.com/@nicsfl1cs/video/7680253916025556254,nicsfl1cs,nic 𓆩✧𓆪,more medium bags i’m loving if you’re looking for bags that aren’t tiny or large. my fave has to be the JW PEI Rowan Ruched Drawstring Chain Bucket Bag and the coach   Asher Shoulder Bag #chicstyle #fashionfinds #mediumbag #fashioninspo #styletips ,#chicstyle #fashionfinds #mediumbag #fashioninspo #styletips,614,29,0,1,76,2026-08-31T17:48:11.000Z,https://p19-common-sign.tiktokcdn-us.com/tos-useast8-p-0068-tx2/oMWlVAHvtqAjwiI1GSiPiAAWTv9S7nENI3BxCe~tplv-tiktokx-dmt-logom:tos-useast8-i-0068-tx2/oIAkAeqSGIJVLAKIxWIf3eQLKEqguY8AwAjnyA.image?dr=9634&x-expires=1788555600&x-signature=6hTpJZbk52BKSBksah4GQqvmIkU%3D&t=4d5b0474&ps=13740610&shp=81f88b70&shcp=43f4a2f9&idc=useast5,,handbag recommendation,False,False,720,1280
7673839616079711508,https://www.tiktok.com/@vien.anh26/video/7673839616079711508,vien.anh26,vien anh,Luxury handbag tier list💼.  Agree with the ranking…or would you change it? Which bag deserves the #1#1pot #luxurybags #designerbags #HandbagTok #chanelbag ,#1 #1 #luxurybags #designerbags #handbagtok #chanelbag,3573,12,0,1,14,2026-08-14T10:57:02.000Z,https://p16-common-sign.tiktokcdn-us.com/tos-alisg-p-0037/ogJzeA8t3oTAxQ3oJfQeLWeiNMfMLAjguB8Pu2~tplv-tiktokx-origin.image?dr=9636&x-expires=1788555600&x-signature=RQju8l8WZzv8x9W52XvM%2BqXob%2Fo%3D&t=4d5b0474&ps=13740610&shp=81f88b70&shcp=43f4a2f9&idc=useast5,,handbag recommendation,False,False,576,864
7675550501630430477,https://www.tiktok.com/@looply_luxury/video/7675550501630430477,looply_luxury,looply_luxury,"These Dior bags under $2,000 are such safe picks👀👜#baglover #looply #shopping #designerbags #usa🇺🇸 ",#baglover #looply #shopping #designerbags #usa🇺🇸,178400,3292,46,382,47,2026-08-19T02:29:03.000Z,https://p19-common-sign.tiktokcdn-us.com/tos-useast5-p-0068-tx/o8iCy4hinIo1HUaBEUm4A9PQ04IBCUgF5JEIA~tplv-tiktokx-origin.image?dr=9636&x-expires=1788555600&x-signature=JNzWUKglN0RWIE2LsDAR3y%2B%2BDSQ%3D&t=4d5b0474&ps=13740610&shp=81f88b70&shcp=43f4a2f9&idc=useast8,,handbag recommendation,False,False,720,1280
7679522144794971424,https://www.tiktok.com/@mardeyahsspam/video/7679522144794971424,mardeyahsspam,mardeyahsspam,#fallbagrotation #autumnbags #brownbags #baginspo #fyp,#fallbagrotation #autumnbags #brownbags #baginspo #fyp,1331,107,5,2,25,2026-08-29T18:28:06.000Z,https://p16-common-sign.tiktokcdn-eu.com/tos-useast2a-p-0037-euttp/oQQmQFDPRS0kAPDqiFEqf5eKmb0EBEgQmUxXBd~tplv-tiktokx-origin.image?dr=10395&x-expires=1788555600&x-signature=n4tUjR9Z3bBOI0FoGttj9u3t2Fg%3D&t=4d5b0474&ps=13740610&shp=81f88b70&shcp=43f4a2f9&idc=no1a,,fall handbag,False,False,576,1024
7678550562106903839,https://www.tiktok.com/@delacruzmariely/video/7678550562106903839,delacruzmariely,Marieli,I need all the colors in this 🤍   #TikTokCreatorSearchInsightsIncentive #whatsonmypurse #trendingpurse #mombag #fall ,#tiktokcreatorsearchinsightsincentive #whatsonmypurse #trendingpurse #mombag #fall,724400,5185,35,198,6,2026-08-27T03:38:07.000Z,https://p16-common-sign.tiktokcdn-eu.com/tos-useast8-p-0068-tx2/ogixRAc1RAvGijHAi4PeCIsBK4PvI1qAC3mAEB~tplv-tiktokx-origin.image?dr=10395&x-expires=1788555600&x-signature=HcDrf8WTVVPVBFHMxGV2shC51VM%3D&t=4d5b0474&ps=13740610&shp=81f88b70&shcp=43f4a2f9&idc=no1a,,fall handbag,True,False,720,1280
7680374732868439326,https://www.tiktok.com/@genzscott/video/7680374732868439326,genzscott,genzscott,We love coach over here 😚 #fallbags #fallfashion #fallaesthetic #fallfashioninspo #coach @Coach ,#fallbags #fallfashion #fallaesthetic #fallfashioninspo #coach #,1088,85,6,1,45,2026-09-01T01:36:44.000Z,https://p16-common-sign.tiktokcdn-eu.com/tos-useast8-p-0068-tx2/oIlAOCEiF0DARsAYwIAhFTsEf8VAEqQEWUIqPf~tplv-tiktokx-origin.image?dr=10395&x-expires=1788555600&x-signature=LRq2YhF8rGGBcQVdSWUzPUtGFEQ%3D&t=4d5b0474&ps=13740610&shp=81f88b70&shcp=43f4a2f9&idc=no1a,,fall handbag,False,False,720,1280
7542571155513691447,https://www.tiktok.com/@katiegraff2/video/7542571155513691447,katiegraff2,𝚔 𝚊 𝚝 𝚒 𝚎,Some appreciation for this purse 👏🏼🤎 #purse #leatherbag #brownpurse #fallaesthetic #fallfashion ,#purse #leatherbag #brownpurse #fallaesthetic #fallfashion,2600000,40400,127,2475,11,2025-08-25T17:09:09.000Z,https://p16-common-sign.tiktokcdn-eu.com/tos-useast5-p-0068-tx/oISDYPfrE9yFQWFgoyMAdMJfwamRBvErZQD1m1~tplv-tiktokx-origin.image?dr=10395&x-expires=1788555600&x-signature=Eu%2FBcvk4%2FaOr1beuMWyx95%2FQmAA%3D&t=4d5b0474&ps=13740610&shp=81f88b70&shcp=43f4a2f9&idc=no1a,,fall handbag,True,False,576,1024
7672397358151372064,https://www.tiktok.com/@oliiwkax/video/7672397358151372064,oliiwkax,oliwka ⋆. 𐙚 ˚⋆. 𐙚 ˚,przepiekna!!!!😍  #fallbag #brownbag #unibag,#fallbag #brownbag #unibag,2400000,179100,165,9701,11,2026-08-10T13:40:19.000Z,https://p16-common-sign.tiktokcdn-eu.com/tos-useast2a-p-0037-euttp/oMzGSZDBFdhQeqzzKjqSADEI07FQQMKfgUdFeE~tplv-tiktokx-origin.image?dr=10395&x-expires=1788555600&x-signature=bzSD39naDjRNcdTglDe%2FVTxsM7w%3D&t=4d5b0474&ps=13740610&shp=81f88b70&shcp=43f4a2f9&idc=no1a,,fall handbag,False,False,576,1024
7675394918059232544,https://www.tiktok.com/@lifeaszeyno/video/7675394918059232544,lifeaszeyno,lifeaszeyno,The perfect fall bag 🍂👜 + the cutest Gisou keychain ✨@ZARA @Gisou #zarabag#autumn#zarahaul#zara#gisou ,# # #zarabag #autumn #zarahaul #zara #gisou,66600,3731,19,602,11,2026-08-18T15:32:24.000Z,https://p19-common-sign.tiktokcdn-eu.com/tos-useast2a-p-0037-euttp/owJ4DfRHDDEqF9XE8IE9HeIhhBmQ8WVQuHRLjA~tplv-tiktokx-origin.image?dr=10395&x-expires=1788555600&x-signature=R3GVTgtR3SzuShwWGIh9BLuIY5o%3D&t=4d5b0474&ps=13740610&shp=81f88b70&shcp=43f4a2f9&idc=no1a,,fall handbag,False,False,576,1024
7677707865758387478,https://www.tiktok.com/@thatgirllll000/video/7677707865758387478,thatgirllll000,thatgirl,I don’t think you understand… I’m OBSESSED 👜🍂🍁#zara #zaraviralhandbag #fyp #zarahaul #fallseason ,#zara #zaraviralhandbag #fyp #zarahaul #fallseason,8636,230,3,47,7,2026-08-24T21:07:48.000Z,https://p16-common-sign.tiktokcdn-eu.com/tos-no1a-p-0037-no/okRCzFixAiAIfAqqHLkFEKLjECAf1ALMBgDsEx~tplv-tiktokx-origin.image?dr=10395&x-expires=1788555600&x-signature=LkY419S56xPnBFvVLuOJV5bZvWA%3D&t=4d5b0474&ps=13740610&shp=81f88b70&shcp=43f4a2f9&idc=no1a,,fall handbag,False,False,576,1024
7671683934266068257,https://www.tiktok.com/@elinaa_pint/video/7671683934266068257,elinaa_pint,𝑬𝒍𝒊𝒏𝒂 𝜗𝜚 ⋆.˚₊,So perfect 🗝️🤎 #autumnstyle #fall #fallstyle #downtowngirl #2000sfashion ,#autumnstyle #fall #fallstyle #downtowngirl #2000sfashion,207500,51300,178,2348,11,2026-08-08T15:31:52.000Z,https://p16-common-sign.tiktokcdn-eu.com/tos-useast2a-p-0037-euttp/oswFlUezeADrb8GPIeOucgggGLjzp7jMuMIgG4~tplv-tiktokx-origin.image?dr=10395&x-expires=1788555600&x-signature=242B1U8jGPYl%2FH%2Ba%2BWQU%2FtTVpzQ%3D&t=4d5b0474&ps=13740610&shp=81f88b70&shcp=43f4a2f9&idc=no1a,,fall handbag,False,False,576,1024
7562917106992319766,https://www.tiktok.com/@susannaemii/video/7562917106992319766,susannaemii,Susanna,Classic everyday bags for all occasions this autumn/fall 🍂 @DeMellier and @RSVP Paris bags are *ad/gifted #everydaybags #bagcollection #luxuryhandbags #designerhandbags #demelliernewyork ,# # #everydaybags #bagcollection #luxuryhandbags #designerhandbags #demelliernewyork,97300,1607,47,57,21,2025-10-19T13:01:03.000Z,https://p16-common-sign.tiktokcdn-eu.com/tos-no1a-p-0037-no/o4CCA019YFHAkEOAIoEDsKf4QAmfghzmFkpUbR~tplv-tiktokx-origin.image?dr=10395&x-expires=1788555600&x-signature=A2YOr1VX97toSg8YvrNuVrN7sUs%3D&t=4d5b0474&ps=13740610&shp=81f88b70&shcp=43f4a2f9&idc=no1a,,fall handbag,False,False,576,1024
7677890098746133783,https://www.tiktok.com/@aimazin/video/7677890098746133783,aimazin,Aimazin,Chanel maxi flap unboxing 🫒 #fyp #chanel #unbox ,#fyp #chanel #unbox,377600,50100,227,5963,15,2026-08-25T08:55:04.000Z,https://p16-common-sign.tiktokcdn-eu.com/tos-no1a-p-0037-no/ow8NjrwDVQIeImLSWDGL9CDIQAGFesABFAeIG2~tplv-tiktokx-origin.image?dr=10395&x-expires=1788555600&x-signature=jiAhId%2FIS%2F5urPDIgZB3n1V0tmc%3D&t=4d5b0474&ps=13740610&shp=81f88b70&shcp=43f4a2f9&idc=no1a,,fall handbag,False,False,576,1024
7678521732306603277,https://www.tiktok.com/@katiegraff2/video/7678521732306603277,katiegraff2,𝚔 𝚊 𝚝 𝚒 𝚎,So perfect for fall 🍂🐻 #purse #shoulderbag #crossbodybag #fallaesthetic ,#purse #shoulderbag #crossbodybag #fallaesthetic,1600000,40000,72,1792,15,2026-08-27T01:46:15.000Z,https://p16-common-sign.tiktokcdn-eu.com/tos-useast5-p-0068-tx/oAxwdblaA9WCe5p1Ip6ABMFuuiIVIGiPpy0RvB~tplv-tiktokx-origin.image?dr=10395&x-expires=1788555600&x-signature=TxlOcdR5%2F7MncQmpj47L332p2l8%3D&t=4d5b0474&ps=13740610&shp=81f88b70&shcp=43f4a2f9&idc=no1a,,fall handbag,True,False,720,1280
7667555419241401614,https://www.tiktok.com/@dottedwings/video/7667555419241401614,dottedwings,dottedwings,so excited🧸🍂. . . #purse #whimsy #chic #slouchybag #vintage girly chic it girl fall fashion whimsy purse inspo ideas  ,#purse #whimsy #chic #slouchybag #vintage,93900,1943,11,46,6,2026-07-28T12:31:56.000Z,https://p19-common-sign.tiktokcdn-eu.com/tos-useast5-p-0068-tx/o09I3NiZ2VTCxopTC6CCo0wEBfAZiBBnDAL1FI~tplv-tiktokx-origin.image?dr=10395&x-expires=1788555600&x-signature=hj59FmqkAb%2F6bBwKFanuH9zUXms%3D&t=4d5b0474&ps=13740610&shp=81f88b70&shcp=43f4a2f9&idc=no1a,,fall handbag,False,False,720,1280
7676203768517578006,https://www.tiktok.com/@chloeemakpor/video/7676203768517578006,chloeemakpor,𝐂𝐡𝐥𝐨🤍🎀,#leatherbag #handbag #autumn #fallfashion #chic ,#leatherbag #handbag #autumn #fallfashion #chic,25700,737,1,64,8,2026-08-20T19:51:10.000Z,https://p16-common-sign.tiktokcdn-eu.com/tos-no1a-p-0037-no/oo67IYqG3iGDWKHZxda4v7qaOoEBBi7EENBBA~tplv-tiktokx-origin.image?dr=10395&x-expires=1788555600&x-signature=NoyT%2Bit97n4FUtXTy7OXz7CNSC8%3D&t=4d5b0474&ps=13740610&shp=81f88b70&shcp=43f4a2f9&idc=no1a,,fall handbag,False,False,576,1024
7675801071800814870,https://www.tiktok.com/@elliejadef/video/7675801071800814870,elliejadef,Ellie Jade,And so affordable 😍🤎🍂  #handbag #autumnfashion #spotlightfashion #tiktokmademebuyit #autumn ,#handbag #autumnfashion #spotlightfashion #autumn,528200,6002,10,463,9,2026-08-19T17:48:30.000Z,https://p16-common-sign.tiktokcdn-eu.com/tos-no1a-p-0037-no/owIYF1QCKAv6awIZzBIAOiiCY7BPcQDHrfqoHy~tplv-tiktokx-origin.image?dr=10395&x-expires=1788555600&x-signature=qRwV1UslIiDr9R%2BvRv1vVLEvb9Q%3D&t=4d5b0474&ps=13740610&shp=81f88b70&shcp=43f4a2f9&idc=no1a,,fall handbag,False,False,576,1024
7676177092140076310,https://www.tiktok.com/@chloeemakpor/video/7676177092140076310,chloeemakpor,𝐂𝐡𝐥𝐨🤍🎀,#leatherbag #fall #autumn #handbag #totebag ,#leatherbag #fall #autumn #handbag #totebag,92600,2165,5,184,7,2026-08-20T18:07:39.000Z,https://p16-common-sign.tiktokcdn-eu.com/tos-no1a-p-0037-no/oUqZkCHdlBmE0AFRpF7I4msBqhEfgBfObJQDEl~tplv-tiktokx-origin.image?dr=10395&x-expires=1788555600&x-signature=ZT42IT%2Bmlvv1TOtugSweUx66E2g%3D&t=4d5b0474&ps=13740610&shp=81f88b70&shcp=43f4a2f9&idc=no1a,,fall handbag,False,False,576,1024
7402598373913644321,https://www.tiktok.com/@verykiut/video/7402598373913644321,verykiut,Maria !,was looking for a brown suede bag for fall and i found this one i loveeee 💓 #bag #suede #totebag #fashiontiktok #suedebag #suedehandbag #suedebags #falltrends #pursetrends #fallfashion ,#bag #suede #totebag #fashiontiktok #suedebag #suedehandbag #suedebags #falltrends #pursetrends #fallfashion,1200000,40800,135,3281,10,2024-08-13T12:22:32.000Z,https://p16-common-sign.tiktokcdn-eu.com/tos-useast2a-p-0037-euttp/owiivUmrtDJEBS0xOmAgZJX3TAdIUEBw72i75~tplv-tiktokx-origin.image?dr=10395&x-expires=1788555600&x-signature=QLqo53lcbIzUyShjm67sVP32Vfg%3D&t=4d5b0474&ps=13740610&shp=81f88b70&shcp=43f4a2f9&idc=no1a,,fall handbag,False,False,576,1024
7680693224293338390,https://www.tiktok.com/@ayan_bookh/video/7680693224293338390,ayan_bookh,Ayan Bookh,Obsessed 😍 thank you @polene_paris 🤍,#,11400,1479,17,50,30,2026-09-01T22:12:36.000Z,https://p19-common-sign.tiktokcdn-eu.com/tos-no1a-p-0037-no/oESX4d5iZBdZPBaEArGvEI7MPTiBE9pJBRpSY~tplv-tiktokx-origin.image?dr=10395&x-expires=1788555600&x-signature=cgcvhvVi4LT4HK1NYWYl6NFJdWA%3D&t=4d5b0474&ps=13740610&shp=81f88b70&shcp=43f4a2f9&idc=no1a,,fall handbag,False,False,576,1024
7677516491104865569,https://www.tiktok.com/@rachy1190/video/7677516491104865569,rachy1190,ThatGirlRach🩷,Unbox the Zara autumn handbag of 2026 with me 😍😍…  Isn’t she lovely 🫶🏼.. also can’t wait to try the perfume I’ve heard so many good things ❤️xx  #unboxing #zara #zarahaul #autumnfashion #zarabag ,#unboxing #zara #zarahaul #autumnfashion #zarabag,10800,51,10,13,34,2026-08-24T08:45:13.000Z,https://p16-common-sign.tiktokcdn-eu.com/tos-useast2a-p-0037-euttp/o4TALGGegAMZQpGIgGCIFKgeMQkjgALyVYD48e~tplv-tiktokx-origin.image?dr=10395&x-expires=1788555600&x-signature=CllhYqJ1k06A7wchaf8hgFgnL%2FE%3D&t=4d5b0474&ps=13740610&shp=81f88b70&shcp=43f4a2f9&idc=no1a,,fall handbag,False,False,576,1024
7679968550978686238,https://www.tiktok.com/@prettyangelhue/video/7679968550978686238,prettyangelhue,niya 🦢,🧁 the sweetest bag for fall semester! what’s in my bag tour 💕 bag: cloud nine crew boston tote  #fyp #whatsinmybag #purse #purseessentials #kpop ,#fyp #whatsinmybag #purse #purseessentials #kpop,2244,519,11,15,16,2026-08-30T23:20:39.000Z,https://p16-common-sign.tiktokcdn-us.com/tos-useast8-p-0068-tx2/osIDqlBg1eGLEBo4TdmESTbAEqVsUiqEmAfFRu~tplv-tiktokx-origin.image?dr=9636&x-expires=1788555600&x-signature=kmVLPZsqruDOeJ5VfXsce0abC8Q%3D&t=4d5b0474&ps=13740610&shp=81f88b70&shcp=43f4a2f9&idc=useast8,,whats in my bag tote,False,False,720,1280
7671989241408425237,https://www.tiktok.com/@genevievesjy/video/7671989241408425237,genevievesjy,genevieve 🎀,Replying to @beanieeeeee what’s in my airport bag ✈️💞 got the SAORISE shoulder tote from @Rabeanco.Rabeanco and it fits SOOO MUCH + it’s in the sweetest pink color i just LURRRVEEEE😭,# #,37400,3307,21,109,45,2026-08-09T11:16:40.000Z,https://p19-common-sign.tiktokcdn-us.com/tos-alisg-p-0037/oIDIoQwvAAGeDj4EjFfDGUDE5Ae9sEINyAJXAw~tplv-tiktokx-origin.image?dr=9636&x-expires=1788555600&x-signature=acVtAxLc9jAiBUnXrSwUQLhJFhY%3D&t=4d5b0474&ps=13740610&shp=81f88b70&shcp=43f4a2f9&idc=useast8,,whats in my bag tote,False,False,576,1024
7578226532787834142,https://www.tiktok.com/@alyssa_coraa/video/7578226532787834142,alyssa_coraa,Alyssa Cora,"here’s a mini tour of everything i keep in my tote bag! since i do carry around an obscene amount of things with me, this is a longer video, but i love watching these, so i figured i would give it a shot 📚🌂💄#whatsinmybag #reader #prideandprejudice #november #college ",#whatsinmybag #reader #prideandprejudice #november #college,22800,1392,28,18,372,2025-11-29T19:09:46.000Z,https://p19-common-sign.tiktokcdn-us.com/tos-useast8-p-0068-tx2/oAAIAi7AIJTE0ARPrA8lAaPTYCpBCBieKShig1~tplv-tiktokx-origin.image?dr=9636&x-expires=1788555600&x-signature=pAeqSCrQQ7k%2BE%2FYlw2sdTVxsGdA%3D&t=4d5b0474&ps=13740610&shp=81f88b70&shcp=43f4a2f9&idc=useast8,,whats in my bag tote,False,False,720,1280
7637248680206077215,https://www.tiktok.com/@jamilahaguayo/video/7637248680206077215,jamilahaguayo,jamilah 𐙚🧸ྀི,a very chaotic type b what’s in my mom bag 😀 #whatsinmybag #mombag #llbeantote @andar  @Mure and Grand  @llbean  @Urban Outfitters  @aerie  @target  @BURGA  @David Protein  @Liquid I.V.  @Once Upon a Farm,#whatsinmybag #mombag #llbeantote # # # # # # # # # #,14500,1113,21,17,313,2026-05-07T20:25:36.000Z,https://p16-common-sign.tiktokcdn-us.com/tos-useast8-p-0068-tx2/owAEDUz8SHpIfBGw83BnPIj6Vf9RioiAW48EkK~tplv-tiktokx-origin.image?dr=9636&x-expires=1788555600&x-signature=aI4ZkE5V6WQnJkyw48iO%2B23eMtg%3D&t=4d5b0474&ps=13740610&shp=81f88b70&shcp=43f4a2f9&idc=useast8,,whats in my bag tote,False,False,720,1280
7672544666629278984,https://www.tiktok.com/@emanosmannn/video/7672544666629278984,emanosmannn,eman osman,"what’s in my bag for u nosy gals (me im nosy) bag is the park tote from the row, size medium   #whatsinmybag #therowparktote #chicstyle ",#whatsinmybag #therowparktote #chicstyle,17100,1422,14,17,67,2026-08-10T23:12:00.000Z,https://p16-common-sign.tiktokcdn-us.com/tos-alisg-p-0037/oMVe4IdIDywjlCWBAEftAEDLWF9rCUDIcfoj16~tplv-tiktokx-origin.image?dr=9636&x-expires=1788555600&x-signature=ygCYRWlBk8t%2Fnsn%2Fs0l7%2BV7Cjag%3D&t=4d5b0474&ps=13740610&shp=81f88b70&shcp=43f4a2f9&idc=useast8,,whats in my bag tote,False,False,576,1024
7538070633608006930,https://www.tiktok.com/@bewareofpity/video/7538070633608006930,bewareofpity,Malissa,What’s in my tote bag 💼  #whatsinmybag#booktok ,#whatsinmybag #booktok,273400,34500,139,310,94,2025-08-13T14:04:02.000Z,https://p16-common-sign.tiktokcdn-us.com/tos-alisg-p-0037/o884JPbIiI3AicCAmEAAaB1El9AIYUDBimNIy~tplv-tiktokx-origin.image?dr=9636&x-expires=1788555600&x-signature=C4XjLrY1aBQqsLeZjnVTjYBAZ3Y%3D&t=4d5b0474&ps=13740610&shp=81f88b70&shcp=43f4a2f9&idc=useast8,,whats in my bag tote,False,False,576,1024
7672544867897167118,https://www.tiktok.com/@melissaqin/video/7672544867897167118,melissaqin,Melissa Qin,she’s truly been through it all with me @Miu Miu @Emi Jay @GENTLE MONSTER @Owala @Summer Fridays @pradabeauty @SAINT LAURENT @Charlotte Tilbury @Diorbeauty @Penhaligon’s @SALT & STONE @AquaphorUS #whatsinmybag #totebag #medstudent #harvard #medstudent ,# # # # # # # # # # # # #whatsinmybag #totebag #medstudent #harvard #medstudent,79000,10400,36,162,136,2026-08-10T23:13:09.000Z,https://p19-common-sign.tiktokcdn-us.com/tos-useast5-p-0068-tx/ocfLyICQQxjkzLMpNehM0QLNUgDtoGfM9IIAAH~tplv-tiktokx-origin.image?dr=9636&x-expires=1788555600&x-signature=Omed49nNZSs5yUrN5wp2jks6uKU%3D&t=4d5b0474&ps=13740610&shp=81f88b70&shcp=43f4a2f9&idc=useast8,,whats in my bag tote,False,False,720,1280
7659504801301957901,https://www.tiktok.com/@yourasiangirlie/video/7659504801301957901,yourasiangirlie,yourasiangirlie,Replying to @Dalena Le Better late than never 🤭 Here’s my long overdue “What’s In My Trader Joe’s Tote Bag?” video! 🫣   Filmed on #insta360lunaultra  #traderjoes #traderjoestotebag #everydaybag #totebag ,# #insta360lunaultra #traderjoes #traderjoestotebag #everydaybag #totebag,4990,224,3,6,182,2026-07-06T19:51:02.000Z,https://p19-common-sign.tiktokcdn-us.com/tos-useast5-p-0068-tx/oE9pEAMERShffcBpBgAARIATEAIqbkDowkyDFC~tplv-tiktokx-origin.image?dr=9636&x-expires=1788555600&x-signature=FAyzUbaE8PRJNZAtj5D1s1HPL9o%3D&t=4d5b0474&ps=13740610&shp=81f88b70&shcp=43f4a2f9&idc=useast8,,whats in my bag tote,False,False,720,1280
7644074808359046430,https://www.tiktok.com/@blurrytokki/video/7644074808359046430,blurrytokki,syd cha,@Badblue best purchase ever 💛 #packwithme #whatsinmybag #bag #totebag #badblue ,# #packwithme #whatsinmybag #bag #totebag #badblue,20100,745,24,42,25,2026-05-26T05:54:37.000Z,https://p16-common-sign.tiktokcdn-us.com/tos-useast8-p-0068-tx2/oo5maeA4HIzBk4EUAiBNINIVedIQmCIqkGfjKL~tplv-tiktokx-origin.image?dr=9636&x-expires=1788555600&x-signature=LW%2BXAkhD0304%2BW4CWacRGCt1cVc%3D&t=4d5b0474&ps=13740610&shp=81f88b70&shcp=43f4a2f9&idc=useast8,,whats in my bag tote,True,False,720,1280
7608259682804763935,https://www.tiktok.com/@popupsbrandbags/video/7608259682804763935,popupsbrandbags,PopUps Brand,quick what’s in my bag 🫶🏼 what random things are inside your everyday tote? #popups #whatsinmybag #onthego ,#popups #whatsinmybag #onthego,2509,23,1,3,75,2026-02-18T17:33:54.000Z,https://p16-common-sign.tiktokcdn-us.com/tos-useast8-p-0068-tx2/ogfrHbAgA4NeAQGIASvMAeEYAGoNAgNA4eriex~tplv-tiktokx-origin.image?dr=9636&x-expires=1788555600&x-signature=3kE9X6kY%2FQzGG7fzHuetRu0B85Y%3D&t=4d5b0474&ps=13740610&shp=81f88b70&shcp=43f4a2f9&idc=useast8,,whats in my bag tote,False,False,720,1280
7573625556227394838,https://www.tiktok.com/@xiennana/video/7573625556227394838,xiennana,sje ʚ♡ɞ,mini what’s in my bag 🧸 #whatsinmybag #totebags #brownbag #girlytok #girlythings ,#whatsinmybag #totebags #brownbag #girlytok #girlythings,332700,56600,216,1327,15,2025-11-17T09:35:23.000Z,https://p19-common-sign.tiktokcdn-us.com/tos-no1a-p-0037-no/oo7vMI3BlIYRMHZ8zRxrcAZiBR1raB7FiZKEa~tplv-tiktokx-origin.image?dr=9636&x-expires=1788555600&x-signature=cLNTUlx2V9UMqokPvf8U7CQYkUA%3D&t=4d5b0474&ps=13740610&shp=81f88b70&shcp=43f4a2f9&idc=useast8,,whats in my bag tote,False,False,576,1024
7681032031723162900,https://www.tiktok.com/@zlatik1331.2/video/7681032031723162900,zlatik1331.2,zlatik13312,what’s in my bag #сумка #обзор #учеба #вещи #что @Фрукто-Драма ,#сумка #обзор #учеба #вещи #что #,413,88,1,1,122,2026-09-02T20:07:24.000Z,https://p16-common-sign.tiktokcdn-us.com/tos-alisg-p-0037/osAIqBQvHADEgbA1IUEECpRx4cFfRmVEGAZkfA~tplv-tiktokx-origin.image?dr=9636&x-expires=1788555600&x-signature=TEOfHZDxRYTDu2DASwYDsmPdPIo%3D&t=4d5b0474&ps=13740610&shp=81f88b70&shcp=43f4a2f9&idc=useast5,,what's in my bag,False,False,576,1024
7680953886949084430,https://www.tiktok.com/@joanna.gabrielle/video/7680953886949084430,joanna.gabrielle,Joanna Gabrielle,In loveee w my new bag #whatsinmybag #unibag #whatsinmyunibag #vocalperformance #nyu ,#whatsinmybag #unibag #whatsinmyunibag #vocalperformance #nyu,2074,142,3,2,350,2026-09-02T15:04:41.000Z,https://p16-common-sign.tiktokcdn-us.com/tos-useast5-p-0068-tx/o8HukLGwjIHFfQARgwIIvYEAdA7AheAbMVeWyE~tplv-tiktokx-origin.image?dr=9636&x-expires=1788555600&x-signature=xGZCd3dZSIhYC%2BtBmMpGVDCA5nI%3D&t=4d5b0474&ps=13740610&shp=81f88b70&shcp=43f4a2f9&idc=useast5,,what's in my bag,False,False,720,1280
7681005385888713998,https://www.tiktok.com/@gabysnookasmr/video/7681005385888713998,gabysnookasmr,Gaby ✨,Cuz I’m bored at workkk #asmr #whatsinmybag #silent #relaxing #fyp ,#asmr #whatsinmybag #silent #relaxing #fyp,2882,370,2,0,248,2026-09-02T18:24:26.000Z,https://p19-common-sign.tiktokcdn-us.com/tos-useast5-p-0068-tx/oQQYQEH7jabMA4DVAFWTfymzCflIGEeAk3MdCj~tplv-tiktokx-origin.image?dr=9636&x-expires=1788555600&x-signature=fHbZOwnr11Ma7KlA%2B5P%2F2F3w8iE%3D&t=4d5b0474&ps=13740610&shp=81f88b70&shcp=43f4a2f9&idc=useast5,,what's in my bag,False,False,720,1280
7446808441500372226,https://www.tiktok.com/@helenaludoella/video/7446808441500372226,helenaludoella,helenaludoella,@cosmopolitanvintage #whatsinmybag #chloépaddington #bag #vintagedesignerbags ,# #whatsinmybag #chloépaddington #bag #vintagedesignerbags,1400000,127500,388,2201,344,2024-12-10T15:40:07.000Z,https://p16-common-sign.tiktokcdn-us.com/tos-no1a-p-0037-no/ogMI7sAFSLhUAFIA5OUrjfAAGIQpeLlGghg1Qe~tplv-tiktokx-origin.image?dr=9636&x-expires=1788555600&x-signature=0QBiYgVCH8u5Kh%2B2bNsb1zggRic%3D&t=4d5b0474&ps=13740610&shp=81f88b70&shcp=43f4a2f9&idc=useast5,,what's in my bag,False,False,576,1024
7389862079458577672,https://www.tiktok.com/@illit_official/video/7389862079458577672,illit_official,ILLIT,What I carry everyday😘 #WIMB #WONHEE #원희 #ILLIT #아일릿,#wimb #wonhee #원희 #illit #아일릿,6300000,684300,6058,10900,11,2024-07-10T10:00:00.000Z,https://p16-common-sign.tiktokcdn-us.com/tos-alisg-p-0037/oAU6BAOiKKvf7gC7EwAwMIAREAyz53B5h5HAiB~tplv-tiktokx-origin.image?dr=9636&x-expires=1788555600&x-signature=5GzwxN9rEiW1UzbNyU5RzDUwUQ0%3D&t=4d5b0474&ps=13740610&shp=81f88b70&shcp=43f4a2f9&idc=useast5,,what's in my bag,False,False,720,1280
7680926226776657166,https://www.tiktok.com/@annaakkasveedu/video/7680926226776657166,annaakkasveedu,Anna Anthony,Didnt know how bad I needed this! Tag as many brands as you can recognize! #makeupbrand #makeupbag #whatsinmymakeupbag @Huda Beauty @Laura Mercier MY @Maybelline NY @Benefit Cosmetics @NYX Professional Makeup @Morphe Cosmetics @Makeup By Mario @Anastasia Beverly Hills @ONE SIZE BEAUTY @buxomcosmetics @TIRTIR Inc. @Juvia’s Place @L’Oréal Paris @Cynthia Victor ,#makeupbrand #makeupbag #whatsinmymakeupbag # # # # # # # # # # # # # #,26500,2275,24,26,379,2026-09-02T13:16:53.000Z,https://p19-common-sign.tiktokcdn-us.com/tos-useast5-p-0068-tx/ogCx7hEwJwAiniBICPIl4TfQADBxBBAICAc1wY~tplv-tiktokx-dmt-logom:tos-useast5-i-0068-tx/oEOMGe1FIIfkQ4Q8eAVALE4wIMjEAAP4EHUAq4.image?dr=9634&x-expires=1788555600&x-signature=4L%2FsDN06vS8wYSmzaEHo5yahJGI%3D&t=4d5b0474&ps=13740610&shp=81f88b70&shcp=43f4a2f9&idc=useast5,,what's in my bag,False,False,720,1280
7680948025736383775,https://www.tiktok.com/@enigivensunday/video/7680948025736383775,enigivensunday,Eni,Didn’t end up needing the fan this day because September is already coming in quick with the cooler temps #usopen #whatsinmybag ,#usopen #whatsinmybag,20500,3928,30,22,55,2026-09-02T14:41:39.000Z,https://p19-common-sign.tiktokcdn-us.com/tos-useast8-p-0068-tx2/owYeYhUERIFAaVcf3aIDahDqrVnFEEgDBAOUNm~tplv-tiktokx-origin.image?dr=9636&x-expires=1788555600&x-signature=84Bz2AG3e3KfUpf%2BNBU12WhM18s%3D&t=4d5b0474&ps=13740610&shp=81f88b70&shcp=43f4a2f9&idc=useast5,,what's in my bag,False,False,720,1280
7680982509798067469,https://www.tiktok.com/@theautumndeaton/video/7680982509798067469,theautumndeaton,autumn,"My mom calls this my “bowling bag” because of how much I always keep in it!  Today I’m carrying my Louise Carmen Pocket & Roadblock (with Esterbrook & Kaweco pens in the journals), my headphones, Outlander, which I reread every year starting September 1st, The Count of Monte Cristo, the Bible my mom carried in her purse every day (we have the same first initial!), my Kindle, ALL of the hair clips, and of course, my wallet!  This is my favvv bag, the RL Polo ID Satchel. I fill it to the brim and use it every single day!  Have the best day! #louisecarmen #whatsinmybag #journaltok #joirnaling #bo",#louisecarmen #whatsinmybag #journaltok #joirnaling #booktok # # # #,970,88,4,1,33,2026-09-02T16:55:15.000Z,https://p19-common-sign.tiktokcdn-us.com/tos-useast5-p-0068-tx/oIAIwi6AIp7E1AVfYAiTCCPoURoBCBi4JZFBok~tplv-tiktokx-origin.image?dr=9636&x-expires=1788555600&x-signature=0XiGJdIaolbQC5BrYr461FTVibU%3D&t=4d5b0474&ps=13740610&shp=81f88b70&shcp=43f4a2f9&idc=useast5,,what's in my bag,False,False,720,1280
7680544292774907169,https://www.tiktok.com/@laylaparisnoble/video/7680544292774907169,laylaparisnoble,layla paris noble 🧚,Heheeheh someone requested this so here we go🥹🫶🏼😂🌸✨,,11900,1830,22,16,175,2026-09-01T12:34:35.000Z,https://p19-common-sign.tiktokcdn-us.com/tos-useast2a-p-0037-euttp/oUAGCljWtfVIeDutyCGY1EFbMLxjIiLgIScIfi~tplv-tiktokx-origin.image?dr=9636&x-expires=1788555600&x-signature=GIYRuFZZTkQKXL4jJURVzF%2BMFqg%3D&t=4d5b0474&ps=13740610&shp=81f88b70&shcp=43f4a2f9&idc=useast5,,what's in my bag,False,False,576,1024
7680346093212798226,https://www.tiktok.com/@reginaabugarin/video/7680346093212798226,reginaabugarin,Regina,What’s in my bag 👛🎀 #whatsinmybag #bags #musthaves #girlbag #essentials ,#whatsinmybag #bags #musthaves #girlbag #essentials,8709,1270,19,17,78,2026-08-31T23:45:34.000Z,https://p19-common-sign.tiktokcdn-us.com/tos-alisg-p-0037/o0iNQtICIAAfiI2WC1WwGEwEuAijKESBwEjjD7~tplv-tiktokx-origin.image?dr=9636&x-expires=1788555600&x-signature=EFTB2P7jiVkkgP5kFRr%2BvLHhAN4%3D&t=4d5b0474&ps=13740610&shp=81f88b70&shcp=43f4a2f9&idc=useast5,,what's in my bag,False,False,576,1024
7680296331885153543,https://www.tiktok.com/@marcelatriggiano/video/7680296331885153543,marcelatriggiano,marcelatriggiano,Hoy les estoy abriendo mi corazón!! 💗 Y enseñándoles todo lo que llevo en mi ✨BIG BAG👜 #haul #bag #whatsinmybag #grwm #cartera ,#haul #bag #whatsinmybag #grwm #cartera,7592,789,29,5,159,2026-08-31T20:32:25.000Z,https://p19-common-sign.tiktokcdn-us.com/tos-alisg-p-0037/oIfrvumIAujZAQeIjELVAyEGAG47AD0ae8KIg7~tplv-tiktokx-origin.image?dr=9636&x-expires=1788555600&x-signature=AMIkx2EMPKrbcK1KJleYFUagQ9A%3D&t=4d5b0474&ps=13740610&shp=81f88b70&shcp=43f4a2f9&idc=useast5,,what's in my bag,False,False,576,1024
7631756917018348820,https://www.tiktok.com/@kharisjournal/video/7631756917018348820,kharisjournal,Kharis,My fav genuine leather bags for work from @giimii.official 🖤  Fits my 13” laptop and has just the right amount of compartments. Could this be your dream work bag?                        #workbag  #totebag #leatherbag #shoulderbag #leathertotebag bigbag handbag largehandbag workbags leatherworkbag leathertotebag gymbag travelbag,# #workbag #totebag #leatherbag #shoulderbag #leathertotebag,143900,1357,15,148,129,2026-04-23T01:14:52.000Z,https://p19-common-sign.tiktokcdn-us.com/tos-alisg-p-0037/oQAz5XWRDQHRmS0KAmFAcdRKNCfvpABIEfggE6~tplv-tiktokx-origin.image?dr=9636&x-expires=1788555600&x-signature=sMFViPaCdtYtc9wrdflgdWO4Q9Y%3D&t=4d5b0474&ps=13740610&shp=81f88b70&shcp=43f4a2f9&idc=useast8,,work tote bag,False,False,576,1024
7681038552125295903,https://www.tiktok.com/@itscelesta/video/7681038552125295903,itscelesta,itscelesta👜🩵,zipper tote with a laptop compartment shouldn’t be that hard to find but somehow it is😭 #workbag #affordableluxury #designerbags #corporatefashion #worktote ,#workbag #affordableluxury #designerbags #corporatefashion #worktote,586,14,0,1,33,2026-09-02T20:32:49.000Z,https://p19-common-sign.tiktokcdn-us.com/tos-useast8-p-0068-tx2/o0jCiEMDAA1Bv1GFfdqVEFAeIWYLVmIKIRY64V~tplv-tiktokx-origin.image?dr=9636&x-expires=1788555600&x-signature=V3IgJLzqQksiTvtENoD3Tqkz800%3D&t=4d5b0474&ps=13740610&shp=81f88b70&shcp=43f4a2f9&idc=useast8,,work tote bag,False,False,720,1280
7654640127519624461,https://www.tiktok.com/@frejanyc/video/7654640127519624461,frejanyc,Freja,Everything that our founder @Jenny keeps in her Paloma tote bag. #frejanyc #frejabag #workbag ,# #frejanyc #frejabag #workbag,135200,536,14,99,58,2026-06-23T17:13:47.000Z,https://p19-common-sign.tiktokcdn-us.com/tos-useast5-p-0068-tx/ocpAHd2AgV3B5ExBB1RIsYPeCSBi6vi1wIEIt5~tplv-tiktokx-origin.image?dr=9636&x-expires=1788555600&x-signature=ZIs0fwn4bbCl247N714WNb8%2FsiY%3D&t=4d5b0474&ps=13740610&shp=81f88b70&shcp=43f4a2f9&idc=useast8,,work tote bag,True,False,576,1024
7674421573494836510,https://www.tiktok.com/@lydocious/video/7674421573494836510,lydocious,lydocious,SHES SO CUTE ugh I love her! Teaching in style 🤪 #bagunboxing #coachtotebag ,#bagunboxing #coachtotebag,14700,329,28,20,137,2026-08-16T00:35:29.000Z,https://p19-common-sign.tiktokcdn-us.com/tos-useast8-p-0068-tx2/o8Bz7KXERIbAdVXf42IDAeDqghPFEE1QBAvTBg~tplv-tiktokx-origin.image?dr=9636&x-expires=1788555600&x-signature=GaIu15yqV%2BXoXuwb5%2FjLn1T6i0s%3D&t=4d5b0474&ps=13740610&shp=81f88b70&shcp=43f4a2f9&idc=useast8,,work tote bag,False,False,720,1280
7669153921851460894,https://www.tiktok.com/@lilychrie/video/7669153921851460894,lilychrie,Lily Chérie,Hands down the best Longchamp Le Pliage bag @Longchamp #lepliage #longchamplepliage #totebag #chicbags #worktote ,# #lepliage #longchamplepliage #totebag #chicbags #worktote,91100,3802,33,171,75,2026-08-01T19:54:21.000Z,https://p16-common-sign.tiktokcdn-us.com/tos-useast8-p-0068-tx2/oIvuI1qxNpZiCTv5iAI02wVfuMCASiIBEsqAqy~tplv-tiktokx-origin.image?dr=9636&x-expires=1788555600&x-signature=4sAX%2Fy4B%2FSByyKlZIaXQf342Ahw%3D&t=4d5b0474&ps=13740610&shp=81f88b70&shcp=43f4a2f9&idc=useast8,,work tote bag,True,False,576,1024
7676973628340112653,https://www.tiktok.com/@jammthebrand/video/7676973628340112653,jammthebrand,jamm 🎀,new work bag for that new promotion💻👜🥳 linked on my LTK: jammthebrand @BÉIS #beisworktote #beisworkbag #beisluggage #worktote #workbag,# #beisworktote #beisworkbag #beisluggage #worktote #workbag,468,34,12,1,223,2026-08-22T21:38:55.000Z,https://p19-common-sign.tiktokcdn-us.com/tos-useast5-p-0068-tx/osAAExIQIHAVdfFenLLkUTEiQd3lBIAiGECjAf~tplv-tiktokx-dmt-logom:tos-useast5-i-0068-tx/okfqFhsSiCDF3BHEAIsAnAAweWbguqSQDERKEC.image?dr=9634&x-expires=1788555600&x-signature=GPEi52mMZl%2FSwhEAsommblemXls%3D&t=4d5b0474&ps=13740610&shp=81f88b70&shcp=43f4a2f9&idc=useast8,,work tote bag,False,False,720,1280
7603517602899578125,https://www.tiktok.com/@its_annel/video/7603517602899578125,its_annel,Dr. Annel | DENTIST,please & thank you 👜 #healthcareworker #healthcaregirlies #workbag #worktote @BAGSMART ,#healthcareworker #healthcaregirlies #workbag #worktote #,128400,1966,80,25,30,2026-02-05T22:51:53.000Z,https://p16-common-sign.tiktokcdn-us.com/tos-useast5-p-0068-tx/oUd6QSYXsDAwHKytfRFwDRpGaEQgABuhQ2f7FE~tplv-tiktokx-origin.image?dr=9636&x-expires=1788555600&x-signature=z48ANwJQs2%2FzfoR2NJm8%2BLvHegI%3D&t=4d5b0474&ps=13740610&shp=81f88b70&shcp=43f4a2f9&idc=useast8,,work tote bag,False,False,720,1280
7664427314301766932,https://www.tiktok.com/@stripedcardi/video/7664427314301766932,stripedcardi,tul🐤,loving today's color combo 👀 #baggu #totebag #taswanita #beige #navy ,#baggu #totebag #taswanita #beige #navy,67900,2688,53,122,17,2026-07-20T02:12:39.000Z,https://p19-common-sign.tiktokcdn-us.com/tos-alisg-p-0037/occRjXEJBeMTndcBENQRhCgQDfA4FBDZ3BWqYQ~tplv-tiktokx-origin.image?dr=9636&x-expires=1788555600&x-signature=zwVm%2FYzxTqPar1VmfvzyJ%2B5lNTs%3D&t=4d5b0474&ps=13740610&shp=81f88b70&shcp=43f4a2f9&idc=useast8,,work tote bag,False,False,576,1024
7676538214038899999,https://www.tiktok.com/@_sassycasie_/video/7676538214038899999,_sassycasie_,_sassycassie,I love my girl 🤣❤️ #lululemon #lululemontotebag #whatsinmybag #purse #workbag ,#lululemon #lululemontotebag #whatsinmybag #purse #workbag,45500,597,5,41,16,2026-08-21T17:29:04.000Z,https://p19-common-sign.tiktokcdn-us.com/tos-useast8-p-0068-tx2/okCiTbVBiIRyaF2EjCvxyKBAAAEIioLi9V7uk~tplv-tiktokx-origin.image?dr=9636&x-expires=1788555600&x-signature=PXTWNVFvgG3ZGvBtIb3UY8TJPms%3D&t=4d5b0474&ps=13740610&shp=81f88b70&shcp=43f4a2f9&idc=useast8,,work tote bag,True,False,720,1280
7636555788705697037,https://www.tiktok.com/@juli._.77/video/7636555788705697037,juli._.77,Juliana,Unboxing my new Lyla tote bag  in the prettiest espresso brown color from @CHARLESKEITHOFFICIAL #imwithcharleskeith #workbag #officebag #totebag #unibag ,# #imwithcharleskeith #workbag #officebag #totebag #unibag,73100,906,59,647,22,2026-05-05T23:37:08.000Z,https://p16-common-sign.tiktokcdn-us.com/tos-useast5-p-0068-tx/oYAjAedbGHPTLAMIFpIfPfQk9Ekgd4jA1SjD5A~tplv-tiktokx-origin.image?dr=9636&x-expires=1788555600&x-signature=2AKpg3SsXv%2BafOTraFiRclb0VCM%3D&t=4d5b0474&ps=13740610&shp=81f88b70&shcp=43f4a2f9&idc=useast8,,work tote bag,False,False,720,1280
7678459630992755988,https://www.tiktok.com/@dakota.chann/video/7678459630992755988,dakota.chann,Dakota Chan,My favorite tote bags from @CHARLESKEITHOFFICIAL! totes 🔗 in ShopMy !#worktotebag #totebag #schoolbag #browntote #charlesandkeith ,# #worktotebag #totebag #schoolbag #browntote #charlesandkeith,10100,238,15,42,63,2026-08-26T21:45:04.000Z,https://p16-common-sign.tiktokcdn-us.com/tos-alisg-p-0037/o0oEHGXACriDdbehAAAjlefyI4DFPXEVAERIK6~tplv-tiktokx-dmt-logom:tos-alisg-i-0068/oEPvLAAgVIDeXuheEYWQAyM7IHAj6tAgQe8Kor.image?dr=9634&x-expires=1788555600&x-signature=34LGMDmkrSI8JwanEFLI3UZocf8%3D&t=4d5b0474&ps=13740610&shp=81f88b70&shcp=43f4a2f9&idc=useast5,,work tote bag,False,False,576,1024
7669143359750950175,https://www.tiktok.com/@juliakuliss/video/7669143359750950175,juliakuliss,JULIA KULIS,My work bag!!! From @Etsy   #workbag #blacktotebag #officebags #corporatelife ,# #workbag #blacktotebag #officebags #corporatelife,192500,12000,92,541,36,2026-08-01T19:13:22.000Z,https://p16-common-sign.tiktokcdn-us.com/tos-useast8-p-0068-tx2/oEUiqAAqUDIfze8cEaLIAqGhI3AjGCAQI8eNqI~tplv-tiktokx-origin.image?dr=9636&x-expires=1788555600&x-signature=j5A4Cnu5eEnq7uV10IcOqqrqtf0%3D&t=4d5b0474&ps=13740610&shp=81f88b70&shcp=43f4a2f9&idc=useast5,,work tote bag,True,False,720,1280
7662364837929897236,https://www.tiktok.com/@siora.sg/video/7662364837929897236,siora.sg,SIORA,pack our bestseller the siora tote in brown with us 🤎  #totebag #workbag #laptopbag #viral #fyp ,#totebag #workbag #laptopbag #viral #fyp,214700,4208,42,664,23,2026-07-14T12:49:02.000Z,https://p16-common-sign.tiktokcdn-us.com/tos-alisg-p-0037/oQWASMANiAwBYWwlBYLdazMiEAuBDTSpvlIAE~tplv-tiktokx-origin.image?dr=9636&x-expires=1788555600&x-signature=2Rq9LaDM4gX8eJk6Q%2FJQ6cUD9hU%3D&t=4d5b0474&ps=13740610&shp=81f88b70&shcp=43f4a2f9&idc=useast5,,work tote bag,False,False,576,1024
7658342154971909389,https://www.tiktok.com/@yar._a/video/7658342154971909389,yar._a,Yara Abdalla,"so chic and simple, she’s perfect #ysl #totebag ",#ysl #totebag,228200,10700,49,831,13,2026-07-03T16:39:20.000Z,https://p19-common-sign.tiktokcdn-us.com/tos-useast5-p-0068-tx/oACELyW2I6iIk3jEKPfDfHkjW3AFAAeAAtQUQu~tplv-tiktokx-origin.image?dr=9636&x-expires=1788555600&x-signature=UF0y2sIAzTOn2rMCj0lCkDNaHPs%3D&t=4d5b0474&ps=13740610&shp=81f88b70&shcp=43f4a2f9&idc=useast5,,work tote bag,False,False,720,1280
7676035599781858582,https://www.tiktok.com/@mystackers/video/7676035599781858582,mystackers,Stackers,"Workday, but make it effortless ✨  The Work Tote is designed to keep busy days beautifully organised with space for your laptop, everyday essentials, a removable bottle pouch and plenty of clever pockets.   From desk to commute and everything in between, it’s the grab-and-go bag that keeps up with you. 🤎  #stackers #workbags #totebag #bestworkbag #unibags ",#stackers #workbags #totebag #bestworkbag #unibags,80500,106,0,12,40,2026-08-20T10:00:00.000Z,https://p16-common-sign.tiktokcdn-us.com/tos-no1a-p-0037-no/ooViIyb4BDrgYALjjLugPwfYLDIJA8eIeLBGIs~tplv-tiktokx-origin.image?dr=9636&x-expires=1788555600&x-signature=N%2FXksJ4CizEStf8ILfHGdYveC0M%3D&t=4d5b0474&ps=13740610&shp=81f88b70&shcp=43f4a2f9&idc=useast5,,work tote bag,True,False,576,1024
7678314323592203534,https://www.tiktok.com/@annastazya.s/video/7678314323592203534,annastazya.s,Annastazya,Who says a school/work bag can’t be fun and cute?? 🕺🏽✨ #workbag #schoolbag #totebag #bags #fashioninspo ,#workbag #schoolbag #totebag #bags #fashioninspo,686800,96100,211,1142,83,2026-08-26T12:21:22.000Z,https://p16-common-sign.tiktokcdn-us.com/tos-useast5-p-0068-tx/o0f103ICCHBRaOtiF2i0gEAkBaAVIwB42nAJlA~tplv-tiktokx-origin.image?dr=9636&x-expires=1788555600&x-signature=JFIwhc5xeRCrPUOjVDpG5ZSl2RI%3D&t=4d5b0474&ps=13740610&shp=81f88b70&shcp=43f4a2f9&idc=useast5,,work tote bag,False,False,720,1280
7667326672072494367,https://www.tiktok.com/@carscali/video/7667326672072494367,carscali,carson,@Carley and @Ashleigh Nicole did this so i needed to also do this !! @beis this is the BEST work bag and i linked it in my bio !!!! #teachersoftiktok #teacherworkbag #workbag #beiseasttowest #beis ,# # #teachersoftiktok #teacherworkbag #workbag #beiseasttowest #beis,9702,131,31,11,174,2026-07-27T21:43:44.000Z,https://p19-common-sign.tiktokcdn-us.com/tos-useast8-p-0068-tx2/ogmnn6AIEQDAzqtF5RCqRU0e0MfIjILlIvRFfF~tplv-tiktokx-origin.image?dr=9636&x-expires=1788555600&x-signature=2HWaQD22i2mCejddMADbcrMzAm0%3D&t=4d5b0474&ps=13740610&shp=81f88b70&shcp=43f4a2f9&idc=useast5,,work tote bag,False,False,720,1280
7673250445850152222,https://www.tiktok.com/@katiemfrederick/video/7673250445850152222,katiemfrederick,katiemfrederick,@bostanten.bags I am heart broken. But give me yalls work bag and work tote recommendations  #workbag #totebag #medsales #laptopbag #whatsinmybag     ,# #workbag #totebag #medsales #laptopbag #whatsinmybag,1977,62,45,3,65,2026-08-17T23:20:00.000Z,https://p19-common-sign.tiktokcdn-us.com/tos-useast8-p-0068-tx2/osG5wUYvEIeNAFDzxCqItAIuXVgfCMD3IQWfjv~tplv-tiktokx-origin.image?dr=9636&x-expires=1788555600&x-signature=UxHLjCzwn48xgXcv3viL7x5hKCk%3D&t=4d5b0474&ps=13740610&shp=81f88b70&shcp=43f4a2f9&idc=useast5,,work tote bag,False,False,720,1280
7680349764973595935,https://www.tiktok.com/@abib.global/video/7680349764973595935,abib.global,Abib Cosmetics,"Packing school essentials, prepped to learn and to glow 📚✨  #abib #backtoschool2026 #pdrn #retinal #mist #whatsinmybag",#abib #backtoschool2026 #pdrn #retinal #mist #whatsinmybag,1989,188,28,5,15,2026-09-01T06:00:00.000Z,https://p16-common-sign.tiktokcdn-us.com/tos-useast8-p-0068-tx2/oQSCElqVmIAVoAjiwOX0VfApFAEfxCDCqE8VAF~tplv-tiktokx-origin.image?dr=9636&x-expires=1788555600&x-signature=029oyTUnnZgHsdRSoivJqnSUNEY%3D&t=4d5b0474&ps=13740610&shp=81f88b70&shcp=43f4a2f9&idc=useast5,,what's in my bag,False,False,720,1280
7571841181949119766,https://www.tiktok.com/@olafflee/video/7571841181949119766,olafflee,olivia ♡,what’s in my bag! #bagtour #whatsinmybag @dasique_usa @Emi Jay @Gucci @rhode skin @kate spade new york ,#bagtour #whatsinmybag # # # # #,67500,5460,29,81,57,2025-11-12T14:10:59.000Z,https://p16-common-sign.tiktokcdn-us.com/tos-no1a-p-0037-no/ooMDFB5TJEirecVUEBIXEfliklFhpIAc7FoRgr~tplv-tiktokx-origin.image?dr=9636&x-expires=1788555600&x-signature=YRxa8%2Bp8Nzx0YvSQNbOEHWR36n0%3D&t=4d5b0474&ps=13740610&shp=81f88b70&shcp=43f4a2f9&idc=useast5,,what's in my bag,True,False,576,1024
7678961919948016904,https://www.tiktok.com/@emilygao/video/7678961919948016904,emilygao,emily,What’s in my everyday bag 💼🌟  #whatsinmybag #chanelbag #vintagechanel #bagtour #makeup  @Miu Miu @Parfums de Marly @LOCCITANE @canonusa @apple @EXCEL Gum @e.l.f. Cosmetics @touchland @rhode skin @Tide Laundry @noyzfragrance @L’Oréal Paris ,#whatsinmybag #chanelbag #vintagechanel #bagtour #makeup # # # # # # # # # # # #,91000,12700,50,200,203,2026-08-28T06:14:21.000Z,https://p16-common-sign.tiktokcdn-us.com/tos-alisg-p-0037/oYkIsIH2fL2GACoegVWrjHAFsIQyeDSGQRJ4BY~tplv-tiktokx-origin.image?dr=9636&x-expires=1788555600&x-signature=KIyFrsW3TwoIKH8Ip46lzsXGHrM%3D&t=4d5b0474&ps=13740610&shp=81f88b70&shcp=43f4a2f9&idc=useast5,,what's in my bag,False,False,576,1024
7680964202466512159,https://www.tiktok.com/@hazelmaradey/video/7680964202466512159,hazelmaradey,Hazel Maradey ✩⋆,I miss her concert everyday 😭 #kaliuchis #totebag #gym #workout #blue ,#kaliuchis #totebag #gym #workout #blue,435,42,0,0,16,2026-09-02T15:44:35.000Z,https://p19-common-sign.tiktokcdn-us.com/tos-useast8-p-0068-tx2/oYAUiCG1qi9CdIYICqYfAiRT6BXWYCIzXtCUaA~tplv-tiktokx-origin.image?dr=9636&x-expires=1788555600&x-signature=Id2TYm8yfmksqlbRwz2VgYY3yjQ%3D&t=4d5b0474&ps=13740610&shp=81f88b70&shcp=43f4a2f9&idc=useast8,,tote bag outfit,False,False,720,1280
7631030236087389453,https://www.tiktok.com/@absolutelyglowrious/video/7631030236087389453,absolutelyglowrious,Gabriela Pereira,Comfy outfits only >  @Pact Organic Airplane Pintuck Wide Leg Pant + Luxe Stretch Jersey Slim Tee @New Balance 9060 sneakers @llbean Medium boat + tote with long straps. Bag color: natural  #ootd #momoutfit #easyoutfit #comfyoutfit #llbeanboatandtote ,# # # #ootd #momoutfit #easyoutfit #comfyoutfit #llbeanboatandtote,3768,46,6,2,14,2026-04-21T02:14:55.000Z,https://p16-common-sign.tiktokcdn-us.com/tos-useast5-p-0068-tx/ocBaA02Bwu7iCliIdRIAI1AJs3wfaOzmAD8EZB~tplv-tiktokx-origin.image?dr=9636&x-expires=1788555600&x-signature=30KjdR2k4h28XmWEYV8jGJwi%2BKs%3D&t=4d5b0474&ps=13740610&shp=81f88b70&shcp=43f4a2f9&idc=useast8,,tote bag outfit,True,False,720,1280
7673177483293838605,https://www.tiktok.com/@hollyyxfitness/video/7673177483293838605,hollyyxfitness,HOLLY GODWIN,Styling my new Tory Burch Bag!! Obsesseddddd❤️ #toryburch #ootd #toryburchbag #tote #fitcheck ,#toryburch #ootd #toryburchbag #tote #fitcheck,861,25,1,0,31,2026-08-12T16:07:45.000Z,https://p19-common-sign.tiktokcdn-us.com/tos-useast5-p-0068-tx/oAIA5ULIeEJAXAjgxsQADFEHpNDptfAxzf8OJk~tplv-tiktokx-dmt-logom:tos-useast5-i-0068-tx/oMAAfoEIEHAUKdffnmFk8pByxkpD5IAcDEJjA6.image?dr=9634&x-expires=1788555600&x-signature=EbINZbRzNcGcYkfp36t4BMJye0Y%3D&t=4d5b0474&ps=13740610&shp=81f88b70&shcp=43f4a2f9&idc=useast8,,tote bag outfit,True,False,720,1280
7634550395985087751,https://www.tiktok.com/@ruemaddycassie/video/7634550395985087751,ruemaddycassie,tiffy,The classiest tote bag is here! 👜 Come with 3 colors that suits my outfit well👀🛍️  #OOTD #Outfit #OutfitIdeas ,#ootd #outfit #outfitideas,8700000,54700,96,3906,26,2026-05-04T10:52:45.000Z,https://p16-common-sign.tiktokcdn-us.com/tos-alisg-p-0037/oApeDx7XIAabCHEEEEAzKBArARixIUvYMgrBfi~tplv-tiktokx-origin.image?dr=9636&x-expires=1788555600&x-signature=K82MdbYhZ5w1SEEbOYXEmX0eW%2BU%3D&t=4d5b0474&ps=13740610&shp=81f88b70&shcp=43f4a2f9&idc=useast8,,tote bag outfit,True,False,576,1024
7670442255718698248,https://www.tiktok.com/@lillianxzhong/video/7670442255718698248,lillianxzhong,lillian 🪷,a casual uni #OOTD 🛋️ w my aislin tote from @CHARLESKEITHOFFICIAL (gifted!)   use ‘COMACADEMY10-LILLIAN’ for 10% off!  #fitcheck #grwm #outfitinspo #unioutfit ,#OOTD # #fitcheck #grwm #outfitinspo #unioutfit,25200,1901,25,34,10,2026-08-05T07:13:38.000Z,https://p19-common-sign.tiktokcdn-us.com/tos-alisg-p-0037/oofP4ugccCBFUn5EAI2A8AAB6fKgqqSZDERyEB~tplv-tiktokx-dmt-logom:tos-alisg-i-0068/oUD54IfQD6ZUcExJAEfTAeAA7FqWAUDIojCjsl.image?dr=9634&x-expires=1788555600&x-signature=%2FNMirp8vC2zptRozOuvAREh95Tw%3D&t=4d5b0474&ps=13740610&shp=81f88b70&shcp=43f4a2f9&idc=useast8,,tote bag outfit,True,False,576,1024
7675874698533653774,https://www.tiktok.com/@solimar.franco/video/7675874698533653774,solimar.franco,Solimar Franco,loved how she had hers monogrammed too <3 #2000s #2000saesthetic #laurenconrad #goyardbag #2000sfashion ,#2000s #2000saesthetic #laurenconrad #goyardbag #2000sfashion,7525,271,0,7,8,2026-08-20T13:00:00.000Z,https://p16-common-sign.tiktokcdn-us.com/tos-useast5-p-0068-tx/oACeml0ejVI62kHrCYGGVtLFZ4dDAAfIiGLbII~tplv-tiktokx-origin.image?dr=9636&x-expires=1788555600&x-signature=bRdWQgUGBGk32fL3xYfRiJIMMYM%3D&t=4d5b0474&ps=13740610&shp=81f88b70&shcp=43f4a2f9&idc=useast8,,tote bag outfit,False,False,720,1280
7603974388089736469,https://www.tiktok.com/@jasminefayeyulo/video/7603974388089736469,jasminefayeyulo,JASMINE,"Starting the year with pieces that actually work!! Love at first use with my @For Everyday Bags white leather tote 🤍  Since I’m always at the office, I locked in for a week of easy everyday styling!! (but I also found myself grabbing this bag after work too 🙈)  Which outfit would you wear to the office? :)  🤍 Save this for outfit inspo!!   #outfitideas #leatherbag #easyoutfits #ootd ",# #outfitideas #leatherbag #easyoutfits #ootd,54400,1108,119,73,19,2026-02-07T04:24:20.000Z,https://p19-common-sign.tiktokcdn-us.com/tos-alisg-p-0037/oc1gKiBXICAIzIAc0GiE6eBAvAFwnyAAw0vHvC~tplv-tiktokx-origin.image?dr=9636&x-expires=1788555600&x-signature=2vrwNN1ccouUMpk5YjvYZ0v%2B6jQ%3D&t=4d5b0474&ps=13740610&shp=81f88b70&shcp=43f4a2f9&idc=useast8,,tote bag outfit,False,False,576,1024
7680570337163070728,https://www.tiktok.com/@melikacorner/video/7680570337163070728,melikacorner,Mel🦢,"A black blazer never misses 🖤✨ Bag: @jwpeiofficial , Hana Medium Tote Bag - Black Croc  Pants: @ZARA , 7149/082/800 Blazer: @Aritzia , 131223 #officeoutfit #blowthisup #xyzcba #fyp #viral",# # #officeoutfit #blowthisup #xyzcba #fyp #viral,2981,361,18,9,10,2026-09-01T14:15:42.000Z,https://p16-common-sign.tiktokcdn-us.com/tos-alisg-p-0037/osvBA4qIW74DFCg3gLUgtfEOFEARCAlutnehAE~tplv-tiktokx-origin.image?dr=9636&x-expires=1788555600&x-signature=mP3g6QGHzt8geEvqTc%2BvryPknoc%3D&t=4d5b0474&ps=13740610&shp=81f88b70&shcp=43f4a2f9&idc=useast8,,tote bag outfit,False,False,576,1024
7671290749509504278,https://www.tiktok.com/@athaliaheden/video/7671290749509504278,athaliaheden,athaliah,let go and let God kinda state of mind🙂‍↕️,,15400,1351,7,15,12,2026-08-07T14:06:11.000Z,https://p19-common-sign.tiktokcdn-us.com/tos-no1a-p-0037-no/o8BEIAFJEFAeJ6AAIjdDIS9aeP5AZoU1BLTfFl~tplv-tiktokx-origin.image?dr=9636&x-expires=1788555600&x-signature=wguddYPfROJKn%2FHjWDBzpZh418k%3D&t=4d5b0474&ps=13740610&shp=81f88b70&shcp=43f4a2f9&idc=useast8,,tote bag outfit,False,False,576,1024
7635812732297645343,https://www.tiktok.com/@selennesaidalid/video/7635812732297645343,selennesaidalid,Selenne,My little ootd #coach #coachmediumcitytote #coachtote #citytotebag #outfitinspo @Coach ,#coach #coachmediumcitytote #coachtote #citytotebag #outfitinspo #,2802,85,8,0,39,2026-05-03T23:33:33.000Z,https://p19-common-sign.tiktokcdn-us.com/tos-useast8-p-0068-tx2/oYRXtvCAU8Ashg2befG4b34dA0YeQJAAhASnbf~tplv-tiktokx-origin.image?dr=9636&x-expires=1788555600&x-signature=c9nFvIFAZ8w4rX4ZYxrHuA2k3uQ%3D&t=4d5b0474&ps=13740610&shp=81f88b70&shcp=43f4a2f9&idc=useast8,,tote bag outfit,True,False,720,1280
7625845142410284318,https://www.tiktok.com/@stoney.boloney/video/7625845142410284318,stoney.boloney,STONE,#maine #fitcheck ,#maine #fitcheck,8996,244,9,3,16,2026-04-07T16:23:00.000Z,https://p19-common-sign.tiktokcdn-us.com/tos-useast8-p-0068-tx2/o4udUAtKHVAKvEIpD1FfECAadcxAHAEMRADeES~tplv-tiktokx-origin.image?dr=9636&x-expires=1788555600&x-signature=aKe23FPihTvj6Ww3Lwer1z47cIQ%3D&t=4d5b0474&ps=13740610&shp=81f88b70&shcp=43f4a2f9&idc=useast8,,tote bag outfit,False,False,720,1280
7663147326881467679,https://www.tiktok.com/@nicoleisgod/video/7663147326881467679,nicoleisgod,nicole sahebi,my fav airport tote from @AMYSHEHABOFFICIAL !! @COSRX Official @Summer Fridays @Hourglass Cosmetics @Lancôme @Tatcha @BIODERMA USA @Drunk Elephant @Caudalie @AveneUSA @Diorbeauty @MERIT Beauty @LOCCITANE @Gisou @Paula's Choice ,# # # # # # # # # # # # # # #,859400,77800,399,1882,76,2026-07-16T15:25:37.000Z,https://p16-common-sign.tiktokcdn.com/tos-useast8-p-0068-tx2/ogCGIYIqeWAjWxUfRpe57zAQGeAyLQM3rFHp8Q~tplv-tiktokx-origin.image?dr=14575&x-expires=1788555600&x-signature=ROWnrdLmrXdh4JvCBbT0kvkAckg%3D&t=4d5b0474&ps=13740610&shp=81f88b70&shcp=43f4a2f9&idc=my2,,whats in my bag tote,False,False,720,1280
7606218203139706130,https://www.tiktok.com/@annamarielicha/video/7606218203139706130,annamarielicha,anna marie,What you actually need in your uni bag without making it heavy 🤍  #unitips #unibag #totebag #whatsinmybag   @Strand (Aya tote) @CHARLESKEITHOFFICIAL ,#unitips #unibag #totebag #whatsinmybag # #,116400,8403,12,225,78,2026-02-13T05:31:23.000Z,https://p16-common-sign.tiktokcdn.com/tos-alisg-p-0037/ocCbAtCjNFCA1ErAEpEDeyfgIAo1gcmABcOqxR~tplv-tiktokx-origin.image?dr=14575&x-expires=1788555600&x-signature=t7iukBGioVlBXnLu%2BKUgoSBVGkA%3D&t=4d5b0474&ps=13740610&shp=81f88b70&shcp=43f4a2f9&idc=my2,,whats in my bag tote,True,False,576,1024
7633438219257875742,https://www.tiktok.com/@youlovelucie/video/7633438219257875742,youlovelucie,Lucie🌻,What’s in my bag? Switching out of my Mollie tote on a Sunday evening 🤍 No tapping asmr 😏😏 #whatsinmybag #whatsinmypurse #Coach #Coachmollietote #asmr ,#whatsinmybag #whatsinmypurse #coach #coachmollietote #asmr,177000,12700,51,176,149,2026-04-27T13:59:37.000Z,https://p16-common-sign.tiktokcdn.com/tos-useast8-p-0068-tx2/oAA0iC80qiiDzIrIRuvfAia9DBo8s7I9FwUdiA~tplv-tiktokx-origin.image?dr=14575&x-expires=1788555600&x-signature=dKTsIgdyTB9sterLLFb114TvFys%3D&t=4d5b0474&ps=13740610&shp=81f88b70&shcp=43f4a2f9&idc=my2,,whats in my bag tote,False,False,720,1280
7602743972921904414,https://www.tiktok.com/@susiesushi5/video/7602743972921904414,susiesushi5,susie,Personally I love carrying a tote and not a fugly backpack because I don’t have physical textbooks so there’s no need but if you have heavvvvvyyyy textbooks for law school a book bag is wise too @CHARLESKEITHOFFICIAL #imwithcharleskeith #charleskeithcommunity #lawschool #lawstudent #whatsinmybag ,# #imwithcharleskeith #charleskeithcommunity #lawschool #lawstudent #whatsinmybag,157200,15400,62,354,134,2026-02-03T20:50:01.000Z,https://p16-common-sign.tiktokcdn.com/tos-useast8-p-0068-tx2/owDzXTfe8ACDPeMlI3zC6ZgAlXjvLBEZlqQgII~tplv-tiktokx-origin.image?dr=14575&x-expires=1788555600&x-signature=HYgicRkMa%2Fti76YaGW5V6ak3j7g%3D&t=4d5b0474&ps=13740610&shp=81f88b70&shcp=43f4a2f9&idc=my2,,whats in my bag tote,False,False,720,1280
7680950600678313229,https://www.tiktok.com/@cyanroad/video/7680950600678313229,cyanroad,Cyanroad,Finally found the best way to pack for short trips.✨ #totebag #weekendtrip#whatsinmybag #overpacker#cyanroad,,4377,51,1,13,25,2026-09-02T14:52:00.000Z,https://p16-common-sign.tiktokcdn.com/tos-useast5-p-0068-tx/oUAATdIQIHAVHhMe2bLkwfEAwQ0eSEA1GEGrAn~tplv-tiktokx-origin.image?dr=14575&x-expires=1788555600&x-signature=m1C18sgQMInN%2F2UNafVE6Ke34fw%3D&t=4d5b0474&ps=13740610&shp=81f88b70&shcp=43f4a2f9&idc=my2,,whats in my bag tote,False,False,720,1280
7607851561686945054,https://www.tiktok.com/@youlovelucie/video/7607851561686945054,youlovelucie,Lucie🌻,What’s in my @Coach Mollie Tote 25!? #whatsinmybag #Whatsinmypurse #coachmollietote25 #Coach #Coachbag,# #whatsinmybag #whatsinmypurse #coachmollietote25 #coach #coachbag,424900,32500,85,753,186,2026-02-17T15:10:09.000Z,https://p16-common-sign.tiktokcdn.com/tos-useast8-p-0068-tx2/owiUUI7IGaSegFhXAIeNAdCz0LfP4mQRrBfGGU~tplv-tiktokx-dmt-logom:tos-useast8-i-0068-tx2/o8AAf7QQIQAmffU8sCXUprE6MZMHQRAPMJhGAe.image?dr=14573&x-expires=1788555600&x-signature=Grt70m%2FhPxWcY2NEol%2FqozifqIU%3D&t=4d5b0474&ps=13740610&shp=81f88b70&shcp=43f4a2f9&idc=my2,,whats in my bag tote,False,False,720,1280
7594257983199071519,https://www.tiktok.com/@sakojoyce/video/7594257983199071519,sakojoyce,sako joyce,what’s in my bag as the type A “mom” friend! pack my bag with me with all my daily essentials ⭐️ - @Good Totes 🍀  bag: small croissant sling (almond) pouch: regular bread puffer pouch (sage) - #fashion #whatsinmybag #typeA #purse ,# #fashion #whatsinmybag #typea #purse,535400,55200,275,1107,178,2026-01-11T23:59:51.000Z,https://p16-common-sign.tiktokcdn.com/tos-useast8-p-0068-tx2/o0kWhFBRVDpVZBEhOApYA1XzIfeFkoEEaXIjDD~tplv-tiktokx-origin.image?dr=14575&x-expires=1788555600&x-signature=GDoBGhPwasDt2eIgWxi%2Bp726Y2Q%3D&t=4d5b0474&ps=13740610&shp=81f88b70&shcp=43f4a2f9&idc=my2,,whats in my bag tote,False,False,720,1280
7665753946312461586,https://www.tiktok.com/@poppyandpeonies/video/7665753946312461586,poppyandpeonies,Poppy & Peonies,making life easier one water bottle pocket at a time 😉  #poppyandpeonies #everydaybag #whatsinmybag #totebag ,#poppyandpeonies #everydaybag #whatsinmybag #totebag,3500000,6996,156,765,35,2026-07-23T16:00:32.000Z,https://p16-common-sign.tiktokcdn.com/tos-alisg-p-0037/oADvipfUArfHUFAINS9EAeooExIDOEcAjZBA6Q~tplv-tiktokx-origin.image?dr=14575&x-expires=1788555600&x-signature=iz8LZDhmDschQT7go54nq8R69hg%3D&t=4d5b0474&ps=13740610&shp=81f88b70&shcp=43f4a2f9&idc=my2,,whats in my bag tote,True,False,576,1024
7564970133148519710,https://www.tiktok.com/@masturalol/video/7564970133148519710,masturalol,mastura ୨୧,im obsessed with the lyla tote goes with everything and so comfy!! esp if youre a commuter 🤎 @Lancôme @touchland @LOCCITANE @rhode skin @Olehenriksen @Jones Road Beauty @makeupforever @CHARLESKEITHOFFICIAL #whatsinmybag #workbag #charlesandkeith #hijabi ,# # # # # # # # #whatsinmybag #workbag #charlesandkeith #hijabi,177600,9018,83,486,116,2025-10-25T01:48:06.000Z,https://p16-common-sign.tiktokcdn.com/tos-useast8-p-0068-tx2/oIVAdPQvIADlBxFP8PiAACEDVEwsiBaRLIRAB~tplv-tiktokx-origin.image?dr=14575&x-expires=1788555600&x-signature=aCqt3gZ8%2BhZCDVP3GIxswXa3gDo%3D&t=4d5b0474&ps=13740610&shp=81f88b70&shcp=43f4a2f9&idc=my2,,whats in my bag tote,False,False,720,1280
7644292965216603405,https://www.tiktok.com/@kenialeondds/video/7644292965216603405,kenialeondds,kenialeondds,what’s in my work bag 💗  #whatsinmybag #lululemon #tote #workbag #dentist ,#whatsinmybag #lululemon #tote #workbag #dentist,42500,2493,26,46,177,2026-05-26T20:01:26.000Z,https://p16-common-sign.tiktokcdn.com/tos-useast5-p-0068-tx/ooXIuAFK8IDuUhAAwaAAfcEyUrQTjmCHkABffE~tplv-tiktokx-dmt-logom:tos-useast5-i-0068-tx/owIrQAHAjf4KAMDUoFA6f4ksuwpITEAAkofBEc.image?dr=14573&x-expires=1788555600&x-signature=nwCYkyLT3kt%2BHhraNYqXesqgdow%3D&t=4d5b0474&ps=13740610&shp=81f88b70&shcp=43f4a2f9&idc=my2,,whats in my bag tote,False,False,720,1280
7563323394477870356,https://www.tiktok.com/@siora.sg/video/7563323394477870356,siora.sg,SIORA,all my work essentials 👩‍💻 obsessed with how much this bag fits!   #whatsinmybag #viral #totebag #workbag #laptopbag ,#whatsinmybag #viral #totebag #workbag #laptopbag,2100000,52400,335,3460,42,2025-10-20T15:17:41.000Z,https://p19-common-sign.tiktokcdn.com/tos-alisg-p-0037/oY1Qgg9Ic4AZBqooHF29C1Ee3Drzf8AuVCBcLQ~tplv-tiktokx-origin.image?dr=14575&x-expires=1788555600&x-signature=93Q0BzqGvk6MRQZjqV7%2B9LDm3jo%3D&t=4d5b0474&ps=13740610&shp=81f88b70&shcp=43f4a2f9&idc=my2,,whats in my bag tote,False,False,576,1024
7680571997075672333,https://www.tiktok.com/@jasminedarya/video/7680571997075672333,jasminedarya,jasmine darya,The We The Free Parker Tote… the perfect cross between a duffle and a purse and perfect for work or travel! Need! #freepeople #freepeoplebag #workbag #travelbag #fashionsubstack @Free People  ,#freepeople #freepeoplebag #workbag #travelbag #fashionsubstack #,12700,770,5,40,62,2026-09-01T14:22:55.000Z,https://p19-common-sign.tiktokcdn-us.com/tos-useast5-p-0068-tx/oo2R6limgqipGWS8EGfd3HgIBfAyiDDShBMqtI~tplv-tiktokx-origin.image?dr=9636&x-expires=1788555600&x-signature=FWG847bma26HcLSjTGWvDuLBhj4%3D&t=4d5b0474&ps=13740610&shp=81f88b70&shcp=43f4a2f9&idc=useast8,,work tote bag,False,False,720,1280
7662583082997845262,https://www.tiktok.com/@ivymoneymommy/video/7662583082997845262,ivymoneymommy,ivymoney,"I’ve been carrying my @Charles & keith DCC work tote for months now. My requirements when I’m buying a bag for the office are: it needs to fit a laptop, inner compartments for organization, comfortable, made of leather, and neutral enough so I can wear it often. The outside phone pocket is a huge plus! ",#,1306,10,2,2,49,2026-07-15T02:56:18.000Z,https://p19-common-sign.tiktokcdn-us.com/tos-useast5-p-0068-tx/ogEAJI4xQ1BzbLPUs2CbBIaN9lWpBgwitqilP~tplv-tiktokx-origin.image?dr=9636&x-expires=1788555600&x-signature=eh2YSTBtmAva1buJrkKSjaVcJ3k%3D&t=4d5b0474&ps=13740610&shp=81f88b70&shcp=43f4a2f9&idc=useast8,,work tote bag,True,False,720,1280
7660980364411800863,https://www.tiktok.com/@emilygarofalo_/video/7660980364411800863,emilygarofalo_,Emily,Amazon slayed the house down boots with this tote bag & I just needed to share!!! i use it as a travel carryon & work tote #amazonfinds #bottegatotebag #worktote #amazonbags #nyc ,#amazonfinds #bottegatotebag #worktote #amazonbags #nyc,35400,492,13,52,41,2026-07-10T19:16:50.000Z,https://p16-common-sign.tiktokcdn-us.com/tos-useast8-p-0068-tx2/oofIHCLoKIGhzeAAoMAAeKIRUiQOjcLIqAjoiE~tplv-tiktokx-dmt-logom:tos-useast8-i-0068-tx2/oAIlGPAEERiZRyRBTAFRRjilBGAAWFKABIaEw.image?dr=9634&x-expires=1788555600&x-signature=fYRJoJbXkky93y%2BZmngXLKeVIj4%3D&t=4d5b0474&ps=13740610&shp=81f88b70&shcp=43f4a2f9&idc=useast8,,work tote bag,False,False,720,1280
7674623514221022478,https://www.tiktok.com/@millieccrouch/video/7674623514221022478,millieccrouch,Millie,a VERY highly requested video from all my corporate girls! my all time favorite work bags for the office 👩🏼‍💻🫶🏻 comment what you wanna see next! @BÉIS @JEMMA BAG @target @onequince #corporate #officelife #corporatestyle #workbag #totebag ,# # # # #corporate #officelife #corporatestyle #workbag #totebag,133700,6352,83,108,204,2026-08-16T13:39:49.000Z,https://p16-common-sign.tiktokcdn-us.com/tos-useast5-p-0068-tx/oobVuRrD8AfmIjTaAgLAAvkGXe2C7a3IHICeBg~tplv-tiktokx-origin.image?dr=9636&x-expires=1788555600&x-signature=cuy6bZSQyz3sHn82xfqtLTYR7sM%3D&t=4d5b0474&ps=13740610&shp=81f88b70&shcp=43f4a2f9&idc=useast8,,work tote bag,False,False,720,1280
7680647747652914462,https://www.tiktok.com/@emmalizzz/video/7680647747652914462,emmalizzz,emma liz,what IS in my bag? 🤔👛🍀 and what else should i bring with me???   #whatsinmybag #whatsinmypurse #verabradley @Vera Bradley #playgroundprep #whimsy   in bag: @Littlest Pet Shop @Lights Lacquer @Jolly Rancher @AquaphorUS @laneige_us @Glow Recipe @milkmakeup @Clinique @Nosta Beauty @Care Bears™ @Saje Natural Wellness @Ellis Brooklyn @ListerineOfficial @Hard Candy @r.e.m. beauty @loréal paris usa ,#whatsinmybag #whatsinmypurse #verabradley # #playgroundprep #whimsy # # # # # # # # # # # # # # # #,24400,6666,69,99,135,2026-09-01T19:16:19.000Z,https://p19-common-sign.tiktokcdn-us.com/tos-useast8-p-0068-tx2/ogTpNiBZzX0aPRbBSIvNB219JiiCAIDAVzcEE~tplv-tiktokx-origin.image?dr=9636&x-expires=1788555600&x-signature=RfvkVtrvq5rjSn7xGGWpZZzuNbc%3D&t=4d5b0474&ps=13740610&shp=81f88b70&shcp=43f4a2f9&idc=useast5,,what's in my bag,False,False,720,1280
7432182259366563079,https://www.tiktok.com/@babyonion_eiei/video/7432182259366563079,babyonion_eiei,🍥Babyonion>.<,What's in my school bag? #whatinmybag #mediheal #ลิปแก้ปากดํา #ลิปนักเรียน ,#whatinmybag #mediheal #ลิปแก้ปากดํา #ลิปนักเรียน,4200000,318100,1099,8770,104,2024-11-01T05:43:05.000Z,https://p19-common-sign.tiktokcdn-us.com/tos-alisg-p-0037/oMIkIBBxRaYJAvDnVF8afGjI9n9EzEbgUeGmBb~tplv-tiktokx-origin.image?dr=9636&x-expires=1788555600&x-signature=%2Fmova6sZpOLDua%2F1WiJYYGQbLA4%3D&t=4d5b0474&ps=13740610&shp=81f88b70&shcp=43f4a2f9&idc=useast5,,what's in my bag,True,False,576,1022
7680641675122740511,https://www.tiktok.com/@whitneywren1/video/7680641675122740511,whitneywren1,Whitney Wren,comment what are the necessities for your purse or bag?  #bag #trend ,#bag #trend,171700,13800,61,50,223,2026-09-01T18:52:50.000Z,https://p16-common-sign.tiktokcdn-us.com/tos-useast8-p-0068-tx2/osVRbaLXYIG4JeEAffcAebItqXIVGYrQUFwGHF~tplv-tiktokx-origin.image?dr=9636&x-expires=1788555600&x-signature=06AuwmhjZMy8spSy%2B71LGcsrMtg%3D&t=4d5b0474&ps=13740610&shp=81f88b70&shcp=43f4a2f9&idc=useast5,,what's in my bag,False,False,720,1280
7680910122079489293,https://www.tiktok.com/@theaddtaxpodcast/video/7680910122079489293,theaddtaxpodcast,The Add Tax Podcast,Just slapping the “Christianity girly” label on something doesn’t automatically make it special or interesting   #deconstructiontiktok #exchristiantiktok #women ,#deconstructiontiktok #exchristiantiktok #women,9468,918,22,2,70,2026-09-02T12:14:17.000Z,https://p16-common-sign.tiktokcdn-us.com/tos-useast5-p-0068-tx/oQYjA4ixEgDgxTBAikApDEaGmBCAmIHPiEE3x~tplv-tiktokx-origin.image?dr=9636&x-expires=1788555600&x-signature=79%2BVGJDnbMH1BfGKYgh2ZgQZmT0%3D&t=4d5b0474&ps=13740610&shp=81f88b70&shcp=43f4a2f9&idc=useast5,,what's in my bag,False,False,720,1280
7678120552812350734,https://www.tiktok.com/@olandria_carthen/video/7678120552812350734,olandria_carthen,Olandria,What’s in my bagggg👛,,388600,57400,2469,2261,166,2026-08-25T23:49:35.000Z,https://p19-common-sign.tiktokcdn-us.com/tos-useast5-p-0068-tx/oQAFAfEdBBC1iAICGOiKxEEgRBJIrqYw72ICUA~tplv-tiktokx-origin.image?dr=9636&x-expires=1788555600&x-signature=zVRm6gwob3WXWlPOuY7pjtaj5zU%3D&t=4d5b0474&ps=13740610&shp=81f88b70&shcp=43f4a2f9&idc=useast5,,what's in my bag,False,False,720,1280
7603736250826214669,https://www.tiktok.com/@marynicole__/video/7603736250826214669,marynicole__,Mary Kennedy,The way this bag sold out last time because it was ON SALE FOR 4 DOLLARS #everydaybag ,#everydaybag,16600000,139900,287,4446,47,2026-02-06T13:00:59.000Z,https://p16-common-sign.tiktokcdn.com/tos-useast5-p-0068-tx/ooERXX74uggIBiHjqYisE0viU5YWBBaB5FmEA~tplv-tiktokx-origin.image?dr=14575&x-expires=1788555600&x-signature=unuIzPrGPZO2dLTxT02ioC4ab6Y%3D&t=4d5b0474&ps=13740610&shp=81f88b70&shcp=43f4a2f9&idc=my2,,bag review,True,False,720,1280
7654773435628784903,https://www.tiktok.com/@obaghouse/video/7654773435628784903,obaghouse,Obaghouse,The Mellow Belle bag in midnight black 🤍🖤  ใครยังไม่รู้พิกัดน้องกระเป๋า ทักมาน้าา☺️ #obaghouse #รีวิวกระเป๋า  ,#obaghouse #รีวิวกระเป๋า,38800,1104,18,176,14,2026-06-24T01:50:33.000Z,https://p16-common-sign.tiktokcdn.com/tos-alisg-p-0037/oMfEhAfFodQIEbjJIbAGQ8FEJuhHhU29DeDmCK~tplv-tiktokx-origin.image?dr=14575&x-expires=1788555600&x-signature=GdqDYTinM0Cs99W12hzWT%2Bs242c%3D&t=4d5b0474&ps=13740610&shp=81f88b70&shcp=43f4a2f9&idc=my2,,bag review,False,False,576,1024
7649815616538414358,https://www.tiktok.com/@denisesimpson7556/video/7649815616538414358,denisesimpson7556,ComfyChloe,I thought I knew what a big bag was until I got this one#uktiktok #totebag #workbag #bagreview #busygirlbag #aestheticbag #uklife #everydaycarry,,1100000,2069,38,849,15,2026-06-10T17:11:41.000Z,https://p16-common-sign.tiktokcdn.com/tos-no1a-p-0037-no/oIYAAmIaAxlBiEipsCbwaPyA2Ai8kBkAmxp5p~tplv-tiktokx-origin.image?dr=14575&x-expires=1788555600&x-signature=EM7ALwpqnFfxKNtIGNGBRtfGNaE%3D&t=4d5b0474&ps=13740610&shp=81f88b70&shcp=43f4a2f9&idc=my2,,bag review,True,False,576,1024
7653522717257256199,https://www.tiktok.com/@mauimu/video/7653522717257256199,mauimu,mauimu,"choosing this backpack for uni/work and travel, so pretty and worth it 🤎💫 #largecapacityback #backpackforschool #brownbackpack #uniworkbag #spacioustravelbag  | BAGSMART 14 Inch Multi-layer Design laptop Backpack With Large Compartments, Quilted Casual School Bag, Travel Backpack for Men and Women, Fashion Backpack",#largecapacityback #backpackforschool #brownbackpack #uniworkbag #spacioustravelbag,1400000,23800,118,2174,25,2026-06-20T16:57:07.000Z,https://p16-common-sign.tiktokcdn.com/tos-alisg-p-0037/oUERkeQt4BOOAWDVCgfAFcAUAZIMMAMhBsNqjE~tplv-tiktokx-origin.image?dr=14575&x-expires=1788555600&x-signature=%2B%2B3RFAwYdjEHUa90OCtg5ng3ZTE%3D&t=4d5b0474&ps=13740610&shp=81f88b70&shcp=43f4a2f9&idc=my2,,bag review,True,False,576,1024
7616145660055735583,https://www.tiktok.com/@ally.haul/video/7616145660055735583,ally.haul,Ally’s Hauls,giving my honest thoughts 🎀🤍 - #asmrunboxing #pursetok #handbag #bagreview #shoppinghaul ,#asmrunboxing #pursetok #handbag #bagreview #shoppinghaul,889100,37900,172,1285,111,2026-03-11T23:35:18.000Z,https://p16-common-sign.tiktokcdn.com/tos-useast8-p-0068-tx2/oAJTS5wjAAAxAjM7AIFCYfqD0fuzUDfEIIEFjQ~tplv-tiktokx-origin.image?dr=14575&x-expires=1788555600&x-signature=rabP%2Bh9MMKAq8kfSlGVyoMKYdNc%3D&t=4d5b0474&ps=13740610&shp=81f88b70&shcp=43f4a2f9&idc=my2,,bag review,False,False,720,1280
7662396069094935816,https://www.tiktok.com/@nocccturnal/video/7662396069094935816,nocccturnal,rose,"kalo kemaren big size, sekarang review medium bag😆🫰🏻 #taswanita #taswanitaselempang #review #taswanitakekinian #tasbahu ",#taswanita #taswanitaselempang #review #taswanitakekinian #tasbahu,3000000,116500,607,8260,172,2026-07-15T06:00:00.000Z,https://p16-common-sign.tiktokcdn.com/tos-alisg-p-0037/oYBkATzVAFpDZEkEIqEDeKfqIl9DgxvjBcWq4R~tplv-tiktokx-origin.image?dr=14575&x-expires=1788555600&x-signature=Mal9YqZ28%2B2SXwzxw71lxUKrbGU%3D&t=4d5b0474&ps=13740610&shp=81f88b70&shcp=43f4a2f9&idc=my2,,bag review,False,False,576,1024
7660684664645881106,https://www.tiktok.com/@jokimjorgensen/video/7660684664645881106,jokimjorgensen,jo | ⛸️🎀🍵,literally my dream bag 🖤.  The Chanel Classic Flap in the M/L 11.12 size in black caviar leather with silver hardware gets an overall bag review rating of 7.4/10.   #chanelbag #chanelclassic #handbagtiktok #handbagreview #handbagcollection ,#chanelbag #chanelclassic #handbagtiktok #handbagreview #handbagcollection,52100,1389,21,96,501,2026-07-10T00:09:07.000Z,https://p16-common-sign.tiktokcdn.com/tos-alisg-p-0037/osECQi1gBBASAsBHIfP0AKAwi2OKZK0Q8BwAIC~tplv-tiktokx-dmt-logom:tos-alisg-i-0068/osODqBIkgADBg9AgEDBECFmQfUFCRUxEAA5LfA.image?dr=14573&x-expires=1788555600&x-signature=iUcGjON2piUeNvEk5DnR98GNV%2FQ%3D&t=4d5b0474&ps=13740610&shp=81f88b70&shcp=43f4a2f9&idc=my2,,bag review,False,False,576,1024
7579091827156946231,https://www.tiktok.com/@michaela.witter/video/7579091827156946231,michaela.witter,Michaela 🤍,Very excited about my new bag tho 🤎 @Freja #frejanyc #veganleatherbags #honestreview #freja #luxurybagreview ,# #frejanyc #veganleatherbags #honestreview #freja #luxurybagreview,90700,1395,16,245,145,2025-12-02T03:07:39.000Z,https://p19-common-sign.tiktokcdn.com/tos-useast5-p-0068-tx/o8IAQIQeVf8IfARGzrukIALf2AgGvBAOAJ9kcJ~tplv-tiktokx-dmt-logom:tos-useast5-i-0068-tx/oIEAQk5fKfhI6lIj4rXSHAFfOAnD0BAHANkjcE.image?dr=14573&x-expires=1788555600&x-signature=GmTOHNWt2zM7ar%2BwLjbR%2Be5Wd%2Fo%3D&t=4d5b0474&ps=13740610&shp=81f88b70&shcp=43f4a2f9&idc=my2,,bag review,False,False,576,1024
7625965619577736455,https://www.tiktok.com/@makeupbymjk/video/7625965619577736455,makeupbymjk,Makeupbymjk,"Reviewing bags because literally no one does and we all need to discuss this okay?? Which bag company do you like and which one would you recommend?? 💕  @totes.pk @jjafferjees @lamaretail @almaspk   #trending #bags #reels #explore #lifestyle best bags in Pakistan, pakistan bags, handbags for women, women bags, women stuff ",#trending #bags #reels #explore #lifestyle,27000,569,10,16,123,2026-04-07T10:41:27.000Z,https://p16-common-sign.tiktokcdn.com/tos-alisg-p-0037/oEUB1huATNyDx7fDBTcR2Cf8EvBFU3EpgEoIrO~tplv-tiktokx-origin.image?dr=14575&x-expires=1788555600&x-signature=Fb2UUreVOVMbfrBxMuos3bvf2XQ%3D&t=4d5b0474&ps=13740610&shp=81f88b70&shcp=43f4a2f9&idc=my2,,bag review,False,False,576,1024
7544409157588258078,https://www.tiktok.com/@kirakirbyy/video/7544409157588258078,kirakirbyy,KiraKirby,"If you're considering the Chanel 25, this is my official pros-cons list!! Let me know if you have any questions🤍🤍 #chanel25 #chanelbagreview #designerbag #fallbag @Theluxxfinder ",#chanel25 #chanelbagreview #designerbag #fallbag #,2000000,65600,480,10900,104,2025-08-30T16:00:58.000Z,https://p16-common-sign.tiktokcdn.com/tos-useast8-p-0068-tx2/oAACdCiWxEBdc1AAAtAAfPiO0zImI3BiKADZIB~tplv-tiktokx-origin.image?dr=14575&x-expires=1788555600&x-signature=XCsKsF1qmYGaFt55T0e3Y2nP6ck%3D&t=4d5b0474&ps=13740610&shp=81f88b70&shcp=43f4a2f9&idc=my2,,bag review,False,False,576,1024
7630103012802874637,https://www.tiktok.com/@danakimchifriedrice/video/7630103012802874637,danakimchifriedrice,dana,count how many times i say little in the span of a minute haha…also i apologize for how raspy my voice is today!! #whatsinmybag #purse #girlblogger #haul #microinfluencer ,#whatsinmybag #purse #girlblogger #haul #microinfluencer,157500,24800,131,377,74,2026-04-18T14:17:08.000Z,https://p16-common-sign.tiktokcdn-us.com/tos-useast5-p-0068-tx/oQbbfAB8SkTBmiI802PliBpCwEyjAiSIuAzciG~tplv-tiktokx-origin.image?dr=9636&x-expires=1788555600&x-signature=YeyXm45QV6x1e7ch%2F2eub%2FGUoZA%3D&t=4d5b0474&ps=13740610&shp=81f88b70&shcp=43f4a2f9&idc=useast5,,whats in my bag tote,False,False,720,1280
7536913386899049734,https://www.tiktok.com/@haul_thing/video/7536913386899049734,haul_thing,𝑫𝒆𝒗𝒊𝒕𝒂,whats in my longchamp totebag 💌🤎 #longchamp #longchamplepliage #longchampbag #totebag ,#longchamp #longchamplepliage #longchampbag #totebag,573800,13200,235,2112,40,2025-08-10T11:13:24.000Z,https://p19-common-sign.tiktokcdn-us.com/tos-maliva-p-0068/ogCBqrOfRoEBkJB9BwDwW6FHDtpmQAiIqOfTQE~tplv-tiktokx-origin.image?dr=9636&x-expires=1788555600&x-signature=tvVYWuhmfCcV%2BElrdok26KUZ7FQ%3D&t=4d5b0474&ps=13740610&shp=81f88b70&shcp=43f4a2f9&idc=useast5,,whats in my bag tote,False,False,576,1024
7598292035501690125,https://www.tiktok.com/@sweetie.pai/video/7598292035501690125,sweetie.pai,Sweetie.Pai,what’s in my work bag. 👜💻 #whatsinmybag #worktote #corporategirlies #fyp #bagoftheday ,#whatsinmybag #worktote #corporategirlies #fyp #bagoftheday,158900,9272,45,87,99,2026-01-22T20:54:30.000Z,https://p16-common-sign.tiktokcdn-us.com/tos-useast5-p-0068-tx/oc1EpIjawAcBBM70IifpU0BAVCuGQiCNoNI5By~tplv-tiktokx-dmt-logom:tos-useast5-i-0068-tx/o8BD6oDTFAeEcjyxARVpACaEqivEISAfgpoHCE.image?dr=9634&x-expires=1788555600&x-signature=A%2BvXrsMsa0odSaXcLTBkbthg%2FO4%3D&t=4d5b0474&ps=13740610&shp=81f88b70&shcp=43f4a2f9&idc=useast5,,whats in my bag tote,False,False,720,1280
7563109517169298718,https://www.tiktok.com/@swandon/video/7563109517169298718,swandon,zeke,Replying to @matt | lifestyle & travel  finally got around to it!   #whatsinmybag #totebags #traderjoes #fyp ,# #whatsinmybag #totebags #traderjoes #fyp,40300,2191,29,98,129,2025-10-20T01:27:52.000Z,https://p19-common-sign.tiktokcdn-us.com/tos-useast8-p-0068-tx2/ogKAsAqMREIweBcWQAAyBAIfIIGr86eAvjQCHv~tplv-tiktokx-origin.image?dr=9636&x-expires=1788555600&x-signature=RUSyql6F9Rc0zHWWB9yhsnClybE%3D&t=4d5b0474&ps=13740610&shp=81f88b70&shcp=43f4a2f9&idc=useast5,,whats in my bag tote,False,False,720,1280
7654795749481286943,https://www.tiktok.com/@caldo.de.les/video/7654795749481286943,caldo.de.les,Les 🍒👩🏽‍⚕️🇬🇹,My most favorite bag ❤️ #whatsinmybag #totebag #coach ,#whatsinmybag #totebag #coach,26700,1549,49,5,211,2026-06-24T03:17:11.000Z,https://p16-common-sign.tiktokcdn-us.com/tos-useast8-p-0068-tx2/ocLMDoKUdAZeI2HCInjpQjTCqq7eIBklIxfAIG~tplv-tiktokx-origin.image?dr=9636&x-expires=1788555600&x-signature=8YyRRsCZxV4yGZdXD509ju%2BWjaU%3D&t=4d5b0474&ps=13740610&shp=81f88b70&shcp=43f4a2f9&idc=useast5,,whats in my bag tote,False,False,720,1280
7667587319305751821,https://www.tiktok.com/@lizzz.darlinggg/video/7667587319305751821,lizzz.darlinggg,lizzz.darlinggg,Medium City Tote from @Coach is the perfect work bag if you ask me. 😉 #coach #whatsinmybag #citytote #coach #fyp,# #coach #whatsinmybag #citytote #coach #fyp,18400,291,6,32,263,2026-07-28T14:35:30.000Z,https://p16-common-sign.tiktokcdn-us.com/tos-useast5-p-0068-tx/oAqJIo7EADEWwgV9dvrBfFjh2DSVcIemRLaimD~tplv-tiktokx-origin.image?dr=9636&x-expires=1788555600&x-signature=ucLYuFIjO0TBH6%2BTnorpHgoMUcg%3D&t=4d5b0474&ps=13740610&shp=81f88b70&shcp=43f4a2f9&idc=useast5,,whats in my bag tote,False,False,720,1280
7671382205846867213,https://www.tiktok.com/@chiaraglucia/video/7671382205846867213,chiaraglucia,Chiara Lucia,stay tuned for more improvements to the purse pouch i feel like i could add a toothbrush #whatsinmybag #whatsinmypurse #emersontote @Alpyn Beauty @Free People @Mentos @target @INNBEAUTY PROJECT @Huda Beauty @SHISEIDO @Ceremonia @SALT & STONE @dedcool @Coachtopia @MELLER BRAND ,#whatsinmybag #whatsinmypurse #emersontote # # # # # # # # # # # #,34200,5034,35,23,155,2026-08-07T20:01:25.000Z,https://p19-common-sign.tiktokcdn-us.com/tos-useast5-p-0068-tx/oAZSExFJArSSrPa2DADAImdfRNqgOCBEAjEPfU~tplv-tiktokx-origin.image?dr=9636&x-expires=1788555600&x-signature=q4eTXyF2AISlptkp2ZdrP5w7zw0%3D&t=4d5b0474&ps=13740610&shp=81f88b70&shcp=43f4a2f9&idc=useast5,,whats in my bag tote,False,False,576,1024
7657629203805768974,https://www.tiktok.com/@kpcstyle/video/7657629203805768974,kpcstyle,KPC,I’ve worked really hard to be the girl with everything she needs in her purse #whatsinmybag #worknecessites #totebag #organized #girlthings ,#whatsinmybag #worknecessites #totebag #organized #girlthings,1916,30,3,0,59,2026-07-01T18:32:38.000Z,https://p19-common-sign.tiktokcdn-us.com/tos-useast5-p-0068-tx/o47TkPdrqdaAiF5ZAIgDaBUEUVFI4QhBiXSmV~tplv-tiktokx-origin.image?dr=9636&x-expires=1788555600&x-signature=e%2F7ZfParwJO8aa75KdkXkYRY8CE%3D&t=4d5b0474&ps=13740610&shp=81f88b70&shcp=43f4a2f9&idc=useast5,,whats in my bag tote,False,False,720,1280
7675806223190560014,https://www.tiktok.com/@sarahccrist/video/7675806223190560014,sarahccrist,Sarah Crist,What’s in my bag for college!!! Everything’s linked in my bio in my ShopMy 🤭🛒✨ #college #whatsinmybag #collegehaul #backtoschool #haul ,#college #whatsinmybag #collegehaul #backtoschool #haul,186100,24100,57,389,86,2026-08-19T18:08:59.000Z,https://p19-common-sign.tiktokcdn-us.com/tos-useast5-p-0068-tx/owVAkpF34ElEfAFjfHgIMTjAACIOAAfCkE8DEB~tplv-tiktokx-origin.image?dr=9636&x-expires=1788555600&x-signature=JA6du4iFTGT3cv04JmtElY8lEF0%3D&t=4d5b0474&ps=13740610&shp=81f88b70&shcp=43f4a2f9&idc=useast5,,whats in my bag tote,False,False,720,1280
7628739406693682463,https://www.tiktok.com/@syd_62442/video/7628739406693682463,syd_62442,syd..🪐,I love this leather tote #outfitsdaily #coolgirl #totebag #collegefits #fyp,#outfitsdaily #coolgirl #totebag #collegefits #fyp,3403,182,0,2,12,2026-04-14T22:05:25.000Z,https://p16-common-sign.tiktokcdn-eu.com/tos-useast8-p-0068-tx2/oIheXLOpAiHjlGZ9QsuIRxLeWnIIvTEqAFCeQR~tplv-tiktokx-origin.image?dr=10395&x-expires=1788555600&x-signature=op3KpHX50zMF3LtgHqfCV9fULI4%3D&t=4d5b0474&ps=13740610&shp=81f88b70&shcp=43f4a2f9&idc=no1a,,tote bag outfit,False,False,720,1280
7680736453491428622,https://www.tiktok.com/@kennypfulz/video/7680736453491428622,kennypfulz,Kendra Fuller,Didn’t feel like dressing cute but it’s fine bc the purse IS the outfit #lovevook #everydaytote #ootdbag #commutebag @Lovevook #ad ,#lovevook #everydaytote #ootdbag #commutebag # #ad,640,82,3,0,13,2026-09-02T01:00:21.000Z,https://p16-common-sign.tiktokcdn-eu.com/tos-useast5-p-0068-tx/owEIf6dkIUMIk1LEjugGeHMjpJALAAuAAPeVQQ~tplv-tiktokx-origin.image?dr=10395&x-expires=1788555600&x-signature=9fnuEN8Ku0m7z3kcv4aIRuRsZ5U%3D&t=4d5b0474&ps=13740610&shp=81f88b70&shcp=43f4a2f9&idc=no1a,,tote bag outfit,False,False,576,1024
7675679935910006037,https://www.tiktok.com/@alliadriatico/video/7675679935910006037,alliadriatico,Allison Adriatico,the aislin bag from @CHARLESKEITHOFFICIAL 🖤 cutest work tote   #imwithcharleskeith #charleskeithcommunity #aislinbag #totebag #fitcheck ,# #imwithcharleskeith #charleskeithcommunity #aislinbag #totebag #fitcheck,3275,105,4,3,12,2026-08-19T09:58:29.000Z,https://p19-common-sign.tiktokcdn-eu.com/tos-alisg-p-0037/oYjCnLDlKrteMpCWkVd9Ac4KhegIgasHGvf3IA~tplv-tiktokx-origin.image?dr=10395&x-expires=1788555600&x-signature=SGskOOJFKXFAiJ4VdDiz5azq8GA%3D&t=4d5b0474&ps=13740610&shp=81f88b70&shcp=43f4a2f9&idc=no1a,,tote bag outfit,False,False,576,1024
7679737992415612180,https://www.tiktok.com/@ivy_nicolee/video/7679737992415612180,ivy_nicolee,IVY NICOLE 🎀,Replying to @Kushum🎀 another 4 ways I style the viral calls tote + the little brown pouch that comes with it 🥹🤎 @CHARLESKEITHOFFICIAL #callatotebag #charleskeith ,# # #callatotebag #charleskeith,3826,147,4,2,17,2026-08-30T08:25:50.000Z,https://p16-common-sign.tiktokcdn-eu.com/tos-alisg-p-0037/o0EG7IoGVC05f14LILF9aAQSIDaneJfAQjQh05~tplv-tiktokx-origin.image?dr=10395&x-expires=1788555600&x-signature=CvwId33h%2Bef%2FjxClDq0jHWkgbuM%3D&t=4d5b0474&ps=13740610&shp=81f88b70&shcp=43f4a2f9&idc=no1a,,tote bag outfit,False,False,576,1024
7597217083142720798,https://www.tiktok.com/@valeklinar/video/7597217083142720798,valeklinar,Vale Klinar,Me and my little red tote against the world 😖😩 #justagirl #ootd #fitcheck ,#justagirl #ootd #fitcheck,11900,1506,6,10,9,2026-01-19T23:22:42.000Z,https://p16-common-sign.tiktokcdn-eu.com/tos-useast8-p-0068-tx2/o43tBfyZCizqIMvHbB0AiALuEcI1AHkRRiFkq3~tplv-tiktokx-origin.image?dr=10395&x-expires=1788555600&x-signature=Nbcxj3lLs0KlzWyNG1Ux18SSxt8%3D&t=4d5b0474&ps=13740610&shp=81f88b70&shcp=43f4a2f9&idc=no1a,,tote bag outfit,False,False,720,1280
7676035969191005462,https://www.tiktok.com/@maariiiya_/video/7676035969191005462,maariiiya_,Maria,3 ways to style my Zara bag 🤎👜 Which look is your favourite?  By the way the sun was an unpaid actor😂  @ZARA   #zarahaul #totebags #zara #zaraunboxing #brownbag ,# #zarahaul #totebags #zara #zaraunboxing #brownbag,51300,1521,42,309,6,2026-08-20T09:00:05.000Z,https://p16-common-sign.tiktokcdn-eu.com/tos-no1a-p-0037-no/o8jCALpSAfAIVAhVeYILIQmDEFEeFAQGqAGwId~tplv-tiktokx-origin.image?dr=10395&x-expires=1788555600&x-signature=gZKt4m69vM9p6YS4rBXAqJIA%2BrQ%3D&t=4d5b0474&ps=13740610&shp=81f88b70&shcp=43f4a2f9&idc=no1a,,tote bag outfit,False,False,576,1024
7639489260948704526,https://www.tiktok.com/@cailinmandapat/video/7639489260948704526,cailinmandapat,cailin,prepare to be sick of me and this bag omg @St. Agni #ootd #outfitinspo ,# #ootd #outfitinspo,35400,970,15,46,48,2026-05-13T21:20:30.000Z,https://p16-common-sign.tiktokcdn-eu.com/tos-useast5-p-0068-tx/oIFsktfqBABxDHLFErOOIR1BSTJfQaAAEj8gQD~tplv-tiktokx-origin.image?dr=10395&x-expires=1788555600&x-signature=539nrZmL1g3SiQlqWuiGqJu5AWQ%3D&t=4d5b0474&ps=13740610&shp=81f88b70&shcp=43f4a2f9&idc=no1a,,tote bag outfit,False,False,720,1280
7340915099110083842,https://www.tiktok.com/@kayelytla/video/7340915099110083842,kayelytla,KAYLA,the perfect uni tote bag from @CHARLES & KEITH 🤍 #ImwithCharlesKeith #CharlesKeithCommunity ,# #imwithcharleskeith #charleskeithcommunity,172100,1050,46,348,51,2024-02-29T06:59:56.000Z,https://p16-common-sign.tiktokcdn-eu.com/tos-alisg-p-0037/077b498437354c05a4c3028c0a36088f_1709190002~tplv-tiktokx-dmt-logom:tos-alisg-i-0068/oEIBNAiAiDAAI2iwypCAzKAvIryIBaCegEArmn.image?dr=10393&x-expires=1788555600&x-signature=0ERNLk%2Bc5EiTdxGBgyW2pCuKk24%3D&t=4d5b0474&ps=13740610&shp=81f88b70&shcp=43f4a2f9&idc=no1a,,tote bag outfit,False,False,576,1024
7670942533979082016,https://www.tiktok.com/@charlotteraza_/video/7670942533979082016,charlotteraza_,chacha,ft @popo 🐆,#,1605,90,9,3,6,2026-08-06T15:34:51.000Z,https://p16-common-sign.tiktokcdn-eu.com/tos-useast2a-p-0037-euttp/oYzVuG6MQAMXmFOIfGUIcKMNfQDjgwLAUpDjwe~tplv-tiktokx-origin.image?dr=10395&x-expires=1788555600&x-signature=7rpUyn3%2F%2FOxv6OwYJ0EQrgclPn4%3D&t=4d5b0474&ps=13740610&shp=81f88b70&shcp=43f4a2f9&idc=no1a,,tote bag outfit,False,False,576,1024
7056931187855641903,https://www.tiktok.com/@soleilssofiaa/video/7056931187855641903,soleilssofiaa,soleil (*ᴗ͈ˬᴗ͈)ꕤ*.ﾟ,cant have an outfit without tote bags🤧 #totebag #totebags #totebagaesthetic #okayilikeitpicasso,#totebag #totebags #totebagaesthetic #okayilikeitpicasso,996800,89900,191,595,6,2022-01-25T00:17:11.000Z,https://p16-common-sign.tiktokcdn-eu.com/tos-useast5-p-0068-tx/9694a734e30342549520bd42cdccb6e6_1643069832~tplv-tiktokx-origin.image?dr=10395&x-expires=1788555600&x-signature=lmFWaiDaFBTo%2B7LrlNqLgMOu0Ms%3D&t=4d5b0474&ps=13740610&shp=81f88b70&shcp=43f4a2f9&idc=no1a,,tote bag outfit,False,False,576,1024
7680270520402693398,https://www.tiktok.com/@enna.knezevic/video/7680270520402693398,enna.knezevic,Enna-Kristin Knežević,Todays fit ft. my ridiculously huge tote that fits just about anything. 🍸 #scandinavianstyle #ootd #fitcheck #outfitinspo #outfits ,#scandinavianstyle #ootd #fitcheck #outfitinspo #outfits,2179,241,7,1,15,2026-08-31T18:52:17.000Z,https://p16-common-sign.tiktokcdn-eu.com/tos-no1a-p-0037-no/oEamzBNCrIiEQ7I0pYWiZBPXBPp3i4iVBTuAL~tplv-tiktokx-origin.image?dr=10395&x-expires=1788555600&x-signature=xooJmyHFb7yhdEBK%2FwX0i%2FxyjFw%3D&t=4d5b0474&ps=13740610&shp=81f88b70&shcp=43f4a2f9&idc=no1a,,tote bag outfit,False,False,576,1024
7680340821417184526,https://www.tiktok.com/@itsjestine/video/7680340821417184526,itsjestine,itsjestine,what’s in my bag (rapid fire edition) as a college student ✨✨ lmk if you guys want to see an in depth version!   #whatsinmybag #schoolbag #bagessentials #bagtour #schoolessentials ,#whatsinmybag #schoolbag #bagessentials #bagtour #schoolessentials,7577,1255,29,36,25,2026-08-31T23:25:14.000Z,https://p16-common-sign.tiktokcdn-us.com/tos-useast5-p-0068-tx/oYVLmXtDQeBCCzfIQJCWtHA2HjXV7k8eOAVMnQ~tplv-tiktokx-origin.image?dr=9636&x-expires=1788555600&x-signature=8zrZd3wOXM74aYDPqES1mdZuta4%3D&t=4d5b0474&ps=13740610&shp=81f88b70&shcp=43f4a2f9&idc=useast5,,what's in my bag,False,False,720,1280
7680031509557923102,https://www.tiktok.com/@sophiarosekellly/video/7680031509557923102,sophiarosekellly,sophia,good bag haul #wimb ,#wimb,18200,1553,27,13,79,2026-08-31T03:25:01.000Z,https://p19-common-sign.tiktokcdn-us.com/tos-useast8-p-0068-tx2/oIWHQVaA2DAC6ntDWPF3ERqMUEWAtBflQJf0pE~tplv-tiktokx-origin.image?dr=9636&x-expires=1788555600&x-signature=vneYqLOmuAZsS3XijVr2iWPSA28%3D&t=4d5b0474&ps=13740610&shp=81f88b70&shcp=43f4a2f9&idc=useast5,,what's in my bag,False,False,720,1280
7564829549406457110,https://www.tiktok.com/@majaawww/video/7564829549406457110,majaawww,maja 🪽,a few of you asked so here is my what’s in my everyday bag 💌 #whatsinmybag #bag #uk #fyp @Francis @Tangle Teezer @Kylie Cosmetics @rhode skin @nyxcosmetics_uk @DesignBy Si ,#whatsinmybag #bag #uk #fyp # # # # # #,53900,6024,45,77,60,2025-10-24T16:42:17.000Z,https://p19-common-sign.tiktokcdn-us.com/tos-no1a-p-0037-no/ocAAeE6KRLAirQonADFODEzeFAxEIIfjGIQi7U~tplv-tiktokx-origin.image?dr=9636&x-expires=1788555600&x-signature=UJGNUy172Navr5QCBrXEVBBZSsE%3D&t=4d5b0474&ps=13740610&shp=81f88b70&shcp=43f4a2f9&idc=useast5,,what's in my bag,False,False,576,1024
7680400172773428494,https://www.tiktok.com/@tahaniariel/video/7680400172773428494,tahaniariel,tahani,class 03: what’s in my bag this semester 👜🤓 #tahaniariel #collegelifestyle #HANiU #series  @Coach @Amazon Fashion @LOVEVOOK @Sharpie @apple @Sol de Janeiro @Carpe @elfcosmetics @Five Star® ,#tahaniariel #collegelifestyle #haniu #series # # # # # # # # #,3638,544,8,0,53,2026-09-01T03:15:44.000Z,https://p19-common-sign.tiktokcdn-us.com/tos-useast5-p-0068-tx/ooEHarDfFAufLhsDAjlcAElI8mDIQkAfAVIxpE~tplv-tiktokx-dmt-logom:tos-useast5-i-0068-tx/oEIekFDkjIH6AIAeYWEEYaEAQAyA1mAhLVf02C.image?dr=9634&x-expires=1788555600&x-signature=oRWhAC9K1Rz8rf7p7%2FxBq8dWry4%3D&t=4d5b0474&ps=13740610&shp=81f88b70&shcp=43f4a2f9&idc=useast5,,what's in my bag,False,False,720,1280
7678489483892903182,https://www.tiktok.com/@lauren_sorrentino/video/7678489483892903182,lauren_sorrentino,lauren_sorrentino,What’s in my bag after a busy summer😅,,167900,9250,80,55,209,2026-08-26T23:41:14.000Z,https://p16-common-sign.tiktokcdn-us.com/tos-useast5-p-0068-tx/okAj3kVAueeVebp7MHBzsHWR8ubCSA8FQzIugO~tplv-tiktokx-origin.image?dr=9636&x-expires=1788555600&x-signature=0quwfsMdtsXQroSgAeWAophN6fc%3D&t=4d5b0474&ps=13740610&shp=81f88b70&shcp=43f4a2f9&idc=useast5,,what's in my bag,False,False,720,1280
7678827383658401055,https://www.tiktok.com/@noelward.10/video/7678827383658401055,noelward.10,Noel,Exposing myself but at least I’ve got all of the essentials 💅🏼,,1838,123,11,1,205,2026-08-27T21:32:22.000Z,https://p16-common-sign.tiktokcdn-us.com/tos-useast8-p-0068-tx2/ocmHI4BqEArIkKRtZEjOfCIAQpNDkFesKVhr9E~tplv-tiktokx-origin.image?dr=9636&x-expires=1788555600&x-signature=QJIzB8vfNjhf29B0V8NXGjLX5Oc%3D&t=4d5b0474&ps=13740610&shp=81f88b70&shcp=43f4a2f9&idc=useast5,,what's in my bag,False,False,720,1280
7479921205089340718,https://www.tiktok.com/@jill.murphy/video/7479921205089340718,jill.murphy,Jill.Murphy,I filmed this so long ago and forgot to edit 😭 round up & ratings for work bags! #corporate #work #worktote #workbag #lawyersoftiktok #corporategirlies #9to5 #business #bags #ratings #officelife #officebag @CALPAK Travel @polene_paris @Beis Travel @Kohl’s @kate spade new york ,#corporate #work #worktote #workbag #lawyersoftiktok #corporategirlies #9to5 #business #bags #ratings #officelife #officebag # # # # #,2400000,97800,1011,2465,346,2025-03-09T21:14:58.000Z,https://p16-common-sign.tiktokcdn-eu.com/tos-useast5-p-0068-tx/ogmCF9DmIEfCYqTDgBnEODNBzI61SKXfgAXFzR~tplv-tiktokx-origin.image?dr=10395&x-expires=1788555600&x-signature=1yh8tR%2BvVytvoYrFemh%2Bo4oie%2B0%3D&t=4d5b0474&ps=13740610&shp=81f88b70&shcp=43f4a2f9&idc=no1a,,work tote bag,False,False,576,1024
7673098652218297630,https://www.tiktok.com/@sholafakoyaa/video/7673098652218297630,sholafakoyaa,SHOLA,Every option is linked in my ShopMy under “Work Bags” for you! You really need a work bag that’s going to take you such a long way!!!! Here are some of my top picks   #greenscreen #workbag #schoolbag #corporatefashion   @CHARLESKEITHOFFICIAL @Atorie @JW PEI @Mango @Amazon Fashion ,#greenscreen #workbag #schoolbag #corporatefashion # # # # #,306300,26200,254,1024,210,2026-08-12T11:01:52.000Z,https://p16-common-sign.tiktokcdn-eu.com/tos-useast8-p-0068-tx2/oQKn75giKAbVaBHRqXEKxJM4IRRO8IESABviU~tplv-tiktokx-origin.image?dr=10395&x-expires=1788555600&x-signature=aywcWlT6QCQGFuK1IZblt9UywSk%3D&t=4d5b0474&ps=13740610&shp=81f88b70&shcp=43f4a2f9&idc=no1a,,work tote bag,False,False,720,1280
7607987391869013262,https://www.tiktok.com/@jodyannnn/video/7607987391869013262,jodyannnn,jodyann,perfect work tote @CHARLESKEITHOFFICIAL #imwithcharleskeith #callaxl ,# #imwithcharleskeith #callaxl,117300,2990,58,429,63,2026-02-17T23:57:09.000Z,https://p16-common-sign.tiktokcdn-eu.com/tos-useast5-p-0068-tx/o0DqaSERQB6ltQEhKfRAEf1D53TOPgWRH7AjFp~tplv-tiktokx-origin.image?dr=10395&x-expires=1788555600&x-signature=N3REqbZtSANfVyMzWzKOUJHxNuE%3D&t=4d5b0474&ps=13740610&shp=81f88b70&shcp=43f4a2f9&idc=no1a,,work tote bag,False,False,720,1280
7671172812517805320,https://www.tiktok.com/@lil_ywun/video/7671172812517805320,lil_ywun,Lil_ywun,Got new work bag from @Mango  #workbag #mango #totebag #outfitideas #unibag ,# #workbag #mango #totebag #outfitideas #unibag,75400,1301,19,536,18,2026-08-07T06:28:40.000Z,https://p16-common-sign.tiktokcdn-eu.com/tos-alisg-p-0037/ocxEgfXqlgqRDnLQG5nEAKBceBdFQ86oq5s6jL~tplv-tiktokx-origin.image?dr=10395&x-expires=1788555600&x-signature=tyTvY5ei1LvshfI8PZbkPdBvZF4%3D&t=4d5b0474&ps=13740610&shp=81f88b70&shcp=43f4a2f9&idc=no1a,,work tote bag,False,False,576,1024
7659729660229455135,https://www.tiktok.com/@lovevook_bags/video/7659729660229455135,lovevook_bags,LOVEVOOK,"Price just fell! Holds 40oz tumbler + laptop, wipes clean in seconds. Your office bag just got smarter. 💼💦#backtoschool #tiktokshopbacktoschool #lovevook #totebag #workbag ",#backtoschool #tiktokshopbacktoschool #lovevook #totebag #workbag,80700,815,50,288,19,2026-07-08T19:49:00.000Z,https://p16-common-sign.tiktokcdn-eu.com/tos-useast8-p-0068-tx2/oEAlvcaIR85iBTz3E0RwkAa9iAvNMoAJBEQAB~tplv-tiktokx-origin.image?dr=10395&x-expires=1788555600&x-signature=7I83Z77hoCWgeuXBnOB6CGRtPmc%3D&t=4d5b0474&ps=13740610&shp=81f88b70&shcp=43f4a2f9&idc=no1a,,work tote bag,True,False,720,1280
7667244067574582541,https://www.tiktok.com/@atnorah/video/7667244067574582541,atnorah,Nora,this is the perfect chic work tote bag that’s perfect for travel! 🤩 Newbella is the best✨ #handbag #tote #totebag #workbag #travelbag ,#handbag #tote #totebag #workbag #travelbag,79100,594,19,115,7,2026-07-27T16:23:02.000Z,https://p16-common-sign.tiktokcdn-eu.com/tos-useast5-p-0068-tx/okI1gqFpOAegibG0VIxeeNGAPfhGnLSdhISCNR~tplv-tiktokx-origin.image?dr=10395&x-expires=1788555600&x-signature=WikRCjCZdGFq8hjq0%2BAAv%2FVj2h0%3D&t=4d5b0474&ps=13740610&shp=81f88b70&shcp=43f4a2f9&idc=no1a,,work tote bag,True,False,720,1280
7676585875672681759,https://www.tiktok.com/@jennsclosetxo/video/7676585875672681759,jennsclosetxo,Jenn,finally a tote bag that can fit everything and more ✨👜  @LOVEVOOK #totebag #lovevook #workbag #laptopbag ,# #totebag #lovevook #workbag #laptopbag,55000,750,30,78,38,2026-08-21T20:33:59.000Z,https://p16-common-sign.tiktokcdn-eu.com/tos-useast8-p-0068-tx2/oAUv0AfPViIExtR2ETAjIRFESkWe4qIjDAELBg~tplv-tiktokx-origin.image?dr=10395&x-expires=1788555600&x-signature=uKZlH7%2BNN2faJoQHgHjOVFxSBlA%3D&t=4d5b0474&ps=13740610&shp=81f88b70&shcp=43f4a2f9&idc=no1a,,work tote bag,True,False,720,1280
7621203161633639694,https://www.tiktok.com/@atnorah/video/7621203161633639694,atnorah,Nora,The ultimate tote bag for everyone ✨ #totebag #workbag #collegebag #laptopbag #whatsinmybag ,#totebag #workbag #collegebag #laptopbag #whatsinmybag,667200,9258,46,1730,9,2026-03-25T14:43:05.000Z,https://p16-common-sign.tiktokcdn-eu.com/tos-useast5-p-0068-tx/oIDnAEfARI9hxFKIkkGfDk9HzHAFEjAyDTEfAH~tplv-tiktokx-origin.image?dr=10395&x-expires=1788555600&x-signature=O8yYLxWZwWoxywdiAiyIG5%2F%2FezU%3D&t=4d5b0474&ps=13740610&shp=81f88b70&shcp=43f4a2f9&idc=no1a,,work tote bag,True,False,720,1280
7609061733625236750,https://www.tiktok.com/@blondebaby22/video/7609061733625236750,blondebaby22,Lauren,LINKED IN MY SHOP MY👩🏼‍💻 #ralphlauren #poloid #workbag #ralphlaurentotebag #poloidbag ,#ralphlauren #poloid #workbag #ralphlaurentotebag #poloidbag,182700,5257,35,262,150,2026-02-20T21:26:04.000Z,https://p16-common-sign.tiktokcdn-eu.com/tos-useast5-p-0068-tx/ooXEufMY0gBRDnJIHCfEAgBS0DmFIl5Npq6BVK~tplv-tiktokx-origin.image?dr=10395&x-expires=1788555600&x-signature=75AYOudMDQoUIOM0kA%2FbjGWkm0Y%3D&t=4d5b0474&ps=13740610&shp=81f88b70&shcp=43f4a2f9&idc=no1a,,work tote bag,False,False,720,1280
7636905336544234783,https://www.tiktok.com/@bquental/video/7636905336544234783,bquental,Brooke,The most spacious work bag that saves me from bringing 3 different bags to work😬  🤎Bagsmart Puffer Tote Bag  @Amazon @Amazon Fashion  @BAGSMART   #workbag #totebag #amazonfind #amazonmusthaves #nanoinfluencer ,# # # #workbag #totebag #amazonfind #amazonmusthaves #nanoinfluencer,61300,418,16,50,67,2026-05-06T22:13:16.000Z,https://p16-common-sign.tiktokcdn-eu.com/tos-useast8-p-0068-tx2/okgJBRWCp2qTfnsuIRMAAF9ZjwTAeCfIr3Q480~tplv-tiktokx-origin.image?dr=10395&x-expires=1788555600&x-signature=IjEGsFZb4MDUpbT4XR3yk827nMs%3D&t=4d5b0474&ps=13740610&shp=81f88b70&shcp=43f4a2f9&idc=no1a,,work tote bag,True,False,720,1280
7678152414561684749,https://www.tiktok.com/@_beasalazar/video/7678152414561684749,_beasalazar,Beatrice,"im back, let’s talk corporate bags🤪 @andar @polene_paris @LA VOÛTE #luxury #designer #luxurylifestyle #handbag #corporatelife ",# # # #luxury #designer #luxurylifestyle #handbag #corporatelife,4803,549,6,8,263,2026-08-26T01:53:11.000Z,https://p16-common-sign.tiktokcdn-eu.com/tos-useast5-p-0068-tx/oMEAOqhEQCkAwgRestIACFEDcRDhKjAa3flGwS~tplv-tiktokx-origin.image?dr=10395&x-expires=1788555600&x-signature=zJIgFk6X%2Fp0aX91%2F05M9TIVvV%2Bc%3D&t=4d5b0474&ps=13740610&shp=81f88b70&shcp=43f4a2f9&idc=no1a,,work tote bag,False,False,720,1280
7680622417118563615,https://www.tiktok.com/@mvmmyyisa/video/7680622417118563615,mvmmyyisa,isa 🐆🤎,me and my tote for life 😇 #unibag #student #umiami #whatsinmybag #ysl ,#unibag #student #umiami #whatsinmybag #ysl,799,104,5,4,12,2026-09-01T17:38:08.000Z,https://p16-common-sign.tiktokcdn-eu.com/tos-useast8-p-0068-tx2/oUOIAi2JIa1I1ADfXXHSW4YmSYhBCAi4q6Oi48~tplv-tiktokx-origin.image?dr=10395&x-expires=1788555600&x-signature=RFXSWGCdssctxq3s8VPNJwinFuQ%3D&t=4d5b0474&ps=13740610&shp=81f88b70&shcp=43f4a2f9&idc=no1a,,whats in my bag tote,False,False,720,1280
7680961128452689165,https://www.tiktok.com/@gfrceeds02/video/7680961128452689165,gfrceeds02,Camille Lux,"One bag for class, work, and everything in between. 🤎 #schoolbagsforstudents #totebag #everydaycarry #longchamp #whatsinmybag ",#schoolbagsforstudents #totebag #everydaycarry #longchamp #whatsinmybag,520,14,1,1,5,2026-09-02T15:32:56.000Z,https://p16-common-sign.tiktokcdn-eu.com/tos-useast5-p-0068-tx/oIEA2I4zp3BBhM4U66AcBEaYQhYN7ggia8ipP~tplv-tiktokx-origin.image?dr=10395&x-expires=1788555600&x-signature=dXe5k7Zoe4euDWYCUUk6Jn%2Fp%2FN0%3D&t=4d5b0474&ps=13740610&shp=81f88b70&shcp=43f4a2f9&idc=no1a,,whats in my bag tote,False,False,720,960
7680769686295956756,https://www.tiktok.com/@samarsdigitaldiary/video/7680769686295956756,samarsdigitaldiary,samarsdigitaldiary,what’s in my uni bag ⭐️💘☺️ #university #whatsinmybag #collegelife #totebagaesthetic #schoolhaul ,#university #whatsinmybag #collegelife #totebagaesthetic #schoolhaul,757,52,3,3,13,2026-09-02T03:09:16.000Z,https://p19-common-sign.tiktokcdn-eu.com/tos-alisg-p-0037/ooZX3MSinWIaDIOIzAi1AkSBwuuXWAd2PeSCb4~tplv-tiktokx-origin.image?dr=10395&x-expires=1788555600&x-signature=JqjbCPrE%2Bnbxb%2BHIAf02PEWi0qc%3D&t=4d5b0474&ps=13740610&shp=81f88b70&shcp=43f4a2f9&idc=no1a,,whats in my bag tote,False,False,576,1024
7620798774008433934,https://www.tiktok.com/@atnorah/video/7620798774008433934,atnorah,Nora,Color: Coffee 🤎✨ fits everything! 🫶🏻 #everydaybag #whatsinmybag #totebag #fashiongirlies #fashiontok ,#everydaybag #whatsinmybag #totebag #fashiongirlies #fashiontok,8700000,112600,337,16700,10,2026-03-24T12:32:00.000Z,https://p16-common-sign.tiktokcdn-eu.com/tos-useast5-p-0068-tx/o8mK5rAheAQHfhMcAGjTpPE4EIHkLIAbPQAgfG~tplv-tiktokx-origin.image?dr=10395&x-expires=1788555600&x-signature=5djjqQO0oTk5pBJ3VB845eM0vJI%3D&t=4d5b0474&ps=13740610&shp=81f88b70&shcp=43f4a2f9&idc=no1a,,whats in my bag tote,True,False,720,1280
7566032606630776078,https://www.tiktok.com/@sulystanton/video/7566032606630776078,sulystanton,Sulystanton,Oner active quilted tote bag I was convinced at the 16in MacBook #fyp #whatsinmybag #totebag #gymbag #schoolbag ,#fyp #whatsinmybag #totebag #gymbag #schoolbag,57200,1375,48,91,102,2025-10-27T22:31:02.000Z,https://p16-common-sign.tiktokcdn-eu.com/tos-useast5-p-0068-tx/oIBeBoAlyIACkO8HAeGwQ9QfeMi3vKcQSGjNfL~tplv-tiktokx-origin.image?dr=10395&x-expires=1788555600&x-signature=e%2FGdG1eHzucJZrXWI9h2ecf2ulM%3D&t=4d5b0474&ps=13740610&shp=81f88b70&shcp=43f4a2f9&idc=no1a,,whats in my bag tote,False,False,720,1280
7680965076165217558,https://www.tiktok.com/@cemurelondon/video/7680965076165217558,cemurelondon,cemurelondon,#trending #whatsinmybag #totebags #everydaybag #baginspo ,#trending #whatsinmybag #totebags #everydaybag #baginspo,755,19,0,0,24,2026-09-02T15:47:30.000Z,https://p16-common-sign.tiktokcdn-eu.com/tos-no1a-p-0037-no/oYUTRaiEYBHwIiABIBFYBkZSqDphIRWRiBBTP~tplv-tiktokx-origin.image?dr=10395&x-expires=1788555600&x-signature=o3S7i1gRiQjieoqjuVAaUNRgLEs%3D&t=4d5b0474&ps=13740610&shp=81f88b70&shcp=43f4a2f9&idc=no1a,,whats in my bag tote,False,False,576,1024
7575770157046320391,https://www.tiktok.com/@ctinefg/video/7575770157046320391,ctinefg,chrissy,What’s in my carry on bag 🤎 use code ‘COMAMBAU15-RG6DI32K3H’ to save 15% ✨ @CHARLESKEITHOFFICIAL #charleskeithcommunity #imwithcharleskeith #carryonbag ,# #charleskeithcommunity #imwithcharleskeith #carryonbag,723500,26900,71,3093,6,2025-11-23T04:17:25.000Z,https://p16-common-sign.tiktokcdn-eu.com/tos-alisg-p-0037/ogOcYcViaPcEWBrthmKtnAI6i6SDIAKEBiijO~tplv-tiktokx-origin.image?dr=10395&x-expires=1788555600&x-signature=kPw%2BdcIexVTo0vt23JUjp0mO5o4%3D&t=4d5b0474&ps=13740610&shp=81f88b70&shcp=43f4a2f9&idc=no1a,,whats in my bag tote,True,False,576,1024
7679915645126954254,https://www.tiktok.com/@kristinelynnmontello/video/7679915645126954254,kristinelynnmontello,Kristine❌,Let’s do a What’s in My @Gucci Giglio Large Tote Bag! People have asked me so here it is. @Robin|UGC Creator @YSL Beauty @Diorbeauty @Charlotte Tilbury @urban decay @loréal paris usa @LUMIFY Eye Drops @Laniege #luxuryhandbags #bagtok #designerbags ,# # # # # # # # # #luxuryhandbags #bagtok #designerbags,6630,1410,204,19,304,2026-08-30T19:55:15.000Z,https://p19-common-sign.tiktokcdn-eu.com/tos-useast5-p-0068-tx/o4LCVzPVKAsxHpTKImHRcjFCkSpeQffBIDgAQG~tplv-tiktokx-origin.image?dr=10395&x-expires=1788555600&x-signature=IOYhJ4cTW7Mf0zpOwUbPU4vjPPw%3D&t=4d5b0474&ps=13740610&shp=81f88b70&shcp=43f4a2f9&idc=no1a,,whats in my bag tote,True,False,720,1280
7572518245584866574,https://www.tiktok.com/@itscamila0730/video/7572518245584866574,itscamila0730,heyitscamila30,Always Choose The TOP QUALITY! Here's Why It's Worth It. 👍#TopQuality #BagReview #QualityCheck #AttentionToDetail #StyleHack ,#topquality #bagreview #qualitycheck #attentiontodetail #stylehack,93200,1158,6,26,25,2025-11-14T09:58:32.000Z,https://p16-common-sign.tiktokcdn-us.com/tos-useast5-p-0068-tx/osQtQFOhGfgWAkGkgLIse3umepAR5IgAI8fUFu~tplv-tiktokx-origin.image?dr=9636&x-expires=1788555600&x-signature=g73bjO0I%2BUnul1yBVH1AVmpMwOQ%3D&t=4d5b0474&ps=13740610&shp=81f88b70&shcp=43f4a2f9&idc=useast8,,bag review,True,False,720,1280
7666817528122952974,https://www.tiktok.com/@laura_jo69/video/7666817528122952974,laura_jo69,Laura | Bags and Baubles,"Luxury handbag review. If you love timeless style, beautiful craftsmanship, and boutique quality without boutique prices, this one is worth seeing. This is the second time I’ve owned this bag because the updated burgundy trim and finishing completely changed my opinion. If you appreciate exceptional quality, this one from Merry is worth a look. Comment “Celebration” for details.  #luxuryhandbags #handbagreview #bagtok #timelessstyle #designerinspired ",#luxuryhandbags #handbagreview #bagtok #timelessstyle #designerinspired,1681,66,26,6,145,2026-07-26T12:48:37.000Z,https://p16-common-sign.tiktokcdn-us.com/tos-useast5-p-0068-tx/o0grCvmmGMAABIdKiRPBaAAOEi4BMiAErkYJ4~tplv-tiktokx-dmt-logom:tos-useast5-i-0068-tx/oAAgqDI2IADegGAkEQBECE2m4SFiRZaE0ABlfA.image?dr=9634&x-expires=1788555600&x-signature=xzPDjjytrdJ9Gy3qfnAh3pXDeb8%3D&t=4d5b0474&ps=13740610&shp=81f88b70&shcp=43f4a2f9&idc=useast8,,bag review,False,False,720,1280
7655773135282654478,https://www.tiktok.com/@tanner.leatherstein/video/7655773135282654478,tanner.leatherstein,Tanner Leatherstein,"I bought this one myself. Second @paris64world dissection... needed to know if the first result was luck or a pattern. Stainless steel hardware with PVD coating. Three support materials in the base. Napa leather from Spain. Craftsmanship that's clean even where you'll never look. Estimated production cost: ~€169. They're selling it for €400. That math is rare. And I've cut open enough bags to know it. Transparency: I purchased this bag with my own money. I'm collaborating with Paris 64 on a separate paid video coming later, but this dissection isn't part of that deal. Not an ad. #leatherbag #l",# #leatherbag #leathertok #bagreview #spanishleather #paris64 #luxurybag #tannerleatherstein,369500,34200,233,1569,265,2026-06-26T18:30:04.000Z,https://p16-common-sign.tiktokcdn-us.com/tos-useast5-p-0068-tx/og2eYqgQE4DAPSgFsBC4BqxZxA5DVCAAInnFfZ~tplv-tiktokx-origin.image?dr=9636&x-expires=1788555600&x-signature=bwpiDil6BIxu%2BvPLkNTvty0zo90%3D&t=4d5b0474&ps=13740610&shp=81f88b70&shcp=43f4a2f9&idc=useast8,,bag review,False,False,720,1280
7672789734611062029,https://www.tiktok.com/@annava__/video/7672789734611062029,annava__,ANNA 👧🏻,Still love the brand and this is one literally perfection!! Please remember to do your QC checks thoroughly in store 💕💕💕  #louisvuittonbag#louisvuittonlover#louisvuittonaddict#louisvuitton#bagreview ,#louisvuittonbag #louisvuittonlover #louisvuittonaddict #louisvuitton #bagreview,9711,765,55,23,152,2026-08-11T15:03:30.000Z,https://p16-common-sign.tiktokcdn-us.com/tos-useast5-p-0068-tx/ocfU7tjBIYDee7TEAOFnAEAcHJAgIAEpzMAkiA~tplv-tiktokx-origin.image?dr=9636&x-expires=1788555600&x-signature=FSwC1lgHCN05hlAEr%2F3jR566WE4%3D&t=4d5b0474&ps=13740610&shp=81f88b70&shcp=43f4a2f9&idc=useast8,,bag review,False,False,720,1280
7679940725546634526,https://www.tiktok.com/@closetvomit/video/7679940725546634526,closetvomit,ashley ballard,everyone keeps talking about this gd viral COS bag so here's my POV as a bag collector #bagreview ,#bagreview,61200,3470,89,379,39,2026-08-30T21:32:37.000Z,https://p19-common-sign.tiktokcdn-us.com/tos-useast8-p-0068-tx2/ocgJXaAiliRW64SqAoAgIoEUffEKpBEVmB2Rli~tplv-tiktokx-origin.image?dr=9636&x-expires=1788555600&x-signature=DzakH9YkqVYPHeRA3JU4WmHIWTM%3D&t=4d5b0474&ps=13740610&shp=81f88b70&shcp=43f4a2f9&idc=useast8,,bag review,False,False,720,1280
7680006325824179487,https://www.tiktok.com/@mary.katherineee/video/7680006325824179487,mary.katherineee,Mary Katherine 🩷,i HAD to have her! #handbagreview #pursecollection #luxuryforless #handbaghaul #designerinspiredbags ,#handbagreview #pursecollection #luxuryforless #handbaghaul #designerinspiredbags,3148,131,5,17,26,2026-08-31T01:47:09.000Z,https://p16-common-sign.tiktokcdn-us.com/tos-useast8-p-0068-tx2/osjpRqAVlEEEEukeEAQA510faJQATFIDACVC2N~tplv-tiktokx-origin.image?dr=9636&x-expires=1788555600&x-signature=LCJQrzKTNZXqS6QP%2BxjPSpROquw%3D&t=4d5b0474&ps=13740610&shp=81f88b70&shcp=43f4a2f9&idc=useast8,,bag review,False,False,720,1280
7669926839879617823,https://www.tiktok.com/@sarah_jane_7781/video/7669926839879617823,sarah_jane_7781,sarah_jane_7781,"I finally got my hands on the updated P9 size 30 in silk blue! In terms of quality, it’s just as you’d expect—all the details are there, and the craftsmanship is amazing 🤩 Do I think it’s spot on? No. However, closer, yes! Either way, I love my blue bags 💙🩵. I’ll love both of them equally. @CC Luxury store @CC Fashion Feedback Thank you 😊 #reviews #bagcollection #luxuryonabudget #fyp #bagtok  . ",# # #reviews #bagcollection #luxuryonabudget #fyp #bagtok,68900,461,63,25,326,2026-08-03T21:53:42.000Z,https://p19-common-sign.tiktokcdn-us.com/tos-useast8-p-0068-tx2/oceXGhhq4CILgVGQMQpy1QAuIerAeUp7GIjiIz~tplv-tiktokx-origin.image?dr=9636&x-expires=1788555600&x-signature=qm2%2FBqFZJFXeeJKWySLzHHtgvtc%3D&t=4d5b0474&ps=13740610&shp=81f88b70&shcp=43f4a2f9&idc=useast8,,bag review,False,False,720,1280
7647919936542706957,https://www.tiktok.com/@shoppingwith.vale/video/7647919936542706957,shoppingwith.vale,shoppingwith.vale,My way past due review of the Coach Erin Shoulder Bag!🤎🧸☕️ @Coach #coach #coachbag #everydaybag #coacherinshoulderbag #shoulderbag ,# #coach #coachbag #everydaybag #coacherinshoulderbag #shoulderbag,576300,41700,369,3006,118,2026-06-05T14:36:02.000Z,https://p16-common-sign.tiktokcdn-us.com/tos-useast5-p-0068-tx/o4IB1EG3gq5WCAoaiV8BK1AAi8pti3NI9wfiI3~tplv-tiktokx-origin.image?dr=9636&x-expires=1788555600&x-signature=ephZ8DpORELbYPSJxZRLRJppayk%3D&t=4d5b0474&ps=13740610&shp=81f88b70&shcp=43f4a2f9&idc=useast8,,bag review,True,False,720,1280
7680416988958706974,https://www.tiktok.com/@khokolategal/video/7680416988958706974,khokolategal,Kie'ana Monique,The rare orange from @CC Luxury Store   Always a win with CC #bagtok #bagreview #designerbags #bougieonbudget ,# #bagtok #bagreview #designerbags #bougieonbudget,523,58,15,1,374,2026-09-01T04:20:58.000Z,https://p16-common-sign.tiktokcdn-us.com/tos-useast8-p-0068-tx2/oknAQMUpAiKEl1VqRnTCEezXqEILEAFWACAlfD~tplv-tiktokx-origin.image?dr=9636&x-expires=1788555600&x-signature=JtbDsdMOWozHMqsBB8dUMYXsiB8%3D&t=4d5b0474&ps=13740610&shp=81f88b70&shcp=43f4a2f9&idc=useast8,,bag review,False,False,720,1280
7662470389661994253,https://www.tiktok.com/@ayebeibei/video/7662470389661994253,ayebeibei,AYEBEIBEI,Trending bags that I want to deinfluence you on ##handbag##handbagtiktok##trendingbag##deinfluencing##bagreview,#handbag #handbagtiktok #trendingbag #deinfluencing #bagreview,197500,5705,114,140,114,2026-07-14T19:38:51.000Z,https://p19-common-sign.tiktokcdn-us.com/tos-useast5-p-0068-tx/okKWpxArfAQ1FfVuHDjUjECskEHkFIebYRwQT7~tplv-tiktokx-origin.image?dr=9636&x-expires=1788555600&x-signature=XakoGDESWVqXRMTNWxfUTMGY1P8%3D&t=4d5b0474&ps=13740610&shp=81f88b70&shcp=43f4a2f9&idc=useast8,,bag review,False,False,720,1280
7669272383022206238,https://www.tiktok.com/@liyaholic/video/7669272383022206238,liyaholic,Aaliyah,#corporate #workbags #worktote #coach ,#corporate #workbags #worktote #coach,2880,91,2,8,7,2026-08-02T03:34:06.000Z,https://p16-common-sign.tiktokcdn-us.com/tos-useast8-p-0068-tx2/oIuH4iAIqB1tNTCwuAZ5AYqEEfbN67iihPIW1C~tplv-tiktokx-origin.image?dr=9636&x-expires=1788555600&x-signature=Da1f11rZ5KfxqF98ZyCsbimATkE%3D&t=4d5b0474&ps=13740610&shp=81f88b70&shcp=43f4a2f9&idc=useast8,,work tote bag,False,False,720,1280
7671088104463191316,https://www.tiktok.com/@laurabuelvasa/video/7671088104463191316,laurabuelvasa,Laura,5 tote bags para la oficina que encuentras en Amazon! 🤍👜  #amazonfinds #workbag #jwpei ,#amazonfinds #workbag #jwpei,103500,4759,32,767,124,2026-08-07T01:00:00.000Z,https://p16-common-sign.tiktokcdn-us.com/tos-alisg-p-0037/oMicgAB1OAutA5GAiw3pBILBO01fIW5ACHdwEB~tplv-tiktokx-origin.image?dr=9636&x-expires=1788555600&x-signature=7DlXCuCiZly0DtyeXtn0v6QrX9I%3D&t=4d5b0474&ps=13740610&shp=81f88b70&shcp=43f4a2f9&idc=useast8,,work tote bag,False,False,576,1024
7673516524555996446,https://www.tiktok.com/@beccavigil3/video/7673516524555996446,beccavigil3,Becca,I used to forget my keys at least once a month. Now not gonna happen. I can’t wait to get it customized. @Lands' End #workbag #totebag #newbagforwork #landsendtote ,# #workbag #totebag #newbagforwork #landsendtote,3374,38,3,4,59,2026-08-13T14:03:21.000Z,https://p16-common-sign.tiktokcdn-us.com/tos-useast8-p-0068-tx2/oEgf6GFpVe3OlWWfDY3MqAURUyQ8AjibegAcQ5~tplv-tiktokx-origin.image?dr=9636&x-expires=1788555600&x-signature=pTS2KeNsG2JRh7maNp%2BqAI5%2Bvt4%3D&t=4d5b0474&ps=13740610&shp=81f88b70&shcp=43f4a2f9&idc=useast8,,work tote bag,False,False,720,1280
7673924803534867726,https://www.tiktok.com/@itsjestine/video/7673924803534867726,itsjestine,itsjestine,"lovvvee my back to school/work bags! as a fashion student in college having a cute (spacious) purse is a must. these are my favorite purses in my rotation 👜  #backtoschoolshopping #bags #schoolbag #workbag #recommendations   @OLEADA WORKBAGS @CHARLESKEITHOFFICIAL @Vinted   back to school bag, college student, nyc, purse collection",#backtoschoolshopping #bags #schoolbag #workbag #recommendations # # #,84800,2703,31,60,13,2026-08-14T16:28:05.000Z,https://p16-common-sign.tiktokcdn-us.com/tos-useast5-p-0068-tx/oIn2gFe7rUXggBuaZ4fgeCeLqeEUAE43VfhYgU~tplv-tiktokx-origin.image?dr=9636&x-expires=1788555600&x-signature=Pd%2BEcTp%2B12sanQOefZQTJ50eaU0%3D&t=4d5b0474&ps=13740610&shp=81f88b70&shcp=43f4a2f9&idc=useast8,,work tote bag,False,False,720,1280
7590103135595531575,https://www.tiktok.com/@miffyiqzmsu/video/7590103135595531575,miffyiqzmsu,aggie ⋆˚꩜｡,what’s in my school bag ꒰ঌ ໒꒱#whatsinmybag #fyp #schoolbag #miffy #vlog ,#whatsinmybag #fyp #schoolbag #miffy #vlog,281200,41600,73,970,41,2025-12-31T19:17:09.000Z,https://p19-common-sign.tiktokcdn-us.com/tos-useast5-p-0068-tx/oIfeHdeGkQYAjBSIw7asKqOuqCWAuIynLJWJQA~tplv-tiktokx-origin.image?dr=9636&x-expires=1788555600&x-signature=6plOq1W8t0JpF8VkoaHPHBJw9dU%3D&t=4d5b0474&ps=13740610&shp=81f88b70&shcp=43f4a2f9&idc=useast5,,what's in my bag,False,False,720,1280
7680930851592391966,https://www.tiktok.com/@bestlifebybrookeasmr/video/7680930851592391966,bestlifebybrookeasmr,Best Life By Brooke ASMR,"Forest school tools and bag show and tell!!! So many fun outdoorsy nature goodies. That also make amazing sounds?!? This video includes tapping, soft spoken over explaining, and a what’s in my bag style haul. Enjoy! #bestlifebybrooke #asmrhaul #whatsinmybag #asmrtapping #tingles ",#bestlifebybrooke #asmrhaul #whatsinmybag #asmrtapping #tingles,17100,1839,8,8,180,2026-09-02T13:34:45.000Z,https://p16-common-sign.tiktokcdn-us.com/tos-useast8-p-0068-tx2/okfE2GM1gAq13kJIWIlIeDSnBgpjArLUVgCr4e~tplv-tiktokx-origin.image?dr=9636&x-expires=1788555600&x-signature=8yBydZCMhgHPAVwrqERULKwHWsI%3D&t=4d5b0474&ps=13740610&shp=81f88b70&shcp=43f4a2f9&idc=useast5,,what's in my bag,False,False,720,1280
7680245300409208095,https://www.tiktok.com/@sheyculha/video/7680245300409208095,sheyculha,Shey,type b to its core #whatsinmybag #bagtour #girlie #typeb ,#whatsinmybag #bagtour #girlie #typeb,16400,2188,25,20,142,2026-08-31T17:14:49.000Z,https://p16-common-sign.tiktokcdn-us.com/tos-useast8-p-0068-tx2/o4tU7BapVAAvoilDwi1RmgRI4EVQPBWvxRIZI~tplv-tiktokx-origin.image?dr=9636&x-expires=1788555600&x-signature=9w60f9d%2BFAvQ8WxeUjO7FTrT%2Fn4%3D&t=4d5b0474&ps=13740610&shp=81f88b70&shcp=43f4a2f9&idc=useast5,,what's in my bag,False,False,720,1280
7671066924507319573,https://www.tiktok.com/@katiefanggg/video/7671066924507319573,katiefanggg,Katie Fang,I carry this everywhere with me like it’s my baby…obvi have to have my pistachio milk body mist @Summer Fridays ad,#,879800,110800,258,1191,113,2026-08-06T23:37:35.000Z,https://p16-common-sign.tiktokcdn-us.com/tos-alisg-p-0037/oYfUjTjrIeD6PqdEINFOfQxZDaEHQAC4jsHgTA~tplv-tiktokx-origin.image?dr=9636&x-expires=1788555600&x-signature=P1h7zemArruSF7Vy8HhnYFgeYIg%3D&t=4d5b0474&ps=13740610&shp=81f88b70&shcp=43f4a2f9&idc=useast5,,what's in my bag,False,False,576,1024
7677699410175790343,https://www.tiktok.com/@lifethru.angie/video/7677699410175790343,lifethru.angie,Angie🫧💕,What’s in my girly bag featuring @Posh Tech accessories that doesn’t only look cute but are also super functional. Which one is your favorite? #PoshTechpartner #whatisinmybag #bagessentials #girlybag #girlyessentials @Owala @rhode skin @Ellis Brooklyn @Gisou @Huda Beauty @Summer Fridays @TheraBreath @touchland @Sol de Janeiro @Glow Recipe @Michael Kors ,# #poshtechpartner #whatisinmybag #bagessentials #girlybag #girlyessentials # # # # # # # # # # #,30600,5928,46,97,40,2026-08-24T20:35:13.000Z,https://p16-common-sign.tiktokcdn-us.com/tos-alisg-p-0037/owWljVxeVB4WINDXWCGWexWQANMkkfAQVA8aCT~tplv-tiktokx-origin.image?dr=9636&x-expires=1788555600&x-signature=QGICs42aUrR7rfDXHT2ieDr1VBU%3D&t=4d5b0474&ps=13740610&shp=81f88b70&shcp=43f4a2f9&idc=useast5,,what's in my bag,False,False,576,1024
7423454720251170054,https://www.tiktok.com/@ukaraobong_/video/7423454720251170054,ukaraobong_,UKARA | Fashion Stylist,How to style a tote bag 😍 What’s your favorite look ???  #totebag #autumnfashion #bagstyle #fyp ,#totebag #autumnfashion #bagstyle #fyp,97100,4108,55,78,51,2024-10-08T17:15:52.000Z,https://p16-common-sign.tiktokcdn.com/tos-maliva-p-0068/010a45c49206484bae4ba4e24b5dd7c6_1728407754~tplv-tiktokx-origin.image?dr=14575&x-expires=1788555600&x-signature=bD09cGE%2Bux7x6KXdJ9biKiGl5Eg%3D&t=4d5b0474&ps=13740610&shp=81f88b70&shcp=43f4a2f9&idc=my2,,tote bag outfit,False,False,576,1024
7607854336051268871,https://www.tiktok.com/@asonele_mafumana/video/7607854336051268871,asonele_mafumana,Aso.M,SIMPLE OOTD ❤️#fypviral#studentlife ,#fypviral #studentlife,13100,330,6,9,17,2026-02-17T15:20:31.000Z,https://p16-common-sign.tiktokcdn.com/tos-alisg-p-0037/oAVRslEyeIPbIUc0ECbzh2gIDfA5FBCBABdpII~tplv-tiktokx-origin.image?dr=14575&x-expires=1788555600&x-signature=zZAYMwb76ijNt340W11Lfk%2BKGh8%3D&t=4d5b0474&ps=13740610&shp=81f88b70&shcp=43f4a2f9&idc=my2,,tote bag outfit,False,False,576,1024
7652428222675635463,https://www.tiktok.com/@asonele_mafumana/video/7652428222675635463,asonele_mafumana,Aso.M,OOTD❤️ T-shirt:@Mr Price  Tote Bag:@Mr Price  Jeans: @COTTON ON  New Balance 740 #fyppppppppppppppppppppppp #simpleootd ,# #fyppppppppppppppppppppppp #simpleootd,15400,591,16,5,18,2026-06-17T18:09:57.000Z,https://p16-common-sign.tiktokcdn.com/tos-alisg-p-0037/og4jyYKZaJKZLuXvAz6AAkQ1EoGhivBIBByiI~tplv-tiktokx-origin.image?dr=14575&x-expires=1788555600&x-signature=k0yuBgnF7bg%2FwHcRAXLtC5ioT0s%3D&t=4d5b0474&ps=13740610&shp=81f88b70&shcp=43f4a2f9&idc=my2,,tote bag outfit,False,False,576,1024
7661509998660406536,https://www.tiktok.com/@ggcollective.mlm/video/7661509998660406536,ggcollective.mlm,GG COLLECTIVE • MAWLAMYINE,"လူငယ်ဆန်ဆန် Polkadot အိတ်လေး တစ်လုံးလောက်တော့ရှိသင့် 👀 I don’t own these videos, give credit to the creator #ggcollectivemlm #polkadothobotote #အပြင်ပုံနဲ့တူတာပဲရောင်းပါတယ် #ပစ္စည်းမှန်စျေးနှုန်းမှန် #foryoupage ",#ggcollectivemlm #polkadothobotote #အပြင်ပုံနဲ့တူတာပဲရောင်းပါတယ် #ပစ္စည်းမှန်စျေးနှုန်းမှန် #foryoupage,69900,4774,18,586,20,2026-07-12T05:31:58.000Z,https://p16-common-sign.tiktokcdn.com/tos-alisg-p-0037/owTAVzA8iAmBMv2lBYzoaYJiEARBsnsNPlIAE~tplv-tiktokx-origin.image?dr=14575&x-expires=1788555600&x-signature=U0w4YCZQLruvC5boTW8Zdm8Xp1E%3D&t=4d5b0474&ps=13740610&shp=81f88b70&shcp=43f4a2f9&idc=my2,,tote bag outfit,False,False,576,1024
7581845689794186503,https://www.tiktok.com/@shmerszn/video/7581845689794186503,shmerszn,summer ⩜⃝,My tote bag for every occasion✨ fits everything I need and somehow still matches every outfit… even for dance practice 🤭💃 @bagsmart.lifestyle.ph #bagsmart #bagsmarttotebag #puffytotebag #bagsmartph #totebag ,# #bagsmart #bagsmarttotebag #puffytotebag #bagsmartph #totebag,45600,259,8,9,43,2025-12-09T13:13:37.000Z,https://p16-common-sign.tiktokcdn.com/tos-alisg-p-0037/oMiIzTI43AxbAxBLBwv7idAKAAEgHA6fABn0IC~tplv-tiktokx-origin.image?dr=14575&x-expires=1788555600&x-signature=qAmNCcn4f9sUVju1eTt7qhqrh%2Fc%3D&t=4d5b0474&ps=13740610&shp=81f88b70&shcp=43f4a2f9&idc=my2,,tote bag outfit,True,False,576,1024
7517289330897964293,https://www.tiktok.com/@ma_sassy_/video/7517289330897964293,ma_sassy_,Ma Sassy,#howtostyleoutfits #howtostyleatotebag #howtostyle #masassyessentials #getsassywithmasassy #fyppppppppppppppppppppppp #supportsmallbusiness #masassy #totebagaesthetic #whatfitsinmybag ,#howtostyleoutfits #howtostyleatotebag #howtostyle #masassyessentials #getsassywithmasassy #fyppppppppppppppppppppppp #supportsmallbusiness #masassy #totebagaesthetic #whatfitsinmybag,43800,821,23,21,33,2025-06-18T14:01:57.000Z,https://p16-common-sign.tiktokcdn.com/tos-maliva-p-0068/o0h9I0fpg14jAQ2aQkQyA5LMIfClSYejClGEGv~tplv-tiktokx-origin.image?dr=14575&x-expires=1788555600&x-signature=%2FAG2plugFAI5CHN9z%2BCpjazWKB8%3D&t=4d5b0474&ps=13740610&shp=81f88b70&shcp=43f4a2f9&idc=my2,,tote bag outfit,False,False,480,854
7603653334624455943,https://www.tiktok.com/@shoptorea.ng/video/7603653334624455943,shoptorea.ng,𝒯𝑜𝓇è𝒶,#creatorsearchinsights #totebags #bigbag ,#creatorsearchinsights #totebags #bigbag,3023,129,5,4,21,2026-02-06T07:38:26.000Z,https://p19-common-sign.tiktokcdn.com/tos-alisg-p-0037/oQFPACDBdITDFmPMmofCjae7n5CQmzIJAEDeYI~tplv-tiktokx-origin.image?dr=14575&x-expires=1788555600&x-signature=Gj%2FPzbqFnWGOUYVAKuYOBKcMy0Q%3D&t=4d5b0474&ps=13740610&shp=81f88b70&shcp=43f4a2f9&idc=my2,,tote bag outfit,False,False,576,1024
7484372833313901844,https://www.tiktok.com/@stylesbyteeso/video/7484372833313901844,stylesbyteeso,stylesbyteeso,Finally got my hands on the viral shoulder tote bag 🤎 @Helio  This is the perfect bag for everyday use 🫶🏻 #fyp #fypage #tiktokfashion #trending #teesogirl ,# #fyp #fypage #tiktokfashion #trending #teesogirl,201400,1747,38,1313,90,2025-03-21T21:09:31.000Z,https://p16-common-sign.tiktokcdn.com/tos-alisg-p-0037/oAVLCf3xBAvziSHCHdi1uZIa7AqIGKKw3iIQqA~tplv-tiktokx-origin.image?dr=14575&x-expires=1788555600&x-signature=Wk7pawIew6bF3QQEOG5fUgTQ1Jk%3D&t=4d5b0474&ps=13740610&shp=81f88b70&shcp=43f4a2f9&idc=my2,,tote bag outfit,False,False,480,854
7492200963470675205,https://www.tiktok.com/@alinegst/video/7492200963470675205,alinegst,alinegst,Qual seu favorito?  Bolsa Tote Puffer @Gocase Brasil  🏷️CUPOM:ALINEGST  #lookdodia #looksfaculdade #totepuffer #looks #tiktokfashion ,# #lookdodia #looksfaculdade #totepuffer #looks #tiktokfashion,121000,5552,34,93,5,2025-04-11T23:26:20.000Z,https://p16-common-sign.tiktokcdn.com/tos-maliva-p-0068/o07ZUfAFEEJhk7ACapPI5DREeIq6SCAfgAlFDj~tplv-tiktokx-origin.image?dr=14575&x-expires=1788555600&x-signature=CnEtuqFc2FMEUz5F90XkmhypHmg%3D&t=4d5b0474&ps=13740610&shp=81f88b70&shcp=43f4a2f9&idc=my2,,tote bag outfit,False,False,576,1024
7555558864389967127,https://www.tiktok.com/@mairaa.lia/video/7555558864389967127,mairaa.lia,mairaa.lia,basic fit cause the bag is the outfit @CHARLESKEITHOFFICIAL #imwithcharleskeith #ImWithCharleskeith #Callatote | Anzeige,#imwithcharleskeith #imwithcharleskeith #callatote,364800,13800,37,881,15,2025-09-29T17:07:18.000Z,https://p16-common-sign.tiktokcdn.com/tos-no1a-p-0037-no/o8MIILALBg3i9jJALBItMhgXeEerGeLDIZ8Rhq~tplv-tiktokx-origin.image?dr=14575&x-expires=1788555600&x-signature=ob9jWn4US%2Fr6L0NYdQZHFAjzq2w%3D&t=4d5b0474&ps=13740610&shp=81f88b70&shcp=43f4a2f9&idc=my2,,tote bag outfit,False,False,576,1024
7663583647496277278,https://www.tiktok.com/@itscitygirljiya/video/7663583647496277278,itscitygirljiya,Favorite Pakistani,"I love a good tote bag that matches my outfits! And don’t worry, girl I linked everything for you guys in my bio ✨🛍️",,286600,35000,50,431,89,2026-07-17T19:38:54.000Z,https://p16-common-sign.tiktokcdn.com/tos-useast8-p-0068-tx2/oIhyQOEIiAQlBVSnP8xEiCylVaNqAIJIRaBI7~tplv-tiktokx-dmt-logom:tos-useast8-i-0068-tx2/oYBAOq9wIEEdTPCFyAaiBaBlMxirRAlBzAhAE.image?dr=14573&x-expires=1788555600&x-signature=hUhJMsjC2bZaZ6IUS99uOGhycTw%3D&t=4d5b0474&ps=13740610&shp=81f88b70&shcp=43f4a2f9&idc=my2,,tote bag outfit,False,False,720,1280
7679222205909044511,https://www.tiktok.com/@pia.jay/video/7679222205909044511,pia.jay,PiaJay | BagTok 👛👜,"I was honestly looking forward to see Clare V bags in person, but felt disappointed after seeing the products up close. Instances like this make me lose some trust in mid range bags because the price here is way too high for what is offered.  #clarev #nordstrom #midrangebags #luxuryfashion ##handbagreview",#clarev #nordstrom #midrangebags #luxuryfashion #handbagreview,1383,39,20,1,30,2026-08-28T23:04:24.000Z,https://p19-common-sign.tiktokcdn-us.com/tos-useast8-p-0068-tx2/oYE332IAVaAFOEhJEaRMrkfUAPDAECAQ8AfqLk~tplv-tiktokx-origin.image?dr=9636&x-expires=1788555600&x-signature=5cgYj%2BYV3Hg9Ji5cQA0J2qW5aj4%3D&t=4d5b0474&ps=13740610&shp=81f88b70&shcp=43f4a2f9&idc=useast5,,bag review,False,False,720,1280
7678833217306135822,https://www.tiktok.com/@nicolettagambino/video/7678833217306135822,nicolettagambino,nicolettagambino,#beis #beisdufflebag #beisluggage #beisreview #béis ,#beis #beisdufflebag #beisluggage #beisreview #béis,2141,77,15,3,142,2026-08-27T21:54:49.000Z,https://p16-common-sign.tiktokcdn-us.com/tos-useast5-p-0068-tx/okRIGeuPIIfkQEZ3GAVALExhIbjWAAeoEH6AZJ~tplv-tiktokx-dmt-logom:tos-useast5-i-0068-tx/oUvA5iyIBgAQiaJsG6EiCa4s36ApEbAkcBDCE.image?dr=9634&x-expires=1788555600&x-signature=gGoEdAoNZ%2FyZcBMB7N4xT4NiJB8%3D&t=4d5b0474&ps=13740610&shp=81f88b70&shcp=43f4a2f9&idc=useast5,,bag review,False,False,720,1280
7678016354083015966,https://www.tiktok.com/@spaghetiwestern/video/7678016354083015966,spaghetiwestern,Sarina,Me and my self proclaimed balenciaga dupe against the world 🩵 #citybag #freepeople ,#citybag #freepeople,20400,2542,52,35,283,2026-08-25T17:05:17.000Z,https://p19-common-sign.tiktokcdn-us.com/tos-useast8-p-0068-tx2/oMqGeGjOIyXJI1LAVMfAgy5eEIrjCbIGNII6gM~tplv-tiktokx-origin.image?dr=9636&x-expires=1788555600&x-signature=55JQtzTqFP0morZkDUUpo5IRhcc%3D&t=4d5b0474&ps=13740610&shp=81f88b70&shcp=43f4a2f9&idc=useast5,,bag review,False,False,720,1280
7680769458197073183,https://www.tiktok.com/@inspiredbag1970/video/7680769458197073183,inspiredbag1970,inspiredbag1970,Perfection At Its Finest! @tina8552671 #bagreview #lvinspired #affordableluxury ,# #bagreview #lvinspired #affordableluxury,20200,62,3,0,313,2026-09-02T03:08:28.000Z,https://p16-common-sign.tiktokcdn-us.com/tos-useast8-p-0068-tx2/ogxIeLJeHX80ACqT9Vl1jUApCQQm8IfMQXkzMn~tplv-tiktokx-origin.image?dr=9636&x-expires=1788555600&x-signature=cp8s2nd51coEMA%2F5HAKIYzINo1I%3D&t=4d5b0474&ps=13740610&shp=81f88b70&shcp=43f4a2f9&idc=useast5,,bag review,False,False,720,1280
7582346716712537399,https://www.tiktok.com/@mira.and.kurumi/video/7582346716712537399,mira.and.kurumi,mira.kurumi,My honest review of @Songmont_Official Gather Bag after 3 months of daily use! Ebony colorway in size small :) #songmont #everydaybag #review #leather #update ,# #songmont #everydaybag #review #leather #update,243100,5143,132,764,163,2025-12-10T21:38:15.000Z,https://p16-common-sign.tiktokcdn-us.com/tos-useast5-p-0068-tx/o80nA1T6IAPEBjQCEiA5ZBABAIiEUJfIDwoBQi~tplv-tiktokx-origin.image?dr=9636&x-expires=1788555600&x-signature=0sGHAUjJjziFHYnjmZWoMvrd8Uk%3D&t=4d5b0474&ps=13740610&shp=81f88b70&shcp=43f4a2f9&idc=useast5,,bag review,False,False,720,1280
7679105235113102605,https://www.tiktok.com/@poppyandpeonies/video/7679105235113102605,poppyandpeonies,Poppy & Peonies,"No clutter, no chaos, our new Carryall backpack already has a spot for everything!  #fallcollection #backpack #backtoschool #whatsinmybag ",#fallcollection #backpack #backtoschool #whatsinmybag,243100,3323,111,375,41,2026-08-28T16:00:00.000Z,https://p16-common-sign.tiktokcdn-us.com/tos-useast5-p-0068-tx/oQZRI1AgSChiCqtoBAIAx4TfKwWwIiEBAQJBdN~tplv-tiktokx-dmt-logom:tos-useast5-i-0068-tx/oIpEDiRPiGT4ZCpI0Ag9ak9AB1aBAR7APEqlA.image?dr=9634&x-expires=1788555600&x-signature=%2FbAUYiQ5BA641MdLwdcfLDUMmks%3D&t=4d5b0474&ps=13740610&shp=81f88b70&shcp=43f4a2f9&idc=useast5,,what's in my bag,False,False,576,1024
7676275460254305550,https://www.tiktok.com/@theoriginaledith/video/7676275460254305550,theoriginaledith,The original edith,"Realistic, what's in my bag#whatsinmybag #whatsinmypurse #purse #baghaul #pursehaul ",#whatsinmybag #whatsinmypurse #purse #baghaul #pursehaul,16000,1096,27,7,198,2026-08-21T00:29:43.000Z,https://p16-common-sign.tiktokcdn-us.com/tos-useast5-p-0068-tx/oUbojswRgAwhAhHcme4ZwzXAG0vqqYIfOOe9Ff~tplv-tiktokx-origin.image?dr=9636&x-expires=1788555600&x-signature=HRDgMekzfy6WFDfJAx5z6eUYohI%3D&t=4d5b0474&ps=13740610&shp=81f88b70&shcp=43f4a2f9&idc=useast5,,what's in my bag,False,False,720,1280
7591245391044152589,https://www.tiktok.com/@beccawayala/video/7591245391044152589,beccawayala,Rebecca Ayala,What’s in my bag? EVERYTHING! #teachersoftiktok #fyp #sanantonio ,#teachersoftiktok #fyp #sanantonio,14400,646,32,7,347,2026-01-03T21:09:51.000Z,https://p19-common-sign.tiktokcdn-us.com/tos-useast5-p-0068-tx/oYqWSQ5QD3wPYBC8gEf1A5GYUFxMApDE8pMRez~tplv-tiktokx-dmt-logom:tos-useast5-i-0068-tx/ogERQSQztC0vAeDvCgfkFZASAWItzAhcDYWpCE.image?dr=9634&x-expires=1788555600&x-signature=jeREKSTzI10Qc0lgJikvQc06Ffg%3D&t=4d5b0474&ps=13740610&shp=81f88b70&shcp=43f4a2f9&idc=useast5,,what's in my bag,False,False,720,1280
7305543516543896874,https://www.tiktok.com/@jennifergarner/video/7305543516543896874,jennifergarner,Jen Garner,What’s in my bag? I’m embarrassed to even show you…. 🥜🌰🥜🐿️,,10200000,1100000,9933,20700,69,2023-11-25T23:20:15.000Z,https://p19-common-sign.tiktokcdn-us.com/tos-useast5-p-0068-tx/f7498f9c0952448aa8d32b070b863d68_1700954416~tplv-tiktokx-origin.image?dr=9636&x-expires=1788555600&x-signature=tZQMsJKlyz%2B8Yf%2ByY5BK08JhTvs%3D&t=4d5b0474&ps=13740610&shp=81f88b70&shcp=43f4a2f9&idc=useast5,,what's in my bag,False,False,576,1024
7676768126469491988,https://www.tiktok.com/@disc0robotdiva/video/7676768126469491988,disc0robotdiva,livia,here’s a what’s in my bag (let’s not talk about my amount of lip liners lol) 🦇👜 - #whatsinmybag #handbag #vampy #whatsinmypurse #alternative ,#whatsinmybag #handbag #vampy #whatsinmypurse #alternative,1585,74,2,1,34,2026-08-22T08:21:11.000Z,https://p19-common-sign.tiktokcdn-us.com/tos-alisg-p-0037/owwNYTHeQQDfph1DrtVISMfCEQvgooI8AApX0j~tplv-tiktokx-origin.image?dr=9636&x-expires=1788555600&x-signature=Zy6KkCmBVdS7WN%2BZZVU2nXG2hGE%3D&t=4d5b0474&ps=13740610&shp=81f88b70&shcp=43f4a2f9&idc=useast5,,what's in my bag,False,False,576,1024
7669056455835684127,https://www.tiktok.com/@brileyalexandra/video/7669056455835684127,brileyalexandra,briley alexandra 🦢,call me mary poppins cause i got that thang on me ꩜ 𖦹 ☂️#whatsinmybag#ludicrouslycapaciousbag ,#whatsinmybag #ludicrouslycapaciousbag,226900,57700,226,990,108,2026-08-01T13:36:18.000Z,https://p16-common-sign.tiktokcdn-us.com/tos-useast8-p-0068-tx2/o44CJdiN9IBaC2GAqu0AfCig1tIYItMiqylv9A~tplv-tiktokx-origin.image?dr=9636&x-expires=1788555600&x-signature=ZmYuh9jcv80cCT9HfKsr64OGIP4%3D&t=4d5b0474&ps=13740610&shp=81f88b70&shcp=43f4a2f9&idc=useast5,,what's in my bag,False,False,720,1280
7649343026350820616,https://www.tiktok.com/@ndnquynhf/video/7649343026350820616,ndnquynhf,Quả Đào Mùa Đông,"Em này dung tích lớn mà còn dễ phối đồ, mang đi học, đi làm hoặc đi chơi đều được lun ☁️👜✨ #mossdoom #totebag #tuixach #review #ndnquynhf ",#mossdoom #totebag #tuixach #review #ndnquynhf,53800,259,1,98,25,2026-06-09T10:37:46.000Z,https://p16-common-sign.tiktokcdn.com/tos-alisg-p-0037/ookLBCfBUE4PR0qE47KYAJwfnCPAwiZAiAA8Ig~tplv-tiktokx-origin.image?dr=14575&x-expires=1788555600&x-signature=SAfmg2BFV7SO8OEd%2Bf2v5RsxzGg%3D&t=4d5b0474&ps=13740610&shp=81f88b70&shcp=43f4a2f9&idc=my,,bag review,True,False,576,1024
7661802901697776910,https://www.tiktok.com/@shirleyfied/video/7661802901697776910,shirleyfied,shirley 🌺,This is the Amazing Song Donut Hobo Bag in size small (Dark Chocolate) 🤎 she’s sooo gorg- and yes it’s real leather! 😍 use code ‘SHIRLEY’ for 10% off @AMAZING SONG. US #amazingsong #bagreview #leatherbag #bag #purse ,# #amazingsong #bagreview #leatherbag #bag #purse,4777,63,16,7,65,2026-07-13T00:28:42.000Z,https://p16-common-sign.tiktokcdn.com/tos-useast5-p-0068-tx/owfsMhcJKBBiHylEAI2A2AAm2UiwT1C3BCIUiB~tplv-tiktokx-dmt-logom:tos-useast5-i-0068-tx/ogPAIixIBgAUiVOssZETBa4MR9AlEiAkFBOQi.image?dr=14573&x-expires=1788555600&x-signature=yDpmg54f1pT1I6zKnjfgGsDPDhM%3D&t=4d5b0474&ps=13740610&shp=81f88b70&shcp=43f4a2f9&idc=my,,bag review,False,False,720,1280
7603695290612190465,https://www.tiktok.com/@yapzenx/video/7603695290612190465,yapzenx,zen ˚ ༘ ೀ⋆｡˚,"Replying to @ferizam 🤍  The Coach Chelsea Shoulder Bag might just be my perfect everyday bag, especially for CNY! 🧧✨  It’s spacious, versatile, and fits a short girl like me (160cm) really well. I love that it comes in two sizes too (Chelsea 30 vs 36), so you can actually pick a size that suits your lifestyle best!  Which one would you pick? 🌟  @Coach SEA @Coach #CoachMalaysia #CoachNY #coachbag #bagrecommendation ",# # # #coachmalaysia #coachny #coachbag #bagrecommendation,781400,15200,130,3803,47,2026-02-06T10:21:53.000Z,https://p16-common-sign.tiktokcdn.com/tos-alisg-p-0037/ogP22aMIPX9YiABilBB1AAYuKCVcFyw0EmPVI~tplv-tiktokx-dmt-logom:tos-alisg-i-0068/oI1BACpIFvrBqCHwgfULcfiBiEARCAh18HL4AE.image?dr=14573&x-expires=1788555600&x-signature=KWiP11B4NIQjjOWBLljbc3cX%2F54%3D&t=4d5b0474&ps=13740610&shp=81f88b70&shcp=43f4a2f9&idc=my,,bag review,False,False,576,1024
7492042892945411336,https://www.tiktok.com/@olivialazuardy/video/7492042892945411336,olivialazuardy,Olivia Lazuardy,the new IT bag from @Louis Vuitton – The Slim Trunk   #louisvuitton #slimtrunk #bag #fashion #serunyaditiktok #gayaditiktok #review #bagreview ,# #louisvuitton #slimtrunk #bag #fashion #serunyaditiktok #gayaditiktok #review #bagreview,9700000,237600,3112,7276,176,2025-04-11T13:12:52.000Z,https://p19-common-sign.tiktokcdn.com/tos-alisg-p-0037/oIjDXDRrAuAIUAVPARoFEVyeEEWfKAF5IADFIe~tplv-tiktokx-origin.image?dr=14575&x-expires=1788555600&x-signature=vbJe%2BZaB4ShuRhTt2zz4%2FhbtMqc%3D&t=4d5b0474&ps=13740610&shp=81f88b70&shcp=43f4a2f9&idc=my,,bag review,False,False,576,1024
7640726284024220949,https://www.tiktok.com/@naddpr/video/7640726284024220949,naddpr,nad,everyday kind of bag @Namikita Store 🤎 sukaa bgt artikle terbaru jeanne bagnya namikita #tas #shoulderbag #bag #totebag ,# #tas #shoulderbag #bag #totebag,369900,2141,12,842,29,2026-05-17T05:20:25.000Z,https://p16-common-sign.tiktokcdn.com/tos-alisg-p-0037/owIISLUeqEAiDEGfQe3SA4AAI4oBgEIvKAAAjC~tplv-tiktokx-origin.image?dr=14575&x-expires=1788555600&x-signature=%2FTUL5HI16UpSDXd38DnVH29qmG0%3D&t=4d5b0474&ps=13740610&shp=81f88b70&shcp=43f4a2f9&idc=my,,bag review,True,False,576,1024
7656331601927834900,https://www.tiktok.com/@the.luna.fashion/video/7656331601927834900,the.luna.fashion,The Luna Fashion✨,• Mellow Belle •✨  မြန်မာဝမ်းဆက်လေးတွေနဲ့လည်း လိုက်ဖက်သလို Casual Outfit၊ Office Look လေးတွေနဲ့လည်း အလွယ်တကူ တွဲကိုင်လို့ရပြီး ဘယ်အချိန်ကိုင်ကိုင် မရိုးသွားနိုင်တဲ့ Obaghouse ရဲ့ Mellow Belle လေးပါရှင့် 🥰  #bags #shoulderbag #classicdesign #fyp #foryoupage ,#bags #shoulderbag #classicdesign #fyp #foryoupage,233600,11400,146,1955,32,2026-06-28T06:37:06.000Z,https://p16-common-sign.tiktokcdn.com/tos-alisg-p-0037/oYfswMEUQBBFKooIBIGqqkAS0fDgRqxqDERAEd~tplv-tiktokx-origin.image?dr=14575&x-expires=1788555600&x-signature=IXiATzQA2TvkjTJ3Tu1avFelIt0%3D&t=4d5b0474&ps=13740610&shp=81f88b70&shcp=43f4a2f9&idc=my,,bag review,False,False,576,1024
7655047101465873694,https://www.tiktok.com/@bagnewsandreviews/video/7655047101465873694,bagnewsandreviews,Bag News & Reviews 🔎,"In depth comparison between the $325 Coach Chelsea 30 & the $475 Soft Grain Tabby 26! We’ll go over side by sides, what fits, and mod shots! #coach #coachcomparison #coachchelsea #coachtabby #bagtok ",#coach #coachcomparison #coachchelsea #coachtabby #bagtok,37600,1325,56,52,255,2026-06-24T19:32:51.000Z,https://p16-common-sign.tiktokcdn.com/tos-useast8-p-0068-tx2/o8xeUQ5QGJjrFFYTAIecAfLXkLjr2oQRkfYGN4~tplv-tiktokx-dmt-logom:tos-useast8-i-0068-tx2/oo1AKq8IwBgEhAiI4ihI3OHAAHCLATfAihMBio.image?dr=14573&x-expires=1788555600&x-signature=Tw1JyQ55VE3SRqadZHiem8WL9Ic%3D&t=4d5b0474&ps=13740610&shp=81f88b70&shcp=43f4a2f9&idc=my,,bag review,False,False,720,1280
7679420818597825812,https://www.tiktok.com/@yours.studio1/video/7679420818597825812,yours.studio1,Yours Studio,ရှင်တို့အကြိုက်Polkadot tote bag 🍵🤍#totebag #yoursstudio #fyp #trending ,#totebag #yoursstudio #fyp #trending,65400,6202,20,1126,20,2026-08-29T13:30:00.000Z,https://p16-common-sign.tiktokcdn-us.com/tos-alisg-p-0037/oglY3PhRGQLASQv8fUQGR4MqioeXQGfxFAexkS~tplv-tiktokx-origin.image?dr=9636&x-expires=1788555600&x-signature=OFEyNjbYyjRpNz5kKYsc8gq%2BNY4%3D&t=4d5b0474&ps=13740610&shp=81f88b70&shcp=43f4a2f9&idc=useast5,,tote bag outfit,False,False,576,1024
7678127090150984973,https://www.tiktok.com/@tytiara_/video/7678127090150984973,tytiara_,whimsyqueen🪽,i also would not like to dislocate my shoulder #relatable #laptop #fypシ #outfitinspo #totebag ,#relatable #laptop #fypシ #outfitinspo #totebag,644,112,2,1,13,2026-08-26T00:14:49.000Z,https://p16-common-sign.tiktokcdn-us.com/tos-useast5-p-0068-tx/owgk44fBIvTYSleYAAAaef4eEC4v4vgoAQMgme~tplv-tiktokx-origin.image?dr=9636&x-expires=1788555600&x-signature=%2BA%2BONQaWlB1HLw3fif1InTTIP%2Fk%3D&t=4d5b0474&ps=13740610&shp=81f88b70&shcp=43f4a2f9&idc=useast5,,tote bag outfit,False,False,720,1280
7654689396171558157,https://www.tiktok.com/@janeiimal/video/7654689396171558157,janeiimal,maliah janei 🪽,loveee my trader joe’s tote #outfitideas #outfitinspo #ootd #styleinspo #traderjoes ,#outfitideas #outfitinspo #ootd #styleinspo #traderjoes,13500,1052,38,9,7,2026-06-23T20:24:46.000Z,https://p16-common-sign.tiktokcdn-us.com/tos-useast5-p-0068-tx/oQYiAUIrxvBpr64gBEjtits4vk7mrcJBR6aEi~tplv-tiktokx-origin.image?dr=9636&x-expires=1788555600&x-signature=lPf%2FbEX8sdK7YJSAHo7dhcCLr1k%3D&t=4d5b0474&ps=13740610&shp=81f88b70&shcp=43f4a2f9&idc=useast5,,tote bag outfit,False,False,720,1280
7677462243201617168,https://www.tiktok.com/@justafrocan/video/7677462243201617168,justafrocan,Just-Afrocan 🇨🇦 🍁,Pairing bags with Outfits for different events or Occasions. Save this to remember ✌️✨🔥#fashionreels #ootd #outfits #trending #reels ,#fashionreels #ootd #outfits #trending #reels,138100,4517,29,411,26,2026-08-24T05:16:11.000Z,https://p19-common-sign.tiktokcdn-us.com/tos-alisg-p-0037/osaBn5BwivELi0LsyRW8ABgER2BIIUDfgqeYVi~tplv-tiktokx-origin.image?dr=9636&x-expires=1788555600&x-signature=H6pA3IVkZNxl%2Fg6g5TFGTL3dYwQ%3D&t=4d5b0474&ps=13740610&shp=81f88b70&shcp=43f4a2f9&idc=useast5,,tote bag outfit,False,False,576,1024
7660619381340261662,https://www.tiktok.com/@katelynn.nicholee/video/7660619381340261662,katelynn.nicholee,kate🪽,Just casually matching my pants with my Trader Joe’s mini tote⭐️🎀🩰 #ootd #summeroutfits #pinkaesthetic #summerootd #princesspolly @Princess Polly @COTTON ON ,#ootd #summeroutfits #pinkaesthetic #summerootd #princesspolly # #,3215,144,6,8,13,2026-07-09T19:55:53.000Z,https://p16-common-sign.tiktokcdn-us.com/tos-useast8-p-0068-tx2/o0UICf3Mg4NERQfVgfyGeAUaezBLKmeA5lzkgt~tplv-tiktokx-origin.image?dr=9636&x-expires=1788555600&x-signature=WzLQiNYuhIBW9tExM8vl5pExaQ0%3D&t=4d5b0474&ps=13740610&shp=81f88b70&shcp=43f4a2f9&idc=useast5,,tote bag outfit,False,False,720,1280
7647296369442475277,https://www.tiktok.com/@ginashopsalot/video/7647296369442475277,ginashopsalot,Gina ᥫ᭡,Different flavors🔥 @Curves by Sean Brown  #curvesbyseanbrown #curvetotebag #totebag #summeroutfits #blackowned ,# #curvesbyseanbrown #curvetotebag #totebag #summeroutfits #blackowned,89600,2684,66,595,16,2026-06-03T22:16:06.000Z,https://p19-common-sign.tiktokcdn-us.com/tos-useast5-p-0068-tx/oQIB1EA7NiSFCBD59UPBG8AAiAJ6gaAEGwfiIp~tplv-tiktokx-origin.image?dr=9636&x-expires=1788555600&x-signature=tRbvQl%2Bq9MH0pyy%2BHHPKVQVHu4M%3D&t=4d5b0474&ps=13740610&shp=81f88b70&shcp=43f4a2f9&idc=useast5,,tote bag outfit,False,False,720,1280
7679028481786727712,https://www.tiktok.com/@gabriellaluxurymum/video/7679028481786727712,gabriellaluxurymum,Gabriella I The Luxury Mum,Interrupting yacht content for a very important unboxing…  #luxuryhandbag #louisvuitton #minicapucine #unboxwithme #luxuryshopping ,#luxuryhandbag #louisvuitton #minicapucine #unboxwithme #luxuryshopping,97300,8961,331,192,114,2026-08-28T10:32:28.000Z,https://p16-common-sign.tiktokcdn-us.com/tos-useast2a-p-0037-euttp/ooxoVF6EEQEIQfk1WifO4A6ARAbWqDmkDAz3CG~tplv-tiktokx-dmt-logom:tos-useast2a-i-0068-euttp/ooAfLiHQA7BImB0pIZYBc6AnCziCS1EToABRE2.image?dr=9634&x-expires=1788555600&x-signature=GNuSqyeWnG2r%2BXbL%2FiTZNXGB6s4%3D&t=4d5b0474&ps=13740610&shp=81f88b70&shcp=43f4a2f9&idc=useast5,,handbag unboxing,False,False,576,1024
7679730255703182600,https://www.tiktok.com/@penelopes_finds/video/7679730255703182600,penelopes_finds,𝑃𝑒𝑛𝑒𝑙𝑜𝑝𝑒'𝑠 𝐹𝑖𝑛𝑑𝑠,just a small unboxing today  #asmr #asmrsounds #asmrvideo #asmrunboxing #unpacking ,#asmr #asmrsounds #asmrvideo #asmrunboxing #unpacking,273900,5983,20,307,16,2026-08-30T07:55:49.000Z,https://p16-common-sign.tiktokcdn-us.com/tos-alisg-p-0037/okcw4qACfACqA4BBEgdTEqIg7iRPfkHAPciEBb~tplv-tiktokx-origin.image?dr=9636&x-expires=1788555600&x-signature=crE1j2VMuyWZJLuywcZn%2FjfRGkI%3D&t=4d5b0474&ps=13740610&shp=81f88b70&shcp=43f4a2f9&idc=useast5,,handbag unboxing,False,False,576,1024
7679540020239174934,https://www.tiktok.com/@alexnickoll1/video/7679540020239174934,alexnickoll1,alexandra,I love love love loveeeee it so much 🥹,,4155,212,2,2,61,2026-08-29T19:37:30.000Z,https://p19-common-sign.tiktokcdn-us.com/tos-no1a-p-0037-no/og8m6TpiZSIVSsP1AnDIINoidf2ci8CyCB7Aw0~tplv-tiktokx-origin.image?dr=9636&x-expires=1788555600&x-signature=sVNtJhLgCOJj%2BX90%2FV1QaVzSUY0%3D&t=4d5b0474&ps=13740610&shp=81f88b70&shcp=43f4a2f9&idc=useast5,,handbag unboxing,False,False,576,1024
7675371693539413280,https://www.tiktok.com/@analuciakohler/video/7675371693539413280,analuciakohler,Ana Lucia 🪽,finally unboxing my first Chanel <3 ,,396700,50500,197,1999,19,2026-08-18T14:02:15.000Z,https://p19-common-sign.tiktokcdn-us.com/tos-useast2a-p-0037-euttp/owKsI2CqDQAQYERqAE5efABAImUDhFxXGmxyTE~tplv-tiktokx-origin.image?dr=9636&x-expires=1788555600&x-signature=5wZIsKOB1BHgUx3K07EDpNcOqeI%3D&t=4d5b0474&ps=13740610&shp=81f88b70&shcp=43f4a2f9&idc=useast5,,handbag unboxing,False,False,576,1024
7676140349256928543,https://www.tiktok.com/@itscelesta/video/7676140349256928543,itscelesta,itscelesta👜🩵,the way I’ve asked about this bag for YEARS and been told no 😭 #chanel #unboxing #designerhandbags #chanelmini #luxurytiktok ,#chanel #unboxing #designerhandbags #chanelmini #luxurytiktok,32500,1407,52,49,25,2026-08-20T15:45:09.000Z,https://p19-common-sign.tiktokcdn-us.com/tos-useast8-p-0068-tx2/o8fmHk7AEEBEDrAfgsDwVqIQhIa7UIRUxFMEak~tplv-tiktokx-origin.image?dr=9636&x-expires=1788555600&x-signature=ZEetwQ0xhqVZcSfuD7VqLH1%2BqMg%3D&t=4d5b0474&ps=13740610&shp=81f88b70&shcp=43f4a2f9&idc=useast5,,handbag unboxing,True,False,720,1280
7677158448043199765,https://www.tiktok.com/@seananthonyv/video/7677158448043199765,seananthonyv,Sean Anthony,UNBOXING MY DREAM CHANEL BAG?! 😱😱😅🫣 #unboxing #handbag #chanel #shopping #designerbags ,#unboxing #handbag #chanel #shopping #designerbags,677600,58400,848,640,153,2026-08-23T09:35:49.000Z,https://p16-common-sign.tiktokcdn-us.com/tos-alisg-p-0037/ooAAmMiIEAw15pRfbviKKECXCv9aBCALBBVIA0~tplv-tiktokx-origin.image?dr=9636&x-expires=1788555600&x-signature=BJzotrL4r%2BEoxa1AUeULJ35lJIQ%3D&t=4d5b0474&ps=13740610&shp=81f88b70&shcp=43f4a2f9&idc=useast5,,handbag unboxing,False,False,576,1024
7521857664058527007,https://www.tiktok.com/@tikagoesplaces/video/7521857664058527007,tikagoesplaces,Tika,What a cutie!😍  #fyp #foryoupage #unboxing #handbag #diorbag #designerbags #ladydjoy #asmr #asmrunboxing #haul #newbag #diorhandbag ,#fyp #foryoupage #unboxing #handbag #diorbag #designerbags #ladydjoy #asmr #asmrunboxing #haul #newbag #diorhandbag,119400,2538,74,261,25,2025-06-30T21:29:32.000Z,https://p19-common-sign.tiktokcdn-us.com/tos-useast8-p-0068-tx2/oEvKVFDHREE54QexYjEQy8BAAGFAbp1sYofWdd~tplv-tiktokx-origin.image?dr=9636&x-expires=1788555600&x-signature=PynuF6T%2BSPzlGgFLgnPSIx2%2FKJw%3D&t=4d5b0474&ps=13740610&shp=81f88b70&shcp=43f4a2f9&idc=useast5,,handbag unboxing,True,False,576,1024
7667637130499312916,https://www.tiktok.com/@seananthonyv/video/7667637130499312916,seananthonyv,Sean Anthony,unbox my dream hermes bag with me 😱😍 #unboxing #hermes #unboxingvideo #handbag ,#unboxing #hermes #unboxingvideo #handbag,385300,20800,385,169,147,2026-07-28T17:48:16.000Z,https://p16-common-sign.tiktokcdn-us.com/tos-alisg-p-0037/okX5jCabBmAiv56ArEAxgoB8BaI8E4YA1Abil~tplv-tiktokx-origin.image?dr=9636&x-expires=1788555600&x-signature=%2B1WYvWPviBIKkzYcWk7NRHmXujU%3D&t=4d5b0474&ps=13740610&shp=81f88b70&shcp=43f4a2f9&idc=useast5,,handbag unboxing,False,False,576,1024
7657285124622650645,https://www.tiktok.com/@mademoisellejaime/video/7657285124622650645,mademoisellejaime,Jamie Lee - Fashion & Style,"Your guide to styling bags 👜 (all the details are on my ShopMy)   ✨ REMEMBER ✨ Structured outfit → Slouchy bag Relaxed outfit → Structured bag Feminine outfit → Refined bag Textured outfit → Minimal bag Minimal outfit → Interesting bag (think funky shapes, fun textures etc) Printed outfit → Neutral bag Tonal outfit → Statement bag #fyp #bags #howtostyle #styletips #styleadvice",#fyp #bags #howtostyle #styletips #styleadvice,21900,732,14,51,27,2026-06-30T20:17:10.000Z,https://p19-common-sign.tiktokcdn-us.com/tos-alisg-p-0037/okqQCjEiIqGPCHpiJwBhhIYIIAT1PxBkYeEAiA~tplv-tiktokx-origin.image?dr=9636&x-expires=1788555600&x-signature=DiGmBgZ1pxhUZHYHtD3Ahp5sM4E%3D&t=4d5b0474&ps=13740610&shp=81f88b70&shcp=43f4a2f9&idc=useast8,,handbag styling,False,False,576,1024
7665697186017053973,https://www.tiktok.com/@aina.frhana/video/7665697186017053973,aina.frhana,Aina Farhana,Bag styling guide 💓,,255800,18400,59,1026,16,2026-07-23T12:20:18.000Z,https://p19-common-sign.tiktokcdn-us.com/tos-alisg-p-0037/oAIlLjEUwxED4LffoaDGgAAIoODeADwAjQAtIA~tplv-tiktokx-dmt-logom:tos-alisg-i-0068/o0vVAE4IABIfxAgUAoAQjDvLeeDyUHIoDGiEA9.image?dr=9634&x-expires=1788555600&x-signature=0Pq5H5M2%2Fu3zoa84oWbJuRUTqyE%3D&t=4d5b0474&ps=13740610&shp=81f88b70&shcp=43f4a2f9&idc=useast8,,handbag styling,False,False,576,1022
7652740511173856542,https://www.tiktok.com/@tyeheaux/video/7652740511173856542,tyeheaux,TYE | Your Gay Bestie ✨,"Bag Styling 101! Not really a course, but a walkthrough on how my mind works when I’m styling my bags.   It’s super important to remember that styling bags is a great way to express yourself and your personal style! I’m still learning what I like and how to do this correctly, but I like to share what works for me! What do we think? #coachny #coachbag #coachtok #handbags #handbagtiktok ",#coachny #coachbag #coachtok #handbags #handbagtiktok,17600,2251,415,66,175,2026-06-18T14:21:53.000Z,https://p16-common-sign.tiktokcdn-us.com/tos-useast8-p-0068-tx2/oYDGGIAvgDoUKoRggFPSnUL8kzEefQefdWAl2L~tplv-tiktokx-dmt-logom:tos-useast8-i-0068-tx2/o8afuMYCtXQRfCgfLAAweEAqM6AEeAefqE4AfVB.image?dr=9634&x-expires=1788555600&x-signature=SnYkIp2MFkVtFmGjefmQ7ASQ7RQ%3D&t=4d5b0474&ps=13740610&shp=81f88b70&shcp=43f4a2f9&idc=useast8,,handbag styling,False,False,720,1280
7611152197492985108,https://www.tiktok.com/@_charlikim/video/7611152197492985108,_charlikim,charli k,office fit inspo 🖤 styling my first tan bag @CHARLESKEITHOFFICIAL   Featuring Chance bucket bag + slingback Mary Janes pumps  #imwithcharleskeith #charleskeithcommunity #bag #fyp #work #corporate #9to5 #big4,# #imwithcharleskeith #charleskeithcommunity #bag #fyp #work #corporate #9to5 #big4,15700000,26800,57,877,9,2026-02-26T12:37:50.000Z,https://p16-common-sign.tiktokcdn-us.com/tos-alisg-p-0037/okvvGfo1DBepFDcEUgEPDSQqoBcQS21g1GRX6A~tplv-tiktokx-origin.image?dr=9636&x-expires=1788555600&x-signature=VQtB7IhO34nfdAbbztqPl0RpIH8%3D&t=4d5b0474&ps=13740610&shp=81f88b70&shcp=43f4a2f9&idc=useast8,,handbag styling,True,False,576,1024
7660707037990489374,https://www.tiktok.com/@tyeheaux/video/7660707037990489374,tyeheaux,TYE | Your Gay Bestie ✨,Bag Styling 101! This time we’re styling 1 bag in 3 different ways to go with 3 different looks! It’s crazy how accessories can transform a bag. Let me know what you think! I hope this was helpful! #coachny #coachbag #coachtok #handbags #handbagtiktok ,#coachny #coachbag #coachtok #handbags #handbagtiktok,2744,373,81,3,240,2026-07-10T01:35:59.000Z,https://p16-common-sign.tiktokcdn-us.com/tos-useast8-p-0068-tx2/okAEEISQUbqIfBWZetDEcInUVUTREwFANo9EUA~tplv-tiktokx-dmt-logom:tos-useast8-i-0068-tx2/oYPgjJeLUIqAIAITmEoXdCjQQhMAepAD7A8ePp.image?dr=9634&x-expires=1788555600&x-signature=7%2FH%2BKfyjDO10SaZh3oKptYR0vHU%3D&t=4d5b0474&ps=13740610&shp=81f88b70&shcp=43f4a2f9&idc=useast8,,handbag styling,False,False,720,1280
7649582164807273736,https://www.tiktok.com/@lafayette_consignment/video/7649582164807273736,lafayette_consignment,Lafayette Consignment,The most versatile bag from Hermes ✨#lafayetteconsignment #bag #hermes #minilindy ,#lafayetteconsignment #bag #hermes #minilindy,1707,10,0,0,46,2026-06-10T02:05:49.000Z,https://p19-common-sign.tiktokcdn-us.com/tos-alisg-p-0037/oAGWOiBPICAtbIA9loiEWMBAxAawnzAJF1fpgA~tplv-tiktokx-origin.image?dr=9636&x-expires=1788555600&x-signature=WXEYIA46Yxmbil9rSXXO5vw3Bx4%3D&t=4d5b0474&ps=13740610&shp=81f88b70&shcp=43f4a2f9&idc=useast8,,handbag styling,False,False,576,1024
7589744633492606239,https://www.tiktok.com/@thefarafix/video/7589744633492606239,thefarafix,TheFaraFix | Home & Life,How to create a braided scarf  style for your handbags   #stylemybag #braidedscarf #howtostyle #decoratemybag #pursetok ,#stylemybag #braidedscarf #howtostyle #decoratemybag #pursetok,19300,736,28,92,83,2025-12-30T20:05:38.000Z,https://p16-common-sign.tiktokcdn-us.com/tos-useast8-p-0068-tx2/ogAxAffiDEBpFAWERUEMDQEJVCVI7dVA4HR7CA~tplv-tiktokx-origin.image?dr=9636&x-expires=1788555600&x-signature=XKeteanNnQw3LFI3J9zTOKwzQ4Y%3D&t=4d5b0474&ps=13740610&shp=81f88b70&shcp=43f4a2f9&idc=useast8,,handbag styling,False,False,720,1280
7636588528419327262,https://www.tiktok.com/@mainstreamankeny/video/7636588528419327262,mainstreamankeny,Mainstream Boutique Ankeny,#HowToStyle your everyday handbag with Michelle ✨👜  #scarftutorial #accessories #pov #fashionhacks ,#howtostyle #scarftutorial #accessories #pov #fashionhacks,371,9,0,1,15,2026-05-06T01:43:56.000Z,https://p16-common-sign.tiktokcdn-us.com/tos-useast8-p-0068-tx2/oQ0edEUGnFOflvxLI6wmjAQcRQL1e6eAvGQb3R~tplv-tiktokx-origin.image?dr=9636&x-expires=1788555600&x-signature=Kwlqcuu1CkU10WZlnzVZkhUgBmE%3D&t=4d5b0474&ps=13740610&shp=81f88b70&shcp=43f4a2f9&idc=useast8,,handbag styling,False,False,720,1280
7627179930677333270,https://www.tiktok.com/@aliceinparisofficial/video/7627179930677333270,aliceinparisofficial,aliceinparisofficial,"Do you know why Parisian women never wear their Chanel bag like this? 🇫🇷 In Paris, elegance is never about showing off the logo. It is about how you wear the piece. A very Parisian styling trick is to turn the bag so the CC logo faces the body instead of outward. It feels more discreet, more refined, and instantly less flashy. Because in Paris, true style is about quality, taste, and attitude — not logos. Luxury should whisper, never scream. ✨ Would you wear your Chanel bag this way? Tell me in the comments. 🤍 #parisianstyle #parisianchic #luxurystyle #chanelbag #designerbag",#parisianstyle #parisianchic #luxurystyle #chanelbag #designerbag,236200,3081,164,254,30,2026-04-10T17:13:21.000Z,https://p16-common-sign.tiktokcdn-us.com/tos-no1a-p-4864-no/oc83EwFLUeIxiWjZLBDJIesiDuTALDTgXlEBfV~tplv-tiktokx-origin.image?dr=9636&x-expires=1788555600&x-signature=j0MrfPKp3CWXSQigUpegEUC3hzU%3D&t=4d5b0474&ps=13740610&shp=81f88b70&shcp=43f4a2f9&idc=useast8,,handbag styling,False,False,576,1024
7646425261218483477,https://www.tiktok.com/@luxury.goods46/video/7646425261218483477,luxury.goods46,LUXE&MAISO,"✨ Elevate every outfit with the bag everyone’s talking about 👜💖 From morning coffee ☕ to evening vibes 🌙, this handbag makes every look effortless. Sleek, chic, and made to turn heads — because style is in the details 💼✨ Your new go-to bag is here. Don’t just carry your essentials… carry your confidence. #Handbag #BagTok #TikTokFashion #OOTD #StreetStyle #FashionInspo #StyleInspo #ChicVibes #MinimalStyle #EverydayBag #WomenStyle #LuxuryLook #SoftLuxury #QuietLuxury #TrendingNow #ItBag #BagLover #DesignerVibes #FashionAddict #WardrobeEssentials #BagCollection #StyleUpgrade #ElegantStyle #Modern",,262,4,0,0,8,2026-06-01T16:20:00.000Z,https://p16-common-sign.tiktokcdn-us.com/tos-alisg-p-0037/oIRdVYqHqEUACAByjCHFiA8EIWDAeqASKgf7wF~tplv-tiktokx-origin.image?dr=9636&x-expires=1788555600&x-signature=Egra8nf70r91784HhM%2F%2FiMxFYW0%3D&t=4d5b0474&ps=13740610&shp=81f88b70&shcp=43f4a2f9&idc=useast8,,handbag styling,False,False,576,1024
7448414729883634974,https://www.tiktok.com/@teneshalashon18/video/7448414729883634974,teneshalashon18,TheBrandsISwearBy (TBISB),✨ 6 Ways to Style Your @Coach Bags ✨Let’s take these beauties for a spin!  #thebrandsiswearby #coach #coachretail #coachoutlet #coachny #coachcollection #fyp #demure #verydemure #foryoupage #coachhandbag #coachhandbags #coachchainstrap #coachbagcharm #handbag #bagcharm #coachbag #coachcharm #coachcrossbody #coachnewarrivals #coachnewreleases #handbagcollection #fashiontok #pursetok #meme #memecut #coachcherrycollection #coachcherrycharm#coachcherryprint #coachcargotote26 #coachace26 #coachmaggie #coachrowan #coachcherryprint #Christmas  #CoachObsessed #wicked #wickedmovie #sabrinacarpenter ,# #thebrandsiswearby #coach #coachretail #coachoutlet #coachny #coachcollection #fyp #demure #verydemure #foryoupage #coachhandbag #coachhandbags #coachchainstrap #coachbagcharm #handbag #bagcharm #coachbag #coachcharm #coachcrossbody #coachnewarrivals #coachnewreleases #handbagcollection #fashiontok #pursetok #meme #memecut #coachcherrycollection #coachcherrycharm #coachcherryprint #coachcargotote26 #coachace26 #coachmaggie #coachrowan #coachcherryprint #christmas #coachobsessed #wicked #wickedmovie #sabrinacarpenter,16000,362,29,39,60,2024-12-14T23:33:29.000Z,https://p19-common-sign.tiktokcdn-us.com/tos-useast8-p-0068-tx2/osCSj2MFvSC8sPJIeSjeqgjQEKkWIIOiIQAAcf~tplv-tiktokx-origin.image?dr=9636&x-expires=1788555600&x-signature=a%2Fx6lWcdK%2F2xa6299CRC%2BnfIEVw%3D&t=4d5b0474&ps=13740610&shp=81f88b70&shcp=43f4a2f9&idc=useast8,,handbag styling,False,False,576,1024
7660929888261508384,https://www.tiktok.com/@daniyaalix/video/7660929888261508384,daniyaalix,daniya,This is the reality of a grwm🙃 always rushing and so chaotic!😭 Anyways how stunning is my new @DeMellier handbag!! 😍🤍 #grwm #demellier ,# #grwm #demellier,31100,1736,8,85,171,2026-07-10T16:00:41.000Z,https://p16-common-sign.tiktokcdn-eu.com/tos-useast2a-p-0037-euttp/oUFa40E9dRVZ8zD9iiFPlIII15FggSBB3AEZg~tplv-tiktokx-origin.image?dr=10395&x-expires=1788555600&x-signature=pGB3Z8vpVx8FPrJg%2FZ7ELVysr5U%3D&t=4d5b0474&ps=13740610&shp=81f88b70&shcp=43f4a2f9&idc=no1a,,grwm handbag,False,False,576,1024
7612004732290256159,https://www.tiktok.com/@ellamendelsohn/video/7612004732290256159,ellamendelsohn,Ella Mendelsohn,What do we think of my new bag? Birthday gift from me to me lol 🥹💕 #gdwm #milanoutfit #chanelbag #chicoutfits ,#gdwm #milanoutfit #chanelbag #chicoutfits,83400,5758,37,31,98,2026-02-28T19:46:19.000Z,https://p16-common-sign.tiktokcdn-eu.com/tos-useast8-p-0068-tx2/ocIAGprE3C0AeARl0yQAFFEEYjDTmoAShfCKBV~tplv-tiktokx-dmt-logom:tos-useast8-i-0068-tx2/owCRDEAFEepAU6EgICjAAVFAnokWREf0wVAmYJ.image?dr=10393&x-expires=1788555600&x-signature=woCATR8Y4sM2cOi3ICPgVu40b%2Fc%3D&t=4d5b0474&ps=13740610&shp=81f88b70&shcp=43f4a2f9&idc=no1a,,grwm handbag,False,False,720,1280
7598321027021638925,https://www.tiktok.com/@evangepetrakis/video/7598321027021638925,evangepetrakis,evange,let’s go through my work bag 👜👩🏻‍💻 #grwm #whatsinmybag #bag ,#grwm #whatsinmybag #bag,416800,35600,195,1100,235,2026-01-22T22:46:51.000Z,https://p16-common-sign.tiktokcdn-eu.com/tos-useast5-p-0068-tx/ogAigdABiyg7aCBE2qvAJoBAG4EIKXpq6k4Nu~tplv-tiktokx-dmt-logom:tos-useast5-i-0068-tx/okeyzaGIAtjzAIkEXELSAqBGAgkwAHVNeV5IGf.image?dr=10393&x-expires=1788555600&x-signature=9apIEu6oJ66lwiH%2BP3oMTaHiUhQ%3D&t=4d5b0474&ps=13740610&shp=81f88b70&shcp=43f4a2f9&idc=no1a,,grwm handbag,False,False,720,1280
7532959262201498910,https://www.tiktok.com/@haileybieber/video/7532959262201498910,haileybieber,Hailey Bieber,grwm only things I had in my purse ⏰,,65400000,4900000,12900,54700,42,2025-07-30T19:29:37.000Z,https://p16-common-sign.tiktokcdn-eu.com/tos-useast8-p-0068-tx2/oUqK2cfEIJjUAIBEQCFRAcCDAFq94IKqfNFI0e~tplv-tiktokx-origin.image?dr=10395&x-expires=1788555600&x-signature=sqPynl%2BbAiLt75eFfsXOuOt%2FZf0%3D&t=4d5b0474&ps=13740610&shp=81f88b70&shcp=43f4a2f9&idc=no1a,,grwm handbag,False,False,576,1024
7644552802404027670,https://www.tiktok.com/@katherinelivings_/video/7644552802404027670,katherinelivings_,Katherine Livings,who says retail therapy doesn’t work @DeMellier  #demellier #bagunboxing #newbag #grwm #baghaul ,# #demellier #bagunboxing #newbag #grwm #baghaul,18100,208,24,71,62,2026-05-27T12:49:19.000Z,https://p16-common-sign.tiktokcdn-eu.com/tos-no1a-p-0037-no/oEDSWEfhAH3uqFAE731CAOkZEFIF6EegRnAA5Y~tplv-tiktokx-dmt-logom:tos-no1a-i-0068-no/oAAAc3iIECw1mKCf16iSWWAyUEQjgCAEBB3IA7.image?dr=10393&x-expires=1788555600&x-signature=5B0diUdG9%2FmVMMJzr%2FEWw%2F5ujFg%3D&t=4d5b0474&ps=13740610&shp=81f88b70&shcp=43f4a2f9&idc=no1a,,grwm handbag,True,False,576,1024
7644966260429720846,https://www.tiktok.com/@lexxhidalgo/video/7644966260429720846,lexxhidalgo,Lexi Hidalgo,Date night with queen my @kate spade new york Margot bag… oh and Gabe. Lol #katespadenypartner,# #katespadenypartner,18600000,327500,175,987,50,2026-05-28T15:33:46.000Z,https://p16-common-sign.tiktokcdn-eu.com/tos-useast5-p-0068-tx/oMCeAwOMjLQNvILHQUIGfLekQVujAcxvHkwZRj~tplv-tiktokx-origin.image?dr=10395&x-expires=1788555600&x-signature=jhOfhAwAdZ6w3gSeXOixyTSWw9A%3D&t=4d5b0474&ps=13740610&shp=81f88b70&shcp=43f4a2f9&idc=no1a,,grwm handbag,True,False,720,1280
7605032574963944734,https://www.tiktok.com/@kenniangelle/video/7605032574963944734,kenniangelle,kennedi,what’s in my bag!!! i love these videos #vintagedior #dior #fyp #grwm ,#vintagedior #dior #fyp #grwm,136200,17800,80,277,112,2026-02-10T00:50:47.000Z,https://p16-common-sign.tiktokcdn-eu.com/tos-useast8-p-0068-tx2/oUKBxtkACU5BNE0TAAAIklfMCyiiKhi0AEaIos~tplv-tiktokx-dmt-logom:tos-useast8-i-0068-tx2/o8Ev0AREEEAfkICKApAAnnfXVCFZphiDoLqLsg.image?dr=10393&x-expires=1788555600&x-signature=S2wyVTPpAj5L6ps3AtaJ8Ed6Qqo%3D&t=4d5b0474&ps=13740610&shp=81f88b70&shcp=43f4a2f9&idc=no1a,,grwm handbag,False,False,720,1280
7677125249384615188,https://www.tiktok.com/@seananthonyv/video/7677125249384615188,seananthonyv,Sean Anthony,come with me to get my dream bag?! 😱😱😅🫣 #handbag #chanel #grwm #shopping #designerbags ,#handbag #chanel #grwm #shopping #designerbags,2000000,134900,301,556,46,2026-08-23T07:27:00.000Z,https://p16-common-sign.tiktokcdn-eu.com/tos-alisg-p-0037/o0C6RADoiCqfDAVjKbIjUKCEAewFEEqzBIgAMF~tplv-tiktokx-origin.image?dr=10395&x-expires=1788555600&x-signature=%2BI9OdHN3y0%2FfVsh%2Bbcz5wZR3heM%3D&t=4d5b0474&ps=13740610&shp=81f88b70&shcp=43f4a2f9&idc=no1a,,grwm handbag,False,False,576,1024
7528827802095848726,https://www.tiktok.com/@katiedaisyd/video/7528827802095848726,katiedaisyd,Katie Daisy,Guys!! It happened!!! And it’s my dream Birkin 😭   Products @L'Oréal Paris UK @Rare Beauty @SkinCeuticals @Anastasia Beverly Hills @Huda Beauty @Gucci @chanel.beauty @Charlotte Tilbury   #grwm #birkin #hermes #birkinbag #hermesbirkin #birkin25 #hermesgame ,# # # # # # # # #grwm #birkin #hermes #birkinbag #hermesbirkin #birkin25 #hermesgame,185400,12900,100,165,93,2025-07-19T16:17:08.000Z,https://p16-common-sign.tiktokcdn-eu.com/tos-no1a-p-0037-no/o06Ha7BwRC4Z9IxBxvEPAQI8iBYMU6EbEMiPI~tplv-tiktokx-origin.image?dr=10395&x-expires=1788555600&x-signature=IP43F%2FClQsKBIeujlw76trKqDuc%3D&t=4d5b0474&ps=13740610&shp=81f88b70&shcp=43f4a2f9&idc=no1a,,grwm handbag,False,False,576,1024
7622314901872069902,https://www.tiktok.com/@scenttakes/video/7622314901872069902,scenttakes,scenttakes,Get ready with me! Styling my new Chanel handbag from the new Matthieu Blazy collection! #grwm #chanelbag #luxury #haultok #styletips ,#grwm #chanelbag #luxury #haultok #styletips,14200,578,44,12,52,2026-03-28T14:35:18.000Z,https://p16-common-sign.tiktokcdn-eu.com/tos-useast5-p-0068-tx/okjDhHlCApAI2AyTJekFEcejEEhf9AVHKAD5Ir~tplv-tiktokx-dmt-logom:tos-useast5-i-0068-tx/owtpShBJEiAnItB4RAiJA5CAB7fyPIZH08yDwN.image?dr=10393&x-expires=1788555600&x-signature=GR6dc2TtoHrvJvgHtiaVIgY1f6c%3D&t=4d5b0474&ps=13740610&shp=81f88b70&shcp=43f4a2f9&idc=no1a,,grwm handbag,False,False,720,1280
7674525309517040929,https://www.tiktok.com/@chana.kesselaar/video/7674525309517040929,chana.kesselaar,chana,get ready with me and me new baby hihi 🍓🍒🍎🌶️♥️  #grwm #vintagebag ,#grwm #vintagebag,574300,4140,13,26,8,2026-08-16T07:17:57.000Z,https://p16-common-sign.tiktokcdn-eu.com/tos-useast2a-p-0037-euttp/ooyBrFKyIEE62vvvC0aiBBBZCXi1gZohHPZAk~tplv-tiktokx-origin.image?dr=10395&x-expires=1788555600&x-signature=xSsJg2nRqeGbAGP9yvpV2VUyDbg%3D&t=4d5b0474&ps=13740610&shp=81f88b70&shcp=43f4a2f9&idc=no1a,,grwm handbag,False,False,576,1024
7546643285482229014,https://www.tiktok.com/@charlywears/video/7546643285482229014,charlywears,charlywears,styling the it girl bag of the season from Manu Atelier  . . . #fashioncontent #highendfashion #chattygrwm #styling ,#fashioncontent #highendfashion #chattygrwm #styling,25800,194,15,82,61,2025-09-05T16:30:19.000Z,https://p16-common-sign.tiktokcdn-eu.com/tos-no1a-p-0037-no/oE0XC6DEIAYpBvNCEKA7aCAmAIiBXSfAVwwBgi~tplv-tiktokx-origin.image?dr=10395&x-expires=1788555600&x-signature=iPZ%2FjmZMDIEHAzYbvwXYH9ZNIwA%3D&t=4d5b0474&ps=13740610&shp=81f88b70&shcp=43f4a2f9&idc=no1a,,grwm handbag,False,False,576,1024
7677056627450727693,https://www.tiktok.com/@baggoals.daily08/video/7677056627450727693,baggoals.daily08,Bag Goals Daily 08,That Texture: Close-Up and Personal #chanelstyle #bagdetails #texturetok #luxurystyle #designerinspired #bagtok #ootdbuy #shop,#chanelstyle #bagdetails #texturetok #luxurystyle #designerinspired #bagtok #ootdbuy #shop,42,6,0,0,19,2026-08-23T03:00:33.000Z,https://p19-common-sign.tiktokcdn-us.com/tos-useast5-p-85c255-tx/oUoAwRiOTcxwAKpmY3EvYSwEBfCkiBBZzAc1TI~tplv-tiktokx-origin.image?dr=9636&x-expires=1788555600&x-signature=Gm7ebFCaI6M%2F5LS52OLPcRyh35Q%3D&t=4d5b0474&ps=13740610&shp=81f88b70&shcp=43f4a2f9&idc=useast5,,bag close up,False,False,720,1280
7670384401133407501,https://www.tiktok.com/@ruienao/video/7670384401133407501,ruienao,Dainty Dose Store,"Close-up shots showing every fine detail. Craftsmanship,texture and finish all on display. Just sharing my collection #collectionpiece #baglover👜 ",#collectionpiece #baglover👜,42,2,0,0,25,2026-08-05T03:29:25.000Z,https://p16-common-sign.tiktokcdn-us.com/tos-useast5-p-0068-tx/oExXXUIbeACcDeGpID5lI6QAnLjIV5fdSkIQHU~tplv-tiktokx-origin.image?dr=9636&x-expires=1788555600&x-signature=q5F32Z74B6bwJNJYc%2FSmd26BCCE%3D&t=4d5b0474&ps=13740610&shp=81f88b70&shcp=43f4a2f9&idc=useast5,,bag close up,False,False,720,1280
7671972869320068382,https://www.tiktok.com/@fzsxvooo68631911/video/7671972869320068382,fzsxvooo68631911,Aria,Okay… this bag is way prettier up close 👀 The details got me.#bags #handbag #haul #shoping ,#bags #handbag #haul #shoping,276,8,2,0,20,2026-08-09T10:14:17.000Z,https://p19-common-sign.tiktokcdn-us.com/tos-useast8-p-0068-tx2/ogeAVCEFvaDVjKAtHf98Fv4IflqBpUIIUrIU3j~tplv-tiktokx-origin.image?dr=9636&x-expires=1788555600&x-signature=0hcJQYcSoeCzI5%2FSLiNROG6dYvY%3D&t=4d5b0474&ps=13740610&shp=81f88b70&shcp=43f4a2f9&idc=useast5,,bag close up,False,False,576,1024
7680499921564290334,https://www.tiktok.com/@kkluxury.ru/video/7680499921564290334,kkluxury.ru,kk_luxury goods,"👜 A Beautiful Bag Is Easy To Photograph. A Well-Finished Bag Holds Up Under A Close Look. 🌐 www.kkluxury.ru Texture, stitching, hardware, proportions — nothing needs to be rushed past. ✨ Take your time. Look at the details. #LuxuryBag #Handbag #DesignerHandbag #BagCollection #BagLover          ",#luxurybag #handbag #designerhandbag #bagcollection #baglover,2,0,0,0,10,2026-09-01T09:43:06.000Z,https://p16-common-sign.tiktokcdn-us.com/tos-useast8-p-0068-tx2/ooiTqGLhQAq1jRDIyInI1bt7zQejANLPVWCfKe~tplv-tiktokx-origin.image?dr=9636&x-expires=1788555600&x-signature=hm8KlfQ3zUtDeXeNjgW5VPU1VuQ%3D&t=4d5b0474&ps=13740610&shp=81f88b70&shcp=43f4a2f9&idc=useast5,,bag close up,False,False,720,1280
7675763095045819651,https://www.tiktok.com/@ella.grwmm.acc/video/7675763095045819651,ella.grwmm.acc,𝓔𝓵𝓵𝓪୨ৎ,Here’s a close up of the bags @miallwyd 🫶🏻 #fyp #longchampbags #hacoo ,# #fyp #longchampbags #hacoo,66100,1698,36,87,109,2026-08-19T15:21:08.000Z,https://p16-common-sign.tiktokcdn-us.com/tos-no1a-p-0037-no/oAQrLqwEWBc87gR454QAcFEFgkDrZhGYpfSwek~tplv-tiktokx-origin.image?dr=9636&x-expires=1788555600&x-signature=sUOChnbFSKbt6CBB3Wunsyq4gis%3D&t=4d5b0474&ps=13740610&shp=81f88b70&shcp=43f4a2f9&idc=useast5,,bag close up,False,False,576,1024
7677056562208263437,https://www.tiktok.com/@bagavenue.finds04/video/7677056562208263437,bagavenue.finds04,Bag Avenue Finds 04,Revealing the Wonders of That Texture Close-Up #bagdetails #texturetok #luxurystyle #designerinspired #bagtok #ootdbuy #shop,#bagdetails #texturetok #luxurystyle #designerinspired #bagtok #ootdbuy #shop,97,1,0,0,18,2026-08-23T03:00:31.000Z,https://p19-common-sign.tiktokcdn-us.com/tos-useast5-p-85c255-tx/o0iElJC1RCxBBWpBixFTCAYApQKfIjoZYJNwEB~tplv-tiktokx-origin.image?dr=9636&x-expires=1788555600&x-signature=8miJ1IDJykG4UgkjVdHg1%2BXmwBI%3D&t=4d5b0474&ps=13740610&shp=81f88b70&shcp=43f4a2f9&idc=useast5,,bag close up,False,False,720,1280
7677306008108109078,https://www.tiktok.com/@loveprelove/video/7677306008108109078,loveprelove,loveprelove,"👜 A closer look at one of our beautiful bags.  This video of bag 976 was specially requested by a client who wanted to see the bag in more detail. From the craftsmanship and stitching to the overall condition.  Sometimes, seeing a bag up close makes all the difference. Thinking about one of our bags? Send us a message to request your own personal video, and we’ll be happy to arrange one for you.",,398,9,0,0,34,2026-08-23T19:08:24.000Z,https://p16-common-sign.tiktokcdn-us.com/tos-no1a-p-0037-no/ocwAyiaP1CAcRML9ABB2CJARiAKESIfKRBXQL9~tplv-tiktokx-origin.image?dr=9636&x-expires=1788555600&x-signature=9bBw9iaZtgckeznJj8XL96EL5Qo%3D&t=4d5b0474&ps=13740610&shp=81f88b70&shcp=43f4a2f9&idc=useast5,,bag close up,False,False,576,1024
7673142828465147158,https://www.tiktok.com/@loveprelove/video/7673142828465147158,loveprelove,loveprelove,"👜 A closer look at one of our beautiful bags. This video of bag 992 was specially requested by a client who wanted to see the bag in more detail. From the craftsmanship and stitching to the overall condition. Sometimes, seeing a bag up close makes all the difference.Thinking about one of our bags? Send us a message to request your own personal video, and we’ll be happy to arrange one for you.",,365,15,0,0,72,2026-08-12T13:53:09.000Z,https://p16-common-sign.tiktokcdn-us.com/tos-no1a-p-0037-no/oIeHULQvqADmAqAWIaDEFQw4GIFprf4EkAUAfA~tplv-tiktokx-origin.image?dr=9636&x-expires=1788555600&x-signature=%2B%2BdTiReE8HGGWN1MfJ%2Fky0LyV2s%3D&t=4d5b0474&ps=13740610&shp=81f88b70&shcp=43f4a2f9&idc=useast5,,bag close up,False,False,576,1024
7678926167335832853,https://www.tiktok.com/@mcnuggetkara/video/7678926167335832853,mcnuggetkara,mcnuggetkara,a close up on tpb’s commuter backpack in cocoa 🤎  @The Paper Bunny   #thepaperbunny #backpack #bagrecommendation #CapCut ,# #thepaperbunny #backpack #bagrecommendation #capcut,45000,1256,16,565,33,2026-08-28T03:55:37.000Z,https://p16-common-sign.tiktokcdn-us.com/tos-alisg-p-0037/os6rRAKxIOAdQiI1CSifABwrRB7ANyE7IAB1Cb~tplv-tiktokx-origin.image?dr=9636&x-expires=1788555600&x-signature=D75GESNXlL62ik5W8MwBS4eytqY%3D&t=4d5b0474&ps=13740610&shp=81f88b70&shcp=43f4a2f9&idc=useast5,,bag close up,False,False,576,1024
7642619059510463757,https://www.tiktok.com/@liora6395/video/7642619059510463757,liora6395,Liora,Close-up of the details of the bag#lv #bag #fashion ,#lv #bag #fashion,297,17,0,0,10,2026-05-22T07:46:33.000Z,https://p19-common-sign.tiktokcdn-us.com/tos-useast5-p-0068-tx/oYg1m9RzzAO8BIwdwEixCCpBJfF0AdAiBCAEQI~tplv-tiktokx-origin.image?dr=9636&x-expires=1788555600&x-signature=JmtCrO1i5bgEMMWr2phzHVSTYZg%3D&t=4d5b0474&ps=13740610&shp=81f88b70&shcp=43f4a2f9&idc=useast5,,bag close up,False,False,720,1280
7678410487196847382,https://www.tiktok.com/@loveprelove/video/7678410487196847382,loveprelove,loveprelove,"👜 A closer look at one of our beautiful bags.  This video of bag 266 was specially requested by a client who wanted to see the bag in more detail. From the craftsmanship and stitching to the overall condition.  Sometimes, seeing a bag up close makes all the difference. Thinking about one of our bags? Send us a message to request your own personal video, and we’ll be happy to arrange one for you.",,352,11,0,0,58,2026-08-26T18:34:21.000Z,https://p16-common-sign.tiktokcdn-us.com/tos-no1a-p-0037-no/oAFoAYLHaLIA4EmAQVIGjzecgAJfAMtNLIez6r~tplv-tiktokx-origin.image?dr=9636&x-expires=1788555600&x-signature=EBxDGKFvytmHdsg7hDHq9fgjRkc%3D&t=4d5b0474&ps=13740610&shp=81f88b70&shcp=43f4a2f9&idc=useast5,,bag close up,False,False,576,1024
7620488823197175063,https://www.tiktok.com/@libertycarlyle_/video/7620488823197175063,libertycarlyle_,Liberty Carlyle,My current bag rotation for spring🌸⭐️💕 #handbag #handbags #bershka #springfashion #springstyle ,#handbag #handbags #bershka #springfashion #springstyle,33500,703,11,12,64,2026-03-23T16:28:43.000Z,https://p16-common-sign.tiktokcdn-eu.com/tos-no1a-p-0037-no/oUrIgEeBRoWEpAafBw9w3Wjz013DEBFPkXwF5r~tplv-tiktokx-origin.image?dr=10395&x-expires=1788555600&x-signature=TQexC3xxLhwRCw%2F5w20Xc4MivZ0%3D&t=4d5b0474&ps=13740610&shp=81f88b70&shcp=43f4a2f9&idc=no1a,,handbag styling,False,False,576,1024
7649047157563051294,https://www.tiktok.com/@avagracelaurie/video/7649047157563051294,avagracelaurie,AVA G,#coachretailemployee Here is your guide to summer whites with @Coach ! #coachny #summerwhites #coachbag #whitehandbag ,#coachretailemployee # #coachny #summerwhites #coachbag #whitehandbag,67700,1707,8,53,54,2026-06-08T15:30:01.000Z,https://p16-common-sign.tiktokcdn-eu.com/tos-useast8-p-0068-tx2/oohvKnEQIIAUJkTfYvFqNOxMafeiZIAyDCbjCw~tplv-tiktokx-origin.image?dr=10395&x-expires=1788555600&x-signature=aHIxrfHv8yoA2HpRjKDO8eKB%2Bxs%3D&t=4d5b0474&ps=13740610&shp=81f88b70&shcp=43f4a2f9&idc=no1a,,handbag styling,True,False,720,1280
7626786479112572181,https://www.tiktok.com/@chryzanthaemum/video/7626786479112572181,chryzanthaemum,Croizzanta,Finally my pinterest board is starting to COME TO LIFE!!!   #fashiontiktok #fashioninspo #suedebag #totebag #outfitideas ,#fashiontiktok #fashioninspo #suedebag #totebag #outfitideas,101900,830,4,37,24,2026-04-10T10:30:00.000Z,https://p16-common-sign.tiktokcdn-eu.com/tos-alisg-p-0037/o0GIEAg8EFAbo1AgQRyDUqLY8XkAnupvuB5fCe~tplv-tiktokx-origin.image?dr=10395&x-expires=1788555600&x-signature=jGrd%2Bf8MLXUjI8U%2B%2Bs1LjGts8do%3D&t=4d5b0474&ps=13740610&shp=81f88b70&shcp=43f4a2f9&idc=no1a,,handbag styling,False,False,576,1024
7620073765560487190,https://www.tiktok.com/@snezha.ya0/video/7620073765560487190,snezha.ya0,snezha 🪷,🪷 inst: snezha.ya #outifinspo #fallfits ,#outifinspo #fallfits,4603,314,4,8,14,2026-03-22T13:38:07.000Z,https://p16-common-sign.tiktokcdn-eu.com/tos-no1a-p-0037-no/o4mAQMfW9KhIfAFGnWJQOL1AAfRJA2fFEC8DEY~tplv-tiktokx-origin.image?dr=10395&x-expires=1788555600&x-signature=rOgIVqU5JVeJHvRQxO45o8qK8SY%3D&t=4d5b0474&ps=13740610&shp=81f88b70&shcp=43f4a2f9&idc=no1a,,handbag styling,False,False,576,1024
7664265611454762243,https://www.tiktok.com/@kodielb/video/7664265611454762243,kodielb,Kodie Bushen,In lurvvv with my new bagg @Francis #stylemybag #francisbyfb #citygirl #leatherbag #summeroutfits ,# #stylemybag #francisbyfb #citygirl #leatherbag #summeroutfits,16500,154,9,14,10,2026-07-19T15:45:01.000Z,https://p16-common-sign.tiktokcdn-eu.com/tos-no1a-p-0037-no/ooEAcq5EhCPAKgR2elIABFEFD8D6QXAsVfx7Pk~tplv-tiktokx-origin.image?dr=10395&x-expires=1788555600&x-signature=oLrPpudDLWTjA17AnTg9EQ5eN2o%3D&t=4d5b0474&ps=13740610&shp=81f88b70&shcp=43f4a2f9&idc=no1a,,handbag styling,True,False,576,1024
7657483838670605589,https://www.tiktok.com/@sage_avenue/video/7657483838670605589,sage_avenue,SAGE.AVENUE,"something you’ve been waiting for is making a comeback.. 💌  if you’re in our broadcast channel or have signed up to our email list, you’ll be first to know - available to Australian residents only! #chichandbags #everdayhandbag #womensfashion #handbagtiktok #shoulderbag ",#chichandbags #everdayhandbag #womensfashion #handbagtiktok #shoulderbag,3251,116,16,5,30,2026-07-01T09:08:19.000Z,https://p16-common-sign.tiktokcdn-eu.com/tos-alisg-p-0037/oYnEAlwIfAEFgyBQABI1hQBG2iAOiCAhvmAIt5~tplv-tiktokx-dmt-logom:tos-alisg-i-0068/oQQIBiPAaBAYKlyETUVnASEAABA7kECF2ZAiB.image?dr=10393&x-expires=1788555600&x-signature=snZqRlvOl8Fct66RFoVHOCoV02Q%3D&t=4d5b0474&ps=13740610&shp=81f88b70&shcp=43f4a2f9&idc=no1a,,handbag styling,False,False,576,1024
7644245009948085526,https://www.tiktok.com/@jules_must_die/video/7644245009948085526,jules_must_die,𝙹𝚞𝚕𝚎𝚜 𝚁𝚑𝚘𝚍𝚎𝚜🦢,I love my handbags #fyp #aethestic #2016 #bag #miumiu ,#fyp #aethestic #2016 #bag #miumiu,1700000,298500,635,12400,30,2026-05-26T16:54:55.000Z,https://p16-common-sign.tiktokcdn-eu.com/tos-no1a-p-0037-no/o0IAMCusA2AImAF1yuSiiguCEBGfqA1VAwB0CF~tplv-tiktokx-origin.image?dr=10395&x-expires=1788555600&x-signature=mHe5MPrtJiqiw1URm%2BbAA2kwLbI%3D&t=4d5b0474&ps=13740610&shp=81f88b70&shcp=43f4a2f9&idc=no1a,,handbag styling,False,False,576,1024
7659444673882344707,https://www.tiktok.com/@lottsjsworld/video/7659444673882344707,lottsjsworld,lottie.joness,styling 4 bags that scream cool girl  #outfitinspo #coolgirl #colourfulbags #baginspo #pinterestoutfit ,#outfitinspo #coolgirl #colourfulbags #baginspo #pinterestoutfit,17200,949,14,16,13,2026-07-06T15:57:25.000Z,https://p16-common-sign.tiktokcdn-eu.com/tos-no1a-p-0037-no/oMeLLWfDIQ3vjAUIdohC6lD6XDMAIEBIFL1eQA~tplv-tiktokx-origin.image?dr=10395&x-expires=1788555600&x-signature=eomSJZJecrjxgESptrDLzU%2BBNPs%3D&t=4d5b0474&ps=13740610&shp=81f88b70&shcp=43f4a2f9&idc=no1a,,handbag styling,False,False,576,1024
7600108875479584022,https://www.tiktok.com/@niniboutique/video/7600108875479584022,niniboutique,NINI Boutique & Matcha Club,styling the beige eco love bag🤍💫 should we make this a series?😚 #fypシ゚ #wearingNINI #nekedbelegyen #stylingoutfits #handbagtok ,#fypシ゚ #wearingnini #nekedbelegyen #stylingoutfits #handbagtok,3559,71,2,4,24,2026-01-27T18:24:07.000Z,https://p16-common-sign.tiktokcdn-eu.com/tos-no1a-p-0037-no/oU9IBiwDIP0DcmCsIA5dcyiwlvYMACfIzMApE0~tplv-tiktokx-origin.image?dr=10395&x-expires=1788555600&x-signature=2uuPIolABAZjTGABdP3q17Fk8XU%3D&t=4d5b0474&ps=13740610&shp=81f88b70&shcp=43f4a2f9&idc=no1a,,handbag styling,False,False,576,1024
7621505835713318166,https://www.tiktok.com/@lrm_goods/video/7621505835713318166,lrm_goods,LRM Goods,Proving that a yellow handbag can be worn with much more than you’d think!💛  #butteryellowbag #outfitinspo #trendinghandbag #handbagbrand #cutehandbag ,#butteryellowbag #outfitinspo #trendinghandbag #handbagbrand #cutehandbag,20200,142,0,18,127,2026-03-26T14:00:00.000Z,https://p16-common-sign.tiktokcdn-eu.com/tos-no1a-p-0037-no/o8eTFIjGIfGiUKoIuDL5rIAmLiAnQAFQgnAIeA~tplv-tiktokx-dmt-logom:tos-no1a-i-0068-no/oIAEBQTYDIDz4FfcAUFAkuR0CCfdpAFEEpgIEx.image?dr=10393&x-expires=1788555600&x-signature=jS24vezCZJIoN%2FZfM%2B2hIJvqPsk%3D&t=4d5b0474&ps=13740610&shp=81f88b70&shcp=43f4a2f9&idc=no1a,,handbag styling,False,False,576,1024
7612325555374984470,https://www.tiktok.com/@nuria_nora_/video/7612325555374984470,nuria_nora_,Old money new account,⚜️Old Money Handbags brand Fashion  and style for laddies part 1 folllow me for part 2✨,,22200,102,3,2,17,2026-03-01T16:31:05.000Z,https://p16-common-sign.tiktokcdn-eu.com/tos-no1a-p-0037-no/o0AqLI5TIEeEyjfQNOIfDF0SlDxuINQwAbnztA~tplv-tiktokx-origin.image?dr=10395&x-expires=1788555600&x-signature=5R8JAvemmpCb1uNTixZKnSGBzgk%3D&t=4d5b0474&ps=13740610&shp=81f88b70&shcp=43f4a2f9&idc=no1a,,handbag styling,False,False,576,1024
7563638456069475606,https://www.tiktok.com/@immie.farrow/video/7563638456069475606,immie.farrow,IMMIE FARROW,My new favourite bag! #handbag #styling #outfit ,#handbag #styling #outfit,11900,216,16,7,34,2025-10-21T11:40:16.000Z,https://p16-common-sign.tiktokcdn-eu.com/tos-no1a-p-0037-no/o4DEEAZkiiAW9eAgIRRBkP3z7LcAiyo3XFNfCR~tplv-tiktokx-dmt-logom:tos-no1a-i-0068-no/oMxPizANEiua9TAF7coE3BRCeIx0ktAfgAYiDR.image?dr=10393&x-expires=1788555600&x-signature=O43ji3NXajcrV3oPlWJHBF48yVs%3D&t=4d5b0474&ps=13740610&shp=81f88b70&shcp=43f4a2f9&idc=no1a,,handbag styling,False,False,576,1024
7672049214012034321,https://www.tiktok.com/@auras_ssya/video/7672049214012034321,auras_ssya,aurelia🏹,#сумка #bag #whatinmybag  #beauty #grwm,#сумка #bag #whatinmybag #beauty #grwm,105800,15600,129,391,7,2026-08-09T15:09:45.000Z,https://p19-common-sign.tiktokcdn-us.com/tos-alisg-p-0037/owfPRkDtJUgHIAEom2pFfIwDCgK3eIj4groADD~tplv-tiktokx-origin.image?dr=9636&x-expires=1788555600&x-signature=GTy21nbKxZ9d8K0ruJuEsYZltBM%3D&t=4d5b0474&ps=13740610&shp=81f88b70&shcp=43f4a2f9&idc=useast8,,grwm handbag,False,False,576,1024
7666735194921127188,https://www.tiktok.com/@sawwmaneth/video/7666735194921127188,sawwmaneth,Somaneth,Get ready with me 🦋🌸🎀 @CHARLESKEITHOFFICIAL  #CharlesKeith_KH #CharlesKeithFW26 #ImwithCharlesKeith ,# #CharlesKeith_KH #CharlesKeithFW26 #ImwithCharlesKeith,20700,1390,9,79,51,2026-07-26T07:28:18.000Z,https://p16-common-sign.tiktokcdn-us.com/tos-alisg-p-0037/o43NuLRRIgGQANlQtWew0AfAGAxepGQXGAfDJp~tplv-tiktokx-origin.image?dr=9636&x-expires=1788555600&x-signature=MX2Y8D9GXp63s0NwA9NXZNyexjM%3D&t=4d5b0474&ps=13740610&shp=81f88b70&shcp=43f4a2f9&idc=useast8,,grwm handbag,False,False,576,1024
7582019827020156215,https://www.tiktok.com/@teresa.collins/video/7582019827020156215,teresa.collins,TERESA COLLINS,Day 5 of sharing my GRWM- each day for 30 days to carry a different purse that I own…instead of using the same bag over and over.   These are my actual personal purses and I’m sharing my challenge with you. Follow along! Ask me anything.   #styleover50 #gucci #pursetok #grwm #interiordesign ,#styleover50 #gucci #pursetok #grwm #interiordesign,4987,30,5,0,64,2025-12-10T00:29:40.000Z,https://p19-common-sign.tiktokcdn-us.com/tos-useast5-p-0068-tx/okD4fpLBWw7EETFR5PQGbZASpvgfSt144gOQvD~tplv-tiktokx-origin.image?dr=9636&x-expires=1788555600&x-signature=6iyz24ngp12WTZioAibwtz3cKY0%3D&t=4d5b0474&ps=13740610&shp=81f88b70&shcp=43f4a2f9&idc=useast8,,grwm handbag,False,False,720,1280
7676879216763342101,https://www.tiktok.com/@simplyfairouz/video/7676879216763342101,simplyfairouz,Fairouz | فيروز,حاجات لازم تكون في شنطه كل بنت🎀 #feminimhygiene #whatsinmybag #girlsessentials #bodycareroutine #grwm ,#feminimhygiene #whatsinmybag #girlsessentials #bodycareroutine #grwm,25400,1576,24,60,71,2026-08-22T15:32:17.000Z,https://p19-common-sign.tiktokcdn-us.com/tos-alisg-p-0037/osBDIAcDqCwek9vFEAAc0AEOEBEJfi1gWRIPC9~tplv-tiktokx-origin.image?dr=9636&x-expires=1788555600&x-signature=tNZfPLm8kyFlFN8fEUNxMbCjtrw%3D&t=4d5b0474&ps=13740610&shp=81f88b70&shcp=43f4a2f9&idc=useast8,,grwm handbag,False,False,576,1024
7641963801914428686,https://www.tiktok.com/@moniecorona/video/7641963801914428686,moniecorona,Monie,"OK, so it sounds like I’m hyped up on caffeine but really all I did was speed this little video up 2x so I could make it just a little shorter for your viewing pleasure. Get ready with me while I show you what’s in my bag gone from one bag to another and you get to see my beautiful beautiful inspired by P Niner that I got from From.@LeLe Luxury&&&  it’s beautiful sunshiny yellow brighten your day type of handbag. She’s squishy she’s squishy. She’s unbelievable.#styleinspo #grwm #wimb #fashiontiktok #handbag ",# #styleinspo #grwm #wimb #fashiontiktok #handbag,2007,383,13,4,160,2026-05-20T13:23:13.000Z,https://p16-common-sign.tiktokcdn-us.com/tos-useast5-p-0068-tx/oUcNI1hYBoUiCtmaBAIpj5pfUWHwoiEBCkpAzt~tplv-tiktokx-origin.image?dr=9636&x-expires=1788555600&x-signature=0vmgRr1HVhvOJCLrow59deEh9xs%3D&t=4d5b0474&ps=13740610&shp=81f88b70&shcp=43f4a2f9&idc=useast8,,grwm handbag,False,False,720,1280
7617505979487259926,https://www.tiktok.com/@luckygirl_2000/video/7617505979487259926,luckygirl_2000,Lauren,Does this count as ASMR,,1324,72,8,2,48,2026-03-15T15:33:45.000Z,https://p19-common-sign.tiktokcdn-us.com/tos-no1a-p-0037-no/ogAeaLK4AVfjTGarIe0LpiAgCmIIbTJIAAF2Er~tplv-tiktokx-origin.image?dr=9636&x-expires=1788555600&x-signature=PC9cx0dycyhxEf%2FzasSj1OBd168%3D&t=4d5b0474&ps=13740610&shp=81f88b70&shcp=43f4a2f9&idc=useast8,,grwm handbag,False,False,576,1024
7660193021547269407,https://www.tiktok.com/@_simplynay/video/7660193021547269407,_simplynay,Nayeli Salazar,"Grwm for work w/ timestamps 👩🏻‍💻✨⌨️  Top: Amazon  Blazer & pants: @Halara  Heels: @Berness Official  Handbag: @JW PEI   Hair Wax stick: @got2b  Hair spray: @loréal paris usa   Makeup  @Peter Thomas Roth Labs: Eye patches @anua_global: Serum Spray @rhode skin: glazing milk, pocket blush - Piggy, Peptide Lip Tint -Toast @MERIT Beauty: Foundation Stick - Bisque @Saie: Dew Bronze - Salt @Haus Labs: Triclone Tech Concealer - 11 Light Neutral  @Laura Mercier: Translucent Loose Powder @Armani beauty: Luminous Silk Bronzer - 100 Sunkissed Sand @Rare Beauty: Soft Pinch blush - Hope @e.l.f. Cosmetics: L",# # # # # # # # # # # # # # # # #ootdfashion #ootdinspo #grwm #grwm #morningroutine,303700,33300,116,216,60,2026-07-08T16:21:20.000Z,https://p16-common-sign.tiktokcdn-us.com/tos-useast8-p-0068-tx2/o8PcY4x7ig4ogf4fIASAsSf5QeNeAA8EEg2Akg~tplv-tiktokx-origin.image?dr=9636&x-expires=1788555600&x-signature=8IccJrO9uuySgLG4XFwwptwkeNQ%3D&t=4d5b0474&ps=13740610&shp=81f88b70&shcp=43f4a2f9&idc=useast8,,grwm handbag,False,False,720,1280
7512217865001405718,https://www.tiktok.com/@amii.parrero/video/7512217865001405718,amii.parrero,Amii Parrero🍸 BEAUTY + TTS,💋 #handbags #handbagcollection #handbagtiktok #grwm #grwmaesthetic #foryoupage❤️❤️ #fashionbags #bags @SHEIN @SHEIN UK @SHEINUS ,#handbags #handbagcollection #handbagtiktok #grwm #grwmaesthetic #foryoupage❤️❤️ #fashionbags #bags # # #,1862,84,5,0,90,2025-06-04T22:02:05.000Z,https://p16-common-sign.tiktokcdn-us.com/tos-no1a-p-0037-no/ocIBBOzPCAAi7aAEaXDoEB8AwpiErlAY3BBVs~tplv-tiktokx-origin.image?dr=9636&x-expires=1788555600&x-signature=r3AJ3j8oMDSfyHRJVOts8jgzuIQ%3D&t=4d5b0474&ps=13740610&shp=81f88b70&shcp=43f4a2f9&idc=useast8,,grwm handbag,True,False,576,1024
7675342164179635478,https://www.tiktok.com/@emmyem.ily/video/7675342164179635478,emmyem.ily,emmyem.ily,Little walk through of getting my bag ready 🥰  #kpop #grwm #enhypen #handbag #accessories ,#kpop #grwm #enhypen #handbag #accessories,675,17,2,0,313,2026-08-18T12:07:45.000Z,https://p16-common-sign.tiktokcdn-us.com/tos-no1a-p-0037-no/oozSXAAsqCFnoGaECeFEglD9EhARD2AIEVfMkE~tplv-tiktokx-dmt-logom:tos-no1a-i-0068-no/osiRcVIE1CmvAwB6CgfBiMAkAlEAXA3eFEhqSE.image?dr=9634&x-expires=1788555600&x-signature=D01mOXVIXSUjMRNewBsqVwKCku4%3D&t=4d5b0474&ps=13740610&shp=81f88b70&shcp=43f4a2f9&idc=useast8,,grwm handbag,False,False,576,1024
7447316749076401454,https://www.tiktok.com/@emmy_style/video/7447316749076401454,emmy_style,Emmy,GRWM Fendi Baguette purple sequins #grwm #unboxing #fendibaguette #fendi #handbags #paratiiiii ,#grwm #unboxing #fendibaguette #fendi #handbags #paratiiiii,84800,5067,124,55,61,2024-12-12T00:32:37.000Z,https://p19-common-sign.tiktokcdn-us.com/tos-useast5-p-0068-tx/o0HuI4CXhiizLRaURoZNv1ysV1EABiwEXBgBA~tplv-tiktokx-origin.image?dr=9636&x-expires=1788555600&x-signature=xt79iMTqE1T84cGTKeYp9f1%2FKFw%3D&t=4d5b0474&ps=13740610&shp=81f88b70&shcp=43f4a2f9&idc=useast8,,grwm handbag,False,False,576,1024
7453892863047339310,https://www.tiktok.com/@personallyrachel/video/7453892863047339310,personallyrachel,personally rachel,the boy did GREAT for Christmas 🎄  #pursetok #girltok #unboxing #grwm #fashiontiktok #handbags ,#pursetok #girltok #unboxing #grwm #fashiontiktok #handbags,4446,218,36,7,171,2024-12-29T17:51:19.000Z,https://p16-common-sign.tiktokcdn-us.com/tos-useast5-p-0068-tx/ooSYcTbRGEwfEjNDEnYgnwDvFWfAACBABImxA3~tplv-tiktokx-origin.image?dr=9636&x-expires=1788555600&x-signature=WDeHfaOHaNsLoPq3EHx7o1mA1II%3D&t=4d5b0474&ps=13740610&shp=81f88b70&shcp=43f4a2f9&idc=useast8,,grwm handbag,False,False,576,1024
7676497168659696914,https://www.tiktok.com/@mydearrrr/video/7676497168659696914,mydearrrr,mydear,the latest addition to my collection ✨ #chanel #maxiflapbag #unbox ,#chanel #maxiflapbag #unbox,104300,5438,21,349,151,2026-08-21T14:49:41.000Z,https://p16-common-sign.tiktokcdn-us.com/tos-alisg-p-0037/ogaIPAAjYEYoEBlkTIiOliCAIEZdBhWAhY9SA~tplv-tiktokx-origin.image?dr=9636&x-expires=1788555600&x-signature=ZgQwc7NSBr%2FYYbZAr%2B4Kj3LmkHM%3D&t=4d5b0474&ps=13740610&shp=81f88b70&shcp=43f4a2f9&idc=useast5,,handbag unboxing,False,False,576,1024
7671325436101627166,https://www.tiktok.com/@sweet.ke/video/7671325436101627166,sweet.ke,Ke,Found this video of me unboxing one of my bday gifts! 💞 Love this pink LV bag!!! Everything pinka!!!!#unboxingvideo #lv #bday #explorepage✨ #handbag ,#unboxingvideo #lv #bday #explorepage✨ #handbag,3378,143,6,4,30,2026-08-07T16:21:01.000Z,https://p19-common-sign.tiktokcdn-us.com/tos-useast8-p-0068-tx2/owfBrG2YQAUfRPCReQCI9VdmJQ7GAtLzpsFKye~tplv-tiktokx-origin.image?dr=9636&x-expires=1788555600&x-signature=gTB9%2Bvd0hHheeZDkPRHD31t%2FIwo%3D&t=4d5b0474&ps=13740610&shp=81f88b70&shcp=43f4a2f9&idc=useast5,,handbag unboxing,False,False,720,1280
7380065893092527366,https://www.tiktok.com/@vexssa/video/7380065893092527366,vexssa,vex,im obsessed @SAMO ONDOH #unboxing #handbag ,# #unboxing #handbag,1300000,143000,234,5031,58,2024-06-13T19:04:56.000Z,https://p16-common-sign.tiktokcdn-us.com/tos-maliva-p-0068/b17c230d3e02408592048aa0a5c01053_1718305500~tplv-tiktokx-origin.image?dr=9636&x-expires=1788555600&x-signature=rvGdxOv54mDu5gzse%2Bq8n1FWPVA%3D&t=4d5b0474&ps=13740610&shp=81f88b70&shcp=43f4a2f9&idc=useast5,,handbag unboxing,False,False,576,1024
7626083863474785549,https://www.tiktok.com/@sarahhsol/video/7626083863474785549,sarahhsol,sarah sol,the most perfect bag i’ve ever owned🪷 #chanel #chanelbag #luxuryunboxing #chanel25 ,#chanel #chanelbag #luxuryunboxing #chanel25,126400,7701,27,476,30,2026-04-07T18:20:27.000Z,https://p16-common-sign.tiktokcdn-us.com/tos-useast5-p-0068-tx/oIviaAA4B7iABVDVAjEEI5kjgLhmS6Kru6dkn~tplv-tiktokx-origin.image?dr=9636&x-expires=1788555600&x-signature=du2GzkN4kw4qKr97GrIBW%2B270tA%3D&t=4d5b0474&ps=13740610&shp=81f88b70&shcp=43f4a2f9&idc=useast5,,handbag unboxing,False,False,720,1280
7676146386202709262,https://www.tiktok.com/@kenaroseee_/video/7676146386202709262,kenaroseee_,kena 💖,Master quality version of one of my favorite bags 🤏🏼✨ #pursetok #bagunboxing #bagtok #purseunboxing #baghaul ,#pursetok #bagunboxing #bagtok #purseunboxing #baghaul,32200,1789,34,70,140,2026-08-20T16:08:37.000Z,https://p16-common-sign.tiktokcdn-us.com/tos-useast5-p-0068-tx/oYeMXCeQkIUf98jOgL4QQ8MLkTDwVgA3IHPjA1~tplv-tiktokx-origin.image?dr=9636&x-expires=1788555600&x-signature=Rq5CvNbDiGqKBg31qCXKWQnj1x8%3D&t=4d5b0474&ps=13740610&shp=81f88b70&shcp=43f4a2f9&idc=useast5,,handbag unboxing,False,False,720,1280
7667121256281525511,https://www.tiktok.com/@penelopes_finds/video/7667121256281525511,penelopes_finds,𝑃𝑒𝑛𝑒𝑙𝑜𝑝𝑒'𝑠 𝐹𝑖𝑛𝑑𝑠,"finally got my hands on this gorgeous pony hair bag, this is from @alice   I’ve got a few more from different people so will do a comparison!   #minibag #designerbags #bagunboxing #fashioninspo #itgirlaesthetic ",# #minibag #designerbags #bagunboxing #fashioninspo #itgirlaesthetic,524300,70200,243,5162,16,2026-07-27T08:26:30.000Z,https://p16-common-sign.tiktokcdn-us.com/tos-alisg-p-0037/o8uZBqfDUQsnRgqEBFtodZjxnBjAyEPLFGfYQg~tplv-tiktokx-origin.image?dr=9636&x-expires=1788555600&x-signature=PqJVYQOUZafi9LPOB4ytcGv6CF8%3D&t=4d5b0474&ps=13740610&shp=81f88b70&shcp=43f4a2f9&idc=useast5,,handbag unboxing,False,False,576,1024
7680598273916226838,https://www.tiktok.com/@qchikae/video/7680598273916226838,qchikae,𝓀𝒶ℯ ❀,UNBOX MY FIRST DESIGNER BAG 🩷 #fyp #goviral #coachbag #xyzabc #influencer @Coach ,#fyp #goviral #coachbag #xyzabc #influencer #,102800,16900,59,133,150,2026-09-01T16:04:07.000Z,https://p19-common-sign.tiktokcdn-us.com/tos-no1a-p-0037-no/owTvRFtIGQQefwsk7ACeDQMWIAsqowGzfBvWLG~tplv-tiktokx-origin.image?dr=9636&x-expires=1788555600&x-signature=%2BTzsRehuEXLBbgMORvsOEu2kikg%3D&t=4d5b0474&ps=13740610&shp=81f88b70&shcp=43f4a2f9&idc=useast5,,handbag unboxing,False,False,576,1024
7676442453334920470,https://www.tiktok.com/@loveprelove/video/7676442453334920470,loveprelove,loveprelove,"👜 A closer look at one of our beautiful bags.  This video of bag 311 was specially requested by a client who wanted to see the bag in more detail. From the craftsmanship and stitching to the overall condition.  Sometimes, seeing a bag up close makes all the difference. Thinking about one of our bags? Send us a message to request your own personal video, and we’ll be happy to arrange one for you.",,332,8,0,0,92,2026-08-21T11:17:24.000Z,https://p19-common-sign.tiktokcdn-us.com/tos-no1a-p-0037-no/oICVDEgBErqAENC4ICIAekFAAiH2MFfDmXAcOH~tplv-tiktokx-origin.image?dr=9636&x-expires=1788555600&x-signature=pRBLo8PNExoWvDvKqhIbW2wXjXM%3D&t=4d5b0474&ps=13740610&shp=81f88b70&shcp=43f4a2f9&idc=useast5,,bag close up,False,False,576,1024
7679070930114530582,https://www.tiktok.com/@loveprelove/video/7679070930114530582,loveprelove,loveprelove,"👜 A closer look at one of our beautiful bags.  This video of bag 746 was specially requested by a client who wanted to see the bag in more detail. From the craftsmanship and stitching to the overall condition.  Sometimes, seeing a bag up close makes all the difference. Thinking about one of our bags? Send us a message to request your own personal video, and we’ll be happy to arrange one for you.",,330,14,0,0,127,2026-08-28T13:17:15.000Z,https://p19-common-sign.tiktokcdn-us.com/tos-no1a-p-0037-no/ocY4kFDxVCFIqQAiljEISnCAEAUgesA9kqfWFE~tplv-tiktokx-origin.image?dr=9636&x-expires=1788555600&x-signature=m6rGZTCGoOpTZAJOqFANxpHwYjY%3D&t=4d5b0474&ps=13740610&shp=81f88b70&shcp=43f4a2f9&idc=useast5,,bag close up,False,False,576,1024
7676128907883498766,https://www.tiktok.com/@carrychic.hub05/video/7676128907883498766,carrychic.hub05,Carry Chic Hub 05,No Aesthetic Tricks—Just a Chanel Bag Up Close 🖤#ootdbuy #chanel #fyp #fashionbag #luxury #handbags #boutiquefinds,#ootdbuy #chanel #fyp #fashionbag #luxury #handbags #boutiquefinds,128,5,0,0,21,2026-08-20T15:00:34.000Z,https://p19-common-sign.tiktokcdn-us.com/tos-useast5-p-85c255-tx/oQyODieeVIk2gxHJLCDWc80QQUMBIwJf7A87Tp~tplv-tiktokx-origin.image?dr=9636&x-expires=1788555600&x-signature=8eIissURw9QgHVrCONgl1Tc%2BlUc%3D&t=4d5b0474&ps=13740610&shp=81f88b70&shcp=43f4a2f9&idc=useast5,,bag close up,False,False,720,1280
7677685279192255766,https://www.tiktok.com/@loveprelove/video/7677685279192255766,loveprelove,loveprelove,"👜 A closer look at one of our beautiful bags.  This video of bag 121 was specially requested by a client who wanted to see the bag in more detail. From the craftsmanship and stitching to the overall condition.  Sometimes, seeing a bag up close makes all the difference. Thinking about one of our bags? Send us a message to request your own personal video, and we’ll be happy to arrange one for you.",,343,13,0,0,90,2026-08-24T19:40:11.000Z,https://p16-common-sign.tiktokcdn-us.com/tos-no1a-p-0037-no/o46EkeTZLAZrGfAQA6dIAnFIOLGLISvsVuueAE~tplv-tiktokx-origin.image?dr=9636&x-expires=1788555600&x-signature=155w4FyMzhG23UJkViXENqEM81w%3D&t=4d5b0474&ps=13740610&shp=81f88b70&shcp=43f4a2f9&idc=useast5,,bag close up,False,False,576,1024
7677961030701468950,https://www.tiktok.com/@loveprelove/video/7677961030701468950,loveprelove,loveprelove,"👜 A closer look at one of our beautiful bags.  This video of bag 703 was specially requested by a client who wanted to see the bag in more detail. From the craftsmanship and stitching to the overall condition.  Sometimes, seeing a bag up close makes all the difference. Thinking about one of our bags? Send us a message to request your own personal video, and we’ll be happy to arrange one for you.",,327,11,0,0,152,2026-08-25T13:30:15.000Z,https://p19-common-sign.tiktokcdn-us.com/tos-no1a-p-0037-no/o0zEMGACULbBAFIAhVfrrSAAFIECeLeGINmLUW~tplv-tiktokx-origin.image?dr=9636&x-expires=1788555600&x-signature=SBcHrbA2t5x%2BdtCdf%2BIzRUUGpXo%3D&t=4d5b0474&ps=13740610&shp=81f88b70&shcp=43f4a2f9&idc=useast5,,bag close up,False,False,576,1024
7676871785823980814,https://www.tiktok.com/@itbag.edit02/video/7676871785823980814,itbag.edit02,It Bag Edit 02,Close-Up Creativity: Leather Texture Explored #leathercraft #bagdetails #texturetok #satisfying #luxurystyle #ootdbuy #shop,#leathercraft #bagdetails #texturetok #satisfying #luxurystyle #ootdbuy #shop,32,0,0,0,20,2026-08-22T15:03:40.000Z,https://p16-common-sign.tiktokcdn-us.com/tos-useast5-p-85c255-tx/owVJkfTulCfI3JLDJHlQYKZCpEgaAUe0GSdGIq~tplv-tiktokx-origin.image?dr=9636&x-expires=1788555600&x-signature=voRmrlj8OMQOdQL%2BKkDo0Au4W60%3D&t=4d5b0474&ps=13740610&shp=81f88b70&shcp=43f4a2f9&idc=useast5,,bag close up,False,False,720,1280
7625901471950818582,https://www.tiktok.com/@britanniabloom_cj/video/7625901471950818582,britanniabloom_cj,Britannia Bloom CJ,"Stylish and lightweight handbag, perfect for daily use, parties and work. Spacious, durable and trendy design for every occasion. #Handbag #FashionBags #LadiesBags #DailyEssentials #StyleInspo #Fashion #BagLovers",#handbag #fashionbags #ladiesbags #dailyessentials #styleinspo #fashion #baglovers,20800,60,3,24,17,2026-04-07T06:32:48.000Z,https://p16-common-sign.tiktokcdn.com/tos-no1a-p-0037-no/oI2fKFSsAKCV9DfQIupFnPKczxEC1pOkgABUEQ~tplv-tiktokx-origin.image?dr=14575&x-expires=1788555600&x-signature=lyUJOCIQTSfpLSULu5GzrIidDLI%3D&t=4d5b0474&ps=13740610&shp=81f88b70&shcp=43f4a2f9&idc=my,,handbag styling,True,False,576,1024
7630440008905657614,https://www.tiktok.com/@shopluxewithjazzy/video/7630440008905657614,shopluxewithjazzy,shopluxewithjazzy,love my new upgraded bag! #handbag #handbagcollection #crossbodybags #handbagreview #handbagstyle ,#handbag #handbagcollection #crossbodybags #handbagreview #handbagstyle,558400,2316,77,164,66,2026-04-19T12:05:17.000Z,https://p16-common-sign.tiktokcdn.com/tos-useast5-p-0068-tx/oA9aakREM0IS5RPpA2DIRxfFRfDFZ8ESDDHBgJ~tplv-tiktokx-dmt-logom:tos-useast5-i-0068-tx/oQPCrfmk9wsIBmAIA16iA9BJxB8iEQwy0NJqAD.image?dr=14573&x-expires=1788555600&x-signature=Fr%2FAsPBxULw08YWx5caBkeOpzm0%3D&t=4d5b0474&ps=13740610&shp=81f88b70&shcp=43f4a2f9&idc=my,,handbag styling,True,False,720,1280
7411370329911594246,https://www.tiktok.com/@kharisjournal/video/7411370329911594246,kharisjournal,Kharis,"Here how I style Lugo bag from @Sundays Attire for 3 different occasions 🖤  You can wear it as a hand bag / sling bag ✨  (Link on bio, keyword: sundays attire)                                                       #handbag #cutebag #cutehandbag #bvbag #multiwaybag #statementbag #clutch #purse #bagrecommendation #handbagrecommendation #spillbag #handbagtiktok #handbagmurah #handbagscollection #statementbag #daytonightbag #howtostyle #howistyle #bagfordinner #dinnerbag #minibag #petitebag #bagkecil #clutchkondangan #statementpiece #stylingideas #howistyle #styleinspo #ootd #brunchoutfit #outfitb",# #handbag #cutebag #cutehandbag #bvbag #multiwaybag #statementbag #clutch #purse #bagrecommendation #handbagrecommendation #spillbag #handbagtiktok #handbagmurah #handbagscollection #statementbag #daytonightbag #howtostyle #howistyle #bagfordinner #dinnerbag #minibag #petitebag #bagkecil #clutchkondangan #statementpiece #stylingideas #howistyle #styleinspo #ootd #brunchoutfit #outfitbrunch #casualoutfit #dinnerdateoutfit #dateoutfit #meetingoutfit #slingbaglucu #slingbagmurah #slingbagwanita #slingbagkorea,143400,1720,21,1088,9,2024-09-06T03:42:15.000Z,https://p16-common-sign.tiktokcdn.com/tos-maliva-p-0068/oQfm6CRGEoD210FEceFd7INhBmVMQQBsnnCJTA~tplv-tiktokx-origin.image?dr=14575&x-expires=1788555600&x-signature=rrGo5fR7uU3qH6UN2Ne%2BY%2FitOls%3D&t=4d5b0474&ps=13740610&shp=81f88b70&shcp=43f4a2f9&idc=my,,handbag styling,False,False,576,1024
7667826441760820500,https://www.tiktok.com/@ugc.by.tm/video/7667826441760820500,ugc.by.tm,ugc by tm,Trendy coach bag by @ClosetbyGhazal  limited time sale go and place your order. #handbags #trendybags #stylishbags #explore #foryou ,# #handbags #trendybags #stylishbags #explore #foryou,9306,119,16,18,43,2026-07-29T06:02:57.000Z,https://p16-common-sign.tiktokcdn.com/tos-alisg-p-0037/oYoe0kEj9I5nILnDIUyA67GxLxeAAEvADQfTAM~tplv-tiktokx-origin.image?dr=14575&x-expires=1788555600&x-signature=ssJbajNdXPAa%2BcIY117FE%2FSuruU%3D&t=4d5b0474&ps=13740610&shp=81f88b70&shcp=43f4a2f9&idc=my,,handbag styling,False,False,576,1024
7660973481965702422,https://www.tiktok.com/@aniquethewild/video/7660973481965702422,aniquethewild,aniquethewild,styling my favorite handbag eveeeerrrr!!! how do we like this look?:))  #fashion #styling #balenciaga #fyp #trend,#fashion #styling #balenciaga #fyp #trend,579,92,10,0,7,2026-07-10T18:49:53.000Z,https://p16-common-sign.tiktokcdn.com/tos-no1a-p-0037-no/o8gjwIUAnfg6IBIEGLQgQoLFYMHDxAeuIfIyWa~tplv-tiktokx-origin.image?dr=14575&x-expires=1788555600&x-signature=Q1CD6iTVA4wyh69%2F0xNpaBPc%2BwM%3D&t=4d5b0474&ps=13740610&shp=81f88b70&shcp=43f4a2f9&idc=my,,handbag styling,False,False,576,1024
7575521717595000094,https://www.tiktok.com/@yu_yongurain/video/7575521717595000094,yu_yongurain,yu_yongurain,Brown leather handbag—sleek & stylish! #TikTokShopBlackFriday #TikTokShopCyberMonday #spotlightfinds #HandbagFashion #SleekStyle,#tiktokshopblackfriday #tiktokshopcybermonday #spotlightfinds #handbagfashion #sleekstyle,418300,3412,33,336,15,2025-11-22T12:14:16.000Z,https://p16-common-sign.tiktokcdn.com/tos-useast8-p-0068-tx2/oMqEQeDAB1fGytp2AAAjireIIkILDUISAI0QCo~tplv-tiktokx-dmt-logom:tos-useast8-i-0068-tx2/okhANFAYiRpAGY7SBARIaaqiEANBRjSYPlIAE.image?dr=14573&x-expires=1788555600&x-signature=j6ol171HDJYKTY8IQkg1CXltYi0%3D&t=4d5b0474&ps=13740610&shp=81f88b70&shcp=43f4a2f9&idc=my,,handbag styling,False,False,720,1280
7629329546260548872,https://www.tiktok.com/@ak_studio.official1/video/7629329546260548872,ak_studio.official1,ak_studio.official1,End of Season Sale is LIVE 👜🔥 Get up to 50% OFF on stylish handbags.   Shop now at www.ak-studio.shop   WhatsApp 03710437005 before it sells out! #reelitfeelit #cutestyle #handbagfashion #onlineshopping ,#reelitfeelit #cutestyle #handbagfashion #onlineshopping,847000,4678,87,537,29,2026-04-16T12:15:14.000Z,https://p16-common-sign.tiktokcdn.com/tos-alisg-p-0037/owRz8BOeAjkIvAtpkNcFELG4IBKfTxOglgD0Ey~tplv-tiktokx-origin.image?dr=14575&x-expires=1788555600&x-signature=AJ0caE%2FIjB1XbXt9AAEWpjR08Ic%3D&t=4d5b0474&ps=13740610&shp=81f88b70&shcp=43f4a2f9&idc=my,,handbag styling,True,False,576,1024
7674893258903817479,https://www.tiktok.com/@elissiccharms/video/7674893258903817479,elissiccharms,Elissic Charms,"your new everyday bag, but make her extra pretty 🤍✨🎀  #charmedbag #baglover #y2kstyle #coquettebag #handbag",#charmedbag #baglover #y2kstyle #coquettebag #handbag,72800,8450,13,513,12,2026-08-17T07:05:47.000Z,https://p16-common-sign.tiktokcdn.com/tos-alisg-p-0037/oUQBZyjIQDA8tQeCCVbAfyGJSDXV4sBMWmmrFf~tplv-tiktokx-origin.image?dr=14575&x-expires=1788555600&x-signature=kBwcwG7YbLSYKxtX%2B8k9MqYiAg8%3D&t=4d5b0474&ps=13740610&shp=81f88b70&shcp=43f4a2f9&idc=my,,handbag styling,False,False,576,1024
7557220586246671638,https://www.tiktok.com/@onlinebazar775/video/7557220586246671638,onlinebazar775,online bazar,new style girls hand bag for order watsp no in bio #viral #onlineshopping #abya #tranding #handbag ,#viral #onlineshopping #abya #tranding #handbag,198000,1576,91,340,5,2025-10-04T04:35:57.000Z,https://p19-common-sign.tiktokcdn.com/tos-no1a-p-0037-no/o4SYQPGjWAegdnGg1QeF8DYAB5dMgXlfoQfStR~tplv-tiktokx-origin.image?dr=14575&x-expires=1788555600&x-signature=BC09GXvWO%2Ffch8pzcLgPXA8FYJs%3D&t=4d5b0474&ps=13740610&shp=81f88b70&shcp=43f4a2f9&idc=my,,handbag styling,False,False,576,1024
7493160568015146247,https://www.tiktok.com/@rayyyymii/video/7493160568015146247,rayyyymii,Ray 🎀,"Small in size, big on style. This mini glossy bag? Chef's kiss 😘 #minibag #glossybag #fashiontrends #outfitideas #baglover #stylegoals #cutebag #fyp ",#minibag #glossybag #fashiontrends #outfitideas #baglover #stylegoals #cutebag #fyp,359100,4853,0,3845,10,2025-04-14T13:30:03.000Z,https://p16-common-sign.tiktokcdn.com/tos-alisg-p-0037/oc6slFEjoDPHfSI3GAAmA777IfCZ0ODEezQAQA~tplv-tiktokx-origin.image?dr=14575&x-expires=1788555600&x-signature=fs2g4%2F6vm7du90qyznVtEXCoahA%3D&t=4d5b0474&ps=13740610&shp=81f88b70&shcp=43f4a2f9&idc=my,,handbag styling,False,False,576,1024
7557357087936793869,https://www.tiktok.com/@alliemariedigital/video/7557357087936793869,alliemariedigital,Allie Marie,"She’s a dream 😍 I’ve had my eye on the new Speedy Soft 30’s for a while and I’m in loveeee! I went with Speedy Soft 30 Crafty. The inside is a leather so it’s more relaxed than the traditional speedy. Also, the rolled leather shoulder strap is *chefs kiss* 🤍  #newbag #unboxing #speedy30 #fallbag #louisvuitton ",#newbag #unboxing #speedy30 #fallbag #louisvuitton,573000,17400,208,1863,33,2025-10-04T13:26:10.000Z,https://p16-common-sign.tiktokcdn.com/tos-useast5-p-0068-tx/ogDBESEDAQfDfkDAIoShEMIIHAFuSRA4iwC33g~tplv-tiktokx-origin.image?dr=14575&x-expires=1788555600&x-signature=Y6Zi01vMlSDmR3ORIfx9pLHS%2BUs%3D&t=4d5b0474&ps=13740610&shp=81f88b70&shcp=43f4a2f9&idc=my3,,handbag unboxing,False,False,576,1024
7570635976217906452,https://www.tiktok.com/@kynaaaaa.__/video/7570635976217906452,kynaaaaa.__,kynaaaaa.__,Unboxing my @CLNph Coralyn hand bag 🖤—birthday gift from my babi last Sept! 😂 #cln   — posting this for the memories ✨,# #cln,301900,4128,204,456,11,2025-11-09T08:14:12.000Z,https://p16-common-sign.tiktokcdn.com/tos-alisg-p-0037/oIvVEIBEA2EGjOBBMYAITiVcCaQHoayEgMRAi~tplv-tiktokx-origin.image?dr=14575&x-expires=1788555600&x-signature=3NZA03JRJYMWPSq1rmqlkCktd5Q%3D&t=4d5b0474&ps=13740610&shp=81f88b70&shcp=43f4a2f9&idc=my3,,handbag unboxing,False,False,576,1024
7283904510207053088,https://www.tiktok.com/@bei.bei.wei/video/7283904510207053088,bei.bei.wei,Bei Na Wei,Unboxing a new favourite 💗  @Clio Peppiatt #asmr #luxuryunboxing #london #handbag #luxury,# #asmr #luxuryunboxing #london #handbag #luxury,25700,2525,58,43,21,2023-09-28T15:49:43.000Z,https://p16-common-sign.tiktokcdn.com/tos-useast2a-p-0037-euttp/e13f124daaef4a2aa034756324eca4e4_1695916186~tplv-tiktokx-origin.image?dr=14575&x-expires=1788555600&x-signature=ZGua3B2aXZ2uHRVAxWN0vY1DqsA%3D&t=4d5b0474&ps=13740610&shp=81f88b70&shcp=43f4a2f9&idc=my3,,handbag unboxing,False,False,576,1024
7548541688650714398,https://www.tiktok.com/@whitneyoconnell_/video/7548541688650714398,whitneyoconnell_,Whitney O’Connell,My first Bottega Veneta handbag and I’m obsessed 🤩 #bottegaveneta #bottega #unboxing #handbag ,#bottegaveneta #bottega #unboxing #handbag,53900,2030,89,169,147,2025-09-10T19:17:21.000Z,https://p16-common-sign.tiktokcdn.com/tos-useast8-p-0068-tx2/oQcoCB3AifriwDzAtAjEwyEAR6qxBEAyEf9I3V~tplv-tiktokx-origin.image?dr=14575&x-expires=1788555600&x-signature=FFP8zbEuzz3jBrX995pfA%2F7vvMA%3D&t=4d5b0474&ps=13740610&shp=81f88b70&shcp=43f4a2f9&idc=my3,,handbag unboxing,False,False,576,1024
7667283877223812366,https://www.tiktok.com/@chloebenyamin/video/7667283877223812366,chloebenyamin,chloebenyamin,Dior handbag collection!!! What designer should I do next?? #dior #diorhandbag #designerhandbags #unboxing #pursecollection ,#dior #diorhandbag #designerhandbags #unboxing #pursecollection,2200000,401600,1368,11100,180,2026-07-27T18:57:48.000Z,https://p16-common-sign.tiktokcdn.com/tos-useast5-p-0068-tx/ogEqiIp4qhD7E9QnBgFEgnDTEZARi9fQQ4fRS6~tplv-tiktokx-origin.image?dr=14575&x-expires=1788555600&x-signature=BaxIaOTCx9yrktkOiaPpQEhzOYo%3D&t=4d5b0474&ps=13740610&shp=81f88b70&shcp=43f4a2f9&idc=my3,,handbag unboxing,False,False,720,1280
7648659490883013919,https://www.tiktok.com/@mariavillarreall/video/7648659490883013919,mariavillarreall,Maria Villarreal,did some damage in Houston 👀  #unboxing #chanel25 #chanel ,#unboxing #chanel25 #chanel,55000,4657,167,209,175,2026-06-07T14:25:44.000Z,https://p16-common-sign.tiktokcdn.com/tos-useast8-p-0068-tx2/o8OR5JEBXAOKbKV2EV9mfAAIDfALFEA78CAqXQ~tplv-tiktokx-origin.image?dr=14575&x-expires=1788555600&x-signature=qdy%2B%2FzPwtrFy9OkT8F6ztkFERSo%3D&t=4d5b0474&ps=13740610&shp=81f88b70&shcp=43f4a2f9&idc=my3,,handbag unboxing,False,False,720,1280
7660275911605964045,https://www.tiktok.com/@missleighh/video/7660275911605964045,missleighh,Samantha Leigh,"I mean, are we kidding? How good is this bag?! #handbag #bags #hanbags #unboxing #handbagunboxing ",#handbag #bags #hanbags #unboxing #handbagunboxing,706700,52300,1314,2565,272,2026-07-08T21:43:15.000Z,https://p19-common-sign.tiktokcdn.com/tos-useast5-p-0068-tx/o4XIaAJB1BxzTBiiiAA2iAETCBZOfJHwCIIHB4~tplv-tiktokx-dmt-logom:tos-useast5-i-0068-tx/owBTSExIDWJRsCxegEfHAFAAMFPNAqDE63oRPO.image?dr=14573&x-expires=1788555600&x-signature=gr6tFc4wAcsxOrL5dbGMQcN3xWU%3D&t=4d5b0474&ps=13740610&shp=81f88b70&shcp=43f4a2f9&idc=my3,,handbag unboxing,False,False,720,1280
7597260930187136287,https://www.tiktok.com/@ally.haul/video/7597260930187136287,ally.haul,Ally’s Hauls,"It’s so pretty, I am in loveee 🥹 - #asmrunboxing #handbag #bagreview #pursetok #fashiontiktok ",#asmrunboxing #handbag #bagreview #pursetok #fashiontiktok,300200,9466,142,930,40,2026-01-20T02:12:54.000Z,https://p16-common-sign.tiktokcdn.com/tos-useast8-p-0068-tx2/owaABRWB7LBQiKjEAkubrRyaE85IAPiAjlQpA~tplv-tiktokx-origin.image?dr=14575&x-expires=1788555600&x-signature=SieB1B%2F24sg3D97RQ9bAax%2F06A8%3D&t=4d5b0474&ps=13740610&shp=81f88b70&shcp=43f4a2f9&idc=my3,,handbag unboxing,False,False,720,1280
7662114592277007630,https://www.tiktok.com/@ashleyusa86/video/7662114592277007630,ashleyusa86,AshleyAnn$,Unbox my bougie on the budget bags 🔗🔗🔗 is in my bio @gorchic_officialpage  #affordablebags #bougieonabudget #gorchic  #handbagcollection #handbaghaul ,# #affordablebags #bougieonabudget #gorchic #handbagcollection #handbaghaul,82400,2660,132,268,170,2026-07-13T20:38:20.000Z,https://p16-common-sign.tiktokcdn.com/tos-useast5-p-0068-tx/oIVggVDAAIqAFB3x5SfCRLjbGwxPTUEfAEDXWE~tplv-tiktokx-dmt-logom:tos-useast5-i-0068-tx/oEeVHBAqeAEPVjBWAGjUqGETTIHkLIA0fpAI4E.image?dr=14573&x-expires=1788555600&x-signature=vlEYKkgE5m%2FF6nEiq3ZMc7Cfhbg%3D&t=4d5b0474&ps=13740610&shp=81f88b70&shcp=43f4a2f9&idc=my3,,handbag unboxing,False,False,720,1280
7642441257888894230,https://www.tiktok.com/@mxhnooor/video/7642441257888894230,mxhnooor,𝓜𝓪𝓱𝓷𝓸𝓸𝓻💍,Unboxing my dream bag🤎 #chanelbag #unboxing #luxurybags #fyp #chanel ,#chanelbag #unboxing #luxurybags #fyp #chanel,85400,2450,54,258,60,2026-05-21T20:15:24.000Z,https://p16-common-sign.tiktokcdn.com/tos-no1a-p-0037-no/okEAPUTIiFsAmAjykeIAAFELfZDljHAqOfka9I~tplv-tiktokx-origin.image?dr=14575&x-expires=1788555600&x-signature=2K49q1UhjYYxc3YWw6iOaaKJJZA%3D&t=4d5b0474&ps=13740610&shp=81f88b70&shcp=43f4a2f9&idc=my3,,handbag unboxing,True,False,576,1024
7663605293644893454,https://www.tiktok.com/@retail.lia/video/7663605293644893454,retail.lia,Malia | Kate Spade Stylist 👛,what i bring to work for an 8hr shift in luxury retail! 👛 #grwm #luxuryretail #whatsinmybag #coach #fashion @kate spade new york ,#grwm #luxuryretail #whatsinmybag #coach #fashion #,2674,126,21,9,75,2026-07-17T21:03:04.000Z,https://p16-common-sign.tiktokcdn.com/tos-useast5-p-0068-tx/oQBiTmbIIQ7CpcLA3avBfBBIusAiEpUwR1y1Is~tplv-tiktokx-origin.image?dr=14575&x-expires=1788555600&x-signature=DOWOB6BC0F9eu1h46M0GjesmTYk%3D&t=4d5b0474&ps=13740610&shp=81f88b70&shcp=43f4a2f9&idc=my2,,grwm handbag,False,False,720,1280
7671061526488419615,https://www.tiktok.com/@saraboo31/video/7671061526488419615,saraboo31,Saraboo,Get dressed with me. I love a good handbag!! #grwm #gdwm #fashiontiktok #handbags #closet,#grwm #gdwm #fashiontiktok #handbags #closet,97,3,0,0,43,2026-08-06T23:16:45.000Z,https://p16-common-sign.tiktokcdn.com/tos-useast8-p-0068-tx2/oIeUZxjrIYG6hqmIAKLuzQSeIe4WQAC8iXFq7A~tplv-tiktokx-origin.image?dr=14575&x-expires=1788555600&x-signature=qOfo2UmwHrdW08nsE8nFS7UTF78%3D&t=4d5b0474&ps=13740610&shp=81f88b70&shcp=43f4a2f9&idc=my2,,grwm handbag,False,False,720,1280
7631749899364617486,https://www.tiktok.com/@lynnecarries.la/video/7631749899364617486,lynnecarries.la,Lynne P | Lynnezanity,She’s small but mighty 👜 @FERRAGAMO #whatsinmybag #grwm #luxury #handbag #bagessentials ,# #whatsinmybag #grwm #luxury #handbag #bagessentials,992,26,1,1,49,2026-04-23T00:47:42.000Z,https://p16-common-sign.tiktokcdn.com/tos-useast5-p-0068-tx/oYIIpWTetCfuHMM4Q8l4VkEAQlbfw0PDS3VAjC~tplv-tiktokx-origin.image?dr=14575&x-expires=1788555600&x-signature=p3g8tHtYNDwjP2McCpsfRKfwRWg%3D&t=4d5b0474&ps=13740610&shp=81f88b70&shcp=43f4a2f9&idc=my2,,grwm handbag,True,False,720,1280
7616338709662813462,https://www.tiktok.com/@chloeeemma/video/7616338709662813462,chloeeemma,chloe emma | XXIII,another pink bag day 🩷 #OOTD #grwm #leatherhandbags #smallbusinessowner @XXIII ,#ootd #grwm #leatherhandbags #smallbusinessowner #,11700,1454,14,2,25,2026-03-12T12:04:16.000Z,https://p16-common-sign.tiktokcdn.com/tos-no1a-p-0037-no/oEECqIsryspAy7Oq5GEGBFsERF8DsgqkeIfqky~tplv-tiktokx-origin.image?dr=14575&x-expires=1788555600&x-signature=kZgvXFgbvw2Sin2rPUMozz3jPlw%3D&t=4d5b0474&ps=13740610&shp=81f88b70&shcp=43f4a2f9&idc=my2,,grwm handbag,False,False,576,1024
7579655245580602654,https://www.tiktok.com/@officialspicytee/video/7579655245580602654,officialspicytee,Shakirah,"GRWM, my love… Fall just got a little cozier with the Verano Hill Lauryn Handbag 👜🤎  Soft, chic, and the perfect brown for this season’s energy. I’ve been reaching for it nonstop, and trust me babe, this bag will easily become your everyday go-to 🤎  Up to 70% off sitewide for the Holiday Special. Use my code and snag one while it’s still on sale 👇🏾  https://www.veranohill.com/SPICYTEE @Verano Hill   #veranohill #bag #grwm #fallfashion #fallaesthetic  Babes, don’t sleep on grabbing it at 70% off this season 💖 Or just comment ‘Need’ Queens 🤎  verano hill bag • fall handbag • suede bag • fall aes",# #veranohill #bag #grwm #fallfashion #fallaesthetic,1748,137,62,7,59,2025-12-03T15:33:45.000Z,https://p16-common-sign.tiktokcdn.com/tos-useast8-p-0068-tx2/oMEuiRCpuMwWhF2QreADFAAEVrEfAYvATIAuEF~tplv-tiktokx-origin.image?dr=14575&x-expires=1788555600&x-signature=bMwwKUBbY7XR2X%2BrJ9P2kLukhS0%3D&t=4d5b0474&ps=13740610&shp=81f88b70&shcp=43f4a2f9&idc=my2,,grwm handbag,True,False,720,1280
7641508599407054102,https://www.tiktok.com/@leilarozama/video/7641508599407054102,leilarozama,Leila 🤍,Love this bag so much it’s stunning! And it was so fun to organise it☺️🤍✨  #organising #dailybag #whatsinmybag #newhandbag #organisewithme   ,#organising #dailybag #whatsinmybag #newhandbag #organisewithme,101900,1279,35,337,77,2026-05-19T07:56:17.000Z,https://p16-common-sign.tiktokcdn.com/tos-no1a-p-0037-no/oYAeCL9EA6fjDG5TIxFLBPAmApIIGUmIAAFMEf~tplv-tiktokx-origin.image?dr=14575&x-expires=1788555600&x-signature=uhbITphtc%2F79KMxyUXppJS4A%2Fys%3D&t=4d5b0474&ps=13740610&shp=81f88b70&shcp=43f4a2f9&idc=my2,,grwm handbag,True,False,576,1024
7536310669755403550,https://www.tiktok.com/@sophie.gasparr/video/7536310669755403550,sophie.gasparr,sophie!,i love this purse so much! #fyp #blowthisup #purse #redpurse #foryoupage #outfitinspo #grwm ,#fyp #blowthisup #purse #redpurse #foryoupage #outfitinspo #grwm,69800,1953,14,7,60,2025-08-08T20:14:33.000Z,https://p16-common-sign.tiktokcdn.com/tos-useast8-p-0068-tx2/oosExtNVQPzEVLlB3siDfEERqKAFEdlAQUeoQg~tplv-tiktokx-origin.image?dr=14575&x-expires=1788555600&x-signature=yTAxaCNN08VI0fvWzKowurPAbEg%3D&t=4d5b0474&ps=13740610&shp=81f88b70&shcp=43f4a2f9&idc=my2,,grwm handbag,True,False,576,1024
7659837737616379158,https://www.tiktok.com/@joanne.sayssa/video/7659837737616379158,joanne.sayssa,Joji✨,Get ready with me for a night out ✨ #Alterainserts #HermesPicotin #BagAccessory #grwm #explore ,#alterainserts #hermespicotin #bagaccessory #grwm #explore,5119,112,8,22,50,2026-07-07T17:22:40.000Z,https://p16-common-sign.tiktokcdn.com/tos-no1a-p-0037-no/oYeZQaDULAtQLqjwTIteeG3AaRDGmL6omImawI~tplv-tiktokx-origin.image?dr=14575&x-expires=1788555600&x-signature=1pkLsWMwZeU%2BelmiqLbdU6e3Jt8%3D&t=4d5b0474&ps=13740610&shp=81f88b70&shcp=43f4a2f9&idc=my2,,grwm handbag,False,False,576,1024
7600861392031223062,https://www.tiktok.com/@lills.ljjgx/video/7600861392031223062,lills.ljjgx,𝓁𝒾𝓁𝓁𝓎 ྀིྀི,Pack my bag with me for school 💕💕 || let me know if use want more of this #girly #grwm #pink ,#girly #grwm #pink,590100,60700,285,735,202,2026-01-29T19:04:15.000Z,https://p16-common-sign.tiktokcdn.com/tos-no1a-p-0037-no/o8j7BoAefAE2t69wADjSfyDSrELIFILhK6VIM9~tplv-tiktokx-origin.image?dr=14575&x-expires=1788555600&x-signature=nJakGY7JpBGriRLdtSXGCsDlGkY%3D&t=4d5b0474&ps=13740610&shp=81f88b70&shcp=43f4a2f9&idc=my2,,grwm handbag,False,False,576,1024
7644345602616184086,https://www.tiktok.com/@alicja.griffiths/video/7644345602616184086,alicja.griffiths,Alicja Griffiths,Let’s get ready ft Tom Ford bag #designerbags #tomfordbag #ootd #howtostyle #handbagcollection ,#designerbags #tomfordbag #ootd #howtostyle #handbagcollection,574,15,0,1,169,2026-05-26T23:25:29.000Z,https://p16-common-sign.tiktokcdn.com/tos-no1a-p-0037-no/ooIsQAFARVbFAWDqGFAsfk3V2vsElEAgkwieCS~tplv-tiktokx-origin.image?dr=14575&x-expires=1788555600&x-signature=pJLVT1gjcJ9l15FBNSDduxthW18%3D&t=4d5b0474&ps=13740610&shp=81f88b70&shcp=43f4a2f9&idc=my2,,grwm handbag,False,False,576,1024
7506206698860760351,https://www.tiktok.com/@roland.bag/video/7506206698860760351,roland.bag,Roland Luxury,Watch this sheepskin bag up close #Dior #Bag #handbags #bagelbopscontest #luxury ,#dior #bag #handbags #bagelbopscontest #luxury,404,6,1,1,14,2025-05-19T17:16:16.000Z,https://p19-common-sign.tiktokcdn-us.com/tos-useast8-p-0068-tx2/oQBV3UREU1mt8kUErBiiWDragdIxvWCAGBAcZ~tplv-tiktokx-origin.image?dr=9636&x-expires=1788555600&x-signature=iXG7ZsFYbxKJDYbcJ1Byi2O%2B6xo%3D&t=4d5b0474&ps=13740610&shp=81f88b70&shcp=43f4a2f9&idc=useast5,,bag close up,False,False,576,1024
7677056609176063246,https://www.tiktok.com/@luxebag.vault06/video/7677056609176063246,luxebag.vault06,Luxe Bag Vault 06,Discover the Intricacies of That Texture Close-Up #chanelstyle #bagdetails #texturetok #luxurystyle #designerinspired #bagtok #ootdbuy #shop,#chanelstyle #bagdetails #texturetok #luxurystyle #designerinspired #bagtok #ootdbuy #shop,34,1,0,0,13,2026-08-23T03:00:33.000Z,https://p16-common-sign.tiktokcdn-us.com/tos-useast5-p-85c255-tx/oYJ5HglVkQ9CCDoQSQK8CWYFeM48UMIBhDfOfA~tplv-tiktokx-origin.image?dr=9636&x-expires=1788555600&x-signature=nI74wKSvQCBWjpVZdyVL%2BNbC0tk%3D&t=4d5b0474&ps=13740610&shp=81f88b70&shcp=43f4a2f9&idc=useast5,,bag close up,False,False,720,1280
7678454104468884750,https://www.tiktok.com/@1abbygrace_/video/7678454104468884750,1abbygrace_,abby,Close up of my silver vintage coach bag!! From my mom <3 #coachbag #fashion #haul #minipurse #silverfashion,#coachbag #fashion #haul #minipurse #silverfashion,736,81,9,1,14,2026-08-26T21:23:54.000Z,https://p16-common-sign.tiktokcdn-us.com/tos-useast5-p-0068-tx/ocmftwFoIiA60T3B6W1CPBjARIlUpQVvwAsiiI~tplv-tiktokx-origin.image?dr=9636&x-expires=1788555600&x-signature=7pzVWDhIutUyr2kReZ2gheV6X4M%3D&t=4d5b0474&ps=13740610&shp=81f88b70&shcp=43f4a2f9&idc=useast5,,bag close up,False,False,720,1280
7665680359891291414,https://www.tiktok.com/@emma_wh17/video/7665680359891291414,emma_wh17,Emma WH,Close up of my inspired master quality LV side trunk bag. She's just beautiful 😍  Thank you again @Bag Baddie Momma   #bagtok #inspiredluxury #bagaddiction #inspiredluxuryitems #inspiredluxuryitems ,# #bagtok #inspiredluxury #bagaddiction #inspiredluxuryitems #inspiredluxuryitems,2180,40,2,0,72,2026-07-23T11:15:03.000Z,https://p16-common-sign.tiktokcdn-us.com/tos-no1a-p-0037-no/o8DSh7fZNtFfUFLIi9qDATIXEwIL9IeAjvR29Q~tplv-tiktokx-origin.image?dr=9636&x-expires=1788555600&x-signature=iVg3zLG8LL0766NyvxknXzd2UGY%3D&t=4d5b0474&ps=13740610&shp=81f88b70&shcp=43f4a2f9&idc=useast5,,bag close up,False,False,576,1024
7680573119949475102,https://www.tiktok.com/@tay_does/video/7680573119949475102,tay_does,Taylor Mac,Replying to @cheesy_pleesy I'm obsessed too! 🤘  #loungefly #lotr #showandtell ,# #loungefly #lotr #showandtell,280,35,4,2,65,2026-09-01T14:26:49.000Z,https://p16-common-sign.tiktokcdn-us.com/tos-useast8-p-0068-tx2/ossCsCiS7EBqF9AABaAAfDiM1WItIkRiKAI34B~tplv-tiktokx-origin.image?dr=9636&x-expires=1788555600&x-signature=5bxt%2FD60WHdLp5lynb67vJh87Fs%3D&t=4d5b0474&ps=13740610&shp=81f88b70&shcp=43f4a2f9&idc=useast5,,bag close up,False,False,720,1280
7674357249581649160,https://www.tiktok.com/@iidmon/video/7674357249581649160,iidmon,𝒟,unboxing the prettiest pink Lv bag🌸💖,,152100,18500,64,3056,14,2026-08-15T20:25:47.000Z,https://p16-common-sign.tiktokcdn-us.com/tos-alisg-p-0037/oIEI4QneAA1hDHzKjLeHZVGEnAAreIIoXAm5AB~tplv-tiktokx-origin.image?dr=9636&x-expires=1788555600&x-signature=5P3kfvjkrN8SI0Iveo8%2BQIS1m08%3D&t=4d5b0474&ps=13740610&shp=81f88b70&shcp=43f4a2f9&idc=useast8,,handbag unboxing,False,False,576,1024
7555843049117453582,https://www.tiktok.com/@meleenacruz/video/7555843049117453582,meleenacruz,Meleena Cruz,The little girl in me is screaming right now. Here’s to manifesting your dreams 🤍!  #luxuryunboxing #unboxinghaul #bagunboxing #designerhaul #purseunboxing ,#luxuryunboxing #unboxinghaul #bagunboxing #designerhaul #purseunboxing,960,69,7,0,52,2025-09-30T11:31:22.000Z,https://p19-common-sign.tiktokcdn-us.com/tos-useast5-p-0068-tx/o4if4AQo2Aq2DXEAi8d7DRvCSlbfIucAE9FgEB~tplv-tiktokx-dmt-logom:tos-useast5-i-0068-tx/ogfAIHAL9EAHDjAAmjItt8I3gZvRGedEk4LReb.image?dr=9634&x-expires=1788555600&x-signature=6ONBHwt%2Bll3nc%2BZtLLFx4S4VaUA%3D&t=4d5b0474&ps=13740610&shp=81f88b70&shcp=43f4a2f9&idc=useast8,,handbag unboxing,False,False,720,1280
7499186322062495022,https://www.tiktok.com/@kevusho/video/7499186322062495022,kevusho,kevusho,Bolsita nueva 🐊 #unboxing #dior #luxuryhandbags #parati ,#unboxing #dior #luxuryhandbags #parati,1100000,44700,4797,1927,83,2025-04-30T19:13:50.000Z,https://p16-common-sign.tiktokcdn-us.com/tos-useast5-p-0068-tx/oE0ednz2DIUm1S7SAZFDSHRZBBfzoHDEENgSEE~tplv-tiktokx-origin.image?dr=9636&x-expires=1788555600&x-signature=nSqS5vclEvVXyJ1iJqvK3M7gcJM%3D&t=4d5b0474&ps=13740610&shp=81f88b70&shcp=43f4a2f9&idc=useast8,,handbag unboxing,False,False,576,1024
7677442595231894814,https://www.tiktok.com/@kinsg06/video/7677442595231894814,kinsg06,kinsg06,lp bag#unboxing #dreambag #baglover #newbag #handbag ,#unboxing #dreambag #baglover #newbag #handbag,1970,62,0,0,24,2026-08-24T03:58:39.000Z,https://p16-common-sign.tiktokcdn-us.com/tos-useast8-p-0068-tx2/oYfwXDfsqeQqzQDLFgWQAUMfRLAGJEBggq8jUw~tplv-tiktokx-origin.image?dr=9636&x-expires=1788555600&x-signature=d3HRuD%2FRGeygWfiOBZ%2FpVw1C7tc%3D&t=4d5b0474&ps=13740610&shp=81f88b70&shcp=43f4a2f9&idc=useast8,,handbag unboxing,False,False,720,1280
7666709750486175006,https://www.tiktok.com/@heyitsamberdenae/video/7666709750486175006,heyitsamberdenae,heyitsamberdenae,"The Chelsea 30 is practical, timeless, & fits everything I actually carry. The second one? She’s pure fun💎She deserves her own video 😉  #CoachChelsea30 #CoachBag #CoachUnboxing #HandbagTok #Coach @Coach ",#coachchelsea30 #coachbag #coachunboxing #handbagtok #coach #,562600,45800,275,775,354,2026-07-26T15:00:00.000Z,https://p16-common-sign.tiktokcdn-us.com/tos-useast8-p-0068-tx2/oMeQAGYmUjIftuxLCELIA3G3IyAjIbvQQ5elqz~tplv-tiktokx-dmt-logom:tos-useast8-i-0068-tx2/oQAIAfuL1sUQfE2AhDDzKI9sqyPjEfFAAYaIEW.image?dr=9634&x-expires=1788555600&x-signature=4AqxI9hoXFsdEqDRzQ%2B9EwmADIA%3D&t=4d5b0474&ps=13740610&shp=81f88b70&shcp=43f4a2f9&idc=useast8,,handbag unboxing,False,False,720,1280
7654425367007989023,https://www.tiktok.com/@realkeylamariee/video/7654425367007989023,realkeylamariee,Akeyla,Unboxing my new Speedy Bandoulière 20 in pink ✨💖   #fypシ #unboxingvideo #louisvuitton #bagunboxing ,#fypシ #unboxingvideo #louisvuitton #bagunboxing,112900,7137,27,330,37,2026-06-23T03:20:00.000Z,https://p16-common-sign.tiktokcdn-us.com/tos-useast8-p-0068-tx2/ogsUvAqDUE6n5b8FEAAfuAICIIv3fdfA2jQlBv~tplv-tiktokx-origin.image?dr=9636&x-expires=1788555600&x-signature=fM23iTvKTga8IwJHZEuNm%2Buoh4I%3D&t=4d5b0474&ps=13740610&shp=81f88b70&shcp=43f4a2f9&idc=useast8,,handbag unboxing,False,False,720,1280
7676631335208766740,https://www.tiktok.com/@toxicaisback/video/7676631335208766740,toxicaisback,La Toxica 💖,Respuesta a @gemmiricci unboxing #unboxing #haul #bags #almabb  #handbags ,# #unboxing #haul #bags #almabb #handbags,180100,11100,197,157,89,2026-08-21T23:30:24.000Z,https://p16-common-sign.tiktokcdn-us.com/tos-alisg-p-0037/oIuR2iiCSAiCvIU4EAfF36gEBfAjiBAcuCAqNI~tplv-tiktokx-origin.image?dr=9636&x-expires=1788555600&x-signature=RE0eux2n0ZljYYLipaqwBShz%2F10%3D&t=4d5b0474&ps=13740610&shp=81f88b70&shcp=43f4a2f9&idc=useast8,,handbag unboxing,False,False,576,1024
7680404940782570782,https://www.tiktok.com/@kinsg06/video/7680404940782570782,kinsg06,kinsg06,dream bag#bags #dreambag #unboxing #handbag #luxury ,#bags #dreambag #unboxing #handbag #luxury,524,27,0,0,23,2026-09-01T03:34:07.000Z,https://p16-common-sign.tiktokcdn-us.com/tos-useast8-p-0068-tx2/oU1JqpW9FA5IyAiIyimII7EBkSCmADf2IPRBiS~tplv-tiktokx-origin.image?dr=9636&x-expires=1788555600&x-signature=ioiGHZqqWpQIHxLdxMfRBQMq5YY%3D&t=4d5b0474&ps=13740610&shp=81f88b70&shcp=43f4a2f9&idc=useast8,,handbag unboxing,False,False,720,1280
7633557053759294733,https://www.tiktok.com/@zarachioma/video/7633557053759294733,zarachioma,zarachioma,Should I put this colorway into production for #zcthelabel ? Unboxing my new samples as a #handbagdesigner #smallbusinessowner ,#zcthelabel #handbagdesigner #smallbusinessowner,4730,706,130,15,260,2026-04-27T21:40:35.000Z,https://p19-common-sign.tiktokcdn-us.com/tos-useast5-p-0068-tx/osAAviP0X9B9B1yAIvVBfLCzwJiaBDAI30csEF~tplv-tiktokx-origin.image?dr=9636&x-expires=1788555600&x-signature=o7pAl%2FyU27me4tJWXJ1jLkVN1SA%3D&t=4d5b0474&ps=13740610&shp=81f88b70&shcp=43f4a2f9&idc=useast8,,handbag unboxing,False,False,720,1280
7320341171262197025,https://www.tiktok.com/@shennystitches/video/7320341171262197025,shennystitches,shennystitches | Crochet Bags,"Get ready with me, wearing the ‘Everyday Handbag’ in Black! 🖤🖤  No words, just OBSESSSSSED😍😍😍  #fyp #getreadywithme #ootd #crochethandbag #crochet #outfit",#fyp #getreadywithme #ootd #crochethandbag #crochet #outfit,10500,125,1,32,11,2024-01-04T20:22:36.000Z,https://p19-common-sign.tiktokcdn-us.com/tos-useast2a-p-0037-euttp/f390317004644656abd973ca7d755f5c_1704399758~tplv-tiktokx-origin.image?dr=9636&x-expires=1788555600&x-signature=5FmgxFPNr%2Bci5Qu7ggaRspi5bt0%3D&t=4d5b0474&ps=13740610&shp=81f88b70&shcp=43f4a2f9&idc=useast8,,grwm handbag,False,False,576,1024
7641690580594085140,https://www.tiktok.com/@cimonepetersen/video/7641690580594085140,cimonepetersen,Cimoné Petersen,My first event as a mom. 🥹GRWM and let’s go to the  @nedbankintlpolo Polo with @Kerastase_Official ✨🤩 You’ll always find me with my handbag bestie - the Elixir oil to freshen up my hair throughout the day.   #KKrewZA #KerastaseZA #Kerastasehaircare  #nedbankinternationalpolo #ad @Kérastase ,#kkrewza #kerastaseza #kerastasehaircare #nedbankinternationalpolo #ad #,7300000,33900,53,292,39,2026-05-19T19:42:29.000Z,https://p19-common-sign.tiktokcdn-us.com/tos-alisg-p-0037/oYpsIzojJIWXe8MfDAAXDGTNI8vCUXQCfDDnMA~tplv-tiktokx-origin.image?dr=9636&x-expires=1788555600&x-signature=pbgfiIQgKq1ngU0ILEHB8wR25oA%3D&t=4d5b0474&ps=13740610&shp=81f88b70&shcp=43f4a2f9&idc=useast8,,grwm handbag,True,False,576,1024
7481380632786996522,https://www.tiktok.com/@amberjgreaves/video/7481380632786996522,amberjgreaves,ambs 🤍,"get ready with me for girls night, featuring my favorite handbag from the @ParisHilton collection at @Walmart ✨🖤🔥 #grwm #parishilton #bigsisteradvice ",# # #grwm #parishilton #bigsisteradvice,1322,152,20,4,200,2025-03-13T19:38:02.000Z,https://p16-common-sign.tiktokcdn-us.com/tos-useast5-p-0068-tx/okHpAPmEfxgIIGLjrfIAHnAkUNAeizxTADpEBG~tplv-tiktokx-dmt-logom:tos-useast5-i-0068-tx/oUh7MZBIPMK9iAKiyBB30g4GLAkATDN3EIA5E.image?dr=9634&x-expires=1788555600&x-signature=TR5V3oUgNWvdHRsPhhK3FS1apH0%3D&t=4d5b0474&ps=13740610&shp=81f88b70&shcp=43f4a2f9&idc=useast8,,grwm handbag,False,False,576,1024
7226045871429782827,https://www.tiktok.com/@shelbyannbell/video/7226045871429782827,shelbyannbell,Shelby Ann,eeeeek this is such a special day #grwm #makeup #mua #getreadywithme #designerbag #handbag #purse ,#grwm #makeup #mua #getreadywithme #designerbag #handbag #purse,59400,4837,67,12,176,2023-04-25T17:48:40.000Z,https://p16-common-sign.tiktokcdn-us.com/tos-useast5-p-0068-tx/e8895680a9a149d99f0f45202bccbbc6_1682444921~tplv-tiktokx-origin.image?dr=9636&x-expires=1788555600&x-signature=8%2BITrVeieWl0NrOWYs5Bx%2B79%2BWM%3D&t=4d5b0474&ps=13740610&shp=81f88b70&shcp=43f4a2f9&idc=useast8,,grwm handbag,False,False,720,1280
7516332973873024302,https://www.tiktok.com/@madcattscoffee2/video/7516332973873024302,madcattscoffee2,madi <3,grwm to go purse shopping!! (I got the most perfect pink top handle bag 😌😌💕) #makeup #grwm #asmr #shopping ,#makeup #grwm #asmr #shopping,495,29,1,1,304,2025-06-16T00:11:25.000Z,https://p16-common-sign.tiktokcdn-us.com/tos-useast5-p-0068-tx/os5gA2ng514wH7QsOLrrIeIbeG1meBAPjRCp0k~tplv-tiktokx-origin.image?dr=9636&x-expires=1788555600&x-signature=N8zN2SUghuTNp%2FaN%2B2a294MG2OE%3D&t=4d5b0474&ps=13740610&shp=81f88b70&shcp=43f4a2f9&idc=useast8,,grwm handbag,False,False,576,1024
7671224484375956743,https://www.tiktok.com/@dongtlla395/video/7671224484375956743,dongtlla395,Syurga Beg,🔗In Bio!#fashionbag #besar #handbag #taswanita #popular ,#fashionbag #besar #handbag #taswanita #popular,336000,3270,130,318,35,2026-08-07T12:08:00.000Z,https://p19-common-sign.tiktokcdn-us.com/tos-alisg-p-0037/o0OxPrBWEIho9BtD1qUI1GgC6IMDoeheAAfLJj~tplv-tiktokx-origin.image?dr=9636&x-expires=1788555600&x-signature=emdgayBMVxSHzT5CSgwYbUmAdeA%3D&t=4d5b0474&ps=13740610&shp=81f88b70&shcp=43f4a2f9&idc=useast8,,grwm handbag,False,False,576,1024
7524517332320816398,https://www.tiktok.com/@athomewithnikki/video/7524517332320816398,athomewithnikki,AtHomeWithNikki,"👜 Just gave this classic handbag a fresh summer update — simple, elevated, and full of personality. ✨In this video, I’m sharing styling tips on how to carry your bag with ease, confidence, and intention. Whether you're dressing up or heading out casual, your handbag can set the tone for your entire look.If you're into thoughtful design, lifestyle tips, and slow fashion inspiration — I share more like this over on my Substack.📩 Comment “Substack” below and I’ll send you the link to subscribe.#StyleWithPurpose #HandbagTips",#stylewithpurpose #handbagtips,1338,35,1,0,34,2025-07-08T01:30:47.000Z,https://p19-common-sign.tiktokcdn-us.com/tos-useast5-p-85c255-tx/oofYHvmIhvDvBQ3IfCLQJ6bGAkkDgH5YeO2gOo~tplv-tiktokx-origin.image?dr=9636&x-expires=1788555600&x-signature=bxgKvRaGKpI0iG8DMNZTiR1s2P8%3D&t=4d5b0474&ps=13740610&shp=81f88b70&shcp=43f4a2f9&idc=useast5,,handbag styling,False,False,576,1024
7542266373855120695,https://www.tiktok.com/@onlymaialucas/video/7542266373855120695,onlymaialucas,Mai,Handbag from @LuxeBold 👜 #fyp #viral #outfitideas #style #trending ,# #fyp #viral #outfitideas #style #trending,4773,206,5,1,11,2025-08-24T21:26:19.000Z,https://p19-common-sign.tiktokcdn-us.com/tos-useast5-p-0068-tx/owaOgD024IZEsxI1K43iUg4uBvAJ6VirBUBAA~tplv-tiktokx-origin.image?dr=9636&x-expires=1788555600&x-signature=Hrh%2FLVwAxqdd8gwxXc23LLoKD3s%3D&t=4d5b0474&ps=13740610&shp=81f88b70&shcp=43f4a2f9&idc=useast5,,handbag styling,False,False,576,1024
7563830422191279373,https://www.tiktok.com/@beans_4_luxury/video/7563830422191279373,beans_4_luxury,Beans For Luxury,Master the art of handbag styling with these tips. - Click the link in our bio to shop now! 🛍️ #luxury #handbags #preowned #forsale #authentic,#luxury #handbags #preowned #forsale #authentic,45,1,0,0,38,2025-10-22T00:05:41.000Z,https://p16-common-sign.tiktokcdn-us.com/tos-useast5-p-85c255-tx/oAgGeIjTHe113bowGOgHH4LfmEFFYAezIPAF16~tplv-tiktokx-origin.image?dr=9636&x-expires=1788555600&x-signature=euJ6nXm3kCZtcHsUY4qX0B6UIuE%3D&t=4d5b0474&ps=13740610&shp=81f88b70&shcp=43f4a2f9&idc=useast5,,handbag styling,False,False,720,1280
7658735003085344031,https://www.tiktok.com/@kstbuxvajs4981ldk5/video/7658735003085344031,kstbuxvajs4981ldk5,50💰bags nice,Everyday bag but make it fun and stylish#handbag #purse#ootd #trendingnow #fyp ,#handbag #purse #ootd #trendingnow #fyp,474,16,2,0,45,2026-07-04T18:03:45.000Z,https://p19-common-sign.tiktokcdn-us.com/tos-useast8-p-0068-tx2/oEvECfUJuA9RBpAIAg3iAfCVSESiEdZoqSraAB~tplv-tiktokx-origin.image?dr=9636&x-expires=1788555600&x-signature=QpL2Y3FMYkmzRumkv2yAjkdIix0%3D&t=4d5b0474&ps=13740610&shp=81f88b70&shcp=43f4a2f9&idc=useast5,,handbag styling,False,False,720,1280
7654283725995347220,https://www.tiktok.com/@itsnthabim/video/7654283725995347220,itsnthabim,itsnthabim 🇿🇦,"New series alert ""Bag first"" 👜... All items linked in my bio. Bag: @DeMellier Pants: @Loruma Hat: @TheKemist Shoes: @H&M Earrings: @asos Rings: @ZARA Shirt: Thrifted. What I am wearing: @This Is Us Suspenders: @Amazon ",# # # # # # # #,32300,4585,121,53,149,2026-06-22T18:10:15.000Z,https://p19-common-sign.tiktokcdn-us.com/tos-alisg-p-0037/oIAAUXIQIDAULAceEeLoyVBbkoUf3IADGEvjAY~tplv-tiktokx-origin.image?dr=9636&x-expires=1788555600&x-signature=pBvWHWuS2Qb3jV289nUg%2B%2Bm%2BZAA%3D&t=4d5b0474&ps=13740610&shp=81f88b70&shcp=43f4a2f9&idc=useast5,,handbag styling,False,False,576,1024
7671321726608821518,https://www.tiktok.com/@madiwebb__/video/7671321726608821518,madiwebb__,Madi Webb,western chic? ,,209200,27900,97,306,98,2026-08-07T16:06:42.000Z,https://p19-common-sign.tiktokcdn-us.com/tos-useast5-p-0068-tx/owidrEUPpgAi2B4B0AjhAGjvDa3IIYnCImx87~tplv-tiktokx-dmt-logom:tos-useast5-i-0068-tx/oEp1EFi7CBXgCAA78mA2PoEAiBniaIAkk4YBu.image?dr=9634&x-expires=1788555600&x-signature=B3hcaTqxIyfCKiJsi7wSbRyHqR8%3D&t=4d5b0474&ps=13740610&shp=81f88b70&shcp=43f4a2f9&idc=useast5,,handbag styling,False,False,720,1280
7679380708535684365,https://www.tiktok.com/@vankay.bag.factor5/video/7679380708535684365,vankay.bag.factor5,Vankay Bag Factory003,"Samples just came from the workshop. Fabric feel, zipper smoothness, interior stitching—everything's shown up close. What you see is what you get. Factory direct, not trading company stock. Samples available. Small batches ready. Comment below if you want a sample. #factorydirect #samples #smallbatch #bagfactory #wholesale ",#factorydirect #samples #smallbatch #bagfactory #wholesale,9,0,0,0,21,2026-08-30T21:20:00.000Z,https://p16-common-sign.tiktokcdn-us.com/tos-useast5-p-0068-tx/ogviaAA4BuiABKCSA4EEIH3Ag0lspgkJI2pkm~tplv-tiktokx-origin.image?dr=9636&x-expires=1788555600&x-signature=d7pucs4FLJKRa49Zpl9EG7UBuVM%3D&t=4d5b0474&ps=13740610&shp=81f88b70&shcp=43f4a2f9&idc=useast5,,bag close up,False,False,720,1280
7677135854384532767,https://www.tiktok.com/@septemberrose_/video/7677135854384532767,septemberrose_,September,#thrifthaul #thrift #bags #vitangebags #fyp,#thrifthaul #thrift #bags #vitangebags #fyp,590,113,10,7,19,2026-08-23T08:08:54.000Z,https://p19-common-sign.tiktokcdn-us.com/tos-useast8-p-0068-tx2/oU3pEVXO9DApqoRWhqFlERqBCEZAeBSiI1fPKE~tplv-tiktokx-origin.image?dr=9636&x-expires=1788555600&x-signature=GeQLOMF1yvd3%2F3fyrGlyOscV0s4%3D&t=4d5b0474&ps=13740610&shp=81f88b70&shcp=43f4a2f9&idc=useast5,,bag close up,False,False,720,1280
7622028819217599774,https://www.tiktok.com/@coachgurl3/video/7622028819217599774,coachgurl3,coach gurl,Replying to @Faith hope that helps! #coachgirl #chelsea30 #coachbag #coachny #slouchybag ,# #coachgirl #chelsea30 #coachbag #coachny #slouchybag,120400,2372,85,92,16,2026-03-27T20:05:00.000Z,https://p19-common-sign.tiktokcdn-us.com/tos-useast8-p-0068-tx2/ocdIAi4EIEAI0A4fGz5433vYH6XBCAibqHFivq~tplv-tiktokx-origin.image?dr=9636&x-expires=1788555600&x-signature=D7yuxcUJij0JzM5vNm25ta%2F6HSo%3D&t=4d5b0474&ps=13740610&shp=81f88b70&shcp=43f4a2f9&idc=useast5,,bag close up,False,False,720,1280
7596449818747129102,https://www.tiktok.com/@tigerpottery/video/7596449818747129102,tigerpottery,tiger,here’s a close up of my vintage chanel purse that you guys were loving 🙂‍↔️♥️,,34600,1605,35,83,34,2026-01-17T21:45:31.000Z,https://p19-common-sign.tiktokcdn-us.com/tos-useast5-p-0068-tx/ocrFrEBTI1RSNJnpNf7nsIALpv0AeD0abDEgAD~tplv-tiktokx-origin.image?dr=9636&x-expires=1788555600&x-signature=PLKFwKuJ8CdAp91xo3Y9I1ze5xY%3D&t=4d5b0474&ps=13740610&shp=81f88b70&shcp=43f4a2f9&idc=useast5,,bag close up,False,False,720,1280
7420087834352028946,https://www.tiktok.com/@lmolmo_applepie/video/7420087834352028946,lmolmo_applepie,lmolmo,Unbox the cutest Loaf Hand Bag 🍞💘 @PAPERS.   #unbox #handbag #cutestuff #กระเป๋า #กระเป๋าน่ารักๆ #tiktoklooks #papersofficial ,# #unbox #handbag #cutestuff #กระเป๋า #กระเป๋าน่ารักๆ #tiktoklooks #papersofficial,128000,14400,136,2872,85,2024-09-29T15:30:30.000Z,https://p19-common-sign.tiktokcdn-us.com/tos-alisg-p-0037/fe10a1d1625d42b693be186d5f8a981a_1727623864~tplv-tiktokx-origin.image?dr=9636&x-expires=1788555600&x-signature=KrWGxWSO4vlCUsL3JoomJSXQOZg%3D&t=4d5b0474&ps=13740610&shp=81f88b70&shcp=43f4a2f9&idc=useast5,,handbag unboxing,False,False,576,1024
7680359745634454805,https://www.tiktok.com/@shrutigachchhadar123/video/7680359745634454805,shrutigachchhadar123,Surufuru🎀,A little dream I finally got to unwrap after coming back from Europe weeks ago🥹✨🤎👜 Thank you @Devraj Majhi ❤️ for the little gift🫶🏻 #louisvuitton #luxurybag #unboxing #fyp #europe ,# #louisvuitton #luxurybag #unboxing #fyp #europe,7749,391,18,19,62,2026-09-01T00:38:33.000Z,https://p16-common-sign.tiktokcdn-us.com/tos-alisg-p-0037/oEoUrwigHbCcWviqAtfAGette4yaIfRwGYyFAa~tplv-tiktokx-origin.image?dr=9636&x-expires=1788555600&x-signature=wZmWGCxAiI0qUM%2Bqn2hzZNyElVM%3D&t=4d5b0474&ps=13740610&shp=81f88b70&shcp=43f4a2f9&idc=useast5,,handbag unboxing,False,False,576,1024
7643509709881888014,https://www.tiktok.com/@iamciciespi/video/7643509709881888014,iamciciespi,Cici 🦋,What can this little one hold #goyard #minianjou #fyp #over40 #hermes ,#goyard #minianjou #fyp #over40 #hermes,23100,201,6,87,152,2026-05-24T17:22:01.000Z,https://p16-common-sign.tiktokcdn.com/tos-useast5-p-0068-tx/okUB4ZaTAkZT731BgRiBNhtnItEAMMDIEPiCy~tplv-tiktokx-origin.image?dr=14575&x-expires=1788555600&x-signature=UCv8r8BLhSPxBes3qzqrsryYUOI%3D&t=4d5b0474&ps=13740610&shp=81f88b70&shcp=43f4a2f9&idc=my,,bag close up,False,False,720,1280
7609204456961477896,https://www.tiktok.com/@kyriaclothing/video/7609204456961477896,kyriaclothing,Kyria Clothing,"Close up of EVA Bag ✨ Clean stitching, structured shape, and premium feel. Minimal but makes a statement 🤍  #Kyria #EveBag #BagDetails #KyriaCollection #TimelessStyle",#kyria #evebag #bagdetails #kyriacollection #timelessstyle,272,2,0,0,16,2026-02-21T06:39:41.000Z,https://p19-common-sign.tiktokcdn.com/tos-alisg-p-0037/oYzSfADmqpEBlFRDp6OsMAUEgIeyCrkQAA8VEQ~tplv-tiktokx-origin.image?dr=14575&x-expires=1788555600&x-signature=Mnt7vkIZipVH2QJBiMKdlu9uN5E%3D&t=4d5b0474&ps=13740610&shp=81f88b70&shcp=43f4a2f9&idc=my,,bag close up,False,False,576,1024
7667548727409741074,https://www.tiktok.com/@oncloudninetotesau/video/7667548727409741074,oncloudninetotesau,Cloud Nine Crew AU,got my back to school bag ready!! does anyone else love the look of Japanese style school bags? I’m just not ready to go back to school 🥹 #schoolbag #backtoschoolbag #whatsinmybag #collegebag #unibag,#schoolbag #backtoschoolbag #whatsinmybag #collegebag #unibag,1500000,185800,1019,12600,19,2026-07-28T12:05:13.000Z,https://p16-common-sign.tiktokcdn.com/tos-alisg-p-0037/o4frq1v1E1htIwiumQ1iTCwBAEiaNIIo18qADA~tplv-tiktokx-origin.image?dr=14575&x-expires=1788555600&x-signature=HDTqlVAyVzoU87K4FtGYpRMKl9c%3D&t=4d5b0474&ps=13740610&shp=81f88b70&shcp=43f4a2f9&idc=my,,bag close up,False,False,576,1024
7589107160861134111,https://www.tiktok.com/@serenapz/video/7589107160861134111,serenapz,serenapz,"This retro-style double pocket handbag is such a vibe 🤎 The coffee brown color is timeless, the underarm shoulder/baguette shape is effortlessly chic, and the little pendant detail makes it feel extra special. Simple, versatile, and perfect for daily commuting, classes, or the office — an easy grab-and-go bag you’ll use nonstop! 👜 #RetroStyleBag #EverydayHandbag #Retro #WorkToWeekend #BagLover",#retrostylebag #everydayhandbag #retro #worktoweekend #baglover,85600,691,2,29,52,2025-12-29T02:52:02.000Z,https://p16-common-sign.tiktokcdn.com/tos-useast8-p-0068-tx2/okEGGIB0AqR7Zinm1EBBNAACKVifAoTAcIAAiP~tplv-tiktokx-dmt-logom:tos-useast8-i-0068-tx2/ogMCufPR9A8IB8AIA3yiAnBK7iqiEEwM0oZPAB.image?dr=14573&x-expires=1788555600&x-signature=KBT%2BpSPbmd4LQhnjd99sOAT9zDE%3D&t=4d5b0474&ps=13740610&shp=81f88b70&shcp=43f4a2f9&idc=my,,bag close up,False,False,720,1280
7524769361941384461,https://www.tiktok.com/@markdeleon__/video/7524769361941384461,markdeleon__,Mark de León,my work bag #birkin30 #birkin #whatsinmybag #bagtour #mensbag ,#birkin30 #birkin #whatsinmybag #bagtour #mensbag,970200,178100,185,6152,7,2025-07-08T17:48:54.000Z,https://p16-common-sign.tiktokcdn.com/tos-useast5-p-0068-tx/oUBhRoDWb1VfnZYVtutFSgOEC9eFIEoLDIgAgm~tplv-tiktokx-origin.image?dr=14575&x-expires=1788555600&x-signature=xhAa2S%2FFV5xprOxbKn9ii2Ar7cw%3D&t=4d5b0474&ps=13740610&shp=81f88b70&shcp=43f4a2f9&idc=my,,bag close up,False,False,576,1024
7672583592555466015,https://www.tiktok.com/@timothyrodgers3780/video/7672583592555466015,timothyrodgers3780,THE DAILY CARRY,Wait till you see the LV monogram canvas close-up shot #LVcloseup #luxurybag #materialshot,#lvcloseup #luxurybag #materialshot,190,2,0,0,14,2026-08-11T01:43:25.000Z,https://p19-common-sign.tiktokcdn.com/tos-useast8-p-0068-tx2/oUjC4FIyCrpfzleDjUOkAoq01WIIQzLlDnfKEA~tplv-tiktokx-origin.image?dr=14575&x-expires=1788555600&x-signature=eFcS%2FEO0mLWxcDrNvvDtC9xzK%2FM%3D&t=4d5b0474&ps=13740610&shp=81f88b70&shcp=43f4a2f9&idc=my,,bag close up,False,False,720,1280
7672583667943755021,https://www.tiktok.com/@tiffanywagner1852/video/7672583667943755021,tiffanywagner1852,THE DAILY CARRY,POV: Your go-to LV bag’s hidden material details #LVbag #luxurycloseup #TikTokLuxury,#lvbag #luxurycloseup #tiktokluxury,144,4,0,0,12,2026-08-11T01:43:31.000Z,https://p16-common-sign.tiktokcdn.com/tos-useast5-p-0068-tx/ocCKjyDfernf47Na0GDTkEgEC4rFIIUlHQAAkY~tplv-tiktokx-origin.image?dr=14575&x-expires=1788555600&x-signature=H6a0T2Lu%2BZxkRwGBvsjCC45pa2M%3D&t=4d5b0474&ps=13740610&shp=81f88b70&shcp=43f4a2f9&idc=my,,bag close up,False,False,720,1280
7672583607344450847,https://www.tiktok.com/@zacharyreed8666/video/7672583607344450847,zacharyreed8666,Emily's Style Diary,Wait till you see the LV monogram canvas close-up shot #LVcloseup #luxurybag #materialshot,#lvcloseup #luxurybag #materialshot,147,3,0,0,14,2026-08-11T01:43:25.000Z,https://p16-common-sign.tiktokcdn.com/tos-useast8-p-0068-tx2/oUINKCQ0KL5XNOGVKAeMLHAoDhIfjkyfgf0Tfi~tplv-tiktokx-origin.image?dr=14575&x-expires=1788555600&x-signature=MM7vmZAImwFxTkf1yot1VEQVMY8%3D&t=4d5b0474&ps=13740610&shp=81f88b70&shcp=43f4a2f9&idc=my,,bag close up,False,False,720,1280
7613593310153821470,https://www.tiktok.com/@why99010tay/video/7613593310153821470,why99010tay,why99010tay,"Up close: rich texture. To the touch: buttery soft. This faux leather crossbody nails the details—matte hardware, clean stitching, and that expensive feel (without the price).#FauxLeatherBag #TextureCheck #CrossbodyBag #QuietLuxury #MaterialMatters  ",#fauxleatherbag #texturecheck #crossbodybag #quietluxury #materialmatters,2688,10,0,4,8,2026-03-05T02:30:38.000Z,https://p16-common-sign.tiktokcdn.com/tos-useast8-p-0068-tx2/os3vAiRZjmBRto8apahRIVzI1iK6iCBEs0AE6~tplv-tiktokx-origin.image?dr=14575&x-expires=1788555600&x-signature=aEzc8d1uligGQC9hDX9AzaNFMkg%3D&t=4d5b0474&ps=13740610&shp=81f88b70&shcp=43f4a2f9&idc=my,,bag close up,True,False,720,1280
7678323993383865613,https://www.tiktok.com/@thestayathomewifeandmom/video/7678323993383865613,thestayathomewifeandmom,TheStayatHomeWifeandMom,"Small bag, but she holds more than you’d think! 🩷 The Victoria’s Secret PINK Canvas Rolled Duffel Shoulder Bag is the perfect everyday bag for your phone, wallet, keys, sunglasses and other essentials. Wear it as a shoulder bag or crossbody and add a little Y2K PINK nostalgia to your outfit. 🎀 #VSPink #pursecollection #shoulderbag #Y2KStyle #bagcollection ",#vspink #pursecollection #shoulderbag #y2kstyle #bagcollection,562600,10700,51,520,19,2026-08-26T12:58:52.000Z,https://p16-common-sign.tiktokcdn.com/tos-useast5-p-0068-tx/oMGKyONsAqhQeQwqI3ILIfFOQFaeoe8OAAG4RI~tplv-tiktokx-dmt-logom:tos-useast5-i-0068-tx/ocgdik4CiAADBgOA4EAB4haj7BIpvdjhCEwjo.image?dr=14573&x-expires=1788555600&x-signature=dvcKQDnlsJjOwFEdm2hTtyLsHJA%3D&t=4d5b0474&ps=13740610&shp=81f88b70&shcp=43f4a2f9&idc=my,,bag close up,True,False,720,1280
7671329513208302866,https://www.tiktok.com/@mistalgeria/video/7671329513208302866,mistalgeria,mistalgeria,MIMI BAG CLOSE UP  #new #detail #algeria #bag #creatorsearchinsights ,#new #detail #algeria #bag #creatorsearchinsights,4009,149,8,11,120,2026-08-07T16:36:36.000Z,https://p16-common-sign.tiktokcdn.com/tos-alisg-p-0037/oIhEMC4cIs5EU0dBv2ADfBuRk3AFCvggnc7qIe~tplv-tiktokx-dmt-logom:tos-alisg-i-0068/ocEs2PAEYYBIB2k0lAZiMiCZ15Ba2nAuBAJAC.image?dr=14573&x-expires=1788555600&x-signature=4XKgQ18MtmfeE80iYirfRluj%2B7o%3D&t=4d5b0474&ps=13740610&shp=81f88b70&shcp=43f4a2f9&idc=my,,bag close up,False,False,576,1024
7678901638534352159,https://www.tiktok.com/@_k1tten____/video/7678901638534352159,_k1tten____,k1tten,,,8961,1031,21,22,23,2026-08-28T02:20:28.000Z,https://p19-common-sign.tiktokcdn-us.com/tos-useast8-p-0068-tx2/oMxhnKAkfAQxH40fNDRqJNBy4EEVFEBuXO8Qw4~tplv-tiktokx-origin.image?dr=9636&x-expires=1788555600&x-signature=TJtnymXpCMjop%2FSEZmla1IibCJM%3D&t=4d5b0474&ps=13740610&shp=81f88b70&shcp=43f4a2f9&idc=useast5,,purse collection,False,False,720,1280
7462833690779929887,https://www.tiktok.com/@little_lizzzyyy/video/7462833690779929887,little_lizzzyyy,Liz 🎀🧸🩰✨☁️,My Girly Purses Collection 🎀😍✨🩰👜🏹  #pursecollection #pursetok #girlythings #girlyaesthetic #pursecollector #bagcollection #fyp ,#pursecollection #pursetok #girlythings #girlyaesthetic #pursecollector #bagcollection #fyp,8757,589,8,15,22,2025-01-22T20:06:56.000Z,https://p19-common-sign.tiktokcdn-us.com/tos-useast8-p-0068-tx2/ocV9RANzUVA9YiInCkifECAWLTdAfIEJRABwEv~tplv-tiktokx-dmt-logom:tos-useast8-i-0068-tx2/osaiqECFEYRVCfAvufyGRIUPn9ATVB9OkAiAAE.image?dr=9634&x-expires=1788555600&x-signature=imLxIjdwWdqwO0doLfm7l8XmPS4%3D&t=4d5b0474&ps=13740610&shp=81f88b70&shcp=43f4a2f9&idc=useast5,,purse collection,False,False,576,1024
7680966146559888671,https://www.tiktok.com/@maddyburn/video/7680966146559888671,maddyburn,★ Maddy Burn ★,too many good purses this week I can’t decide which is my favorite 🙈🌟🌸🐛🤸🏼‍♀️ #coach #pursecollection #outfitinspo #coachpurse #bagcollection @Coach ,#coach #pursecollection #outfitinspo #coachpurse #bagcollection #,1607,252,7,2,86,2026-09-02T20:15:00.000Z,https://p19-common-sign.tiktokcdn-us.com/tos-useast8-p-0068-tx2/oUECYi13CBAhi8BFIfA4AKAAiRRt2TzQXCMAIi~tplv-tiktokx-origin.image?dr=9636&x-expires=1788555600&x-signature=UGatPuXSmo6t2H8TlKsRmh0TsxA%3D&t=4d5b0474&ps=13740610&shp=81f88b70&shcp=43f4a2f9&idc=useast5,,purse collection,False,False,720,1280
7463573527300525342,https://www.tiktok.com/@mandipadilla/video/7463573527300525342,mandipadilla,𝒜𝓂𝒶𝓃𝒹𝒶 🎀,love my collection sm 🥰🤍 #fyp #fypシ゚viral #girly #coach #coachbag #coachcollection #collection #purse #blowup #blowthisupforme @Coach ,#fyp #fypシ゚viral #girly #coach #coachbag #coachcollection #collection #purse #blowup #blowthisupforme #,34600,1607,13,42,46,2025-01-24T19:57:54.000Z,https://p16-common-sign.tiktokcdn-us.com/tos-useast8-p-0068-tx2/oIRPIRTIjqeet9Wz8AD9WIEJIATPBfGJPtMILC~tplv-tiktokx-origin.image?dr=9636&x-expires=1788555600&x-signature=f4AlZ4HxEdjGhxVFajdqy%2BQhl6M%3D&t=4d5b0474&ps=13740610&shp=81f88b70&shcp=43f4a2f9&idc=useast5,,purse collection,False,False,576,1024
7681023487598710029,https://www.tiktok.com/@asivns/video/7681023487598710029,asivns,ASIVN,2 New Goodies || S/O to @Kass 👜💕✨ for the Inspo 🫶🏽 #coachpurse #coachcollection #coach #coachbag #fypツ ,# #coachpurse #coachcollection #coach #coachbag #fypツ,292,43,0,0,180,2026-09-02T19:34:31.000Z,https://p19-common-sign.tiktokcdn-us.com/tos-useast5-p-0068-tx/o4ejIISoO0LaEAvwr5EUQXfeAALkHVAPMuGkAI~tplv-tiktokx-dmt-logom:tos-useast5-i-0068-tx/ocmSADpI8AFHDoFfEgswTSqkeERkmAYSEQ7CAX.image?dr=9634&x-expires=1788555600&x-signature=gpxh3Jt9v3KB%2BXW6%2FpoDrEDXzb4%3D&t=4d5b0474&ps=13740610&shp=81f88b70&shcp=43f4a2f9&idc=useast5,,purse collection,False,False,720,1280
7680260305183591711,https://www.tiktok.com/@hansthriftz/video/7680260305183591711,hansthriftz,hansthriftz,This is a long one and soo many I need your opinions on!! you can watch me go through my formal dresses here: @hansthriftz  #closetcleanout #closettour #pursecollection #vintagefashion #thrifttok @Good Totes 🍀 @STAUD @Coach @reverievintage ,#@hansthriftz #closetcleanout #closettour #pursecollection #vintagefashion #thrifttok # # # #,20000,3967,102,12,390,2026-08-31T18:12:59.000Z,https://p16-common-sign.tiktokcdn-us.com/tos-useast8-p-0068-tx2/oMBbVCfIAu6u1iACHp8BAUKHiSIixEMAI3CAnD~tplv-tiktokx-origin.image?dr=9636&x-expires=1788555600&x-signature=kbcLJxkXl809mVGp9Bmr23V%2BoNw%3D&t=4d5b0474&ps=13740610&shp=81f88b70&shcp=43f4a2f9&idc=useast5,,purse collection,False,False,720,1280
7638343875756625165,https://www.tiktok.com/@shoppingwr/video/7638343875756625165,shoppingwr,shoppingwr,My juicy collection 😍 I started collecting a little over a year ago . comment your favorite juicy purse you have that you will like to show !!🫶#juicycouture #purse #collector #juicy#pink,#juicycouture #purse #collector #juicy #pink,1685,202,5,3,49,2026-05-10T19:15:46.000Z,https://p19-common-sign.tiktokcdn-us.com/tos-useast5-p-0068-tx/oYsNeDAzQASFL5EEtDsEVpbWaQIRgmFMqBBdQf~tplv-tiktokx-origin.image?dr=9636&x-expires=1788555600&x-signature=hDdiNdPd2zzQIKUMPjOL9UV58V8%3D&t=4d5b0474&ps=13740610&shp=81f88b70&shcp=43f4a2f9&idc=useast5,,purse collection,False,False,720,1280
7680667845323279629,https://www.tiktok.com/@chloebenyamin/video/7680667845323279629,chloebenyamin,chloebenyamin,I found my dream baguette #fendibaguette #pursecollection #purse #fendi #fashiontiktok  ,#fendibaguette #pursecollection #purse #fendi #fashiontiktok,17200,2402,28,39,35,2026-09-01T20:34:10.000Z,https://p19-common-sign.tiktokcdn-us.com/tos-useast5-p-0068-tx/oYROgDXiApVIfBsqBzSFEY0lEBQfIMKXQgDNEC~tplv-tiktokx-origin.image?dr=9636&x-expires=1788555600&x-signature=gK9Fv3tnPLK2wh5QiMHwJg9gMLk%3D&t=4d5b0474&ps=13740610&shp=81f88b70&shcp=43f4a2f9&idc=useast5,,purse collection,False,False,720,1280
7677993139516345630,https://www.tiktok.com/@nicci_p/video/7677993139516345630,nicci_p,Nicci,Every Hermes bag in my collection as of August 2026! #hermes #birkin #kelly #handbag #purse ,#hermes #birkin #kelly #handbag #purse,415400,32800,701,368,428,2026-08-25T15:35:18.000Z,https://p19-common-sign.tiktokcdn-us.com/tos-useast8-p-0068-tx2/oYjIaiPqaSpAXM7E2mZVAdERcB00oNpbtzAiB~tplv-tiktokx-origin.image?dr=9636&x-expires=1788555600&x-signature=Mk9RvuP3PVZ7sYyAlgYHte642Is%3D&t=4d5b0474&ps=13740610&shp=81f88b70&shcp=43f4a2f9&idc=useast5,,purse collection,False,False,720,1280
7638110719384292622,https://www.tiktok.com/@beautiful.handbags/video/7638110719384292622,beautiful.handbags,Nikki Marie,Let’s go through my current speedy collection! 💗✨ Get some snacks & get cozy for this one lol. 😅  #handbag #handbags #handbagcollection #pursecollection #bagtok ,#handbag #handbags #handbagcollection #pursecollection #bagtok,36300,1689,177,109,1502,2026-05-10T04:10:58.000Z,https://p19-common-sign.tiktokcdn-us.com/tos-useast5-p-0068-tx/oIAA9FiIEBw1ocAf3BiJAMAZIVK51CAbBBAIA0~tplv-tiktokx-origin.image?dr=9636&x-expires=1788555600&x-signature=%2BnMZvIBkDaFi0HhLGf8sWskZIQY%3D&t=4d5b0474&ps=13740610&shp=81f88b70&shcp=43f4a2f9&idc=useast5,,purse collection,False,False,720,1280
7593111979313827085,https://www.tiktok.com/@shesoniice/video/7593111979313827085,shesoniice,shesoniice,My purse collection!  #baglady #pursecollection #designerbagcollection ,#baglady #pursecollection #designerbagcollection,16000,1031,54,30,236,2026-01-08T21:52:40.000Z,https://p16-common-sign.tiktokcdn-us.com/tos-useast5-p-0068-tx/oMElgvAE4AaIBzJHkgvi0iTyRXBaPWALBAnAJ~tplv-tiktokx-origin.image?dr=9636&x-expires=1788555600&x-signature=qNuc5jr0XhyeV2fgN9GTu9RtFwA%3D&t=4d5b0474&ps=13740610&shp=81f88b70&shcp=43f4a2f9&idc=useast5,,purse collection,False,False,720,1280
7670337050490653970,https://www.tiktok.com/@penelopes_finds/video/7670337050490653970,penelopes_finds,𝑃𝑒𝑛𝑒𝑙𝑜𝑝𝑒'𝑠 𝐹𝑖𝑛𝑑𝑠,some may say this is larping to the max but I’m just on the spectrum for cute handbags   #designerbags #boujeeonabudget #luxury #larping #fashionbag ,#designerbags #boujeeonabudget #luxury #larping #fashionbag,3300000,590200,1512,25100,6,2026-08-05T00:25:21.000Z,https://p19-common-sign.tiktokcdn-us.com/tos-alisg-p-0037/owAAVOgAAiIvBAGy8aBWYnPCzE2nAKNSBiuEo~tplv-tiktokx-origin.image?dr=9636&x-expires=1788555600&x-signature=TG55SpOYKjKMX34GspZ72DrvLp8%3D&t=4d5b0474&ps=13740610&shp=81f88b70&shcp=43f4a2f9&idc=useast5,,purse collection,False,False,576,1024
7675801844974718221,https://www.tiktok.com/@custom_ysl/video/7675801844974718221,custom_ysl,vintage princess,#kyliejenner #fyp #fashiontiktok #kingkylie #pursecollection ,#kyliejenner #fyp #fashiontiktok #kingkylie #pursecollection,167800,42200,62,2297,11,2026-08-19T17:51:59.000Z,https://p16-common-sign.tiktokcdn-us.com/tos-useast5-p-0068-tx/okWEIdFEjkefbwmt7ACeJItCIAEVcnDLpbUHFC~tplv-tiktokx-origin.image?dr=9636&x-expires=1788555600&x-signature=DOlGMncVZOLm%2BdtR8T4s05hpiQk%3D&t=4d5b0474&ps=13740610&shp=81f88b70&shcp=43f4a2f9&idc=useast5,,purse collection,False,False,720,1280
7676992733894020366,https://www.tiktok.com/@_y2kthriftgod/video/7676992733894020366,_y2kthriftgod,🌀,some of my purse collection💋  #y2k #fashion #vintage #coach ,#y2k #fashion #vintage #coach,628,54,0,0,8,2026-08-22T22:53:03.000Z,https://p16-common-sign.tiktokcdn-us.com/tos-useast5-p-0068-tx/owjGoHZRAsfQSDEVAEkFEeMFICoflI8KXADKIR~tplv-tiktokx-origin.image?dr=9636&x-expires=1788555600&x-signature=TkjuFUJ66Zp3ugn7qQDt5yfdFg0%3D&t=4d5b0474&ps=13740610&shp=81f88b70&shcp=43f4a2f9&idc=useast5,,purse collection,False,False,720,1280
7654809375898357022,https://www.tiktok.com/@tikagoesplaces/video/7654809375898357022,tikagoesplaces,Tika,I love my handbags so much I could talk about them for hours 🤣  #handbagcollection #designerbags #bagcollection #shopping #bagtok ,#handbagcollection #designerbags #bagcollection #shopping #bagtok,120200,2698,99,515,151,2026-06-24T04:10:04.000Z,https://p16-common-sign.tiktokcdn-us.com/tos-useast8-p-0068-tx2/oEc1JOAK0EJvLpkqAfBMIWE7fVEEmBEVcDgROF~tplv-tiktokx-origin.image?dr=9636&x-expires=1788555600&x-signature=X%2FwZDEW2UGTOJBalxWNajuL73NQ%3D&t=4d5b0474&ps=13740610&shp=81f88b70&shcp=43f4a2f9&idc=useast5,,purse collection,False,False,720,1280
7670609949621275925,https://www.tiktok.com/@lelimartinezz/video/7670609949621275925,lelimartinezz,LESLIE MARTÍNEZ,My handbag collection 🎀👜👛,,48800,5204,54,129,194,2026-08-05T18:04:21.000Z,https://p19-common-sign.tiktokcdn-us.com/tos-alisg-p-0037/oUQmmqKEBB37ogRrucQAbFEBr9D3dcMeUfoYkc~tplv-tiktokx-origin.image?dr=9636&x-expires=1788555600&x-signature=ZD9h90h2OMhlLgkHLklt1YBSjUQ%3D&t=4d5b0474&ps=13740610&shp=81f88b70&shcp=43f4a2f9&idc=useast5,,purse collection,False,False,576,1024
7668355985001499917,https://www.tiktok.com/@fitwithdm/video/7668355985001499917,fitwithdm,fitwithD&M,I definitely inherited my mom’s taste in handbags lol #pursetok #handbagcollection #xybzca #girltok #fypシ ,#pursetok #handbagcollection #xybzca #girltok #fypシ,36400,1002,7,26,35,2026-07-30T16:17:51.000Z,https://p16-common-sign.tiktokcdn-us.com/tos-useast5-p-0068-tx/ogdpFWivIfTLgzeAhAoQryMrGyTIGOKeReKQwI~tplv-tiktokx-origin.image?dr=9636&x-expires=1788555600&x-signature=bvVVCHtNr8T6xWasAJP7bfDKrX8%3D&t=4d5b0474&ps=13740610&shp=81f88b70&shcp=43f4a2f9&idc=useast5,,purse collection,False,False,720,1280
7678122222896139534,https://www.tiktok.com/@cgllay/video/7678122222896139534,cgllay,lay,if you guys want to see my shoe collection or like alo / lululemon collection then tell me #fyp #pursecollection,#fyp #pursecollection,9789,1357,8,44,256,2026-08-25T23:55:52.000Z,https://p19-common-sign.tiktokcdn-us.com/tos-useast5-p-0068-tx/oEBOVpytIAnRFIiS5fIKCD2BOVN4xwz0DIA2i1~tplv-tiktokx-origin.image?dr=9636&x-expires=1788555600&x-signature=xrplHo4YYaWtGwDaGvN5%2FqnJjnM%3D&t=4d5b0474&ps=13740610&shp=81f88b70&shcp=43f4a2f9&idc=useast5,,purse collection,False,False,720,1280
7678529039048428831,https://www.tiktok.com/@closetofcoach/video/7678529039048428831,closetofcoach,Closetofcoach,"Finally cleaned my closet , still need more space  #vintagecoach #coachcollection #y2k #mypursecollection #fyp ",#vintagecoach #coachcollection #y2k #mypursecollection #fyp,2300000,763900,3869,39100,11,2026-08-27T02:14:33.000Z,https://p16-common-sign.tiktokcdn-us.com/tos-useast8-p-0068-tx2/oMdo7AvNKRIA2nICChADEciidYAmA1PYBsieBM~tplv-tiktokx-origin.image?dr=9636&x-expires=1788555600&x-signature=YFYFlRz3ZKP%2FxsCx%2BNrRFN2dPh0%3D&t=4d5b0474&ps=13740610&shp=81f88b70&shcp=43f4a2f9&idc=useast5,,purse collection,False,False,720,1280
7681012297975876894,https://www.tiktok.com/@lovelyyszvintage/video/7681012297975876894,lovelyyszvintage,Luzzy|Lovelyyszvintage,"One of my favorite  interactions😭! She was the sweetest!  She was an amazing collector, she had so many different brands! Mainly coach 🫶🏼 It’s going to be so hard deciding which ones I’m going to keep 😭!   #facebookmarketplacefinds #coachcollection #pov#collector #pursetok ",#facebookmarketplacefinds #coachcollection #pov #collector #pursetok,3596,368,8,6,76,2026-09-02T18:51:07.000Z,https://p16-common-sign.tiktokcdn-us.com/tos-useast8-p-0068-tx2/ocm4DK8Kq8ErCmzwBxFEA3DIEmARfxHQQufLVG~tplv-tiktokx-origin.image?dr=9636&x-expires=1788555600&x-signature=%2F1xSStqw%2FSV8wALOSKPpv3D5lpU%3D&t=4d5b0474&ps=13740610&shp=81f88b70&shcp=43f4a2f9&idc=useast5,,purse collection,False,False,720,1280
7678838035244420382,https://www.tiktok.com/@savanna_.18/video/7678838035244420382,savanna_.18,sav,my purse collection 😊 my babies #coach #purse #fyp #coachbagcollection  ,#coach #purse #fyp #coachbagcollection,1700,145,7,5,483,2026-08-27T22:13:40.000Z,https://p16-common-sign.tiktokcdn-us.com/tos-useast8-p-0068-tx2/oQ5OmDQIceFLEE8fEA6Q8VqptGRGkASwEQLBDR~tplv-tiktokx-origin.image?dr=9636&x-expires=1788555600&x-signature=7tzlgK89gGPsnXVCT8t%2F7BcWDDI%3D&t=4d5b0474&ps=13740610&shp=81f88b70&shcp=43f4a2f9&idc=useast5,,purse collection,False,False,720,1280
7673296659593432333,https://www.tiktok.com/@madssteffano/video/7673296659593432333,madssteffano,mads steffano,Years of collecting & we need to downsize BAD but I love them all 😭😭 #closetcleanout #purses #handbags #pursecollection  ,#closetcleanout #purses #handbags #pursecollection,9039,644,40,0,75,2026-08-12T23:50:24.000Z,https://p19-common-sign.tiktokcdn-us.com/tos-useast5-p-0068-tx/oMQGpeAxfB9gRJsuy21OgfAAIDIX6nAIKAeLGD~tplv-tiktokx-dmt-logom:tos-useast5-i-0068-tx/o8GBwOeeAgAI8ArpwgIFE1zeEJYfpA79TADBRD.image?dr=9634&x-expires=1788555600&x-signature=JcvXciFaLMPQ3yxIyxwXFd52gx8%3D&t=4d5b0474&ps=13740610&shp=81f88b70&shcp=43f4a2f9&idc=useast5,,purse collection,False,False,720,1280
7677927233956121886,https://www.tiktok.com/@kristinamichelleang/video/7677927233956121886,kristinamichelleang,Kristina Ang,I’m a #bagaholic 👛 #bagcollection #closetcleanout #affordablebags ,#bagaholic #bagcollection #closetcleanout #affordablebags,18400,2261,16,11,151,2026-08-25T11:19:39.000Z,https://p19-common-sign.tiktokcdn-us.com/tos-useast8-p-0068-tx2/oEvECMFjJQDLz3VAmymAf6EPqaQDRPoEVvlXeB~tplv-tiktokx-origin.image?dr=9636&x-expires=1788555600&x-signature=JRYulL9t5J8fmMygDTaMxC7IHxc%3D&t=4d5b0474&ps=13740610&shp=81f88b70&shcp=43f4a2f9&idc=useast8,,purse collection,False,False,720,1280
7673634628325903630,https://www.tiktok.com/@frahman524/video/7673634628325903630,frahman524,Farhana Rahman,Bottega is my favorite brand ever!! Which one is your favorite?! #bottegaveneta #handbagcollection #pursetok #designerbags #luxury ,#bottegaveneta #handbagcollection #pursetok #designerbags #luxury,68300,5218,135,265,126,2026-08-13T21:41:50.000Z,https://p16-common-sign.tiktokcdn-us.com/tos-useast5-p-0068-tx/ogIaQIWeHijQC7RGTOfpeLLJI1jGdTAOAluneF~tplv-tiktokx-origin.image?dr=9636&x-expires=1788555600&x-signature=5Fb31Sq9gzGQiVIzPEA6hZbbE18%3D&t=4d5b0474&ps=13740610&shp=81f88b70&shcp=43f4a2f9&idc=useast8,,purse collection,False,False,720,1280
7669865585798319380,https://www.tiktok.com/@mandys_iphone/video/7669865585798319380,mandys_iphone,Mandy,what do you think of my purse collection so far😁 ,,1300000,272200,938,2639,439,2026-08-03T17:55:53.000Z,https://p16-common-sign.tiktokcdn-us.com/tos-alisg-p-0037/ocRBVlDsFkyxc1w3VR8yABlEnjeIIcBfgqNVAE~tplv-tiktokx-origin.image?dr=9636&x-expires=1788555600&x-signature=K2ARaVBDHO7qD6PZxLN7rYnhPZo%3D&t=4d5b0474&ps=13740610&shp=81f88b70&shcp=43f4a2f9&idc=useast8,,purse collection,False,False,576,1024
7668889015424240909,https://www.tiktok.com/@zzzuulll/video/7668889015424240909,zzzuulll,zul 🤍,✨✨ #purse #haul #collection #fypシ゚viral #foryoupage ,#purse #haul #collection #fypシ゚viral #foryoupage,183500,27000,54,538,209,2026-08-01T02:46:31.000Z,https://p19-common-sign.tiktokcdn-us.com/tos-useast5-p-0068-tx/oEtEgbDAAIqAFBK44SfCRsFogoPXXVEfAEDENE~tplv-tiktokx-origin.image?dr=9636&x-expires=1788555600&x-signature=sHNk9Doh%2F%2BqXriHVAGxS%2BNfBsZs%3D&t=4d5b0474&ps=13740610&shp=81f88b70&shcp=43f4a2f9&idc=useast8,,purse collection,False,False,720,1280
7680518169307483425,https://www.tiktok.com/@laylaparisnoble/video/7680518169307483425,laylaparisnoble,layla paris noble 🧚,Someone wanted a bag tour so here you go angels 🥹,,581300,128500,229,1775,64,2026-09-01T10:53:12.000Z,https://p19-common-sign.tiktokcdn-us.com/tos-useast2a-p-0037-euttp/oUADWWefYWypMrLtG8bGrmRqAYQ4NeUQeq52Is~tplv-tiktokx-origin.image?dr=9636&x-expires=1788555600&x-signature=ByKg5jP3v1PQM1HLqZyWW%2FdFY0k%3D&t=4d5b0474&ps=13740610&shp=81f88b70&shcp=43f4a2f9&idc=useast8,,purse collection,False,False,576,1024
7656537783309192461,https://www.tiktok.com/@houseofisa2025/video/7656537783309192461,houseofisa2025,houseofisa2021🧿📿,Creating my purse room! #handbaglover #pursecollection #purseroom #authenticandalternative ,#handbaglover #pursecollection #purseroom #authenticandalternative,73100,7929,156,822,17,2026-06-28T19:57:23.000Z,https://p19-common-sign.tiktokcdn-us.com/tos-useast5-p-0068-tx/oEjCaLHVJaHekWgbUUz6AMkFeJQIggihGveSIA~tplv-tiktokx-dmt-logom:tos-useast5-i-0068-tx/oQfEvEsDgIACgyMFfAqRDAAgInCSKQQhXhGC4S.image?dr=9634&x-expires=1788555600&x-signature=jjsg8hRvPoD5hvfwUzeUGKZYIQA%3D&t=4d5b0474&ps=13740610&shp=81f88b70&shcp=43f4a2f9&idc=useast8,,purse collection,False,False,720,1280
7594641326830898463,https://www.tiktok.com/@bryanna.romero/video/7594641326830898463,bryanna.romero,Bryanna,which one is your fav? also focusing a lot on my vintage collection this year! #bagcollection #pursecollection ,#bagcollection #pursecollection,536500,39500,257,799,243,2026-01-13T00:47:31.000Z,https://p19-common-sign.tiktokcdn-us.com/tos-useast8-p-0068-tx2/okCEEGCpEAAIJBR1AE2ifA9AlipDZFfYZV3lrE~tplv-tiktokx-origin.image?dr=9636&x-expires=1788555600&x-signature=oUJR7JZ4aN3pMKq0r0j%2FF2w7V9g%3D&t=4d5b0474&ps=13740610&shp=81f88b70&shcp=43f4a2f9&idc=useast8,,purse collection,False,False,720,1280
7678474772782615838,https://www.tiktok.com/@sierracannon/video/7678474772782615838,sierracannon,sierra cannon,I love collection coach bags like pokemon hehehehe @Coach #coach #purse ,# #coach #purse,215800,33700,365,719,117,2026-08-26T22:44:00.000Z,https://p16-common-sign.tiktokcdn-us.com/tos-useast8-p-0068-tx2/oUATeLEnOHMGG2w0jezCtYIXAqIfIo2g8VVCgI~tplv-tiktokx-origin.image?dr=9636&x-expires=1788555600&x-signature=ZgF4d%2BWKHXMYEwGQzst05Vq1MAo%3D&t=4d5b0474&ps=13740610&shp=81f88b70&shcp=43f4a2f9&idc=useast8,,purse collection,False,False,720,1280
7677745574573133069,https://www.tiktok.com/@julia.hill1/video/7677745574573133069,julia.hill1,Julia Hill,Nice #purse ,#purse,76000,1362,11,11,113,2026-08-24T23:34:35.000Z,https://p19-common-sign.tiktokcdn-us.com/tos-useast5-p-0068-tx/ogEZHtYIoajtGQxQrCLVAqUGAUkvRHfheaGItf~tplv-tiktokx-origin.image?dr=9636&x-expires=1788555600&x-signature=eR4v6qtacdeN3w2dZwxq2igmU4k%3D&t=4d5b0474&ps=13740610&shp=81f88b70&shcp=43f4a2f9&idc=useast8,,purse collection,False,False,720,1280
7680875832612490526,https://www.tiktok.com/@moonlightbae.asmr/video/7680875832612490526,moonlightbae.asmr,🐙livia 🪽,:P #asmr #bagcollection #purse #asmrtapping ,#asmr #bagcollection #purse #asmrtapping,14800,2633,5,7,89,2026-09-02T10:01:17.000Z,https://p19-common-sign.tiktokcdn-us.com/tos-useast8-p-0068-tx2/ogAm58zwGQEeIvffA3LAUSGZIJeaqAQII1ATRX~tplv-tiktokx-origin.image?dr=9636&x-expires=1788555600&x-signature=jSbd1P2R6k9bhpT568yvqhPic%2FU%3D&t=4d5b0474&ps=13740610&shp=81f88b70&shcp=43f4a2f9&idc=useast8,,purse collection,False,False,720,1280
7680326888526499080,https://www.tiktok.com/@kaitiethomas/video/7680326888526499080,kaitiethomas,kaitiethomas,My small bag collection I love them #citybag #firstbag #vintagegucci #bagcollection ,#citybag #firstbag #vintagegucci #bagcollection,29600,2844,33,19,77,2026-08-31T22:31:08.000Z,https://p16-common-sign.tiktokcdn-us.com/tos-alisg-p-0037/oQmFIGAL2IOfaGDAf1RVdzIfa8ATGe2FwKWqzW~tplv-tiktokx-origin.image?dr=9636&x-expires=1788555600&x-signature=EYWj21tX%2F%2FWFbQbrcYoPro%2F9fQk%3D&t=4d5b0474&ps=13740610&shp=81f88b70&shcp=43f4a2f9&idc=useast8,,purse collection,False,False,576,1024
7645831802535382302,https://www.tiktok.com/@luxbiz_ness/video/7645831802535382302,luxbiz_ness,Vanessa,Updated Handbag Room Tour! This is a bit of a long one but it’s a goody so buckle up! Let me know what ya think!🥰🥰🥰 #handbagroom #handbagcollection #handbagaddict #glamroom #fyp ,#handbagroom #handbagcollection #handbagaddict #glamroom #fyp,51200,7812,355,1002,586,2026-05-30T23:32:37.000Z,https://p16-common-sign.tiktokcdn-us.com/tos-useast8-p-0068-tx2/oYIDqGFfbjw3EBYMavLEdaUAEkV5bxVIAAfFRc~tplv-tiktokx-origin.image?dr=9636&x-expires=1788555600&x-signature=ahkOgvZt5W14aDVnczqh9Qmq2BA%3D&t=4d5b0474&ps=13740610&shp=81f88b70&shcp=43f4a2f9&idc=useast8,,purse collection,False,False,720,1280
7680261417861139742,https://www.tiktok.com/@summerspurses/video/7680261417861139742,summerspurses,Summer Vu,HUGE UNIQUE BAG HAUL!! LOVE ALL THESE BAGS🤍 #pursetok #haultok #pursehaul ,#pursetok #haultok #pursehaul,8679,798,29,13,440,2026-08-31T18:17:12.000Z,https://p19-common-sign.tiktokcdn-us.com/tos-useast8-p-0068-tx2/oQAIGnofRqESEVEtCtDrEUFcAkLlAAsIpfiAQE~tplv-tiktokx-origin.image?dr=9636&x-expires=1788555600&x-signature=4TEAGSyvP88nWwMTAoj%2F2enM%2BIk%3D&t=4d5b0474&ps=13740610&shp=81f88b70&shcp=43f4a2f9&idc=useast8,,purse collection,False,False,720,1280
7680243378138664222,https://www.tiktok.com/@bburato/video/7680243378138664222,bburato,Bri,"Yes, my camera is cracked. No, these are not all my purses. Yes, most of these are from Brasil. #purses #bags #pursecollection #inspo #bagcollection ",#purses #bags #pursecollection #inspo #bagcollection,660,75,11,0,35,2026-08-31T17:07:09.000Z,https://p19-common-sign.tiktokcdn-us.com/tos-useast8-p-0068-tx2/oQDe7E6EJItlLFMEUVHfawhMkpKaBRAOVqIbAE~tplv-tiktokx-origin.image?dr=9636&x-expires=1788555600&x-signature=47M4dNoxdYvTTIcjnnF2a6QIOkE%3D&t=4d5b0474&ps=13740610&shp=81f88b70&shcp=43f4a2f9&idc=useast8,,purse collection,False,False,720,1280
7679535780410248470,https://www.tiktok.com/@loveprelove/video/7679535780410248470,loveprelove,loveprelove,"👜 A closer look at one of our beautiful bags.  This video of bag 510 was specially requested by a client who wanted to see the bag in more detail. From the craftsmanship and stitching to the overall condition.  Sometimes, seeing a bag up close makes all the difference. Thinking about one of our bags? Send us a message to request your own personal video, and we’ll be happy to arrange one for you.",,300,5,0,0,101,2026-08-29T19:21:03.000Z,https://p19-common-sign.tiktokcdn-us.com/tos-no1a-p-0037-no/oQf1zUKCBJBSqTmiuMih1EAOChAJIwB3ZDASyA~tplv-tiktokx-origin.image?dr=9636&x-expires=1788555600&x-signature=EucJvcT%2F%2FOJ2iQRxb0%2F%2BFNfENHI%3D&t=4d5b0474&ps=13740610&shp=81f88b70&shcp=43f4a2f9&idc=useast5,,bag close up,False,False,576,1024
7645902643625250079,https://www.tiktok.com/@winslowsorto/video/7645902643625250079,winslowsorto,Winslow - TB Houston,"Here’s a close up for the Pink Charlie Embellished Shoulder bag! ⭐️ @TORY BURCH   ⭐️Send me a dm or Text me at +1 (516) 543-3165 to purchase! ⭐️  Made in India, this bag is handcrafted using embroidery technique in order to capture this beautiful design.   A note from the website description, “The exquisite mirrorwork was hand-embroidered by artisans in India, using techniques that honor centuries-old traditions such as shisha, zardozi and aari”   What do you guys think? ⭐️  #toryburch #houston #charlie #handbag #fyp ",# #toryburch #houston #charlie #handbag #fyp,421700,69400,223,9463,11,2026-05-31T04:07:28.000Z,https://p19-common-sign.tiktokcdn-us.com/tos-useast8-p-0068-tx2/oUAEzZtfIApRUWbJj36DfQCGfeAFAAsAAX2oQO~tplv-tiktokx-dmt-logom:tos-useast8-i-0068-tx2/oIfESf73XA0RDDAQAS2EA9CVZEGFIwNMqaP6AA.image?dr=9634&x-expires=1788555600&x-signature=StM9e55UVhfNBBUdMJM7fiHRWeE%3D&t=4d5b0474&ps=13740610&shp=81f88b70&shcp=43f4a2f9&idc=useast5,,bag close up,False,False,720,1280
7679161423758511391,https://www.tiktok.com/@hashiolka/video/7679161423758511391,hashiolka,Aleksandra Szczer895,This is insane !!!! 🫪🫪🫪 #coach #coachpurse #coachcollection #goodwill #thrifting ,#coach #coachpurse #coachcollection #goodwill #thrifting,2751,112,12,1,13,2026-08-28T19:08:39.000Z,https://p19-common-sign.tiktokcdn-us.com/tos-useast8-p-0068-tx2/ogRSAIGFiIVBLOBWjqeCjfVCL1Eu37IeAIIc9I~tplv-tiktokx-origin.image?dr=9636&x-expires=1788555600&x-signature=XBJbdQ7qEhPVRy9E6xu%2BqHra2hs%3D&t=4d5b0474&ps=13740610&shp=81f88b70&shcp=43f4a2f9&idc=useast5,,purse collection,False,False,720,1280
7677655991940386081,https://www.tiktok.com/@fashionotfeelings/video/7677655991940386081,fashionotfeelings,FNF,My mom’s iconic bag collection pt1 👛 #fyp #bagcollection #haul #fashiontiktok #hermes ,#fyp #bagcollection #haul #fashiontiktok #hermes,772300,67600,448,4971,290,2026-08-24T17:46:29.000Z,https://p16-common-sign.tiktokcdn-us.com/tos-useast2a-p-0037-euttp/o0cCIIOkMvqAIgmgP7EyBFjERD3DQQNmhIfmYf~tplv-tiktokx-origin.image?dr=9636&x-expires=1788555600&x-signature=fzdB%2BB5SW%2BYnetb3fAx0Gd43jec%3D&t=4d5b0474&ps=13740610&shp=81f88b70&shcp=43f4a2f9&idc=useast5,,purse collection,False,False,576,1024
7590786878165486904,https://www.tiktok.com/@kwetushop.ke/video/7590786878165486904,kwetushop.ke,KWETU,loro piana tote bag,,1479,27,2,4,11,2026-01-02T15:30:00.000Z,https://p19-common-sign.tiktokcdn-us.com/tos-maliva-p-0068/ooC7go8vI0iEdkgdAEBX9iifgHFqoA5Ehc5wIC~tplv-tiktokx-origin.image?dr=9636&x-expires=1788555600&x-signature=Dq3cmq20AGljGNA20iaM6cV01no%3D&t=4d5b0474&ps=13740610&shp=81f88b70&shcp=43f4a2f9&idc=useast5,,loro piana tote,False,False,576,1024
7466421848838802689,https://www.tiktok.com/@fishmeatdie/video/7466421848838802689,fishmeatdie,Eros ✨ THE KLCC BOY,Loro Piana Ghiera Shopper Tote: yay or nay? 👀 @Loro Piana #loropiana #loropianaghiera #loropianaghierabag #ghiera #ghierashopper #ghieratote #ghierabag #loropianathailand #loropianacashmere #luxury #luxurybag #pursebop #purseblog #theklccboy #siamparagon #fypmalaysia #bagtok #beltedtotebag ,# #loropiana #loropianaghiera #loropianaghierabag #ghiera #ghierashopper #ghieratote #ghierabag #loropianathailand #loropianacashmere #luxury #luxurybag #pursebop #purseblog #theklccboy #siamparagon #fypmalaysia #bagtok #beltedtotebag,52600,713,10,262,58,2025-02-01T12:10:27.000Z,https://p16-common-sign.tiktokcdn-us.com/tos-alisg-p-0037/ocjBmmAg8IAKPArPAeAKQHI8e5IEfEDonGLjPL~tplv-tiktokx-dmt-logom:tos-alisg-i-0068/oQAEkEFniIDFxmAA8YAgfNE5n8QKReABUAmgHC.image?dr=9634&x-expires=1788555600&x-signature=OAUgacopVZkgHIhayKEtz52EU3w%3D&t=4d5b0474&ps=13740610&shp=81f88b70&shcp=43f4a2f9&idc=useast5,,loro piana tote,False,False,576,1024
7665611548810841358,https://www.tiktok.com/@deisy.luxs/video/7665611548810841358,deisy.luxs,Deisy Luxs,"Loro Piana Classic Tote ✨ Timeless quiet luxury tote bag. Sleek minimal design, roomy enough for your laptop. Your ideal functional commuter essential.  Hashtags #LoroPianaBags #OldMoneyFashion #WorkBag #ToteBag #LuxuryEverydayBag",#loropianabags #oldmoneyfashion #workbag #totebag #luxuryeverydaybag,803,5,0,3,41,2026-07-23T06:48:23.000Z,https://p19-common-sign.tiktokcdn-us.com/tos-useast5-p-0068-tx/oUtHEShERSlf2iBEugEblIGYIAeq07DIDdTDFB~tplv-tiktokx-origin.image?dr=9636&x-expires=1788555600&x-signature=uTrwfXp6vihGDVbcxrdj4t51bKU%3D&t=4d5b0474&ps=13740610&shp=81f88b70&shcp=43f4a2f9&idc=useast5,,loro piana tote,False,False,720,1280
7651418135404268814,https://www.tiktok.com/@minissimiinsights/video/7651418135404268814,minissimiinsights,minissimiinsights,"No logos. No distractions. Just timeless elegance. 🤍 Soft leather feel. Spacious interior. Effortless sophistication. The kind of tote that works for: Work 💼 Travel ✈️ Daily styling ☕️ Modern luxury isn't about being loud. It's about quality, craftsmanship, and understated confidence. That's why quiet luxury continues to dominate in 2026 ✨ Love luxury-inspired tote bags? Discover more trend-led styles at Minissimi 🤍 DM for details 📩 #quietluxury #totebag #luxurybags #handbagtrends #minimaliststyle #designerinspired #minissimi",#quietluxury #totebag #luxurybags #handbagtrends #minimaliststyle #designerinspired #minissimi,219,19,0,0,27,2026-06-15T00:50:27.000Z,https://p16-common-sign.tiktokcdn-us.com/tos-useast5-p-0068-tx/osf1EDKABzBF1vAiPTiYBEAABkAjIwB56rAJoA~tplv-tiktokx-origin.image?dr=9636&x-expires=1788555600&x-signature=VIdGJ5yBK%2F3cj2k2K3Cgq4tKU5Q%3D&t=4d5b0474&ps=13740610&shp=81f88b70&shcp=43f4a2f9&idc=useast5,,loro piana tote,False,False,720,1280
7466294827047570696,https://www.tiktok.com/@bagaholicboy/video/7466294827047570696,bagaholicboy,Bagaholicboy,"There is a new shopper in town, and whether you like it roomy or cute, #LoroPiana is here for you. #LoroPianaSS25 #BBtestdrive ",#loropiana #loropianass25 #bbtestdrive,41200,478,22,103,37,2025-02-01T03:57:16.000Z,https://p19-common-sign.tiktokcdn-us.com/tos-alisg-p-0037/oIIdcggnfAEyGuC4ADRnH5CemEBUFEASxZAIc9~tplv-tiktokx-dmt-logom:tos-alisg-i-0068/oQzPE7eAI3zL4ENAUAiIOEcAjcfgGDAsIeZQ4o.image?dr=9634&x-expires=1788555600&x-signature=gIM7KL97LRRCEVc2JSkyXJ5syRw%3D&t=4d5b0474&ps=13740610&shp=81f88b70&shcp=43f4a2f9&idc=useast5,,loro piana tote,False,False,576,1024
7480358539970628907,https://www.tiktok.com/@tedmannn/video/7480358539970628907,tedmannn,Ted Vuong,"Let’s unbox my favorite everyday bag—the Loro Piana Beam Leather Tote! ✨ Perfect for someone busy and on the go, this tote blends efficiency and luxury effortlessly. Crafted from supple calfskin with an expandable base, suede lining, and signature padlock charm, it’s the ultimate combination of style and practicality. A timeless essential!    Do you like the color? 😂 @Loro Piana   #LoroPiana #LuxuryTote #Unboxing #luxury #quietlux ",# #loropiana #luxurytote #unboxing #luxury #quietlux,8610,131,13,3,39,2025-03-11T01:32:07.000Z,https://p19-common-sign.tiktokcdn-us.com/tos-useast5-p-0068-tx/oM5PIeICzEJACAB9kB5iiDSiIBBA4SABlwPNp7~tplv-tiktokx-origin.image?dr=9636&x-expires=1788555600&x-signature=NWOBNThr3%2Fz%2BtOr49zro52M1wP8%3D&t=4d5b0474&ps=13740610&shp=81f88b70&shcp=43f4a2f9&idc=useast5,,loro piana tote,True,False,576,1024
7645925798314003726,https://www.tiktok.com/@candyflossie/video/7645925798314003726,candyflossie,WhatsApp:8618688401901,Quiet luxury perfection 🤎 Loro Piana timeless elegant tote bag  #LoroPiana #LoroPianaBag #QuietLuxury #LuxuryTote #DesignerHandbags,#loropiana #loropianabag #quietluxury #luxurytote #designerhandbags,308,2,0,2,29,2026-05-31T05:37:33.000Z,https://p19-common-sign.tiktokcdn-us.com/tos-useast5-p-0068-tx/oowEcyeREGvESjGBpb1DfDERjUAFA48gz8qqIM~tplv-tiktokx-origin.image?dr=9636&x-expires=1788555600&x-signature=WsIYpKYTDvT4qza9OcUXUMBdTYo%3D&t=4d5b0474&ps=13740610&shp=81f88b70&shcp=43f4a2f9&idc=useast5,,loro piana tote,False,False,720,1280
7675423220807273758,https://www.tiktok.com/@lingmanxuanbag3/video/7675423220807273758,lingmanxuanbag3,Lingmanxuanbag3,#ExtraPocketL27 #LoroPianaTote #Handbags #LuxuryLifestyle #FYPFashion,#extrapocketl27 #loropianatote #handbags #luxurylifestyle #fypfashion,122,4,0,0,15,2026-08-18T17:22:33.000Z,https://p19-common-sign.tiktokcdn-us.com/tos-useast8-p-0068-tx2/oYNJX9TEArRcAQfI5CFqAKEDAuVQAEzafJhErr~tplv-tiktokx-origin.image?dr=9636&x-expires=1788555600&x-signature=tfLJ%2BphTNIN48eAUOzLSy0aPV%2B8%3D&t=4d5b0474&ps=13740610&shp=81f88b70&shcp=43f4a2f9&idc=useast5,,loro piana tote,False,False,720,1280
7553141118204988702,https://www.tiktok.com/@mytaste2024/video/7553141118204988702,mytaste2024,MyTaste2024,"These items are not trendy but have great quality and practicality, and can accompany me through several autumns.#autumn #OOTD #loropiana #luxury #totebag ",#autumn #ootd #loropiana #luxury #totebag,263,3,0,0,18,2025-09-23T04:45:41.000Z,https://p19-common-sign.tiktokcdn-us.com/tos-useast8-p-0068-tx2/oQlgABpQEZ8SIXRELXErIUQrkMff8PAQjFCneq~tplv-tiktokx-origin.image?dr=9636&x-expires=1788555600&x-signature=nd2G4UnFJO0aPJjTpKWRXfMpTE8%3D&t=4d5b0474&ps=13740610&shp=81f88b70&shcp=43f4a2f9&idc=useast5,,loro piana tote,False,False,576,768
7637401610993323294,https://www.tiktok.com/@user8462968165507/video/7637401610993323294,user8462968165507,user8462968165507,Such a cool concept by @Loro Piana !!! #loropiana #loropianal 9 #loropianasummerwalks #loropianashoes #loropianabag,#loropiana #loropianal #loropianasummerwalks #loropianashoes #loropianabag,16500,286,13,103,84,2026-05-08T06:19:46.000Z,https://p19-common-sign.tiktokcdn-us.com/tos-useast8-p-0068-tx2/ostFwgBj77nA8C4AH5QfFXeRGQPM3ACUSQ8feQ~tplv-tiktokx-origin.image?dr=9636&x-expires=1788555600&x-signature=iH6vfKu5cfhD7lcn0sykS%2BFlcWs%3D&t=4d5b0474&ps=13740610&shp=81f88b70&shcp=43f4a2f9&idc=useast5,,loro piana tote,False,False,720,1280
7651164166190845206,https://www.tiktok.com/@nguyeneleanor/video/7651164166190845206,nguyeneleanor,Nguyen Eleanor,Would you take this tote bag to a library? #ToteBag #Library #Casual #Spacious #Everyday,#totebag #library #casual #spacious #everyday,369,10,0,0,10,2026-06-14T08:24:47.000Z,https://p16-common-sign.tiktokcdn-us.com/tos-no1a-p-0037-no/oMULDfs8EEtkIUZWdAqgFBfuEqRmAswYwF5kuc~tplv-tiktokx-origin.image?dr=9636&x-expires=1788555600&x-signature=Ey6t63azbDtcBlYxsi7Yy0egRgU%3D&t=4d5b0474&ps=13740610&shp=81f88b70&shcp=43f4a2f9&idc=useast5,,loro piana tote,False,False,540,960
7672781197080136991,https://www.tiktok.com/@kiranjmeghani/video/7672781197080136991,kiranjmeghani,Kiran J Meghani,obsessed with this new laptop bag that fits everything & looks so chic  links to everything from this post is in my shopmy in my bio  #laptopbag #whatsinmybag #whatsinmypurse #bagessentials #musthaves ,#laptopbag #whatsinmybag #whatsinmypurse #bagessentials #musthaves,4943,111,2,10,76,2026-08-11T14:30:16.000Z,https://p16-common-sign.tiktokcdn-us.com/tos-useast8-p-0068-tx2/ooeAGEEzf8DAj2AFHmAOFc2IfiqADUQIYlI3uS~tplv-tiktokx-origin.image?dr=9636&x-expires=1788555600&x-signature=ZJJ42C0GrNVnNyWbCRhvUywh1Vg%3D&t=4d5b0474&ps=13740610&shp=81f88b70&shcp=43f4a2f9&idc=useast8,,bag that fits laptop,False,False,720,1280
7673948158455467295,https://www.tiktok.com/@helloitsz/video/7673948158455467295,helloitsz,zainab,"Replying to @Shalie cool girl work bags that actually fit a 16-inch laptop 💻  if you carry a giant laptop to work every day, these are some of the best leather work bags under $700 that are spacious, practical, commuter-friendly, and still polished enough for the office.  think roomy work totes, secure closures, durable leather, and enough space for your laptop plus all your everyday essentials without sacrificing style.  SAVE this for your next work bag upgrade!",#,55000,2417,61,83,85,2026-08-14T17:58:32.000Z,https://p19-common-sign.tiktokcdn-us.com/tos-useast8-p-0068-tx2/oY6OIAeeUfQAWVGDRPAGIaLIXdA4Apf0GqQqJO~tplv-tiktokx-origin.image?dr=9636&x-expires=1788555600&x-signature=h8qXJFCfjfK%2F2R1oSaFTL2xYvg8%3D&t=4d5b0474&ps=13740610&shp=81f88b70&shcp=43f4a2f9&idc=useast8,,bag that fits laptop,False,False,720,1280
7672601590250966302,https://www.tiktok.com/@regbbyy/video/7672601590250966302,regbbyy,regbbyy,TLDR it’s cute but I  returned it  🤪 Unboxing this Chanel Maxi Flap dupe everyone seems to have from @Etsy. AKA the BOOTS ON THE GROUND JOURNALISM WE NEED.    #workbag #laptop #corporategirlies ,# #workbag #laptop #corporategirlies,324300,15700,164,767,159,2026-08-11T02:53:04.000Z,https://p16-common-sign.tiktokcdn-us.com/tos-useast8-p-0068-tx2/oQIaMUoC9opEIwFjccQIeiAqKHAf62z1ureQSD~tplv-tiktokx-origin.image?dr=9636&x-expires=1788555600&x-signature=L2UGxv8xVO7DlX12gtjGuFm98BE%3D&t=4d5b0474&ps=13740610&shp=81f88b70&shcp=43f4a2f9&idc=useast8,,bag that fits laptop,False,False,720,1280
7666194699857726750,https://www.tiktok.com/@meganohbonawitz/video/7666194699857726750,meganohbonawitz,meganohbonawitz,please send work bag recs if you have any 😭 i love this backback but my back is tired #workbagrecs #workbag #chicbags #laptopbags,#workbagrecs #workbag #chicbags #laptopbags,319800,27100,344,181,13,2026-07-24T20:30:55.000Z,https://p16-common-sign.tiktokcdn-us.com/tos-useast8-p-0068-tx2/o08BlKYfBjXqFEAeIt4oRyjDAEkEVTG1PSYKIs~tplv-tiktokx-origin.image?dr=9636&x-expires=1788555600&x-signature=jsBntak2Ec32JK%2FfFJ%2FKhiO2SEE%3D&t=4d5b0474&ps=13740610&shp=81f88b70&shcp=43f4a2f9&idc=useast8,,bag that fits laptop,False,False,720,1280
7678285535944789261,https://www.tiktok.com/@belle.us/video/7678285535944789261,belle.us,BELLE US STORE,"Sleek yet roomy, it fits a 13‑inch laptop with ease. There are 5 well‑organized inner compartments. The outer quick‑access pocket is great for phones and lipsticks. The zippered safe pocket keeps keys, cash and valuables secure.💻❤ #belle #bag #bags #newbella #women #womenbags #favorite #tiktokfashion #tiktokmademebuyit #tiktokshopbacktoschool #y2k #ootd #fall #soft #fyp #newbag #outfits",#belle #bag #bags #newbella #women #womenbags #favorite #tiktokfashion #tiktokmademebuyit #tiktokshopbacktoschool #y2k #ootd #fall #soft #fyp #newbag #outfits,120,0,0,2,15,2026-08-26T13:10:00.000Z,https://p16-common-sign.tiktokcdn-us.com/tos-useast5-p-0068-tx/oQEAISwfr1uEWXCVTvjqWAF9WAsD9CgDAe8MOC~tplv-tiktokx-origin.image?dr=9636&x-expires=1788555600&x-signature=Em1IXbld1byhH%2F89CTDhBPHCer0%3D&t=4d5b0474&ps=13740610&shp=81f88b70&shcp=43f4a2f9&idc=useast8,,bag that fits laptop,False,False,720,1280
7641613182800383263,https://www.tiktok.com/@itsyourgirlsamanthaaa/video/7641613182800383263,itsyourgirlsamanthaaa,itsyourgirlsamanthaaa,no boring work bags allowed! ❌ these fit my 13 inch MacBook! 🫶🏻#workbags #laptopbags #bagcollection #bigbags,#workbags #laptopbags #bagcollection #bigbags,165000,5916,81,203,27,2026-05-19T14:42:32.000Z,https://p16-common-sign.tiktokcdn-us.com/tos-useast8-p-0068-tx2/oIMrAGGAAIUALAG2JqeEjcvct9gddOIfAIIfcE~tplv-tiktokx-origin.image?dr=9636&x-expires=1788555600&x-signature=yxFrfFNSJ%2BpRy3Y746Kp93BbsAs%3D&t=4d5b0474&ps=13740610&shp=81f88b70&shcp=43f4a2f9&idc=useast8,,bag that fits laptop,False,False,720,1280
7643904976854469908,https://www.tiktok.com/@m0llyjiang/video/7643904976854469908,m0llyjiang,Molly Jiang,"Did I mention you can fit a lot of stuff!!  Whether you’re headed to the office or a coffee shop, these everyday bags have enough room for your laptop, charger, and daily essentials while staying chic. Check out my top picks for every budget!  Here are 5 options that fit my laptop comfortably and keep me organized:  1️⃣ @RSVP Paris Parachute Suede 2️⃣ @Longchamp Le Pliage Original 3️⃣ @Fabrique Official Brera Convertible Tote 4️⃣ @SAMO ONDOH Trio Belt Mug 5️⃣ @GU USA Nylon Drawstring  📌Follow me for more Fashion Inspo  #workbags #laptopcarry #fashionmusthaves #baglover #everydaytote",# # # # # #workbags #laptopcarry #fashionmusthaves #baglover #everydaytote,106900,790,10,38,22,2026-05-25T18:55:23.000Z,https://p19-common-sign.tiktokcdn-us.com/tos-alisg-p-0037/oUCqRADNFAJfsAEvpv8WceXEAWpFIEqDBQgAi0~tplv-tiktokx-origin.image?dr=9636&x-expires=1788555600&x-signature=ryypnA16qdUJ7LqBfRt3hyuE0gA%3D&t=4d5b0474&ps=13740610&shp=81f88b70&shcp=43f4a2f9&idc=useast8,,bag that fits laptop,True,False,576,1024
7642732042022669582,https://www.tiktok.com/@alix.ou/video/7642732042022669582,alix.ou,Alixou,And I got her for PEANUTS on therealreal 👧🏻🎯 #therealreal #workbag #ootd ,#therealreal #workbag #ootd,13300,255,11,12,8,2026-05-22T15:04:23.000Z,https://p16-common-sign.tiktokcdn-us.com/tos-useast5-p-0068-tx/oAWd9hI0QEvJQZYDG4qEgDPBEQegSnCfgA0FwR~tplv-tiktokx-origin.image?dr=9636&x-expires=1788555600&x-signature=JSPNhyWjq5qcKuyZ1rJNlvDOUlU%3D&t=4d5b0474&ps=13740610&shp=81f88b70&shcp=43f4a2f9&idc=useast8,,bag that fits laptop,True,False,720,1280
7612764587007462676,https://www.tiktok.com/@avabarbercollins/video/7612764587007462676,avabarbercollins,Ava Barber-Collins,The laptop compartment is a game changer x sound effects by Arlo @SIORA #workbag #corporategirlie #corporatebag ,# #workbag #corporategirlie #corporatebag,664400,18200,100,1492,52,2026-03-02T20:54:51.000Z,https://p19-common-sign.tiktokcdn-us.com/tos-alisg-p-0037/oQFDkRDmFAuZSeLnAjuyAE7IA8DIQ4AfATfVsE~tplv-tiktokx-origin.image?dr=9636&x-expires=1788555600&x-signature=TFYI6RnM6jmYz79T5NF36BDB3nE%3D&t=4d5b0474&ps=13740610&shp=81f88b70&shcp=43f4a2f9&idc=useast8,,bag that fits laptop,False,False,576,1024
7618528937240448274,https://www.tiktok.com/@cforcassan/video/7618528937240448274,cforcassan,Cassandra,Chic leather bags that can also fit a 14” laptop!   Cyme bag — @polene_paris  Zoe bag — @NAKEDVICE  Ori bag — @cafune__official  Gather bag (medium) — @Songmont  Large hobo bag — @GVN    #fyp #ootd #laptopbag #polene #songmontgatherbag ,# # # # #fyp #ootd #laptopbag #polene #songmontgatherbag,107800,1565,34,136,108,2026-03-18T09:43:20.000Z,https://p16-common-sign.tiktokcdn-us.com/tos-alisg-p-0037/oMI6IHBRRcsuAtDpMFWKf3tSeLiEcEIgcBn7BD~tplv-tiktokx-origin.image?dr=9636&x-expires=1788555600&x-signature=mdHF4NJLS9gfCFakIiWyhWr4tT4%3D&t=4d5b0474&ps=13740610&shp=81f88b70&shcp=43f4a2f9&idc=useast8,,bag that fits laptop,False,False,576,1024
7673370975064378655,https://www.tiktok.com/@regbbyy/video/7673370975064378655,regbbyy,regbbyy,"Replying to @🌺🐚Meche🌞🇵🇷🌻 Pt 2 - unboxing another work bag, this time from @J.Crew. Keep?   #workbag #laptopbag #corporategirlies ",# # #workbag #laptopbag #corporategirlies,78300,3430,100,120,169,2026-08-13T04:38:50.000Z,https://p19-common-sign.tiktokcdn-us.com/tos-useast8-p-0068-tx2/oweL6A2eoUIxfQQpLeW8QFApTlRSumQKGJMjRT~tplv-tiktokx-origin.image?dr=9636&x-expires=1788555600&x-signature=WSC0aM%2F7AsbOC1qXtp7ePaWCPDI%3D&t=4d5b0474&ps=13740610&shp=81f88b70&shcp=43f4a2f9&idc=useast8,,bag that fits laptop,False,False,720,1280
7672164035860647198,https://www.tiktok.com/@basedxbee/video/7672164035860647198,basedxbee,beesobased,new bag 😈😈😈,,141600,8640,52,191,12,2026-08-09T22:35:04.000Z,https://p19-common-sign.tiktokcdn-us.com/tos-useast8-p-0068-tx2/o0zJ5AyIQqD2NEIUJeFfICAHfANKBZIijUDhI1~tplv-tiktokx-origin.image?dr=9636&x-expires=1788555600&x-signature=7s%2B%2FmMKN%2BV2V3podFWmp3kfm4XQ%3D&t=4d5b0474&ps=13740610&shp=81f88b70&shcp=43f4a2f9&idc=useast5,,new bag,False,False,720,1280
7673124471359704353,https://www.tiktok.com/@tasvanity/video/7673124471359704353,tasvanity,tasnim ౨ৎ | beauty,since y'all loved her so much #bag #tasche #ginatricot #schoolbag #tasvanity,#bag #tasche #ginatricot #schoolbag #tasvanity,73900,7280,42,596,7,2026-08-12T12:41:54.000Z,https://p19-common-sign.tiktokcdn-us.com/tos-useast2a-p-0037-euttp/oQGGQLNVDfJeZgeHhpRzAfY8OvIRI124GNa7IA~tplv-tiktokx-origin.image?dr=9636&x-expires=1788555600&x-signature=mPwc0bl3%2BJUQQFQG1JZwC3Rg9a0%3D&t=4d5b0474&ps=13740610&shp=81f88b70&shcp=43f4a2f9&idc=useast5,,new bag,False,False,576,1024
7677117407512513823,https://www.tiktok.com/@nhimemxinh/video/7677117407512513823,nhimemxinh,Daily Nhi & Baby,Omg chốt ẻm mà ưng cái bụng gì đâu 🥹😍 #coachtabby #unbox ,#coachtabby #unbox,37400,695,32,57,32,2026-08-23T06:56:53.000Z,https://p16-common-sign.tiktokcdn-us.com/tos-useast8-p-0068-tx2/ogFvFeZIGI0VLTTI3VIMTBQ2FCqQfyvABfjKGA~tplv-tiktokx-origin.image?dr=9636&x-expires=1788555600&x-signature=ZF0buK6CKINBUbZaRV2DnEwJmmA%3D&t=4d5b0474&ps=13740610&shp=81f88b70&shcp=43f4a2f9&idc=useast5,,new bag,False,False,720,1280
7677769075925208350,https://www.tiktok.com/@janeezhao/video/7677769075925208350,janeezhao,jane zhao,my new baby 👜💗,,10300,1168,25,22,63,2026-08-25T01:05:27.000Z,https://p16-common-sign.tiktokcdn-us.com/tos-useast8-p-0068-tx2/oo41WCUqAAA7AISnAEiHR6KBqfMXklniiCBCMI~tplv-tiktokx-origin.image?dr=9636&x-expires=1788555600&x-signature=24qwQirLG%2Ba4baJ9obcqMeXlJ74%3D&t=4d5b0474&ps=13740610&shp=81f88b70&shcp=43f4a2f9&idc=useast5,,new bag,False,False,720,1280
7679061750448131358,https://www.tiktok.com/@simplyrachalle/video/7679061750448131358,simplyrachalle,✨ Simply Rachalle ✨,I’m so sorry for gate keeping this buttttt do we love my new bag?! ☺️ 🤣 #boujeeonabudget #luxuryonabudget #unboxingvideo #bagtok #luxuryinspired ,#boujeeonabudget #luxuryonabudget #unboxingvideo #bagtok #luxuryinspired,6714,391,98,39,544,2026-08-28T12:41:39.000Z,https://p19-common-sign.tiktokcdn-us.com/tos-useast8-p-0068-tx2/oYSEGgxgIbhEVDkBlRnDfE8RB9AFECYAY68qIf~tplv-tiktokx-dmt-logom:tos-useast8-i-0068-tx2/oIAgCBPNRpur8CuaZAIlCAigGvREEAAzviAKB.image?dr=9634&x-expires=1788555600&x-signature=aY%2Bi3fJa1%2BQenzwUEE62MVIWnGY%3D&t=4d5b0474&ps=13740610&shp=81f88b70&shcp=43f4a2f9&idc=useast5,,new bag,False,False,720,1280
7680706406609095967,https://www.tiktok.com/@livikelly/video/7680706406609095967,livikelly,Liv Kelly,love this new bag 🤠 #OOTD #outfitinspo ,#ootd #outfitinspo,673,44,5,0,36,2026-09-01T23:03:53.000Z,https://p19-common-sign.tiktokcdn-us.com/tos-useast8-p-0068-tx2/o0ikd9hqlAZJEneDi2g1qRWBVhXfIKGKEitAEB~tplv-tiktokx-dmt-logom:tos-useast8-i-0068-tx2/ooEyyXIAV1AFWE1sEfRm9lfPAnDXECAQJA6qMu.image?dr=9634&x-expires=1788555600&x-signature=SebVBXNQDLaV1cqgoG92BJ3XAZM%3D&t=4d5b0474&ps=13740610&shp=81f88b70&shcp=43f4a2f9&idc=useast5,,new bag,False,False,720,1280
7671057596723367201,https://www.tiktok.com/@cinnamongirl30038/video/7671057596723367201,cinnamongirl30038,cinnamongirl°❀. ೃ࿔*,I lovee this bag#bag #autumnvibes🍁🍂 #blowthisupforme #creatorsearchinsights ,#bag #autumnvibes🍁🍂 #blowthisupforme #creatorsearchinsights,2700000,477500,1094,17000,5,2026-08-06T23:01:22.000Z,https://p16-common-sign.tiktokcdn-us.com/tos-useast2a-p-0037-euttp/oI6IADL7RIGQ1eAAv0AgeQI9UsQrjr2GMAfDOF~tplv-tiktokx-dmt-logom:tos-useast2a-i-0068-euttp/ocfIG71MQQADNAkfDcOvseAqsgIjzFGDUIIjAL.image?dr=9634&x-expires=1788555600&x-signature=T9xyzKF67OFBIuwZhlY318cidMQ%3D&t=4d5b0474&ps=13740610&shp=81f88b70&shcp=43f4a2f9&idc=useast5,,new bag,False,False,576,1024
7675271688728169746,https://www.tiktok.com/@kanju.dollar.shop/video/7675271688728169746,kanju.dollar.shop,Kanju Dollar shop,New Bags #forypupage ##foryou #1million @😎Raجa khan😎 @ZIA @Aizaz Khan @*NUπ$€* ,#forypupage #foryou #1million # # # #,7643,117,8,15,24,2026-08-18T07:34:17.000Z,https://p19-common-sign.tiktokcdn-us.com/tos-alisg-p-0037/o8gJeAGCfCqDvLjuVbjBXFoIAIDECf7IGuIBIg~tplv-tiktokx-origin.image?dr=9636&x-expires=1788555600&x-signature=EN2UQAXT9l99peYfvZ45uGcP5cQ%3D&t=4d5b0474&ps=13740610&shp=81f88b70&shcp=43f4a2f9&idc=useast5,,new bag,False,False,576,1024
7644986583891954958,https://www.tiktok.com/@sammyantha007/video/7644986583891954958,sammyantha007,Sam🪷,purse haul!!! #purse #fyp #bags ,#purse #fyp #bags,444000,83100,165,1555,39,2026-05-28T16:52:43.000Z,https://p16-common-sign.tiktokcdn.com/tos-useast5-p-0068-tx/o4HgSFDxREDy2QxoYYEQXKBAcHSgtke9Gqfos0~tplv-tiktokx-origin.image?dr=14575&x-expires=1788555600&x-signature=zjW%2Fv8IuQay91pyGx0FYIfdeMJg%3D&t=4d5b0474&ps=13740610&shp=81f88b70&shcp=43f4a2f9&idc=my2,,bag haul,False,False,720,1280
7668737694616358166,https://www.tiktok.com/@megantomkings/video/7668737694616358166,megantomkings,☆ Megan ☆,what she said 💋   #bagcollection #thriftfinds #vintagebags #thrifthaul #carriebradshaw ,#bagcollection #thriftfinds #vintagebags #thrifthaul #carriebradshaw,65800,5852,37,186,14,2026-07-31T16:59:02.000Z,https://p16-common-sign.tiktokcdn.com/tos-no1a-p-0037-no/okEABIY6VPBUzAxpgAARBEab1Us3dBPiFWimP~tplv-tiktokx-origin.image?dr=14575&x-expires=1788555600&x-signature=T7gpRLLoiGtCWBOTVK1Nyhcj9BY%3D&t=4d5b0474&ps=13740610&shp=81f88b70&shcp=43f4a2f9&idc=my2,,bag haul,False,False,576,1024
7479182027804118277,https://www.tiktok.com/@sundaykalogeras/video/7479182027804118277,sundaykalogeras,sundaykalogeras,Here’s a what’s in my bag haul! Link in bio to get your own Unmute by @noyzfragrance solid fragrance and a gifted keychain as well so we can match!! :),#,12600000,1600000,4414,12000,286,2025-03-07T21:26:09.000Z,https://p16-common-sign.tiktokcdn.com/tos-maliva-p-0068/oMLARcAjiQkDth58BUB4ZzZiEA6BHYMsPiIAE~tplv-tiktokx-dmt-logom:tos-useast2a-v-0068/owfEQjkLAGFMAIfNfAQG0eW4iIKWIZ8yRMAeMA.image?dr=14573&x-expires=1788555600&x-signature=WfGtzwvDR12fcEWRjH5WLCL%2BQiQ%3D&t=4d5b0474&ps=13740610&shp=81f88b70&shcp=43f4a2f9&idc=my2,,bag haul,False,False,576,1024
7655169689852677407,https://www.tiktok.com/@champagnemami_96/video/7655169689852677407,champagnemami_96,Emma🧿,Vanity bag haul 😍✨ #pursetok #vanitybag #luxurylifestyle ##luxuryhaul##boujeeonabudget,#pursetok #vanitybag #luxurylifestyle #luxuryhaul #boujeeonabudget,17000,1690,46,53,179,2026-06-25T03:28:24.000Z,https://p16-common-sign.tiktokcdn.com/tos-useast8-p-0068-tx2/oo1Hg15oIKk0AA1CIS68SiASCIiF3qP2OAiBfi~tplv-tiktokx-origin.image?dr=14575&x-expires=1788555600&x-signature=VOotgFSErWVzM8GZUxn6yOTj2G4%3D&t=4d5b0474&ps=13740610&shp=81f88b70&shcp=43f4a2f9&idc=my2,,bag haul,False,False,720,1280
7677026122772516114,https://www.tiktok.com/@k_vlen/video/7677026122772516114,k_vlen,belenchi,"shein bags haul ˚࿔ ⋆⭒˚.⋆ cualquier pregunta que tengan de las carteras dejenla en los comentarios💗  CL080kvlen8366 para descuentos🎀  Pueden buscar y seguir las tiendas como DareSee,Hatastic,Clariva en @SHEIN ✨ @shein_chile   Atrévete a romper las reglas y crear looks inesperados con el reto Style Outside the Lines🖤  #SHEINShoes #SHEINtrends  #ad",# # #sheinshoes #sheintrends #ad,29600,2355,6,54,70,2026-08-23T01:02:27.000Z,https://p19-common-sign.tiktokcdn.com/tos-alisg-p-0037/oEKIAYiqXA8p8GBAilAo6Rao9BCAAI2PCEED0~tplv-tiktokx-origin.image?dr=14575&x-expires=1788555600&x-signature=iPiQtDycuwShKE7DSTtQAFDCcDw%3D&t=4d5b0474&ps=13740610&shp=81f88b70&shcp=43f4a2f9&idc=my2,,bag haul,True,False,576,1024
7600463000713088288,https://www.tiktok.com/@sxmna/video/7600463000713088288,sxmna,SEMINA,everyday bag routine #polene #baghaul ,#polene #baghaul,430700,19000,80,1127,14,2026-01-28T17:18:29.000Z,https://p16-common-sign.tiktokcdn.com/tos-useast2a-p-0037-euttp/o47eILghAdDjLGHng8iGrDeMTeII9SWMgJD0gg~tplv-tiktokx-origin.image?dr=14575&x-expires=1788555600&x-signature=A%2B4VqgFmA7GL1hPyijxPHzXZ728%3D&t=4d5b0474&ps=13740610&shp=81f88b70&shcp=43f4a2f9&idc=my2,,bag haul,False,False,576,1024
7636437855790714130,https://www.tiktok.com/@mia.shein1/video/7636437855790714130,mia.shein1,Mia SHEIN,SHEIN bag haul that looks designer 👜🤯 the quality on these?? 🛍️ Search Link in my bio Follow for more hauls 🛒 #sheinhaul #sheinfinds #sheinbags #baghaul #affordablebags     ,#sheinhaul #sheinfinds #sheinbags #baghaul #affordablebags,108500,711,12,73,65,2026-05-05T15:59:07.000Z,https://p16-common-sign.tiktokcdn.com/tos-alisg-p-0037/owbeCLYXAe0jZGfFQuJDljUX3jII9T24AIC0Q9~tplv-tiktokx-dmt-logom:tos-alisg-i-0068/oU8IDeJ4bIAhNASHkuEP6fAkKAE0eEDDTEzjAF.image?dr=14573&x-expires=1788555600&x-signature=dqTfiVfCIBvO7JIINBsYNpfryD8%3D&t=4d5b0474&ps=13740610&shp=81f88b70&shcp=43f4a2f9&idc=my2,,bag haul,False,False,576,1024
7663121856324554014,https://www.tiktok.com/@dressyourselfhappy/video/7663121856324554014,dressyourselfhappy,Dress Yourself Happy,"Two bags, very different prices with minimal differences   Lulu Wa +86 173 0595 9939  Alice Wa  ‪+86 138 9699 1282‬  #fashiontok #haulvideo #haultok ",#fashiontok #haulvideo #haultok,79300,3067,17,296,163,2026-07-16T13:46:47.000Z,https://p16-common-sign.tiktokcdn.com/tos-useast8-p-0068-tx2/ogMUIuFpY6V3TUyYEDDAICWfR3qA4BJEQOE4fQ~tplv-tiktokx-origin.image?dr=14575&x-expires=1788555600&x-signature=scWDLfc%2FkliSEL5RYMhqict%2FYGM%3D&t=4d5b0474&ps=13740610&shp=81f88b70&shcp=43f4a2f9&idc=my2,,bag haul,False,False,720,1280
7676941198946225438,https://www.tiktok.com/@drita_beqirii/video/7676941198946225438,drita_beqirii,Drita,Fall bag haul @Coach ,#,196400,12100,106,542,52,2026-08-22T19:32:57.000Z,https://p16-common-sign.tiktokcdn.com/tos-useast8-p-0068-tx2/o0cZIqEDzCfIXkiBeVfTI2CQW8FMpjAEWRCkmA~tplv-tiktokx-origin.image?dr=14575&x-expires=1788555600&x-signature=AhGfYeQIfKkpTSqNW7i8jb6r9kQ%3D&t=4d5b0474&ps=13740610&shp=81f88b70&shcp=43f4a2f9&idc=my2,,bag haul,False,False,720,1280
7672914730729753869,https://www.tiktok.com/@kenzie.fashion/video/7672914730729753869,kenzie.fashion,kenzie yolles!,it just KEEPS GOING i am gagged but honestly why pay full price when u can get it used @The RealReal #fyp #therealreal #designerbags #haul #designer ,# #fyp #therealreal #designerbags #haul #designer,218700,28900,141,912,127,2026-08-11T23:08:10.000Z,https://p16-common-sign.tiktokcdn.com/tos-useast5-p-0068-tx/os8jnvpZn5mAi7JUnEgBaB1EUjpI49rBiqCdu~tplv-tiktokx-origin.image?dr=14575&x-expires=1788555600&x-signature=UVuRWu4bks6b4Yeg8vZMEnXk6cc%3D&t=4d5b0474&ps=13740610&shp=81f88b70&shcp=43f4a2f9&idc=my2,,bag haul,False,False,720,1280
7534663719683427606,https://www.tiktok.com/@blenin38/video/7534663719683427606,blenin38,BLENIN,Top 5 Old Money Handbags! pt.1 - Would You Agree? #elegance #oldmoneyaesthetic #handbag #handbags,#elegance #oldmoneyaesthetic #handbag #handbags,170100,3182,15,105,18,2025-08-04T12:10:00.000Z,https://p16-common-sign.tiktokcdn.com/tos-no1a-p-0037-no/oMgvnEIooFlw9CruADBAce9kFIBQkQfVACiDhG~tplv-tiktokx-origin.image?dr=14575&x-expires=1788555600&x-signature=vy19YfgBRsmsp3v5zTDGDNlFc44%3D&t=4d5b0474&ps=13740610&shp=81f88b70&shcp=43f4a2f9&idc=my,,old money bag,False,False,576,1024
7674667333973036321,https://www.tiktok.com/@imhrisa/video/7674667333973036321,imhrisa,Chryssa Handis,"A little cloud of elegance ☁️🤍  The Song Bucket Bag in Cloud from @Songmont has become one of those pieces I reach for when I want something effortless, timeless, and beautifully understated 🤍  It’s the kind of bag that makes every outfit feel a little more polished without trying too hard! Would you wear this color? 🤍  A d  #SongmontSongCollection #elegant #modestfashion #oldmoneystyle #oldmoneylife ",# #songmontsongcollection #elegant #modestfashion #oldmoneystyle #oldmoneylife,130500,23700,82,939,17,2026-08-16T16:29:00.000Z,https://p16-common-sign.tiktokcdn.com/tos-useast2a-p-0037-euttp/osDlK0AREi8KsEABP51CBBUBQIGvTsAfoA8iCI~tplv-tiktokx-origin.image?dr=14575&x-expires=1788555600&x-signature=gyt93tltirCyceG%2FTfx7ECbPcNc%3D&t=4d5b0474&ps=13740610&shp=81f88b70&shcp=43f4a2f9&idc=my,,old money bag,False,False,576,1024
7493277078276640031,https://www.tiktok.com/@steffieinthecity/video/7493277078276640031,steffieinthecity,Steffie Price 🎀,bags that rival designer quality but are under $700 🫢#handbags #affordableluxury #handbagtiktok  #demellierlondon #quietluxury #hermes #oldmoneyaesthetic #luxurybag #luxurybags #lookexpensive #howtolookexpensive #styletips @VERAFIED NEW YORK @Parisa Wang @DeMellier ,#handbags #affordableluxury #handbagtiktok #demellierlondon #quietluxury #hermes #oldmoneyaesthetic #luxurybag #luxurybags #lookexpensive #howtolookexpensive #styletips # # #,68900,1639,37,70,128,2025-04-14T21:02:36.000Z,https://p16-common-sign.tiktokcdn.com/tos-useast8-p-0068-tx2/o4SgA749SXHAfidAIfQM0e8eQAtHAfJ6go6XEM~tplv-tiktokx-dmt-logom:tos-useast8-i-0068-tx2/o8eigeqojQAu0APDDs7f6fApGAEqKSDHfICMAF.image?dr=14573&x-expires=1788555600&x-signature=x4cyEZVOQakgB6W4F9puE1Cl5So%3D&t=4d5b0474&ps=13740610&shp=81f88b70&shcp=43f4a2f9&idc=my,,old money bag,False,False,576,1024
7657269381533076766,https://www.tiktok.com/@liangcustom/video/7657269381533076766,liangcustom,Liang Custom,New Burgundy “2026s Flap Bag designs” crafted in Premium TC calfskin! More colors is available! Dm for the the details!#custommade #fashiontiktok #chanel #fyp #oldmoneyaesthetic ,#custommade #fashiontiktok #chanel #fyp #oldmoneyaesthetic,77200,1130,101,174,46,2026-06-30T19:16:11.000Z,https://p16-common-sign.tiktokcdn.com/tos-useast8-p-0068-tx2/oYEoyfIAV1AiJiBFJdRC2RfslLBXEBpIuI2qxE~tplv-tiktokx-origin.image?dr=14575&x-expires=1788555600&x-signature=batsvcg7MOfke3rSb%2Bos0yPZbdg%3D&t=4d5b0474&ps=13740610&shp=81f88b70&shcp=43f4a2f9&idc=my,,old money bag,False,False,720,1280
7472102763460103432,https://www.tiktok.com/@wb.naxodkaaa/video/7472102763460103432,wb.naxodkaaa,МУЖСКИЕ ОБЗОРЫ | WB OZON,"📌 WB артикул: 280151108  Удобная кожаная сумка в стиле Old Money, в которую поместятся все личные вещи. Смотрится классно и подойдет под любой стиль одежды.",,245000,4191,46,334,22,2025-02-16T19:35:05.000Z,https://p19-common-sign.tiktokcdn.com/tos-alisg-p-0037/owHPCItiIDfLSLeAQAxgZ83bjtwiGDPjIeVgUo~tplv-tiktokx-origin.image?dr=14575&x-expires=1788555600&x-signature=z2HugIaUv9myVBwWZ0jI8zPDv%2Fo%3D&t=4d5b0474&ps=13740610&shp=81f88b70&shcp=43f4a2f9&idc=my,,old money bag,False,False,576,1024
7530444292704242958,https://www.tiktok.com/@withlovedaisy_/video/7530444292704242958,withlovedaisy_,𝐃𝐚𝐢𝐬𝐲,"9 color options, cute & budget friendly. i LOVE the gold details! ✨  #shoulderbag #purse #cutebags #casualchic #oldmoneyaesthetic #oldmoneyoutfits #tiktokshopcreatorpicks #dealsforyoudays ",#shoulderbag #purse #cutebags #casualchic #oldmoneyaesthetic #oldmoneyoutfits #tiktokshopcreatorpicks #dealsforyoudays,1100000,9755,40,1090,19,2025-07-24T00:50:14.000Z,https://p16-common-sign.tiktokcdn.com/tos-useast5-p-0068-tx/oAEBIABAIgcQAXB02iCnfvUUFGxCiiAwJ8M0Bz~tplv-tiktokx-origin.image?dr=14575&x-expires=1788555600&x-signature=C%2FBQNPzMxAI1tf3lK30jYB93voY%3D&t=4d5b0474&ps=13740610&shp=81f88b70&shcp=43f4a2f9&idc=my,,old money bag,True,False,576,1024
7218302653489483051,https://www.tiktok.com/@steffieinthecity/video/7218302653489483051,steffieinthecity,Steffie Price 🎀,#greenscreen Quiet Luxury Non-Logo Bags #quietluxury #oldmoney #handbags #hermes #khaite #ysl #toteme #fashiontok #luxuryhandbags #fashiontips #markcross #toryburch ,#greenscreen #quietluxury #oldmoney #handbags #hermes #khaite #ysl #toteme #fashiontok #luxuryhandbags #fashiontips #markcross #toryburch,1200000,50700,167,1231,65,2023-04-04T21:00:58.000Z,https://p16-common-sign.tiktokcdn.com/tos-useast5-p-0068-tx/6b3c493d3b0b4ac89e978e72d1d732d5_1680642060~tplv-tiktokx-dmt-logom:tos-useast5-i-0068-tx/5ca7be13345043a5ab3934f03e4a3cc7.image?dr=14573&x-expires=1788555600&x-signature=6I69p3RWh4pyN3bQX0n7wVgw0%2Bw%3D&t=4d5b0474&ps=13740610&shp=81f88b70&shcp=43f4a2f9&idc=my,,old money bag,False,False,720,1280
7463616053768342830,https://www.tiktok.com/@steffieinthecity/video/7463616053768342830,steffieinthecity,Steffie Price 🎀,best underrated bags under $700 🤍#handbags #affordableluxury #handbagtiktok #poleneparis #demellierlondon #quietluxury #oldmoneyaesthetic #luxurybag #luxurybags #lookexpensive #howtolookexpensive #styletips @polene_paris @DeMellier @ragandbone @PAUL & JOE ,#handbags #affordableluxury #handbagtiktok #poleneparis #demellierlondon #quietluxury #oldmoneyaesthetic #luxurybag #luxurybags #lookexpensive #howtolookexpensive #styletips # # # #,168700,7561,70,213,242,2025-01-24T22:42:44.000Z,https://p16-common-sign.tiktokcdn.com/tos-useast5-p-0068-tx/oExxuwAZEiojOjABgFzCUB2ByIaHJPAfwAXiCI~tplv-tiktokx-dmt-logom:tos-useast5-i-0068-tx/oUAiAkIRxAB0XF4gAE51YxC2vLJFQJTBSUZEi.image?dr=14573&x-expires=1788555600&x-signature=XdClU5KU7IW8icZ%2BGW2%2BBgdTrgU%3D&t=4d5b0474&ps=13740610&shp=81f88b70&shcp=43f4a2f9&idc=my,,old money bag,False,False,576,1024
7544382438932270358,https://www.tiktok.com/@imhrisa/video/7544382438932270358,imhrisa,Chryssa Handis,The Midi Hudson from @DeMellier 🖤 #bagunboxing #womeninsuits #oldmoneyaesthetic #oldmoney #americanstyle *gifted,# #bagunboxing #womeninsuits #oldmoneyaesthetic #oldmoney #americanstyle,122500,2944,37,298,15,2025-08-30T14:17:03.000Z,https://p16-common-sign.tiktokcdn.com/tos-no1a-p-0037-no/o4ZzGBykiEQARAWfBKzFACeEIjDAg6ABeAfP9Z~tplv-tiktokx-origin.image?dr=14575&x-expires=1788555600&x-signature=tBAI33xAW8xCEhuGNTZNDDml1pg%3D&t=4d5b0474&ps=13740610&shp=81f88b70&shcp=43f4a2f9&idc=my,,old money bag,True,False,576,1024
7667640545203719447,https://www.tiktok.com/@bellahollamby/video/7667640545203719447,bellahollamby,Bella,uni bag of my absolute dreams!! @JW PEI @Minka Dink London @Edikted @Bijoux De Mimi #unibag #jwpei #uniootd #unioutfits #jwpeibag ,# # # # #unibag #jwpei #uniootd #unioutfits #jwpeibag,1800000,130300,298,10200,8,2026-07-28T18:01:31.000Z,https://p19-common-sign.tiktokcdn-eu.com/tos-no1a-p-0037-no/ocLfOF4OAnqR3DeiIG7FWmgXVdEEaqmkgCBoIo~tplv-tiktokx-origin.image?dr=10395&x-expires=1788555600&x-signature=l4z22fib5XK0KorlE%2BY2VOrzDZE%3D&t=4d5b0474&ps=13740610&shp=81f88b70&shcp=43f4a2f9&idc=no1a,,new bag,False,False,576,1024
7679571149172395295,https://www.tiktok.com/@ash.cas05/video/7679571149172395295,ash.cas05,Ashley,the cherry on top 🍒#coach #newpurse ,#coach #newpurse,289000,96100,159,5205,8,2026-08-29T21:38:29.000Z,https://p16-common-sign.tiktokcdn-eu.com/tos-useast8-p-0068-tx2/oA7aVPA0TiwVBjU1AjB9IUETfgCaMAiq6ByISi~tplv-tiktokx-origin.image?dr=10395&x-expires=1788555600&x-signature=0Ahj7FhniqAu6eY2l5mLlReQG3M%3D&t=4d5b0474&ps=13740610&shp=81f88b70&shcp=43f4a2f9&idc=no1a,,new bag,False,False,720,1280
7664919318060223745,https://www.tiktok.com/@efratelmalich/video/7664919318060223745,efratelmalich,👾👾,#ootd new bag🥹,#ootd,375500,66200,121,1566,10,2026-07-21T10:02:57.000Z,https://p16-common-sign.tiktokcdn-eu.com/tos-alisg-p-0037/oQM8EYG1QLAagoCvMGI4VQIeDWojejEfU49yAk~tplv-tiktokx-origin.image?dr=10395&x-expires=1788555600&x-signature=36uhhQ4ykr4%2FH%2FDCsM%2FOpghjBmk%3D&t=4d5b0474&ps=13740610&shp=81f88b70&shcp=43f4a2f9&idc=no1a,,new bag,False,False,576,1024
7680943786851093763,https://www.tiktok.com/@katieelisew/video/7680943786851093763,katieelisew,⭐️katie⭐️,@JW PEI 👜  #jwpei #jwpeihana #uni ,# #jwpei #jwpeihana #uni,1630,224,21,1,17,2026-09-02T14:24:54.000Z,https://p16-common-sign.tiktokcdn-eu.com/tos-no1a-p-0037-no/oMbaEDiMAYSZ3SmYCABAIjT8IG1wMBCCABi3fm~tplv-tiktokx-origin.image?dr=10395&x-expires=1788555600&x-signature=S5SSZUC2ahkE2BybkiI6L3%2FrdhM%3D&t=4d5b0474&ps=13740610&shp=81f88b70&shcp=43f4a2f9&idc=no1a,,new bag,False,False,576,1024
7680531736115039520,https://www.tiktok.com/@alisonruzzonn/video/7680531736115039520,alisonruzzonn,Alison ☁️,"I’m obsessed with my new uni bag🍂🤎  This is the @Mango  LARGE SHOPPER BAG, color Chocolate 🤎  Info (by their website): Large size. Shopper style. Two shoulder straps. Incorporated coin purse. Charm detail. Magnetic button closure 18.9x12.6x5.12 in (Length x Height x Width)  CODE: 37051347  #unibag #bagrecommendation #backtoschool #mango #newbag ",# #unibag #bagrecommendation #backtoschool #mango #newbag,22800,1013,16,143,24,2026-09-01T11:45:51.000Z,https://p16-common-sign.tiktokcdn-eu.com/tos-useast2a-p-0037-euttp/oEffZ0vmrq9MIQiMuASiUEVBBTXTlIRWm5mAED~tplv-tiktokx-origin.image?dr=10395&x-expires=1788555600&x-signature=y3q%2F0Sce3S%2BJDkRrLyshhOUvsyQ%3D&t=4d5b0474&ps=13740610&shp=81f88b70&shcp=43f4a2f9&idc=no1a,,new bag,False,False,576,1024
7678742541662997782,https://www.tiktok.com/@sofiapetrillo/video/7678742541662997782,sofiapetrillo,sofia petrillo,did i make the right decision?! ,,162500,10300,115,172,50,2026-08-27T16:02:55.000Z,https://p16-common-sign.tiktokcdn-eu.com/tos-no1a-p-0037-no/osD6AXwIWLeZfILGQVIG27e6QBFgAwdwLIQNoj~tplv-tiktokx-origin.image?dr=10395&x-expires=1788555600&x-signature=0Toa%2FQfBcQ2BJ4spF0ka6k3kQz4%3D&t=4d5b0474&ps=13740610&shp=81f88b70&shcp=43f4a2f9&idc=no1a,,new bag,True,False,576,1024
7680916504166141206,https://www.tiktok.com/@ashnabhandari_/video/7680916504166141206,ashnabhandari_,ashna,such a perfect size !!😍 @Mango   #schoolbag #newbag #shoulderbag #CapCut ,# #schoolbag #newbag #shoulderbag #capcut,1937,150,1,23,11,2026-09-02T12:39:01.000Z,https://p16-common-sign.tiktokcdn-eu.com/tos-no1a-p-0037-no/okaYPArAOEYpBBZ8XYiBYiyCIEGtBU1Bgl5Q7~tplv-tiktokx-origin.image?dr=10395&x-expires=1788555600&x-signature=6%2BYcKT3OfMdCC99oknody6bOOew%3D&t=4d5b0474&ps=13740610&shp=81f88b70&shcp=43f4a2f9&idc=no1a,,new bag,False,False,576,1024
7676551119010549014,https://www.tiktok.com/@roxienna/video/7676551119010549014,roxienna,roxie,"okkk fineee im ready for autumn now so it’s time for a new everyday handbag  👜 anything suede, woven or chocolate is calling my name 🤎 #suedebag #everydaybag #foryou #fyp #autumnfashion ",#suedebag #everydaybag #foryou #fyp #autumnfashion,37000,2417,27,91,15,2026-08-21T18:19:04.000Z,https://p16-common-sign.tiktokcdn-eu.com/tos-no1a-p-0037-no/oEIERFqcJCAZFMD0QfLeAkAgETLSgimWEEaARS~tplv-tiktokx-dmt-logom:tos-no1a-i-0068-no/o0lEgEWDgeAC6aOFfAqRFAAnE8IApiIhJWZCWk.image?dr=10393&x-expires=1788555600&x-signature=x4wvDWlj1B3E3DgQzYyac0QwPcg%3D&t=4d5b0474&ps=13740610&shp=81f88b70&shcp=43f4a2f9&idc=no1a,,new bag,True,False,576,1024
7620551085798837518,https://www.tiktok.com/@maarlaav/video/7620551085798837518,maarlaav,Alexa,Color: Coffee🤎✨ obsessed! Fits everything🫶🏻  #newbella #everydaybag #travelbag #fashiontiktok #tiktokmademebuyit ,#newbella #everydaybag #travelbag #fashiontiktok,1400000,14900,138,3227,9,2026-03-23T20:30:42.000Z,https://p16-common-sign.tiktokcdn-eu.com/tos-useast5-p-0068-tx/owvICiPRaD84wkPEGuzkAAEgABA6cBm5oiAiB~tplv-tiktokx-origin.image?dr=10395&x-expires=1788555600&x-signature=TJyXSTXD0kzSqSp41reUmOvybMI%3D&t=4d5b0474&ps=13740610&shp=81f88b70&shcp=43f4a2f9&idc=no1a,,new bag,True,False,720,1280
7680087655677234453,https://www.tiktok.com/@madidillon_/video/7680087655677234453,madidillon_,Mads 🫶🏻,who likes my new bag 💗💗💗,,21700,1295,25,17,8,2026-08-31T07:02:42.000Z,https://p16-common-sign.tiktokcdn-eu.com/tos-alisg-p-0037/ogEin0IxEixEAGnyAJAU4YDECrBYTFAaVpBPA~tplv-tiktokx-origin.image?dr=10395&x-expires=1788555600&x-signature=nn1tCfiGAwoxfhDShC4DJRQB9Es%3D&t=4d5b0474&ps=13740610&shp=81f88b70&shcp=43f4a2f9&idc=no1a,,new bag,False,False,576,1024
7670222700454907158,https://www.tiktok.com/@alannalisiaherbert/video/7670222700454907158,alannalisiaherbert,ꨄ 𝐀 𝐋 𝐀 𝐍 𝐍 𝐀 ꨄ,I’m obsessed with my new bag,,447100,54300,49,537,138,2026-08-04T17:01:35.000Z,https://p16-common-sign.tiktokcdn-eu.com/tos-no1a-p-0037-no/oIrvyAmvQyBAkiI1ZOifCAwD6G4RxRE5IiBxCx~tplv-tiktokx-origin.image?dr=10395&x-expires=1788555600&x-signature=L%2BBnCfzSSbmsra50gezNd3E4b1g%3D&t=4d5b0474&ps=13740610&shp=81f88b70&shcp=43f4a2f9&idc=no1a,,new bag,False,False,576,1024
7675748032603835681,https://www.tiktok.com/@britneydevilliers/video/7675748032603835681,britneydevilliers,Britney De Villiers,New AW Chanel mom bag🤎 #unboxing #chanel #autumnfashion ,#unboxing #chanel #autumnfashion,123200,9526,82,626,36,2026-08-19T14:22:38.000Z,https://p16-common-sign.tiktokcdn-eu.com/tos-useast2a-p-0037-euttp/osEC0RCqkhFvwFTonQCDCQAEmBDfAtkAZIAfEb~tplv-tiktokx-dmt-logom:tos-useast2a-i-0068-euttp/oYCAZWw3IEEr3P3rH0aiBFBpCxiygAoRLAvA8.image?dr=10393&x-expires=1788555600&x-signature=DrYwF%2BRamvZJUfuUPu96I9QBH3A%3D&t=4d5b0474&ps=13740610&shp=81f88b70&shcp=43f4a2f9&idc=no1a,,new bag,False,False,576,1024
7677253043456314655,https://www.tiktok.com/@itsme_apg/video/7677253043456314655,itsme_apg,itsme_apg,Replying to @mem bags that fit a laptop! #loewe #celine #dior #bottega #bottegaveneta ,# #loewe #celine #dior #bottega #bottegaveneta,22400,1288,41,33,107,2026-08-23T16:15:00.000Z,https://p16-common-sign.tiktokcdn-us.com/tos-useast8-p-0068-tx2/oYHWRxYeqIVAEAEnKCiFjEUEQgDAmEA3IAfohG~tplv-tiktokx-dmt-logom:tos-useast8-i-0068-tx2/owfRIEUYwyH6EABW8YCfQbBKAAFgEqAxi6DVAE.image?dr=9634&x-expires=1788555600&x-signature=Kn9GiiL%2BPkO5b1Dkis9pHKvwhJo%3D&t=4d5b0474&ps=13740610&shp=81f88b70&shcp=43f4a2f9&idc=useast5,,bag that fits laptop,True,False,720,1280
7667809130387688735,https://www.tiktok.com/@vivian.youjin/video/7667809130387688735,vivian.youjin,Vivian 유진 🍒,silently rating my current work bag rotation (that fit a laptop) 💻 🤎   FYI - I’m not gentle with my bags so honestly they’ve held up pretty well   link in bio/shopmy :)   @monorow @RSVP Paris @polene_paris @kate spade new york   #workbag #corporate #job #ootd #bags,# # # #workbag #corporate #job #ootd #bags,573900,31100,121,1398,69,2026-07-29T04:56:02.000Z,https://p19-common-sign.tiktokcdn-us.com/tos-useast8-p-0068-tx2/o4UEq0T5JCpQwALjEIYQf8fXR0I7ANe7P9DGIE~tplv-tiktokx-origin.image?dr=9636&x-expires=1788555600&x-signature=aIGcn2VA4IyDrVkICPNVh3cXDmU%3D&t=4d5b0474&ps=13740610&shp=81f88b70&shcp=43f4a2f9&idc=useast5,,bag that fits laptop,False,False,720,1280
7670073956615163157,https://www.tiktok.com/@kiaracengic/video/7670073956615163157,kiaracengic,Kiara Cengic,A highly requested work bag video! Here are a few that I love 🤍⭐️    #officebags #bagrecommendation #hiddengems #workbag #laptopbag @MAISON de SABRÉ @marakinewyork @Bonne | bonprojects @EECHAEROI ,#officebags #bagrecommendation #hiddengems #workbag #laptopbag # # # #,42800,2793,22,80,111,2026-08-04T07:24:21.000Z,https://p16-common-sign.tiktokcdn-us.com/tos-alisg-p-0037/oYTETixPiGiY6JnIVzAZQVdGBsaBAm7pdIknF~tplv-tiktokx-origin.image?dr=9636&x-expires=1788555600&x-signature=lDe00Z31QoeL6s77na%2FT45Sxyqc%3D&t=4d5b0474&ps=13740610&shp=81f88b70&shcp=43f4a2f9&idc=useast5,,bag that fits laptop,True,False,576,1024
7652865417261763870,https://www.tiktok.com/@chyna.le/video/7652865417261763870,chyna.le,chyna,new bag to fit my ginormous laptop #lawschool #lawstudent ,#lawschool #lawstudent,44700,5960,25,46,31,2026-06-18T22:26:34.000Z,https://p16-common-sign.tiktokcdn-us.com/tos-useast8-p-0068-tx2/oMDqoTfBGvvHqF0EebuBASVOENQE4Q7ARW5cmu~tplv-tiktokx-origin.image?dr=9636&x-expires=1788555600&x-signature=Cfjtr7SLMh9TQqorgcbWrif0XjQ%3D&t=4d5b0474&ps=13740610&shp=81f88b70&shcp=43f4a2f9&idc=useast5,,bag that fits laptop,False,False,720,1280
7615414444100734221,https://www.tiktok.com/@oleada.official/video/7615414444100734221,oleada.official,OLEADA WORKBAGS,What’s in my work bag: Marina Tote Bag edition   This bag fits a 14” laptop 💻   #workbag #handbags #oleadaworkstyle #bag #workstyle ,#workbag #handbags #oleadaworkstyle #bag #workstyle,106100,3493,14,45,18,2026-03-10T00:17:58.000Z,https://p16-common-sign.tiktokcdn-us.com/tos-useast5-p-0068-tx/oYAANXEIEDgp10rfwYFSvBCJpzMSOEAUDC2RAf~tplv-tiktokx-origin.image?dr=9636&x-expires=1788555600&x-signature=Xm0BzdQ1oaukIajJ37kqeJhFTno%3D&t=4d5b0474&ps=13740610&shp=81f88b70&shcp=43f4a2f9&idc=useast5,,bag that fits laptop,False,False,720,1280
7678875533089885460,https://www.tiktok.com/@ghenawashere/video/7678875533089885460,ghenawashere,GiGi,I feel like @chloebenyamin with my niche suggestions 😎.                          كيفني و انا مطلعتلكم اسم كل وحدة🫰🏽🫰🏽🫰🏽 #workbag #vintage #jewelry #riyadh ,# #workbag #vintage #jewelry #riyadh,31900,2158,32,162,157,2026-08-28T00:39:06.000Z,https://p19-common-sign.tiktokcdn-us.com/tos-alisg-p-0037/ok2VIFG7QDCIs8UfeIAAQoyLlbhJk8eCZuGj4s~tplv-tiktokx-origin.image?dr=9636&x-expires=1788555600&x-signature=fE30IogHovhHIrwW3zAHaAEaQ8M%3D&t=4d5b0474&ps=13740610&shp=81f88b70&shcp=43f4a2f9&idc=useast5,,bag that fits laptop,False,False,576,1024
7666499775495146766,https://www.tiktok.com/@theberryt/video/7666499775495146766,theberryt,BERRY-T,NEW Product Alert‼️ The special edition Baby Berry by @T-Todd #new #designer #bags ,# #new #designer #bags,655300,90900,2541,1957,77,2026-07-25T16:15:02.000Z,https://p19-common-sign.tiktokcdn-us.com/tos-useast5-p-0068-tx/oo4kPggIgQAiBhTzE4EBmAasiAiVk7ASBETAB~tplv-tiktokx-origin.image?dr=9636&x-expires=1788555600&x-signature=cc1aM4DBIPygPiy4OQHmSxylaW0%3D&t=4d5b0474&ps=13740610&shp=81f88b70&shcp=43f4a2f9&idc=useast5,,new bag,False,False,720,1280
7679866175458675975,https://www.tiktok.com/@jojex5/video/7679866175458675975,jojex5,jojo abdullatif,@bago_bag مووووت موووت #fyp #chanel ,# #fyp #chanel,560600,36000,346,2060,75,2026-08-30T16:43:13.000Z,https://p16-common-sign.tiktokcdn-us.com/tos-alisg-p-0037/o8gojLEgVI4AIADyuEKFYEsEQmDAwfAmfAfrzB~tplv-tiktokx-origin.image?dr=9636&x-expires=1788555600&x-signature=EuhgG1Q0JEMWNMGw0KI%2BV%2FROBmw%3D&t=4d5b0474&ps=13740610&shp=81f88b70&shcp=43f4a2f9&idc=useast5,,new bag,False,False,576,1024
7680233182188293406,https://www.tiktok.com/@deanethedeane/video/7680233182188293406,deanethedeane,🌈 Caleb Deane 🌈,"Hey Babes!!!!! Listennnn I know I just posted a video, but ummm we got some more new @Coach  bags to go over!!! 👜🚨👀✨  Thanks to my baddies @MUST LOVE BAGS By Marianne and MaggsBags for sending me some visuals of these cuties!!! 👏🏻👏🏻👏🏻  Absolutely was not expecting any of these bags on my radar, especially the bone cargo tabby with silver hardware!!!!! 🚨🚨🚨  I’m not entirely sure when any of these bags will be dropping, but I at least wanted to get them on your radar because…. WOW!! 😍😍  Once I do find more information as to when these will be dropping, I will be letting you guys know!! 🛍️🛍️🛍️  C",#coach #bagsoftiktok #coachny #coachoutlet #coachbag,9673,670,59,29,129,2026-08-31T16:27:42.000Z,https://p19-common-sign.tiktokcdn-us.com/tos-useast8-p-0068-tx2/owAi8S1IVatBhAHqAlq4tfiLiCAIuES3EFWuJI~tplv-tiktokx-dmt-logom:tos-useast8-i-0068-tx2/ocIBWiiyA0fPC6Sq31NpAMKVOAECIAUABtq4iA.image?dr=9634&x-expires=1788555600&x-signature=zu%2BKLUlPcaCF%2BokjZ6HV1rE2LXs%3D&t=4d5b0474&ps=13740610&shp=81f88b70&shcp=43f4a2f9&idc=useast5,,new bag,False,False,720,1280
7673025323511844127,https://www.tiktok.com/@aaliyahhamaya28/video/7673025323511844127,aaliyahhamaya28,Aaliyah🫀✝️,LITERALLY INLOVE SHOUT OUT TO @𝒜𝓂𝒾𝑔𝒾𝓈ℯ𝓁𝓁ℯ 💕💕💕@Coach #fypシ゚viral #COACH #coachbag #xybca #unboxing ,# # #fypシ゚viral #coach #coachbag #xybca #unboxing,30700,4538,50,52,189,2026-08-12T06:17:14.000Z,https://p16-common-sign.tiktokcdn-us.com/tos-useast8-p-0068-tx2/oY43AeDAAQpAFDqfVUfJGGnU8xwfHBR1AEQsVI~tplv-tiktokx-origin.image?dr=9636&x-expires=1788555600&x-signature=ZzOwCP3OMOjmkVtzSJaf37pi%2BQg%3D&t=4d5b0474&ps=13740610&shp=81f88b70&shcp=43f4a2f9&idc=useast5,,new bag,False,False,720,1280
7680332759163800846,https://www.tiktok.com/@kiyaholic_/video/7680332759163800846,kiyaholic_,Kiyaholic,Buy and unbox my new Chanel Bag with me 💕,,3877,272,6,10,59,2026-08-31T22:54:00.000Z,https://p19-common-sign.tiktokcdn-us.com/tos-useast5-p-0068-tx/owgv6FBwyWBIE4UnjHC0oi7woGgpBiIaAYwBA~tplv-tiktokx-origin.image?dr=9636&x-expires=1788555600&x-signature=SqDYU67hoPi7j6TrfL7FtMNg69Y%3D&t=4d5b0474&ps=13740610&shp=81f88b70&shcp=43f4a2f9&idc=useast5,,new bag,False,False,720,1280
7667495458259995926,https://www.tiktok.com/@herminelyssand/video/7667495458259995926,herminelyssand,Hermine Lyssand🎀,and somehow it ended up on french tiktok cause theres so many french people in the comments😭 hoenstly @Ginatricot should sponsor me for how many people have bought the bag because of that video🤪   #backtoschool #backtoschoolshopping #schoolbag #schoolpurse #bagforschool ,# #backtoschool #backtoschoolshopping #schoolbag #schoolpurse #bagforschool,16900,480,5,10,7,2026-07-28T08:38:36.000Z,https://p19-common-sign.tiktokcdn-us.com/tos-no1a-p-0037-no/oEoIpivRaBiYMMXEh8qpAjEBABA6moCBaqAiB~tplv-tiktokx-origin.image?dr=9636&x-expires=1788555600&x-signature=DMJerPeNiPuasrbD48UzesFb998%3D&t=4d5b0474&ps=13740610&shp=81f88b70&shcp=43f4a2f9&idc=useast5,,new bag,False,False,576,1024
7680289820127546654,https://www.tiktok.com/@brookwainscott/video/7680289820127546654,brookwainscott,brooke 🪽,hello i’m actually obsessed!! @Lucy Topbag <- get yours 💕💕 #bag #haul ,# #bag #haul,2760,506,10,7,68,2026-08-31T20:07:18.000Z,https://p19-common-sign.tiktokcdn-us.com/tos-useast8-p-0068-tx2/oIfL3dOVlBEFfUiICI2SmTAvhwyAvqF1DERVEK~tplv-tiktokx-origin.image?dr=9636&x-expires=1788555600&x-signature=saaSfshmIAQYC01%2BsKCe7%2F8lz98%3D&t=4d5b0474&ps=13740610&shp=81f88b70&shcp=43f4a2f9&idc=useast5,,new bag,False,False,720,1280
7670401847013674270,https://www.tiktok.com/@avagracelaurie/video/7670401847013674270,avagracelaurie,AVA G,#coachretailemployee the new belted ergo bags are here! @Coach #coachny #coachbag #coachcollection #coachemployee ,#coachretailemployee # #coachny #coachbag #coachcollection #coachemployee,956300,126400,612,18200,22,2026-08-05T04:36:55.000Z,https://p19-common-sign.tiktokcdn-us.com/tos-useast8-p-0068-tx2/ogeKjXsIUQqPIMI4eC5Xs3sQgVME5cAbvA8jew~tplv-tiktokx-origin.image?dr=9636&x-expires=1788555600&x-signature=GhnPAy8SlDo624pwx%2FYXJd%2BRU8U%3D&t=4d5b0474&ps=13740610&shp=81f88b70&shcp=43f4a2f9&idc=useast5,,new bag,True,False,720,1280
7646058432650317078,https://www.tiktok.com/@sahrish.ae/video/7646058432650317078,sahrish.ae,sahrish.ae,No issue getting L19s if you're a VIP client;) #handbag #haul #loropiana ,#handbag #haul #loropiana,94900,2720,9,205,19,2026-05-31T14:11:56.000Z,https://p19-common-sign.tiktokcdn-us.com/tos-no1a-p-0037-no/o4SqnmG6AAAmARZ5gEF9HQkDpfuoeaEEFECAcI~tplv-tiktokx-origin.image?dr=9636&x-expires=1788555600&x-signature=cp0gaofRxBkj5HaWp2Ohta2D8ps%3D&t=4d5b0474&ps=13740610&shp=81f88b70&shcp=43f4a2f9&idc=useast5,,loro piana tote,False,False,576,1024
7628843060696304917,https://www.tiktok.com/@direct.from.china/video/7628843060696304917,direct.from.china,Direct From China 🇨🇳,#netherlands🇳🇱 #belguim🇧🇪_tiktok #shoes #chinasupplier #loropiana ,#netherlands🇳🇱 #belguim🇧🇪_tiktok #shoes #chinasupplier #loropiana,10700,56,6,63,19,2026-04-15T04:47:26.000Z,https://p19-common-sign.tiktokcdn-us.com/tos-alisg-p-0037/oIjtdD1jAmNg6FLTcj4XQCfvgCN8hoeeaAMMI4~tplv-tiktokx-origin.image?dr=9636&x-expires=1788555600&x-signature=wDhjxAy98gWbFGdmZzEQHkqpZZo%3D&t=4d5b0474&ps=13740610&shp=81f88b70&shcp=43f4a2f9&idc=useast5,,loro piana tote,False,False,576,1024
7672299542997437726,https://www.tiktok.com/@kgxtiaknder/video/7672299542997437726,kgxtiaknder,rossie❤️✨,So pretty Li.nk in bio #fyp#goviral#asthetic#likes#lowengagement ,#fyp #goviral #asthetic #likes #lowengagement,138,1,0,0,11,2026-08-10T07:21:17.000Z,https://p16-common-sign.tiktokcdn-us.com/tos-useast8-p-0068-tx2/oMApIIeUqE7CEj9QsyyfCF9ebDwyRXI6B9tGvA~tplv-tiktokx-origin.image?dr=9636&x-expires=1788555600&x-signature=sFah%2FzLiNHVAfvUls6dp8q%2BazY0%3D&t=4d5b0474&ps=13740610&shp=81f88b70&shcp=43f4a2f9&idc=useast5,,loro piana tote,False,False,720,1280
7669827362334280973,https://www.tiktok.com/@grace.finds28/video/7669827362334280973,grace.finds28,Grace Finds,Loro piana vanity bag unboxing 🌺🌺 L.ink on bio to purchase yours yours 🔗 ,,13,0,0,0,20,2026-08-03T15:28:01.000Z,https://p19-common-sign.tiktokcdn-us.com/tos-useast5-p-0068-tx/oMnIw5OElyAsB11hLiFACXiAwB6wfFAYIABmBJ~tplv-tiktokx-origin.image?dr=9636&x-expires=1788555600&x-signature=IMyfdm19KjwXe3KA3VEKNE7AH1Q%3D&t=4d5b0474&ps=13740610&shp=81f88b70&shcp=43f4a2f9&idc=useast5,,loro piana tote,False,False,576,1024
7679405831535758612,https://www.tiktok.com/@sasphm/video/7679405831535758612,sasphm,sasina.p,,,19600,1646,3,68,81,2026-08-29T10:56:50.000Z,https://p16-common-sign.tiktokcdn-us.com/tos-alisg-p-0037/oIOBepq6CuRREEJEFrAqUIIDSgXUkIoB6Ofcv0~tplv-tiktokx-origin.image?dr=9636&x-expires=1788555600&x-signature=5ZUl%2BElnC7rjuwHj0DBQzqj33eQ%3D&t=4d5b0474&ps=13740610&shp=81f88b70&shcp=43f4a2f9&idc=useast5,,loro piana tote,False,False,576,1024
7654529105911680288,https://www.tiktok.com/@sine.select/video/7654529105911680288,sine.select,Sine Select,#personalshopper #republication #loropiana ,#personalshopper #republication #loropiana,65200,630,1,250,9,2026-06-23T10:02:27.000Z,https://p16-common-sign.tiktokcdn-us.com/tos-useast2a-p-0037-euttp/oce2WqAAfACYAwDyEbQ6mxIQMFRKlOuAGmEED5~tplv-tiktokx-origin.image?dr=9636&x-expires=1788555600&x-signature=4x55EmDuDqo%2FwtBH%2FP1DErCBFdM%3D&t=4d5b0474&ps=13740610&shp=81f88b70&shcp=43f4a2f9&idc=useast5,,loro piana tote,False,False,576,1024
7638402696730479902,https://www.tiktok.com/@itsme_apg/video/7638402696730479902,itsme_apg,itsme_apg,Replying to @Simplystacy hope this answered your question!! #loropiana #l19 #loropianabag #loropianashoes #loropianasummerwalks ,# #loropiana #l19 #loropianabag #loropianashoes #loropianasummerwalks,31400,1932,157,125,124,2026-05-10T23:03:52.000Z,https://p16-common-sign.tiktokcdn-us.com/tos-useast8-p-0068-tx2/ogaEWfQC7A7RDWAQAguEAXCVHEAFIf1qqo7KAA~tplv-tiktokx-dmt-logom:tos-useast8-i-0068-tx2/okffHQWVACEFdWgIAQpAhAA2TE7Aaqo2DERCEA.image?dr=9634&x-expires=1788555600&x-signature=YMF2kt5Fjk8k1WCIcWJSP4y83OY%3D&t=4d5b0474&ps=13740610&shp=81f88b70&shcp=43f4a2f9&idc=useast5,,loro piana tote,False,False,720,1280
7670588128058477857,https://www.tiktok.com/@jdy_edits/video/7670588128058477857,jdy_edits,jdy_edit,versace edit #versace #bag #luxery #oldmoneystyle #edit ,#versace #bag #luxery #oldmoneystyle #edit,223900,32300,81,786,50,2026-08-05T16:39:34.000Z,https://p16-common-sign.tiktokcdn-us.com/tos-useast2a-p-0037-euttp/oMBzINSiAB0pwAaEAALRyI6nPZiBE2mQgXnA0~tplv-tiktokx-origin.image?dr=9636&x-expires=1788555600&x-signature=Ph5OiYkveMlp1PBsQ%2B8%2BTGacKNw%3D&t=4d5b0474&ps=13740610&shp=81f88b70&shcp=43f4a2f9&idc=useast8,,old money bag,False,False,1024,576
7505567649867238686,https://www.tiktok.com/@_shoppursue/video/7505567649867238686,_shoppursue,ShopPursue,currently plotting a robbery… a rare vintage Chanel Diana flap bag 🥹🩷 #chanelbag #erewhon #chanelflapbag #chaneldiana #vintagechanel #rarechanel #erewhonmarket #whatsinmybag #luxury #oldmoney #fashioninspo ,#chanelbag #erewhon #chanelflapbag #chaneldiana #vintagechanel #rarechanel #erewhonmarket #whatsinmybag #luxury #oldmoney #fashioninspo,534600,25600,117,838,12,2025-05-17T23:56:05.000Z,https://p16-common-sign.tiktokcdn-us.com/tos-useast8-p-0068-tx2/o8pgAFBAAI0AiAcE8KfBISJEh6UNIJCUAiiwcE~tplv-tiktokx-origin.image?dr=9636&x-expires=1788555600&x-signature=181MXdfSLKpdJuU5i4tQSLDbIj8%3D&t=4d5b0474&ps=13740610&shp=81f88b70&shcp=43f4a2f9&idc=useast8,,old money bag,False,False,576,1024
7173476956506246443,https://www.tiktok.com/@kikiastorofficial/video/7173476956506246443,kikiastorofficial,Kiki Astor,Replying to @audreysattiffanys #oldmoney #oldmoneyaesthetic #oldmoneyoutfits #oldmoneystyle #oldmoneyfashion #luxuryhandbag #handbags #oldmoneylifestyle  ,# #oldmoney #oldmoneyaesthetic #oldmoneyoutfits #oldmoneystyle #oldmoneyfashion #luxuryhandbag #handbags #oldmoneylifestyle,989600,95400,1892,4131,165,2022-12-05T01:54:31.000Z,https://p19-common-sign.tiktokcdn-us.com/tos-useast5-p-0068-tx/348fac39bc8b4da1b2ae7a53651f8825~tplv-tiktokx-origin.image?dr=9636&x-expires=1788555600&x-signature=N%2BhA82d7FrwzA27ZrGf6kJIDmPE%3D&t=4d5b0474&ps=13740610&shp=81f88b70&shcp=43f4a2f9&idc=useast8,,old money bag,False,False,576,1024
7646296910646496525,https://www.tiktok.com/@luxsecondby/video/7646296910646496525,luxsecondby,Luxsecondby,Old money style never goes out of fashion #OldMoneyStyle #LuxuryFashion #LVStyle #QuietLuxury #FashionInspo ,#oldmoneystyle #luxuryfashion #lvstyle #quietluxury #fashioninspo,1935,10,0,1,33,2026-06-01T05:37:45.000Z,https://p19-common-sign.tiktokcdn-us.com/tos-useast5-p-0068-tx/ocRABDnPAlAQVAUq4RSFEq5HICbfBAf6QgDNEv~tplv-tiktokx-origin.image?dr=9636&x-expires=1788555600&x-signature=PUdvM%2FRl6Y1%2FOaGVAMPlnEke4sI%3D&t=4d5b0474&ps=13740610&shp=81f88b70&shcp=43f4a2f9&idc=useast8,,old money bag,True,False,720,1280
7638863153794747678,https://www.tiktok.com/@alice125686/video/7638863153794747678,alice125686,$50 Source factory bag,Especially a bag with old money style.#ootd #designerbag #handbag #essentials #fashion ,#ootd #designerbag #handbag #essentials #fashion,139,2,0,0,34,2026-05-12T04:51:01.000Z,https://p19-common-sign.tiktokcdn-us.com/tos-useast8-p-0068-tx2/oUDmF2f9EKvqqFREVfmBAMVGEAQEYIcARQYlvH~tplv-tiktokx-origin.image?dr=9636&x-expires=1788555600&x-signature=JIP81HhoGoRc53g1YubYD0G06aI%3D&t=4d5b0474&ps=13740610&shp=81f88b70&shcp=43f4a2f9&idc=useast8,,old money bag,False,False,720,1280
7607817249969409303,https://www.tiktok.com/@maiba_jewelry/video/7607817249969409303,maiba_jewelry,Maiba,"The viral old money bags are finally here 🤭 📍 MaiBa, 1070 #wien #vienna #schmuck #jewelrystore ",#wien #vienna #schmuck #jewelrystore,5804,77,2,25,10,2026-02-17T12:56:33.000Z,https://p16-common-sign.tiktokcdn-us.com/tos-no1a-p-0037-no/oQ2CKYBNia8ZyZU3uIAHAAQC71DIIyCfw0j25i~tplv-tiktokx-origin.image?dr=9636&x-expires=1788555600&x-signature=9dH6WIb%2FIgvOWthTJip1NxMLjNo%3D&t=4d5b0474&ps=13740610&shp=81f88b70&shcp=43f4a2f9&idc=useast8,,old money bag,False,False,576,1024
7663730395032177950,https://www.tiktok.com/@brisannoying.org/video/7663730395032177950,brisannoying.org,𝑩𝒓𝒊♡︎,Beca Michie Serves Perfect Old-Money Elegance in All-White,,43300,1494,4,5,5,2026-07-18T05:08:30.000Z,https://p19-common-sign.tiktokcdn-us.com/tos-useast8-p-0068-tx2/oEk2UQAQIjGAtqKLheE6CUFRoAfIrEAAIFGneg~tplv-tiktokx-origin.image?dr=9636&x-expires=1788555600&x-signature=0vuIjcEikPBCZh7jzVDbHMjOWU4%3D&t=4d5b0474&ps=13740610&shp=81f88b70&shcp=43f4a2f9&idc=useast8,,old money bag,False,False,720,1280
7300694225287482656,https://www.tiktok.com/@jessicasharris_/video/7300694225287482656,jessicasharris_,Jessica Harris | Minimal Style,The ultimate chic old money handbag for fall  #Oldmoneystyle #Oldmoneyaesthetic #Oldmoneyoutfits #Oldmoneybags #Luxurybagunboxing #Oldmoneylifestyle #Oldmoneyoutfitswinter,#oldmoneystyle #oldmoneyaesthetic #oldmoneyoutfits #oldmoneybags #luxurybagunboxing #oldmoneylifestyle #oldmoneyoutfitswinter,2257,22,5,1,9,2023-11-12T21:42:37.000Z,https://p16-common-sign.tiktokcdn-us.com/tos-useast2a-p-0037-euttp/oQDIsdBGBIp64b1nALiEnUKP7AfbyYhEiaoMBr~tplv-tiktokx-origin.image?dr=9636&x-expires=1788555600&x-signature=OjP8dVptJU6p%2Fp6BSn3%2FGSF%2B7KU%3D&t=4d5b0474&ps=13740610&shp=81f88b70&shcp=43f4a2f9&idc=useast8,,old money bag,False,False,576,1024
7648700869743004950,https://www.tiktok.com/@amalie_165/video/7648700869743004950,amalie_165,AMALIE MAGELSSEN,Louie louie Louie👒👜🤎#90smusic#foryoupagе#viral#birkinbag#oldmoney,#90smusic #foryoupagе #viral #birkinbag #oldmoney,58900,4597,110,130,11,2026-06-07T17:05:54.000Z,https://p19-common-sign.tiktokcdn-us.com/tos-no1a-p-0037-no/oY5Ap0SfGIsPvlebANLGICjZBDeqUSLII3AlIS~tplv-tiktokx-origin.image?dr=9636&x-expires=1788555600&x-signature=el%2Bb6PRM3dZPk2XftajVaeV%2BJNQ%3D&t=4d5b0474&ps=13740610&shp=81f88b70&shcp=43f4a2f9&idc=useast8,,old money bag,False,False,576,1024
7670459738382961942,https://www.tiktok.com/@lilybag80/video/7670459738382961942,lilybag80,Lilybag8,#lvbag #handbag #luxurybag #fashionbag #newbag ,#lvbag #handbag #luxurybag #fashionbag #newbag,24200,612,27,55,28,2026-08-05T08:21:25.000Z,https://p16-common-sign.tiktokcdn-us.com/tos-no1a-p-0037-no/ocNEJFfE1gcoq0Qk0IBHROAVTBIiFwEuDetv8y~tplv-tiktokx-origin.image?dr=9636&x-expires=1788555600&x-signature=y65xQrBYetFVM09My9%2FMseWpl1Y%3D&t=4d5b0474&ps=13740610&shp=81f88b70&shcp=43f4a2f9&idc=useast5,,new bag,False,False,576,1024
7680471373487066389,https://www.tiktok.com/@boodak.jastip/video/7680471373487066389,boodak.jastip,Boodak Jastip,VIVI BAG MK. Tas viral rainer versi MK Menuju close PO dan sebelum koleksi ini punah ya! Mumpung masih kena sale!🥺❤️,,520,7,0,0,31,2026-09-01T07:51:42.000Z,https://p19-common-sign.tiktokcdn-us.com/tos-alisg-p-0037/oAfREEQ4CsLVCAgWezCtIwYhgAFABqAolSDUAE~tplv-tiktokx-origin.image?dr=9636&x-expires=1788555600&x-signature=7BhQHinkyolHQqIv5X2EAVN6%2BXM%3D&t=4d5b0474&ps=13740610&shp=81f88b70&shcp=43f4a2f9&idc=useast5,,new bag,False,False,576,1024
7669225578658123038,https://www.tiktok.com/@sarahhkatharine/video/7669225578658123038,sarahhkatharine,sarahhkatharine,Im in love it’s literally perfect,,1435,121,18,4,143,2026-08-02T00:32:27.000Z,https://p19-common-sign.tiktokcdn-us.com/tos-useast8-p-0068-tx2/okFAClnqbA5AEQJCEifpFRkBVAufIEwAEbBAID~tplv-tiktokx-dmt-logom:tos-useast8-i-0068-tx2/oMBEVIkhAAAwE1xJRFfypqDCkAbQeEELBAhZAu.image?dr=9634&x-expires=1788555600&x-signature=91FwqQ7LPQDeuyQBNSMBViICMt8%3D&t=4d5b0474&ps=13740610&shp=81f88b70&shcp=43f4a2f9&idc=useast5,,new bag,False,False,720,1280
7663507010763164958,https://www.tiktok.com/@kaylin_elise/video/7663507010763164958,kaylin_elise,kaylin,help me set up my new @Coach bag 🤭 #coachbag #coach #firstcoachbag ,# #coachbag #coach #firstcoachbag,16200,742,7,36,64,2026-07-17T17:30:00.000Z,https://p16-common-sign.tiktokcdn-us.com/tos-useast8-p-0068-tx2/o4jfLFqB1APwvIjiiWtRMAIPCidavLNA0IIyxB~tplv-tiktokx-dmt-logom:tos-useast8-i-0068-tx2/o8AAEExqVEcAARZI8ZafCFPWBDZyPjEedDBo1A.image?dr=9634&x-expires=1788555600&x-signature=nvyNNoTtjEfh32c22%2BAoE23kBxI%3D&t=4d5b0474&ps=13740610&shp=81f88b70&shcp=43f4a2f9&idc=useast5,,new bag,False,False,720,1280
7663546490329074976,https://www.tiktok.com/@axaliven/video/7663546490329074976,axaliven,A,new school bag!!                              @Ginatricot 💕 #schoolbag #bag #newbag #black #scandinavianstyle ,# #schoolbag #bag #newbag #black #scandinavianstyle,561500,32800,145,4244,8,2026-07-17T17:14:26.000Z,https://p19-common-sign.tiktokcdn-us.com/tos-useast2a-p-0037-euttp/oo4xQamRfEJm2NDKDKQFIWUJQfbmqzEBbEKvaA~tplv-tiktokx-origin.image?dr=9636&x-expires=1788555600&x-signature=LQ93prIirsUy3JR7zWG5NrKOl0o%3D&t=4d5b0474&ps=13740610&shp=81f88b70&shcp=43f4a2f9&idc=useast5,,new bag,False,False,576,1024
7663967673910414606,https://www.tiktok.com/@nshaltd/video/7663967673910414606,nshaltd,nshaltd,Luxury look for less ✨  #usa🇺🇸 #usa_tiktok #usastyle #usaviral #usatrend ,#usa🇺🇸 #usa_tiktok #usastyle #usaviral #usatrend,15,1,0,1,10,2026-07-18T20:29:15.000Z,https://p16-common-sign.tiktokcdn-us.com/tos-useast5-p-0068-tx/oEfv4eqktCHFdTDIDIC6fhAystIAiUmADErbE5~tplv-tiktokx-origin.image?dr=9636&x-expires=1788555600&x-signature=D%2FEv29WcVcmiT471Et3UY2mJsb4%3D&t=4d5b0474&ps=13740610&shp=81f88b70&shcp=43f4a2f9&idc=useast5,,loro piana tote,False,False,720,1280
7506390512199322885,https://www.tiktok.com/@permestadhyazz/video/7506390512199322885,permestadhyazz,Dhyaz,gimana? lucu gak?🤗 #bag #unboxing #unboxingbag #loropiana ,#bag #unboxing #unboxingbag #loropiana,1000000,23900,326,456,91,2025-05-20T05:09:04.000Z,https://p16-common-sign.tiktokcdn-us.com/tos-maliva-p-0068/oIB0O6ibAAEiTAsw7qvDbEABCIamPci31QAmU~tplv-tiktokx-origin.image?dr=9636&x-expires=1788555600&x-signature=QYyLAOzxRVtzZrr2WARemGEdJyA%3D&t=4d5b0474&ps=13740610&shp=81f88b70&shcp=43f4a2f9&idc=useast5,,loro piana tote,False,False,576,1024
7679840464543010078,https://www.tiktok.com/@tj.ander/video/7679840464543010078,tj.ander,Reese,"Republic of Florence ‘Florence’ Tote Bag in Moro Polished Leather   • Full-grain vegetable-tanned leather from Tuscany • Fixed long top handles  • Detachable crossbody strap  • Fits 15” laptop  • Five protective feet  • Cotton lining • Interior pockets   I discovered this beautiful hand crafted leather work tote after searching for an affordable alternative to the Mulberry Bayswater. Although not aesthetically the same, quality and design is premium.   #worktote #darkacademiaoutfit #shoulderbag #brownbag #fallbags ",#worktote #darkacademiaoutfit #shoulderbag #brownbag #fallbags,829,32,9,3,33,2026-08-30T15:03:39.000Z,https://p16-common-sign.tiktokcdn-us.com/tos-useast8-p-0068-tx2/oM4q1uGeRmYUUUhg2Ru8HQakQeNwQAFeQ5FUeA~tplv-tiktokx-origin.image?dr=9636&x-expires=1788555600&x-signature=9zaLuqxhV44hePuZuYzirKHyfMM%3D&t=4d5b0474&ps=13740610&shp=81f88b70&shcp=43f4a2f9&idc=useast5,,loro piana tote,False,False,720,1280
7592595400305937672,https://www.tiktok.com/@mydearrrr/video/7592595400305937672,mydearrrr,mydear,fresh drop! กระเป๋าทรงใหม่ของ loro piana!! #extrasoftybagl33 #loropiana,#extrasoftybagl33 #loropiana,110100,5793,36,290,177,2026-01-07T12:27:57.000Z,https://p16-common-sign.tiktokcdn-us.com/tos-alisg-p-0037/o0rNQsURAEslNCDCBAgFLXUTIfUnpLEC6AFxeA~tplv-tiktokx-origin.image?dr=9636&x-expires=1788555600&x-signature=63ZqWo%2F2ecZn%2BkR9salaMpBlAtE%3D&t=4d5b0474&ps=13740610&shp=81f88b70&shcp=43f4a2f9&idc=useast5,,loro piana tote,False,False,576,1024
7594688021123861774,https://www.tiktok.com/@aysoi_bag/video/7594688021123861774,aysoi_bag,Aysoi Bags,"From old-money neutrals to bold vintage prints, our bag lineup is for the girl who loves a little nostalgia in her everyday. No fast fashion—just timeless pieces that get better with time. Shop before they’re gone for good! #VintageChic #BagEssentials#ToteBagCollection #LimitedStockAlert #2026newyear #StressFreeStyle #OfficeEssential #bagsforwomenfashion #everydayessentials #EverydayEssential #NewLaunch #classystyle #handbag #totebag #flashsale #Discount #DealAlert #largecapacitybag #BagTok #cutebag #TrendyTote #springflower",#totebagcollection #limitedstockalert #2026newyear #stressfreestyle #officeessential #bagsforwomenfashion #everydayessentials #everydayessential #newlaunch #classystyle #handbag #totebag #flashsale #discount #dealalert #largecapacitybag #bagtok #cutebag #trendytote #springflower,79,1,0,0,18,2026-01-14T15:00:00.000Z,https://p19-common-sign.tiktokcdn-us.com/tos-useast5-p-0068-tx/oEfJnQEMAfAJmfHW8AlWOAAAQVWFelgnvXvGEI~tplv-tiktokx-origin.image?dr=9636&x-expires=1788555600&x-signature=BN1NdWNlCBPR9A5g8qEOJqYe5OA%3D&t=4d5b0474&ps=13740610&shp=81f88b70&shcp=43f4a2f9&idc=useast5,,old money bag,False,False,720,1280
7534830789297442078,https://www.tiktok.com/@budget.fashion0/video/7534830789297442078,budget.fashion0,Budget 💵 Fashion 👗,#oldmoneyaesthetic  #amazonfinds ,#oldmoneyaesthetic #amazonfinds,173,2,0,0,19,2025-08-04T20:32:01.000Z,https://p19-common-sign.tiktokcdn-us.com/tos-useast8-p-0068-tx2/o8oEIiZEADEeFAAAyMdCfFW9iEVA3QkiRRksxA~tplv-tiktokx-dmt-logom:tos-useast8-i-0068-tx2/o0ikDfe3EEXVILG8cAoAFCMREiRRAAS5CEdAn6.image?dr=9634&x-expires=1788555600&x-signature=27zfKw2bw2R8Hx9TdvlDw2u9Mq0%3D&t=4d5b0474&ps=13740610&shp=81f88b70&shcp=43f4a2f9&idc=useast5,,old money bag,False,False,576,1024
7649447524771663118,https://www.tiktok.com/@oppailbag/video/7649447524771663118,oppailbag,opailbag,This bag just screams luxury 😍 #LuxuryBags #OldMoneyAesthetic #TrendingFashion #ForYouPage #StyleInspo ,#luxurybags #oldmoneyaesthetic #trendingfashion #foryoupage #styleinspo,10,0,0,0,19,2026-06-09T17:23:40.000Z,https://p16-common-sign.tiktokcdn-us.com/tos-useast5-p-0068-tx/oMUoZ7dIDzjzBItEOCLUATQGAUkaNHLBeJUIfe~tplv-tiktokx-origin.image?dr=9636&x-expires=1788555600&x-signature=%2Fv%2BqgrsDvmIYJ%2FMzULe0Mfn84co%3D&t=4d5b0474&ps=13740610&shp=81f88b70&shcp=43f4a2f9&idc=useast5,,old money bag,False,False,720,1280
7317250258843471136,https://www.tiktok.com/@amels_beauty_project/video/7317250258843471136,amels_beauty_project,Amel,"🎩👜 Talk about understated elegance! It's time to investigate the allure of old-money style bags. If you’re feeling pretty grown up now and it’s time to get into some serious adulting, you need to adopt old-money style fashions.   Discover the pinnacle of refined taste through a carefully curated selection of old-money style bags. Tired of loud logos? Embrace a blend of city sophistication and timeless charm and elegance with a sophisticated handbag. Elevate your wardrobe to new heights as you delve into the world of enduring luxury and classic style. Explore the essence of sophistication, wher",#oldmoneystyle #timelessluxury #classicfashion #eleganthandbags #sophisticatedstyle #luxuryaccessories #vintagechic #highfashionpurses #timelesselegance #fashionstatement #chicstyle #designerhandbags #vintageinspiration #elevateyourstyle #luxuryfashionfinds,1992,17,0,1,48,2023-12-27T12:28:21.000Z,https://p19-common-sign.tiktokcdn-us.com/tos-useast2a-p-0037-euttp/a02c4d52137a42d986086301d4028bc9_1703680103~tplv-tiktokx-origin.image?dr=9636&x-expires=1788555600&x-signature=Ki7o0je23rAyTeEIbWXiR9ywMOw%3D&t=4d5b0474&ps=13740610&shp=81f88b70&shcp=43f4a2f9&idc=useast5,,old money bag,False,False,576,1024
7636116269606964494,https://www.tiktok.com/@lauraford891/video/7636116269606964494,lauraford891,FshnLuxeClub,Bags 👜 New Money vs Old Money #luxurybags #oldmoney #newmoney ##hermes #balenciaga ,#luxurybags #oldmoney #newmoney #hermes #balenciaga,5384,48,1,3,15,2026-05-04T19:11:37.000Z,https://p16-common-sign.tiktokcdn-us.com/tos-useast5-p-0068-tx/o0cjeeEDPA0kY4k2Iw9m7gAEDfAYFHAhNEATOI~tplv-tiktokx-origin.image?dr=9636&x-expires=1788555600&x-signature=oE8m6%2BvHgqVTAO%2Btt5g8QdMWsfY%3D&t=4d5b0474&ps=13740610&shp=81f88b70&shcp=43f4a2f9&idc=useast5,,old money bag,False,False,720,1280
7679476278000471309,https://www.tiktok.com/@itsmedeona/video/7679476278000471309,itsmedeona,Deona,The Loom handbag by Loro Piana is on my wishlist and should be on yours too. 🥰#musthavebagsforwomen #handbag #handbagcollection #handbaglover @Loro Piana #creatorsearchinsights ,#musthavebagsforwomen #handbag #handbagcollection #handbaglover # #creatorsearchinsights,13000,414,26,29,34,2026-08-29T15:30:35.000Z,https://p19-common-sign.tiktokcdn-us.com/tos-useast5-p-0068-tx/ogGiBKSDqBeuuVDFEBuvlAQREDQlfkAgaRQy01~tplv-tiktokx-origin.image?dr=9636&x-expires=1788555600&x-signature=Q67rgMaAynRz4arCmIjxNrAbtho%3D&t=4d5b0474&ps=13740610&shp=81f88b70&shcp=43f4a2f9&idc=useast8,,loro piana tote,False,False,720,1280
7653638156734057749,https://www.tiktok.com/@olliezzz2/video/7653638156734057749,olliezzz2,OllieZzz,Should I keep this Loro Piana bag? help me decide!  #shouldikeepit #loropiana #fashiontiktok ,#shouldikeepit #loropiana #fashiontiktok,1089,9,2,0,32,2026-06-21T00:25:11.000Z,https://p19-common-sign.tiktokcdn-us.com/tos-alisg-p-0037/ogtI2nEqBDLNeUM3iQFog5IERAjiD9pfENBqBy~tplv-tiktokx-dmt-logom:tos-alisg-i-0068/oQfuO5gQElDANUtFy6C9BqX9wATBREAAIEsqfr.image?dr=9634&x-expires=1788555600&x-signature=5hg9EJ0%2BUNbdqYNufv6YiijQcbY%3D&t=4d5b0474&ps=13740610&shp=81f88b70&shcp=43f4a2f9&idc=useast8,,loro piana tote,False,False,576,1024
7665463609710873869,https://www.tiktok.com/@iamchr1stin3/video/7665463609710873869,iamchr1stin3,iamchr1stin3,I’m obsessed 🤩 #loropiana ,#loropiana,1612,169,12,4,20,2026-07-22T21:14:16.000Z,https://p19-common-sign.tiktokcdn-us.com/tos-useast5-p-0068-tx/osBLA1JBQ6liCsiIPIIADdAJ1MwfDT7hABMEqB~tplv-tiktokx-origin.image?dr=9636&x-expires=1788555600&x-signature=NM2axKCTqSUzbVQ0qv9VgKvtw78%3D&t=4d5b0474&ps=13740610&shp=81f88b70&shcp=43f4a2f9&idc=useast8,,loro piana tote,False,False,720,1280
7646582257095871775,https://www.tiktok.com/@expertemptynester/video/7646582257095871775,expertemptynester,Expert Empty Nester,#unboxing #loropiana #handbag ,#unboxing #loropiana #handbag,6282,89,18,30,43,2026-06-02T00:04:48.000Z,https://p16-common-sign.tiktokcdn-us.com/tos-useast8-p-0068-tx2/oMYRDEAcQMqI3JEiQBeVOVFjHHCJHEfhosAP2W~tplv-tiktokx-origin.image?dr=9636&x-expires=1788555600&x-signature=QS0aCmkw%2BBIr1WdVP1hu%2FqYWJwA%3D&t=4d5b0474&ps=13740610&shp=81f88b70&shcp=43f4a2f9&idc=useast8,,loro piana tote,False,False,720,1280
7490987172720430342,https://www.tiktok.com/@sofbaldassarra/video/7490987172720430342,sofbaldassarra,sofbaldassarra,I can’t wait to style this @Loro Piana ,#,49900,1519,71,107,82,2025-04-08T16:56:13.000Z,https://p16-common-sign.tiktokcdn-us.com/tos-maliva-p-0068/ocfQuqflQoTISA6CZqoM8CIjUdAXHjqgTYePgw~tplv-tiktokx-origin.image?dr=9636&x-expires=1788555600&x-signature=AdT6zM6fYc9NgdWxajkSkHF5P9Y%3D&t=4d5b0474&ps=13740610&shp=81f88b70&shcp=43f4a2f9&idc=useast8,,loro piana tote,False,False,576,1024
7654997343145594125,https://www.tiktok.com/@kenaroseee_/video/7654997343145594125,kenaroseee_,kena 💖,Another day another haulll 🤭🤏🏻✨ #bags #purse #purses #baghaul #teal ,#bags #purse #purses #baghaul #teal,51900,4549,75,216,184,2026-06-24T16:19:42.000Z,https://p16-common-sign.tiktokcdn-us.com/tos-useast5-p-0068-tx/ocIRFSqAA8q7KCk8DDIS0PF0shEBggffEAEAO6~tplv-tiktokx-origin.image?dr=9636&x-expires=1788555600&x-signature=cgd%2F%2BrxV5ZBsdejdkoBNTBj5l3k%3D&t=4d5b0474&ps=13740610&shp=81f88b70&shcp=43f4a2f9&idc=useast5,,bag haul,False,False,720,1280
7670955560057064736,https://www.tiktok.com/@thedesmarketing/video/7670955560057064736,thedesmarketing,TDM,"Haters will say they don’t look the same. Girl, are they commissioning you to say this? 😂 because they are IDENTICAL #thedesignermarketing #unboxinghaul #bagcollection #newseasonbag #baghaul ",#thedesignermarketing #unboxinghaul #bagcollection #newseasonbag #baghaul,91500,3566,34,380,8,2026-08-06T16:25:25.000Z,https://p16-common-sign.tiktokcdn-us.com/tos-useast2a-p-0037-euttp/og0LXpQ7eEASvAyqAnAFItE0fVEBJCDmODpRdF~tplv-tiktokx-origin.image?dr=9636&x-expires=1788555600&x-signature=GdnRb90HA6p7NAyeVmxYyhng9%2FQ%3D&t=4d5b0474&ps=13740610&shp=81f88b70&shcp=43f4a2f9&idc=useast5,,bag haul,False,False,576,1024
7675042975289822478,https://www.tiktok.com/@kenaroseee_/video/7675042975289822478,kenaroseee_,kena 💖,Are we kidding ?! In love with all of them 💕✨ #bags #pursetok #haul #baghaul #bagtok ,#bags #pursetok #haul #baghaul #bagtok,30700,2699,29,67,213,2026-08-17T16:47:12.000Z,https://p19-common-sign.tiktokcdn-us.com/tos-useast5-p-0068-tx/oYMrBU3ZIigDOSUrII5ixA3IECaO4l7BvPso0~tplv-tiktokx-origin.image?dr=9636&x-expires=1788555600&x-signature=FIEDj9Lzug6UpBsGWHp3y69p1y8%3D&t=4d5b0474&ps=13740610&shp=81f88b70&shcp=43f4a2f9&idc=useast5,,bag haul,False,False,720,1280
7680706889591606541,https://www.tiktok.com/@lyndsaneinthebrain/video/7680706889591606541,lyndsaneinthebrain,Lyndsay,"I really do like this bag, but I think I was getting early fomo and wanted it before everyone else got it… • • • #katespade #unboxing #purseunboxing #baghaul #katespadeny ",#katespade #unboxing #purseunboxing #baghaul #katespadeny,657,39,13,0,440,2026-09-01T23:05:38.000Z,https://p16-common-sign.tiktokcdn-us.com/tos-useast5-p-0068-tx/ok44ikaWBUAhYdX6pkU4EDiIBdbvVZDI0dyZg~tplv-tiktokx-dmt-logom:tos-useast5-i-0068-tx/oIICCAjIIHAeIQEuAVAA1IH4kELSftLGrCHBeS.image?dr=9634&x-expires=1788555600&x-signature=OYohC%2BaC6Rd7pMuy2uZ6dJ9XKGU%3D&t=4d5b0474&ps=13740610&shp=81f88b70&shcp=43f4a2f9&idc=useast5,,bag haul,False,False,720,1280
7642376646498077965,https://www.tiktok.com/@kenaroseee_/video/7642376646498077965,kenaroseee_,kena 💖,Which ones your fav ?!👀🌼✨#bags #baghaul #pursetok #pursehaul #purse ,#bags #baghaul #pursetok #pursehaul #purse,32000,999,18,47,178,2026-05-21T16:04:47.000Z,https://p16-common-sign.tiktokcdn-us.com/tos-useast5-p-0068-tx/o8iPsbwBfAIP1Y8XCBI1CSAELiBpiCbIY50IF0~tplv-tiktokx-origin.image?dr=9636&x-expires=1788555600&x-signature=Uvb6OkH6DeBN8wsB%2BhRUgHBTdIE%3D&t=4d5b0474&ps=13740610&shp=81f88b70&shcp=43f4a2f9&idc=useast5,,bag haul,False,False,720,1280
7680262347126033694,https://www.tiktok.com/@antosklaudia/video/7680262347126033694,antosklaudia,klaudiaantos,should’ve stayed my ass in the room 🙂 welp…. #unboxing #goyardbag #shoppinghaul ,#unboxing #goyardbag #shoppinghaul,55700,6848,130,81,15,2026-08-31T18:20:51.000Z,https://p16-common-sign.tiktokcdn-us.com/tos-useast8-p-0068-tx2/oYEAVquEbCcAkARNpxIACFEEYxD3RlAHefcBgV~tplv-tiktokx-origin.image?dr=9636&x-expires=1788555600&x-signature=55Oan0DCyXGDj7S1tu79XwyKE2Q%3D&t=4d5b0474&ps=13740610&shp=81f88b70&shcp=43f4a2f9&idc=useast5,,bag haul,False,False,720,1280
7679613255807012109,https://www.tiktok.com/@iiheart_gina/video/7679613255807012109,iiheart_gina,🎀  𝒢𝒾𝓃𝒶  🎀,I’ll take one of each 💕 #vspink #vspinkhaul #totebag ,#vspink #vspinkhaul #totebag,271600,34700,91,5365,13,2026-08-30T00:21:56.000Z,https://p16-common-sign.tiktokcdn-us.com/tos-useast5-p-0068-tx/o07uVHQS9AGeACAHIbEIEX0m8kL0jJMIGAeHeA~tplv-tiktokx-origin.image?dr=9636&x-expires=1788555600&x-signature=X35voLNy0ouKEtjxf5GxGryQ6Hs%3D&t=4d5b0474&ps=13740610&shp=81f88b70&shcp=43f4a2f9&idc=useast5,,bag haul,False,False,720,1280
7680368903607848212,https://www.tiktok.com/@donatellaargenio/video/7680368903607848212,donatellaargenio,★ Donicia,"#UNBOXING de mis primeras carteritas de lujo ✨💄 son toppp, mi fav es la ultima, y a ustedes cual les gusto mas? Las leooo 🫰🏻👀  #cartera #minibag #accesorios #haul ",#unboxing #cartera #minibag #accesorios #haul,108000,6192,57,276,156,2026-09-01T01:14:04.000Z,https://p19-common-sign.tiktokcdn-us.com/tos-alisg-p-0037/osQdJWiIIAw1VsSfJJiqW5asbvLQkCAUBAxICy~tplv-tiktokx-dmt-logom:tos-alisg-i-0068/ocAYC4AbDBpxJEtqBmIEaWiABYAUmPrli2vAd.image?dr=9634&x-expires=1788555600&x-signature=TSmbs2aDU8o6NJfyHcX3EYhAGMo%3D&t=4d5b0474&ps=13740610&shp=81f88b70&shcp=43f4a2f9&idc=useast5,,bag haul,False,False,576,1024
7679273985577602318,https://www.tiktok.com/@teddybearosito/video/7679273985577602318,teddybearosito,Theodora Moutinho⟭⟬,LIKE DREAMS bag haul PAUL FRANK collab 👜   #bagtok #paulfrank #bags #handbags #outfitinspo,#bagtok #paulfrank #bags #handbags #outfitinspo,1626,165,2,0,73,2026-08-29T02:25:21.000Z,https://p16-common-sign.tiktokcdn-us.com/tos-useast5-p-0068-tx/oEXDiBAigIR5yIDwBWCSSFISqBQeBvaApxb1FS~tplv-tiktokx-origin.image?dr=9636&x-expires=1788555600&x-signature=ZNNiYqV8AVh5HPRq1jPenw%2Bgck8%3D&t=4d5b0474&ps=13740610&shp=81f88b70&shcp=43f4a2f9&idc=useast5,,bag haul,False,False,720,1280
7678024156432190733,https://www.tiktok.com/@kenaroseee_/video/7678024156432190733,kenaroseee_,kena 💖,Another day another bag haul 👜✨ #haul #bagtok #pursetok #baghaul #purseunboxing ,#haul #bagtok #pursetok #baghaul #purseunboxing,12300,802,9,26,181,2026-08-25T17:35:52.000Z,https://p19-common-sign.tiktokcdn-us.com/tos-useast5-p-0068-tx/oINb1DVERIxAnSkffCIDTVDqFgKFEDlbBgV60j~tplv-tiktokx-origin.image?dr=9636&x-expires=1788555600&x-signature=qi0QE%2B2XWowei%2BTRsQriasrOhvQ%3D&t=4d5b0474&ps=13740610&shp=81f88b70&shcp=43f4a2f9&idc=useast5,,bag haul,False,False,720,1280
7560040964249668885,https://www.tiktok.com/@viralbagwaly/video/7560040964249668885,viralbagwaly,viralbagwalay,Moon bag new design available other detial price in inbox or whatsapp 03162046818 #trending #fyp #foryoupage #viral #foryou ,#trending #fyp #foryoupage #viral #foryou,129100,1280,34,265,76,2025-10-11T19:00:13.000Z,https://p16-common-sign.tiktokcdn.com/tos-alisg-p-0037/oEpID17oCQAVMdXjAKUIVeHeIAIeCCGnRQnjDL~tplv-tiktokx-origin.image?dr=14575&x-expires=1788555600&x-signature=5mwfbqUaQQswy5wD44fHGS%2BoD0I%3D&t=4d5b0474&ps=13740610&shp=81f88b70&shcp=43f4a2f9&idc=my3,,new bag,False,False,576,1024
7656836548356279573,https://www.tiktok.com/@faijaswishes/video/7656836548356279573,faijaswishes,𝙁𝙖𝙞𝙟𝙖'𝙨 𝙒𝙞𝙨𝙝𝙚𝙨ᥫ᭡,"Finally,the wait is over! ✨ Our new collection is here! 👜 Beautiful bags are now available at Faija's Wishes.💞 💌 Order now via inbox. 🚚 Delivery available all over Bangladesh.#fyppppppppppppppppppppppp #Ysl #bagcollection#trendingbag ",#fyppppppppppppppppppppppp #ysl #bagcollection #trendingbag,86400,556,51,461,33,2026-06-29T15:16:25.000Z,https://p16-common-sign.tiktokcdn.com/tos-alisg-p-0037/ootyYVXiaviELBygAALE4AIyC4kBEAKVBji4d~tplv-tiktokx-dmt-logom:tos-alisg-i-0068/oACWAYiE7ASK8MBAinAkQjaSEBBAjIJPjEE36.image?dr=14573&x-expires=1788555600&x-signature=RfaT5jWS5ec7xDrvn0io7ubBJj4%3D&t=4d5b0474&ps=13740610&shp=81f88b70&shcp=43f4a2f9&idc=my3,,new bag,False,False,576,1024
7663406694533319944,https://www.tiktok.com/@racun_bylins/video/7663406694533319944,racun_bylins,Linzhy୨ৎ,Meet my new baby 🌸✨ #bag #minibag #pinkbag #charlesandkeith ,#bag #minibag #pinkbag #charlesandkeith,131800,4436,36,879,20,2026-07-17T08:12:06.000Z,https://p16-common-sign.tiktokcdn.com/tos-alisg-p-0037/o8CA6Il3PB1AAAi4i7iEVZBnYEBaBljB9zQcA~tplv-tiktokx-origin.image?dr=14575&x-expires=1788555600&x-signature=CvviKqu52J%2FYl6ZltOtCxvpSYoI%3D&t=4d5b0474&ps=13740610&shp=81f88b70&shcp=43f4a2f9&idc=my3,,new bag,False,False,576,1024
7664985458602020117,https://www.tiktok.com/@mychoice.manigram/video/7664985458602020117,mychoice.manigram,My Choice fashion gallery,New arrival side bag🌻 #whatsapp9847399222 #visitourstoremychoicefashiongallery #goviral #foryoupage #fyp ,#whatsapp9847399222 #visitourstoremychoicefashiongallery #goviral #foryoupage #fyp,239300,9197,267,3337,33,2026-07-21T14:18:24.000Z,https://p16-common-sign.tiktokcdn.com/tos-alisg-p-0037/os3bPeItGD1ULzOIz9IfvwQ2vC4gYU9A8Ujf5A~tplv-tiktokx-origin.image?dr=14575&x-expires=1788555600&x-signature=fhWH1af7eSYQ6z2inqoTkwPN%2BLw%3D&t=4d5b0474&ps=13740610&shp=81f88b70&shcp=43f4a2f9&idc=my3,,new bag,False,False,576,1024
7668016174747110678,https://www.tiktok.com/@velvet.honey__/video/7668016174747110678,velvet.honey__,🍸,Old money bags inspo 👜.        #bags #oldmoney #fashiontiktok #parati #foryoupagе ,#bags #oldmoney #fashiontiktok #parati #foryoupagе,2345,155,0,6,8,2026-07-29T18:19:08.000Z,https://p16-common-sign.tiktokcdn-eu.com/tos-no1a-p-0037-no/ogQaDf3aEEDkQDiDXCqgFB9UIeRkA8akbFlsG6~tplv-tiktokx-origin.image?dr=10395&x-expires=1788555600&x-signature=YHG3sMML7SZpUjQ%2Bm62LpkKkU%2BI%3D&t=4d5b0474&ps=13740610&shp=81f88b70&shcp=43f4a2f9&idc=no1a,,old money bag,False,False,576,1024
7468887756219944238,https://www.tiktok.com/@anvaniiy/video/7468887756219944238,anvaniiy,Anna,#crossbodybag #classystyle #tiktokshopfinds #brownbag #oldmoneyaesthetic ,#crossbodybag #classystyle #tiktokshopfinds #brownbag #oldmoneyaesthetic,49900,338,9,60,15,2025-02-08T03:39:37.000Z,https://p16-common-sign.tiktokcdn-eu.com/tos-useast5-p-0068-tx/oMHCfADpooFDfFRSn3v4HASEgIxNCJiQAA8tE7~tplv-tiktokx-origin.image?dr=10395&x-expires=1788555600&x-signature=6outbif5%2FQFLe%2BkATXDkIR1LdBw%3D&t=4d5b0474&ps=13740610&shp=81f88b70&shcp=43f4a2f9&idc=no1a,,old money bag,False,False,576,1024
7447928553943043374,https://www.tiktok.com/@youronlinebffjen/video/7447928553943043374,youronlinebffjen,Jen 🫶🏻,If you love the old money arstheuc you NEED to buy this buy. They have 4 colors available and its just $28 with free shipping. Grab a few 🫣 #tiktokshop #tiktokshopholidayhaul #tiktokshopping #oldmoney #oldmoneyaesthetic #yoursign #luxurylife #leatherhandbags #bucketbag ,#tiktokshop #tiktokshopholidayhaul #tiktokshopping #oldmoney #oldmoneyaesthetic #yoursign #luxurylife #leatherhandbags #bucketbag,2012,10,3,6,24,2024-12-13T16:06:47.000Z,https://p16-common-sign.tiktokcdn-eu.com/tos-useast5-p-0068-tx/oMc0wrBAAIzAiBY33JfBI6Kd57kWWiCyAiBEiE~tplv-tiktokx-origin.image?dr=10395&x-expires=1788555600&x-signature=1yi%2BdiNwQAG8khPjm5rZ9%2Ftle5k%3D&t=4d5b0474&ps=13740610&shp=81f88b70&shcp=43f4a2f9&idc=no1a,,old money bag,False,False,576,1024
7448201110705294600,https://www.tiktok.com/@flaxi4/video/7448201110705294600,flaxi4,🎀 DOODY VIBES 🎀,In love !! 🪵👜🪩 #fyp #إكسبلور #explorepage #fypシ゚viral #viraltiktok #viralvideo #exploremore #اكسبلورexplore #bag #oldmoneystyle #delvaux ,#fyp #إكسبلور #explorepage #fypシ゚viral #viraltiktok #viralvideo #exploremore #اكسبلورexplore #bag #oldmoneystyle #delvaux,217400,6220,17,228,18,2024-12-14T09:44:23.000Z,https://p16-common-sign.tiktokcdn-eu.com/tos-alisg-p-0037/ogAGAf9gDBBnFAlEsdEUVlE2XCcIWiQgezRYNA~tplv-tiktokx-origin.image?dr=10395&x-expires=1788555600&x-signature=v7WpEJXIZrRmmipiVj%2BZ1DR9Nqc%3D&t=4d5b0474&ps=13740610&shp=81f88b70&shcp=43f4a2f9&idc=no1a,,old money bag,False,False,576,1024
7647555466838543646,https://www.tiktok.com/@st.drez/video/7647555466838543646,st.drez,st.drez,"The summer bag, every billionaire‘s wife carries and it’s not a Birkin  #oldmoney #luxury #birkin #goyard  ",#oldmoney #luxury #birkin #goyard,3172,137,3,5,87,2026-06-09T14:30:00.000Z,https://p16-common-sign.tiktokcdn-eu.com/tos-useast8-p-0068-tx2/oY9PaSc0yIGIVTii9REi2RgwhD1CCA3uBBAkA~tplv-tiktokx-origin.image?dr=10395&x-expires=1788555600&x-signature=dYED4v%2ByMmR2bojAwZkWCqf2Pfk%3D&t=4d5b0474&ps=13740610&shp=81f88b70&shcp=43f4a2f9&idc=no1a,,old money bag,False,False,720,1280
7449729279077797153,https://www.tiktok.com/@agnespaval/video/7449729279077797153,agnespaval,Agnes Paval • UGC creator,,,19400,201,1,15,7,2024-12-18T12:34:33.000Z,https://p16-common-sign.tiktokcdn-eu.com/tos-useast2a-p-0037-euttp/oQE6CAREIDAfqQDFAnAQmYL9PCFFogYDs2fXS2~tplv-tiktokx-origin.image?dr=10395&x-expires=1788555600&x-signature=Js%2FNckPwgAHXkTqxoqAakYwxybg%3D&t=4d5b0474&ps=13740610&shp=81f88b70&shcp=43f4a2f9&idc=no1a,,old money bag,False,False,576,1024
7680833674950036744,https://www.tiktok.com/@sarahkathleenfrancis/video/7680833674950036744,sarahkathleenfrancis,Sarah Kathleen Francis,Meet the newest additions to my bag collection from @Beara Beara 🤎  #whatsinmybag #oldmoney #darkacademia #academia #pinterestaesthetic ,# #whatsinmybag #oldmoney #darkacademia #academia #pinterestaesthetic,4703,597,3,8,46,2026-09-02T07:17:37.000Z,https://p16-common-sign.tiktokcdn-eu.com/tos-alisg-p-0037/oACNEKiBADvAA67Az1fXCraIYAiS2IAS0jBjUw~tplv-tiktokx-origin.image?dr=10395&x-expires=1788555600&x-signature=3gd%2Fz7TtAllfpWzKbNUdxY%2BKh2k%3D&t=4d5b0474&ps=13740610&shp=81f88b70&shcp=43f4a2f9&idc=no1a,,old money bag,False,False,576,1024
7595175421877030166,https://www.tiktok.com/@oldmoneystyling2/video/7595175421877030166,oldmoneystyling2,OldMoneyStyling,#oldmoney #viral #globalrecommendations #globall #globalrecommendations ,#oldmoney #viral #globalrecommendations #globall #globalrecommendations,336,24,0,0,6,2026-01-14T11:19:50.000Z,https://p16-common-sign.tiktokcdn-eu.com/tos-no1a-p-0037-no/oA9ORpixZDpEEey3FAQjW3ufD3NgBFIDAskB23~tplv-tiktokx-origin.image?dr=10395&x-expires=1788555600&x-signature=%2F1TTGYNrnnmKhbxvsWC7C7gYfdA%3D&t=4d5b0474&ps=13740610&shp=81f88b70&shcp=43f4a2f9&idc=no1a,,old money bag,False,False,622,576
7640484338093657357,https://www.tiktok.com/@the.lazy.thrifter/video/7640484338093657357,the.lazy.thrifter,Jeremy Carr:The Lazy Thrifter,Replying to @Nikki42_42 I’m just saying- it’s all about signals and Louis Vuitton signals upper middle class NOT wealthy. #louisvuitton #luxury #oldmoney #fashion #thrift ,# #louisvuitton #luxury #oldmoney #fashion #thrift,3300000,180400,22300,19900,46,2026-05-16T13:42:06.000Z,https://p16-common-sign.tiktokcdn-eu.com/tos-useast5-p-0068-tx/ocQeIq9E0BHxzgRPjKQAgFEDMdDz7CKHEfolDS~tplv-tiktokx-origin.image?dr=10395&x-expires=1788555600&x-signature=r94TzP1A8DLPy7wnGnljPGLfuKo%3D&t=4d5b0474&ps=13740610&shp=81f88b70&shcp=43f4a2f9&idc=no1a,,old money bag,False,False,720,1280
7435017668706438443,https://www.tiktok.com/@17th.ck/video/7435017668706438443,17th.ck,17th St,Some classic old money bags 🌠 #17StByColaKicks #designerbags #oldmoney #classicbags #charlotteyork #satc #rarebags #vintagedesignerbags ,#17stbycolakicks #designerbags #oldmoney #classicbags #charlotteyork #satc #rarebags #vintagedesignerbags,3806,137,1,4,13,2024-11-08T21:05:55.000Z,https://p16-common-sign.tiktokcdn-eu.com/tos-useast5-p-0068-tx/o0QIEUjIQHA8TgRcHOeAvI3MkCWo7fXMPIDzWf~tplv-tiktokx-origin.image?dr=10395&x-expires=1788555600&x-signature=liEZwVqiOuV5vz6tq49Pdn4a5Jw%3D&t=4d5b0474&ps=13740610&shp=81f88b70&shcp=43f4a2f9&idc=no1a,,old money bag,False,False,576,1024
7597804062142188822,https://www.tiktok.com/@madelenfashionista/video/7597804062142188822,madelenfashionista,Madelen | Outfit Inspo & Finds,"POV: you find a designer-looking bag at H&M 🤎 Perfect everyday tote if you want: • old money vibes • fits your whole life • looks expensive, isn’t • elevates every outfit  Save this for your next shopping trip.  #hmfinds #baginspo #affordablefashion #everydaybag #fashionfinds",#hmfinds #baginspo #affordablefashion #everydaybag #fashionfinds,28000,232,1,42,7,2026-01-21T13:20:15.000Z,https://p16-common-sign.tiktokcdn-eu.com/tos-no1a-p-0037-no/o0TSQIIGbeeLhoWXpSahI50QSkLFQjA40JDxfA~tplv-tiktokx-origin.image?dr=10395&x-expires=1788555600&x-signature=TlOK8qIsN59i2ZPxNgl8JhQ49fs%3D&t=4d5b0474&ps=13740610&shp=81f88b70&shcp=43f4a2f9&idc=no1a,,old money bag,False,False,576,1024
7583755525242785032,https://www.tiktok.com/@sgsdesigner/video/7583755525242785032,sgsdesigner,sgsdesigner,Loro Piana large top handle handbag bag P479,,288,2,0,0,36,2025-12-14T16:44:45.000Z,https://p19-common-sign.tiktokcdn-us.com/tos-alisg-p-0037/o8RASHQAQ7AW8Qd6ZkGBxf8eVFMJGFfgtFXkoe~tplv-tiktokx-origin.image?dr=9636&x-expires=1788555600&x-signature=FFwX0YQgOTqcwkma13QhN1o6ThQ%3D&t=4d5b0474&ps=13740610&shp=81f88b70&shcp=43f4a2f9&idc=useast5,,loro piana tote,False,False,576,1024
7665314622026583316,https://www.tiktok.com/@shamilarayperyy/video/7665314622026583316,shamilarayperyy,shamila ray finds,#unboxing loro piana vanity bag Link in bio or ask 💕😩 #dh8finds #unboxing #luxury #affordable,#unboxing #dh8finds #unboxing #luxury #affordable,1283,10,1,2,17,2026-07-22T11:35:46.000Z,https://p19-common-sign.tiktokcdn-us.com/tos-alisg-p-0037/oksWEJCqBgAIaBRcAEqvfA9Ag2tDYFerKUHqSE~tplv-tiktokx-origin.image?dr=9636&x-expires=1788555600&x-signature=Kya04fZR7OhaApjcIMf0GUa0bZo%3D&t=4d5b0474&ps=13740610&shp=81f88b70&shcp=43f4a2f9&idc=useast5,,loro piana tote,False,False,576,1024
7635243033503583496,https://www.tiktok.com/@mustee.and.co/video/7635243033503583496,mustee.and.co,mustee.and.co,"Softness you can see, luxury you can feel. This is loro piana 🖤😍🔥",,61400,2261,73,253,66,2026-05-02T10:42:34.000Z,https://p19-common-sign.tiktokcdn-us.com/tos-alisg-p-0037/ooSx15uRGITSD1lhAeLD4bjDfCe4TqDIIGAII6~tplv-tiktokx-origin.image?dr=9636&x-expires=1788555600&x-signature=ugJJqIyaCVmK1m4k1k6iPh6hEGs%3D&t=4d5b0474&ps=13740610&shp=81f88b70&shcp=43f4a2f9&idc=useast5,,loro piana tote,False,False,480,854
7680250628509060359,https://www.tiktok.com/@zaki_premuim25/video/7680250628509060359,zaki_premuim25,Zh_premuim25,Loropiana 👕🇨🇳🔥 @Charaf zh_premium #zhpremium #explore #loropiana ,# #zhpremium #explore #loropiana,3632,306,10,10,29,2026-08-31T17:35:07.000Z,https://p19-common-sign.tiktokcdn-us.com/tos-alisg-p-0037/osBVRbHFqIcgEqBfuBlFUSsEISDN59Acwgfz0U~tplv-tiktokx-origin.image?dr=9636&x-expires=1788555600&x-signature=yLccdLW3ILlD73MRykappTcP%2Fmk%3D&t=4d5b0474&ps=13740610&shp=81f88b70&shcp=43f4a2f9&idc=useast5,,loro piana tote,False,False,576,1024
7680144251069500692,https://www.tiktok.com/@boutique.misskh/video/7680144251069500692,boutique.misskh,Miss kh,,,7130,307,3,25,15,2026-08-31T10:42:15.000Z,https://p19-common-sign.tiktokcdn-us.com/tos-alisg-p-0037/okDGnBGfgLAjgLFVURIweWReGnWTeGXVq8oWAw~tplv-tiktokx-origin.image?dr=9636&x-expires=1788555600&x-signature=ix7s%2FoLO3akRwtut08isrGbnMvg%3D&t=4d5b0474&ps=13740610&shp=81f88b70&shcp=43f4a2f9&idc=useast5,,loro piana tote,False,False,576,1024
7675414940542455073,https://www.tiktok.com/@fr.boutique19/video/7675414940542455073,fr.boutique19,fr.boutique19,Ensemble classique sport loro piana Chemise et pentalon FR.boutique 0781384711#الشعب_الصيني_ماله_حل😂😂 ,#الشعب_الصيني_ماله_حل😂😂,497300,11700,139,1255,15,2026-08-18T16:50:04.000Z,https://p19-common-sign.tiktokcdn-us.com/tos-useast2a-p-0037-euttp/ooXfkia2ATrI0BwLImjBT2vLSsiCQ13zoBAEEE~tplv-tiktokx-origin.image?dr=9636&x-expires=1788555600&x-signature=bpRdAQrlSr2pnDK2eRM8%2F2RJMUI%3D&t=4d5b0474&ps=13740610&shp=81f88b70&shcp=43f4a2f9&idc=useast5,,loro piana tote,False,False,576,1024
7553722808145054978,https://www.tiktok.com/@your9to5godmother/video/7553722808145054978,your9to5godmother,Odette | Corporate and Style,"Part 2: I really couldn't decide which bag I should go for, I would love to hear what you think. sound off in the comments  #luxurystyle #workbag #luxurybag #harrodsshopping #loropiana ",#luxurystyle #workbag #luxurybag #harrodsshopping #loropiana,6451,141,31,0,148,2025-09-24T18:22:27.000Z,https://p16-common-sign.tiktokcdn-us.com/tos-no1a-p-0037-no/owRGiFWiAgAQgAaooDkFEbm1IC6feA3ohgDbEp~tplv-tiktokx-dmt-logom:tos-no1a-i-0068-no/o4oAkhUlWCaEDAFRfFZIFtbAA1EHgNfDmbNDEj.image?dr=9634&x-expires=1788555600&x-signature=5ksf5XrdpOE6KpFB4LmhDaocxJs%3D&t=4d5b0474&ps=13740610&shp=81f88b70&shcp=43f4a2f9&idc=useast5,,loro piana tote,False,False,576,1024
7676219475116494110,https://www.tiktok.com/@victoyazamor/video/7676219475116494110,victoyazamor,Victoya Zamor,Unexpectedly got this bag after a solidcore class. The perfect bag if you don’t want the same bag everyone else has #loropiana #birkin #hermes #designerbags ,#loropiana #birkin #hermes #designerbags,9723,473,6,26,6,2026-08-20T20:52:11.000Z,https://p19-common-sign.tiktokcdn-us.com/tos-useast8-p-0068-tx2/ocjEwIfXA4XQNFgVUsqFEuRDQCBf4jLOeAD0Ib~tplv-tiktokx-origin.image?dr=9636&x-expires=1788555600&x-signature=vysvSbAkdG938fV4zCXgBOKZWe0%3D&t=4d5b0474&ps=13740610&shp=81f88b70&shcp=43f4a2f9&idc=useast5,,loro piana tote,False,False,720,1280
7668732224203771149,https://www.tiktok.com/@kenaroseee_/video/7668732224203771149,kenaroseee_,kena 💖,Suchhhh a good haul 🤭💕🤏🏼 #bagtok #bags #purses #baghaul #pursehaul ,#bagtok #bags #purses #baghaul #pursehaul,65100,4596,59,130,237,2026-07-31T16:38:17.000Z,https://p19-common-sign.tiktokcdn-us.com/tos-useast5-p-0068-tx/oEp8NGyI5InoCzPBi1mw7YB0iCfEAA3UVIosY8~tplv-tiktokx-origin.image?dr=9636&x-expires=1788555600&x-signature=qmOzwSFHrC%2F2%2B6hfFV7cGQ%2BwcOQ%3D&t=4d5b0474&ps=13740610&shp=81f88b70&shcp=43f4a2f9&idc=useast5,,bag haul,False,False,720,1280
7662786303402003726,https://www.tiktok.com/@kenaroseee_/video/7662786303402003726,kenaroseee_,kena 💖,Ahh this was such a good haul 🤍 #bags #purses #haul #baghaul #pursehaul ,#bags #purses #haul #baghaul #pursehaul,39700,2808,55,62,179,2026-07-15T16:05:00.000Z,https://p16-common-sign.tiktokcdn-us.com/tos-useast5-p-0068-tx/ocIgDf43BBV1is9CYXir9kI7KApIRU4wzQIydA~tplv-tiktokx-origin.image?dr=9636&x-expires=1788555600&x-signature=PPh0RDwAZFgJNzl%2F0z53d%2Fn%2BHO4%3D&t=4d5b0474&ps=13740610&shp=81f88b70&shcp=43f4a2f9&idc=useast5,,bag haul,False,False,720,1280
7655206046738205973,https://www.tiktok.com/@earnls/video/7655206046738205973,earnls,earnls,มัดรวมกระเป๋าแบกบ้าน สายแบกคอม สายพนงออฟฟิศแบบเอิน คือเลิ้บเลยย  ที่เราใส่จะเป็น macbook air 13 นิ้วน้าา #กระเป๋า #กระเป๋าแฟชั่น #กระเป๋าทํางาน #รีวิวกระเป๋า ,#กระเป๋า #กระเป๋าแฟชั่น #กระเป๋าทํางาน #รีวิวกระเป๋า,864900,47200,49,3953,74,2026-06-25T05:49:15.000Z,https://p16-common-sign.tiktokcdn-us.com/tos-alisg-p-0037/oEdBzDqI8WfDuBUwgXcVMfEOFEARsCP59XYI9I~tplv-tiktokx-origin.image?dr=9636&x-expires=1788555600&x-signature=9IGrDd30R1Jyj9zFttRgvzHTNxQ%3D&t=4d5b0474&ps=13740610&shp=81f88b70&shcp=43f4a2f9&idc=useast8,,bag that fits laptop,True,False,576,1024
7681010305228360992,https://www.tiktok.com/@igthao/video/7681010305228360992,igthao,Thao,"Help me choose my work bag, any recommendations?🤍   that single grey hair is driving me crazy…  #corporategirlies  #corporatefashion #workbag #bagrecommendation #laptopbag ",#corporategirlies #corporatefashion #workbag #bagrecommendation #laptopbag,2152,129,12,0,150,2026-09-02T18:42:57.000Z,https://p19-common-sign.tiktokcdn-us.com/tos-useast2a-p-0037-euttp/oIAANRiqYIfAAGGIifYeKLbYCGc9fbENKJ4I4A~tplv-tiktokx-origin.image?dr=9636&x-expires=1788555600&x-signature=mzLmuxsS7TEXfl51l4iXs5XZ4AI%3D&t=4d5b0474&ps=13740610&shp=81f88b70&shcp=43f4a2f9&idc=useast8,,bag that fits laptop,False,False,576,1024
7669867447322774797,https://www.tiktok.com/@itsmotorola/video/7669867447322774797,itsmotorola,Tolani | outfit strategy,Replying to @•amber• if you are looking for extra large bag options for work look no further!! These bags  will fit that 17inch laptop and more while still being stylish 🙂‍↕️@𝗵𝗲𝗺𝗶 𝗯𝗹𝘂𝗿𝗿 @edyisa @TORY BURCH @Curves by Sean Brown @Atorie #workbagsforwomen #largeworktote #workbags #officebags #stylishbags ,# # # # # # #workbagsforwomen #largeworktote #workbags #officebags #stylishbags,346900,28900,324,675,149,2026-08-03T18:03:28.000Z,https://p16-common-sign.tiktokcdn-us.com/tos-useast5-p-0068-tx/ocDIIAJIEFAP44AAQj7Dkug3aarAfnUhoH5fEe~tplv-tiktokx-origin.image?dr=9636&x-expires=1788555600&x-signature=GQm3I%2BtF8SB7d5A9ozMYiVDUMc4%3D&t=4d5b0474&ps=13740610&shp=81f88b70&shcp=43f4a2f9&idc=useast8,,bag that fits laptop,False,False,720,1280
7680522080932384021,https://www.tiktok.com/@theee_go_getter/video/7680522080932384021,theee_go_getter,theee_go_getter,Keeping it classy all summer with these Loro Piana Summer Walks from @authentic_corner_zm 👌🥰 #unboxingvideo #unboxing #fashion #luxurystyle #explorepage✨ ,# #unboxingvideo #unboxing #fashion #luxurystyle #explorepage✨,675,71,4,5,46,2026-09-01T11:08:26.000Z,https://p16-common-sign.tiktokcdn-us.com/tos-alisg-p-0037/oAvqieIE4AC8BRwMgQFmlZcDUf3IzFrEBEB0tQ~tplv-tiktokx-dmt-logom:tos-alisg-i-0068/oQAPhyBC5WBIEYnlVACKUiV77AipsiEaAahA6.image?dr=9634&x-expires=1788555600&x-signature=n4Nt03Raa2h2lh3An%2FVTAF3mJe8%3D&t=4d5b0474&ps=13740610&shp=81f88b70&shcp=43f4a2f9&idc=useast5,,loro piana tote,False,False,576,1024
7655199263927979272,https://www.tiktok.com/@nilacksiladuangchay/video/7655199263927979272,nilacksiladuangchay,Poona 🇻🇳🇱🇦,Cái gì khó mua lại thấy nó thú vị 😛   #dailylife #grwm #mylife #unboxing ,#dailylife #grwm #mylife #unboxing,61900,1494,17,93,158,2026-06-25T05:23:12.000Z,https://p19-common-sign.tiktokcdn-us.com/tos-alisg-p-0037/oIMCvaiE8wb5EAAAKA8YBglAAAjyIM4AiBxHP~tplv-tiktokx-dmt-logom:tos-alisg-i-0068/oQCjCiAzu80aPAABAI1IBEwGv8iAAMBYlxyEE.image?dr=9634&x-expires=1788555600&x-signature=w8inolp6AkVYO8r%2BaJ50va6V0C0%3D&t=4d5b0474&ps=13740610&shp=81f88b70&shcp=43f4a2f9&idc=useast5,,loro piana tote,False,False,576,1024
7619361103830682898,https://www.tiktok.com/@pmahpmahhh/video/7619361103830682898,pmahpmahhh,แม่น้องอามิ,รีวิวกระเป๋าลูกสาว Loro Piana ,,158100,4725,4,236,77,2026-03-20T15:32:35.000Z,https://p19-common-sign.tiktokcdn-us.com/tos-alisg-p-0037/oMfIICQF59JHaY89KJAcIBYawBiJA0Ar36Buni~tplv-tiktokx-origin.image?dr=9636&x-expires=1788555600&x-signature=6wsK1RIpI9mwTiV1ker%2FjrrMXoc%3D&t=4d5b0474&ps=13740610&shp=81f88b70&shcp=43f4a2f9&idc=useast5,,loro piana tote,False,False,576,1024
7680979905307299092,https://www.tiktok.com/@kyiv.brand/video/7680979905307299092,kyiv.brand,kyiv.brand,"Мюлі Loro Piana в найвищій якості! Натуральна замша, всі розміри в наявності, чекати не потрібно 😍 #мюлі #лофери #лоферы #loropiana #лоропіана ",#мюлі #лофери #лоферы #loropiana #лоропіана,534,8,0,0,19,2026-09-02T16:45:04.000Z,https://p16-common-sign.tiktokcdn-us.com/tos-alisg-p-0037/osaE5AYEolIvAjBAcyiUC8iSWhAA46YcYvKBp~tplv-tiktokx-dmt-logom:tos-alisg-i-0068/osyp7Cji8YalaB0AooAgh4xAEAgAYIESABPiU.image?dr=9634&x-expires=1788555600&x-signature=DxVVEopr4bvP8hR3hdFFRtfrxgA%3D&t=4d5b0474&ps=13740610&shp=81f88b70&shcp=43f4a2f9&idc=useast5,,loro piana tote,False,False,576,1024
7653153611903470861,https://www.tiktok.com/@kenaroseee_/video/7653153611903470861,kenaroseee_,kena 💖,Part 2 🤭🤏🏻✨ #haul #bags #baghaul #pursetok #pursehaul ,#haul #bags #baghaul #pursetok #pursehaul,21000,816,24,42,141,2026-06-19T17:05:11.000Z,https://p16-common-sign.tiktokcdn-us.com/tos-useast5-p-0068-tx/o8ePfCs0uUF9QAIqdfMLYIlGC7xcaQj1rLkAFH~tplv-tiktokx-origin.image?dr=9636&x-expires=1788555600&x-signature=%2FTAC5RAnWwMYoGe9r%2Bf2K433C9Y%3D&t=4d5b0474&ps=13740610&shp=81f88b70&shcp=43f4a2f9&idc=useast5,,bag haul,False,False,720,1280
7678866866898504974,https://www.tiktok.com/@kindle_ryder/video/7678866866898504974,kindle_ryder,kindle_ryder,Japan definitely knows how to show a shopaholic a good time #japan #shopping #bags #vintage #haul ,#japan #shopping #bags #vintage #haul,40300,6245,280,417,173,2026-08-28T00:05:24.000Z,https://p16-common-sign.tiktokcdn-us.com/tos-useast5-p-0068-tx/okVzEHAFvQqhsjGAVfIIweQZFaooDfhCkYyVYh~tplv-tiktokx-origin.image?dr=9636&x-expires=1788555600&x-signature=wYCDZcSgoGNZyhYblu%2FlEVLZGpA%3D&t=4d5b0474&ps=13740610&shp=81f88b70&shcp=43f4a2f9&idc=useast5,,bag haul,False,False,720,1280
7677423434011249940,https://www.tiktok.com/@.fanilu27/video/7677423434011249940,.fanilu27,f:),no paré de decir “me encanta” #haul #backtoschool #fyp ,#haul #backtoschool #fyp,34300,3433,28,124,221,2026-08-24T02:44:04.000Z,https://p16-common-sign.tiktokcdn-us.com/tos-alisg-p-0037/o8CfjfMvFo18nIaLuaBDo0hQQR9WBIVEDAAAe2~tplv-tiktokx-origin.image?dr=9636&x-expires=1788555600&x-signature=eRRdIC9H6U0afrondSBafCKC%2B5c%3D&t=4d5b0474&ps=13740610&shp=81f88b70&shcp=43f4a2f9&idc=useast5,,bag haul,False,False,576,1024
7680541985656114446,https://www.tiktok.com/@mommastoobsshops/video/7680541985656114446,mommastoobsshops,MommastoobsShops,I can not believe the last bag I got 😳😳 Hampton’s Runway store haul!   #designerbags #tjmaxxrunway #pursetok #pursecollection #newpurse ,#designerbags #tjmaxxrunway #pursetok #pursecollection #newpurse,10400,674,170,9,285,2026-09-01T12:26:17.000Z,https://p19-common-sign.tiktokcdn-us.com/tos-useast5-p-0068-tx/okiEGEg1SAQNBprEi3m2iIxApzWfIYl3CLjwIB~tplv-tiktokx-origin.image?dr=9636&x-expires=1788555600&x-signature=xEvr9M9iH6BY1%2Bg25v7nZtr6oAQ%3D&t=4d5b0474&ps=13740610&shp=81f88b70&shcp=43f4a2f9&idc=useast5,,bag haul,False,False,720,1280
7666585930987228429,https://www.tiktok.com/@unfilteredgracie/video/7666585930987228429,unfilteredgracie,gracie,my first exotic bags haul! #exotic #luxury #handbags #luxuryhandbags #shopping ,#exotic #luxury #handbags #luxuryhandbags #shopping,211700,15500,90,376,64,2026-07-25T21:49:18.000Z,https://p19-common-sign.tiktokcdn-us.com/tos-useast5-p-0068-tx/oQp4Fk2UaE9xL4H2A4BWiL5I1EBiPmNldrgUI~tplv-tiktokx-dmt-logom:tos-useast5-i-0068-tx/ogRlRSuQqESAEAD2LCZiLBeiIjBA12AUugfb1u.image?dr=9634&x-expires=1788555600&x-signature=yfJ8NfWQVHFv0NlxnKXd80yM%2BDk%3D&t=4d5b0474&ps=13740610&shp=81f88b70&shcp=43f4a2f9&idc=useast5,,bag haul,True,False,720,1280
7678109438141599006,https://www.tiktok.com/@rubysfinds6/video/7678109438141599006,rubysfinds6,Ruby’sFinds,Hi Faye💕💕This is ur video hope u like it 💕💕#pinkaesthetic #fyp #bag #packingvideo #baghaul ,#pinkaesthetic #fyp #bag #packingvideo #baghaul,10100,348,11,3,148,2026-08-25T23:06:13.000Z,https://p19-common-sign.tiktokcdn-us.com/tos-useast8-p-0068-tx2/oQEUjADPHEDffAGpcvqPqOjEAu0FIIVmIQAAe3~tplv-tiktokx-origin.image?dr=9636&x-expires=1788555600&x-signature=3KgixP%2B9FQmqcu%2BMS%2FB8frI1dd4%3D&t=4d5b0474&ps=13740610&shp=81f88b70&shcp=43f4a2f9&idc=useast5,,bag haul,False,False,720,1280
7502149738133720342,https://www.tiktok.com/@claradouton/video/7502149738133720342,claradouton,Clara,the perfect old money bag🧘🏻‍♀️  #coachoutlet #coachoutletemployee #coacheurope #coach ,#coachoutlet #coachoutletemployee #coacheurope #coach,1365,37,3,3,9,2025-05-08T18:52:35.000Z,https://p16-common-sign.tiktokcdn-eu.com/tos-no1a-p-0037-no/oALneAGcAeBWuLGOgTQlrAQRAQezKIUgAAnfIB~tplv-tiktokx-origin.image?dr=10395&x-expires=1788555600&x-signature=t3Zpz94GN4iqs2gmXplo1x84JFw%3D&t=4d5b0474&ps=13740610&shp=81f88b70&shcp=43f4a2f9&idc=no1a,,old money bag,False,False,576,1024
7637196348797816086,https://www.tiktok.com/@imhrisa/video/7637196348797816086,imhrisa,Chryssa Handis,"In a city like New York, it’s never just what you carry. It’s how it carries you. Meet the Lattice Shellseeker Bag from @Songmont 🖤 #oldmoneyaesthetic #oldmoney #nyc #americanstyle #modestfashion ",# #oldmoneyaesthetic #oldmoney #nyc #americanstyle #modestfashion,84700,10800,38,185,17,2026-05-07T17:02:27.000Z,https://p19-common-sign.tiktokcdn-eu.com/tos-no1a-p-0037-no/owgpG2LlAAAzARRWgEiVfxkBQfMNjamiFECD8I~tplv-tiktokx-origin.image?dr=10395&x-expires=1788555600&x-signature=HULC31O9vBXPS55C4LlIP%2BhSHcE%3D&t=4d5b0474&ps=13740610&shp=81f88b70&shcp=43f4a2f9&idc=no1a,,old money bag,False,False,576,1024
7295649527816588576,https://www.tiktok.com/@insp_outfits_/video/7295649527816588576,insp_outfits_,Inspoutfits💙🫂,Those tote bags from Goyard I’m obsessed 😩🙏🏻👜 #fyp #bag #goyard #goyardbag #goyardtote #totebag #oldmoney #wishlist #dreambag #fashion ,#fyp #bag #goyard #goyardbag #goyardtote #totebag #oldmoney #wishlist #dreambag #fashion,80800,1715,1,233,5,2023-10-30T07:26:28.000Z,https://p16-common-sign.tiktokcdn-eu.com/tos-useast2a-p-0037-euttp/oYfT0ncERQ6AqPOf6pIBsGDlzo2FEDB1BQzqWP~tplv-tiktokx-origin.image?dr=10395&x-expires=1788555600&x-signature=LnWcXKxSMtS%2FATYWwmNLlay67FY%3D&t=4d5b0474&ps=13740610&shp=81f88b70&shcp=43f4a2f9&idc=no1a,,old money bag,False,False,576,1024
7597280743974391058,https://www.tiktok.com/@_kimchiandpickle/video/7597280743974391058,_kimchiandpickle,Ä,"For anyone looking for a mom bag or work bag, go get the @BAGGU Bowler Bag Medium size. It fits literally EVERYTHING 🫨  I’m a Baggu girly, have 4 of their bags (Cresent, Shoulder, Bowler small, Bowler Medium) so far yang paling muat segala hal itu Bowler Bag Medium size, handle Baggu bah semuanya enak buat bawaan berat2 dan gak bikin pegel.   Definisi tas tempur cemplang cemplung 🫡  #baggu #whatsinmybag #baginspo #workbag ",# #baggu #whatsinmybag #baginspo #workbag,357800,8128,242,555,57,2026-01-20T03:29:32.000Z,https://p16-common-sign.tiktokcdn-us.com/tos-alisg-p-0037/oQouI3al0EKACAA29BtiCBtiIHBAvtAkNwfUpk~tplv-tiktokx-origin.image?dr=9636&x-expires=1788555600&x-signature=pD%2FUq1hSyCxClQ2OehJ%2F1zAzQd0%3D&t=4d5b0474&ps=13740610&shp=81f88b70&shcp=43f4a2f9&idc=useast5,,bag that fits laptop,False,False,576,1024
7639569321500429599,https://www.tiktok.com/@helloitsz/video/7639569321500429599,helloitsz,zainab,"for the last month my mission has been to find the perfect work bag that’s both practical and stylish (and preferably easy to transition outside of work!)  my criteria is petite friendly, holds my laptop and some basic essentials (i have a locker at work so it doesn’t need to be massive), no crazy hardware, closed top and commuter friendly 🙏🏼   so far here are my top picks, Imk which one you guys think I should go with? or should i keep searching lol  @fabrique.official @coach @radleylondon @majeparis",,72600,2026,44,33,97,2026-05-14T02:30:59.000Z,https://p19-common-sign.tiktokcdn-us.com/tos-useast8-p-0068-tx2/oMbELAFB6IDyh4AAPgAAfWEnqKQFRiFEVAeTZC~tplv-tiktokx-origin.image?dr=9636&x-expires=1788555600&x-signature=hTTbiyc58LTCJzG7LwYyAzh1mPg%3D&t=4d5b0474&ps=13740610&shp=81f88b70&shcp=43f4a2f9&idc=useast5,,bag that fits laptop,False,False,720,1280
7656132357719739679,https://www.tiktok.com/@ninaeyu/video/7656132357719739679,ninaeyu,nina 유소미,pack my @sundae.school bojagi tie tote bag with me 👜 #sundaeschool #gifted ,# #sundaeschool #gifted,5272,243,2,14,46,2026-06-27T17:44:10.000Z,https://p19-common-sign.tiktokcdn-us.com/tos-useast8-p-0068-tx2/o0KEUCFQZIDLp1AAvOAAfwEkqAQkRtFEVAeAFC~tplv-tiktokx-origin.image?dr=9636&x-expires=1788555600&x-signature=iNH0lz%2FSDLieJb2K8BR4FGJreAc%3D&t=4d5b0474&ps=13740610&shp=81f88b70&shcp=43f4a2f9&idc=useast5,,bag that fits laptop,False,False,720,1280
7675888809946467597,https://www.tiktok.com/@ggsmiz/video/7675888809946467597,ggsmiz,gyana ᥫ᭡,I love her 🥹 #whatsinmybag #fyp #backtoschool #collegebag #laptopbag ,#whatsinmybag #fyp #backtoschool #collegebag #laptopbag,537100,104900,123,873,10,2026-08-19T23:29:17.000Z,https://p16-common-sign.tiktokcdn-us.com/tos-useast5-p-0068-tx/osBxGFfyDq9x1iwCqLwAA4pwiQIBPI3wICyOGu~tplv-tiktokx-origin.image?dr=9636&x-expires=1788555600&x-signature=OhoZH9LLbdPvrHX%2BusmLKOLW4%2FA%3D&t=4d5b0474&ps=13740610&shp=81f88b70&shcp=43f4a2f9&idc=useast5,,bag that fits laptop,False,False,720,1280
7677328503565569293,https://www.tiktok.com/@ggsmiz/video/7677328503565569293,ggsmiz,gyana ᥫ᭡,for everyone asking what fits in it! #fyp #whatsinmybag #backtoschool #collegebag #laptopbag ,#fyp #whatsinmybag #backtoschool #collegebag #laptopbag,284000,29600,81,870,12,2026-08-23T20:35:58.000Z,https://p19-common-sign.tiktokcdn-us.com/tos-useast5-p-0068-tx/ocyLttOi6BbUjCaIA5Q3BI5YvWiBE9WwgIoE4~tplv-tiktokx-origin.image?dr=9636&x-expires=1788555600&x-signature=LfcKRD0HW3tA4bI9%2BtFDFV6uBHc%3D&t=4d5b0474&ps=13740610&shp=81f88b70&shcp=43f4a2f9&idc=useast5,,bag that fits laptop,False,False,720,1280
7665245429574962445,https://www.tiktok.com/@gluglubandbag/video/7665245429574962445,gluglubandbag,gluglubandbag,My perfect laptop tote 👜 My bag finally has enough pockets for my 14in laptop ☁️☕️ #packwithme #workbag #totebag #laptoptote #worktok,#packwithme #workbag #totebag #laptoptote #worktok,1546,11,0,1,14,2026-07-22T07:07:46.000Z,https://p19-common-sign.tiktokcdn-us.com/tos-useast5-p-0068-tx/oUxVIpq7xBAEb1BW4Di6BI1DxC1wuAgMIKf6gi~tplv-tiktokx-origin.image?dr=9636&x-expires=1788555600&x-signature=BuOnMF13q102qQypjkQ7uR1KB4Y%3D&t=4d5b0474&ps=13740610&shp=81f88b70&shcp=43f4a2f9&idc=useast5,,bag that fits laptop,False,False,720,1280
7668479493585079582,https://www.tiktok.com/@curatedbykayvision/video/7668479493585079582,curatedbykayvision,heather,Link in bio! Love this bag for work or travel days 💕 #ugc #workbag #laptopbag #amazon ,#ugc #workbag #laptopbag #amazon,2893,72,3,0,10,2026-07-31T00:17:07.000Z,https://p16-common-sign.tiktokcdn-us.com/tos-useast8-p-0068-tx2/oAZqkeDCIECOb8mIe6UIrDYC1It1qUZfAAPFNj~tplv-tiktokx-origin.image?dr=9636&x-expires=1788555600&x-signature=0OZvcwZuAX9dib2Z5ls53oY9Z9M%3D&t=4d5b0474&ps=13740610&shp=81f88b70&shcp=43f4a2f9&idc=useast5,,bag that fits laptop,False,False,720,1280
7680591988923632917,https://www.tiktok.com/@seven.mens.qz/video/7680591988923632917,seven.mens.qz,seven.mens.qz,,,152400,3030,54,613,14,2026-09-01T15:39:40.000Z,https://p16-common-sign.tiktokcdn-us.com/tos-alisg-p-0037/oQQRtLqEeFOXGkG0QejjBQCAIe4JMWfFOcNAG3~tplv-tiktokx-origin.image?dr=9636&x-expires=1788555600&x-signature=ydvitj3pt8kdYxMQUXAJ5LMPqJc%3D&t=4d5b0474&ps=13740610&shp=81f88b70&shcp=43f4a2f9&idc=useast5,,loro piana tote,False,False,576,1024
7616855621861707038,https://www.tiktok.com/@kellyydoan/video/7616855621861707038,kellyydoan,Kelly Doan,"My current office backpack, it’s giving quiet luxury #workbag #bag #backpack #schoolbag mansion@MAISON de SABRÉ backpack ",#workbag #bag #backpack #schoolbag #,164100,3040,27,211,90,2026-03-13T21:30:18.000Z,https://p16-common-sign.tiktokcdn-us.com/tos-useast8-p-0068-tx2/o409pAyzIVFfZEQpNtFfEBA2cAN2HSQMRID2Ei~tplv-tiktokx-dmt-logom:tos-useast8-i-0068-tx2/ocejIIPKmLRXFAEp9QEhQgfAAALeITAQaxGqAI.image?dr=9634&x-expires=1788555600&x-signature=gcqZ7q%2F%2F%2F8SLfVIMYxBPhw5DDOc%3D&t=4d5b0474&ps=13740610&shp=81f88b70&shcp=43f4a2f9&idc=useast8,,bag that fits laptop,False,False,720,1280
7666283582188571922,https://www.tiktok.com/@vandanasarchive/video/7666283582188571922,vandanasarchive,vandana siva,thank you @CHARLESKEITHOFFICIAL for a uni bag that’s not gonna hurt my shoulders and is a fashion statement heh   #gifted #unibag #laptopbag #fashionbag ,# #gifted #unibag #laptopbag #fashionbag,38100,2396,17,46,7,2026-07-25T02:15:51.000Z,https://p19-common-sign.tiktokcdn-us.com/tos-alisg-p-0037/oMHeYF7EEItIgiZ7Bkfv3iiARQcjqDUzBDqFBQ~tplv-tiktokx-origin.image?dr=9636&x-expires=1788555600&x-signature=wfoR5kPoIYa2DuFEkYc%2BSRYl2cQ%3D&t=4d5b0474&ps=13740610&shp=81f88b70&shcp=43f4a2f9&idc=useast8,,bag that fits laptop,True,False,576,1024
7668267376105884959,https://www.tiktok.com/@illamakyu/video/7668267376105884959,illamakyu,illamakyu,dont worry it still fits my laptop😋 #officelife #cute #itabag #anime #weeb ,#officelife #cute #itabag #anime #weeb,38500,1576,7,29,15,2026-07-30T18:00:00.000Z,https://p19-common-sign.tiktokcdn-us.com/tos-useast8-p-0068-tx2/okfk9AfVq1QHWKjRIHA9Q2FE38eOHUrJDAIkC7~tplv-tiktokx-origin.image?dr=9636&x-expires=1788555600&x-signature=IBQXDnEYUxQmT4tTEJs6CHZJC2E%3D&t=4d5b0474&ps=13740610&shp=81f88b70&shcp=43f4a2f9&idc=useast8,,bag that fits laptop,False,False,720,1280
7673597016085204238,https://www.tiktok.com/@mali.nalli/video/7673597016085204238,mali.nalli,malinalli,the ultimate bag haul 🥰💓🫶🏽 #vintage #coach #wlw ,#vintage #coach #wlw,73300,13900,39,201,178,2026-08-13T19:16:11.000Z,https://p16-common-sign.tiktokcdn-eu.com/tos-useast5-p-0068-tx/oULrAtrpfAiuOmxGIKBCjGGFIAeeQC5pRfoAQG~tplv-tiktokx-origin.image?dr=10395&x-expires=1788555600&x-signature=ANgVJH9RxteGPgWsO4jmtVLsQzU%3D&t=4d5b0474&ps=13740610&shp=81f88b70&shcp=43f4a2f9&idc=no1a,,bag haul,False,False,720,1280
7602350296907451679,https://www.tiktok.com/@summerspurses/video/7602350296907451679,summerspurses,Summer Vu,new purse haul 🤍 #fyp #pursetok #unboxing #hauls ,#fyp #pursetok #unboxing #hauls,41900,2606,25,111,237,2026-02-02T19:22:06.000Z,https://p19-common-sign.tiktokcdn-eu.com/tos-useast8-p-0068-tx2/ocHeVAAImEQCVfuBJDLIAKG5RAAGTwAQIseOUf~tplv-tiktokx-origin.image?dr=10395&x-expires=1788555600&x-signature=%2BNbIau3ai1OI4ya1j3tW43D5EUE%3D&t=4d5b0474&ps=13740610&shp=81f88b70&shcp=43f4a2f9&idc=no1a,,bag haul,False,False,720,1280
7639064671353359630,https://www.tiktok.com/@passionnforfashionnn101/video/7639064671353359630,passionnforfashionnn101,passionnforfashionnn101,Bag is linked in my bio! Guys I’m so obsessed I could cry.   @Ultra-collection   #haul #baghaul #affordablebag #designerbags #chanelbag ,# #haul #baghaul #affordablebag #designerbags #chanelbag,61200,1213,18,90,82,2026-05-12T17:53:08.000Z,https://p19-common-sign.tiktokcdn-eu.com/tos-useast5-p-0068-tx/oAbFkEBcIdRSwaP73ff9DI2KqQTaADiGADEgAD~tplv-tiktokx-origin.image?dr=10395&x-expires=1788555600&x-signature=3NMws479CbRnWTdzwoffklV38mo%3D&t=4d5b0474&ps=13740610&shp=81f88b70&shcp=43f4a2f9&idc=no1a,,bag haul,False,False,720,1280
7677984985189502230,https://www.tiktok.com/@xchloe_smartx/video/7677984985189502230,xchloe_smartx,˙˚𝑐ℎ𝑙𝑜𝑒́🦢˚˙,omg im obsessed @Coach #fyp #school #bag #haul #viral ,# #fyp #school #bag #haul #viral,69800,7692,81,103,78,2026-08-25T15:03:14.000Z,https://p16-common-sign.tiktokcdn-eu.com/tos-no1a-p-0037-no/oMwarmgAhEABMAeqA8AaIrENf6EC9CFkIDkRjF~tplv-tiktokx-origin.image?dr=10395&x-expires=1788555600&x-signature=5lu%2BOtUzX%2BWC8nU53yOjde56Gn0%3D&t=4d5b0474&ps=13740610&shp=81f88b70&shcp=43f4a2f9&idc=no1a,,bag haul,False,False,576,1024
7675075692723211552,https://www.tiktok.com/@bestini.paris/video/7675075692723211552,bestini.paris,BESTINI OFFICIEL,l'incontournable de la rentrée 2026 !   #schoolbag #rentree2026 #haulsac #sacamain #sacordinateur ,#schoolbag #rentree2026 #haulsac #sacamain #sacordinateur,903100,86100,305,5437,11,2026-08-17T18:53:36.000Z,https://p16-common-sign.tiktokcdn-eu.com/tos-useast2a-p-0037-euttp/owBNWCspWEMZiCIEYAoyoa0i1ANABAKvqDgZp~tplv-tiktokx-origin.image?dr=10395&x-expires=1788555600&x-signature=dn%2FmpmqHmnxXN6kVmMsH47iB2EQ%3D&t=4d5b0474&ps=13740610&shp=81f88b70&shcp=43f4a2f9&idc=no1a,,bag haul,False,False,576,1024
7680961343553359117,https://www.tiktok.com/@emmarose188_/video/7680961343553359117,emmarose188_,emmarose188_,This is one of their best creations they’re stepping up their game @Louis Vuitton #haul #luxuryhaul #baghaul ,# #haul #luxuryhaul #baghaul,6613,490,16,28,77,2026-09-02T15:33:41.000Z,https://p16-common-sign.tiktokcdn-eu.com/tos-useast5-p-0068-tx/o40QkQgFAAfDH4sujFftHVDCeAMRGEIZ64UoJw~tplv-tiktokx-origin.image?dr=10395&x-expires=1788555600&x-signature=TfZawvu9H22tCvD%2F%2Fiexhm3Th5U%3D&t=4d5b0474&ps=13740610&shp=81f88b70&shcp=43f4a2f9&idc=no1a,,bag haul,False,False,720,1280
7666837560248864020,https://www.tiktok.com/@rove.th/video/7666837560248864020,rove.th,Rove,All bags fit a 13 inch MacBook 💻🤿🧘🏼‍♀️ #rove #roveth #baggu #bagguth #bag ,#rove #roveth #baggu #bagguth #bag,338100,24500,77,1031,31,2026-07-27T04:00:00.000Z,https://p16-common-sign.tiktokcdn-us.com/tos-alisg-p-0037/ooiMTDAzeAIIKhDXAGjUZFEeKIDoLIA0JCAQfW~tplv-tiktokx-origin.image?dr=9636&x-expires=1788555600&x-signature=DCvUGnNP2VOZIjHMusVuM9qJ3d4%3D&t=4d5b0474&ps=13740610&shp=81f88b70&shcp=43f4a2f9&idc=useast8,,bag that fits laptop,False,False,576,1024
7666321579147611410,https://www.tiktok.com/@sheknowstheresnoplanetb/video/7666321579147611410,sheknowstheresnoplanetb,She Knows Official,"Meet the Jane Club Tote.  A contemporary tote designed for every day – fits up to a 16-inch laptop and all your essentials, while staying surprisingly lightweight.   _________  ⭐️ Join the club!  Sat 01.08.26 – exclusively at Loft Eyes Siam Flagship Sun 02.08.26 – Online exclusive at Sheknowsofficial.com  Special pre-sale price available on both days  #SHEKNOWSOFFICIAL #JaneClubToteBySHEKNOWS #JoinTheJaneClub #16InchLaptopBag #LeatherTote ",#SHEKNOWSOFFICIAL #JaneClubToteBySHEKNOWS #JoinTheJaneClub #16InchLaptopBag #LeatherTote,99700,3770,57,796,32,2026-07-25T04:43:14.000Z,https://p19-common-sign.tiktokcdn-us.com/tos-alisg-p-0037/oMNICohoiiAvQMBwII4ButUChyPae61kxAkvAu~tplv-tiktokx-origin.image?dr=9636&x-expires=1788555600&x-signature=YRLYrr1GqjFZzZJZTbaVbbwYBGk%3D&t=4d5b0474&ps=13740610&shp=81f88b70&shcp=43f4a2f9&idc=useast8,,bag that fits laptop,False,False,576,1024
7678446380766989581,https://www.tiktok.com/@jessicanlinn/video/7678446380766989581,jessicanlinn,Jessica Linn,Does the pillow Brooklyn 34 fit a 13 inch laptop?! #coachbag #coachbags #pillowbrooklyn ,#coachbag #coachbags #pillowbrooklyn,14500,422,9,28,14,2026-08-26T20:53:53.000Z,https://p16-common-sign.tiktokcdn-us.com/tos-useast5-p-0068-tx/oc2SYWUVBUViailE9X4A4jILPISBXDngogCmP~tplv-tiktokx-origin.image?dr=9636&x-expires=1788555600&x-signature=PIrmKkCLp8BnVHyy%2BxMC%2FahydFE%3D&t=4d5b0474&ps=13740610&shp=81f88b70&shcp=43f4a2f9&idc=useast8,,bag that fits laptop,False,False,720,1280
7680954801819061517,https://www.tiktok.com/@kateyquist/video/7680954801819061517,kateyquist,kate,i refuse to wear backpacks so pls comment below ur favs #workbag #school #ootd,#workbag #school #ootd,846,75,2,0,11,2026-09-02T15:07:45.000Z,https://p19-common-sign.tiktokcdn-us.com/tos-useast5-p-0068-tx/oAVSIYUIAGIO6AYykOcCeL8eHHk0nIUtjHMfVE~tplv-tiktokx-origin.image?dr=9636&x-expires=1788555600&x-signature=p4jb1CXFBFFUSUVXph8wNrlT4EQ%3D&t=4d5b0474&ps=13740610&shp=81f88b70&shcp=43f4a2f9&idc=useast8,,bag that fits laptop,False,False,720,1280
7546793694758817079,https://www.tiktok.com/@kaaay_ng/video/7546793694758817079,kaaay_ng,kara | 5’0 petite girlie,what fits in my new medium baggu bowler bag - she’s PERFECT! thanks to the girlie who commented on my tiktok telling me she uses this as her bag for work with her laptop 🤭  this fits SO much and i now have a new addition to my work bag collection   be prepared to be sick of this bag 🙂‍↔️  #baggu #shoulderbag #bowlerbag #workbag #whatsinmybag ,#baggu #shoulderbag #bowlerbag #workbag #whatsinmybag,155200,4816,59,248,196,2025-09-06T02:14:21.000Z,https://p19-common-sign.tiktokcdn-us.com/tos-useast5-p-0068-tx/oY0AJ07SfBuEcAiIwBlI0PxAAXCQwZPCmxmBip~tplv-tiktokx-dmt-logom:tos-useast5-i-0068-tx/oAkEdfCALzgGwHQRAAAjf3eHIMHLuYIRAQsgad.image?dr=9634&x-expires=1788555600&x-signature=RU8%2FuT7Y1C2G6wZ7Dy0paMiPyHU%3D&t=4d5b0474&ps=13740610&shp=81f88b70&shcp=43f4a2f9&idc=useast5,,bag that fits laptop,False,False,576,1024
7680683549288140062,https://www.tiktok.com/@eloiseperkinss/video/7680683549288140062,eloiseperkinss,Eloise,Like I want the giant city bag but obviously thats like $5000 #corporate #wfh #fashion ,#corporate #wfh #fashion,5358,515,21,1,11,2026-09-01T21:35:13.000Z,https://p16-common-sign.tiktokcdn-us.com/tos-useast8-p-0068-tx2/o4ROtEUkA9OIeERqN0VFET3lIB1fQaVXIADREl~tplv-tiktokx-origin.image?dr=9636&x-expires=1788555600&x-signature=6gpSde6Mmn%2B4L8ciuOzNvHgzm%2FE%3D&t=4d5b0474&ps=13740610&shp=81f88b70&shcp=43f4a2f9&idc=useast5,,bag that fits laptop,False,False,720,1280
7626608693206912287,https://www.tiktok.com/@moon__cakes/video/7626608693206912287,moon__cakes,𝔗𝔦𝔣𝔣𝔞𝔫𝔶 🖤,Nommi girl 🖤 me and my tiny mirror Bag: Rebecca Minkoff  #botd #ootd #fitcheck #nommi #bagcharm ,#botd #ootd #fitcheck #nommi #bagcharm,2709,214,10,2,5,2026-04-09T04:17:20.000Z,https://p19-common-sign.tiktokcdn-us.com/tos-useast8-p-0068-tx2/owG1VIPQDXxhyCUNAEfJAfAAHFzNApEEczERIu~tplv-tiktokx-origin.image?dr=9636&x-expires=1788555600&x-signature=63fJS4xFoG4t5HTMUGeLelwYhGQ%3D&t=4d5b0474&ps=13740610&shp=81f88b70&shcp=43f4a2f9&idc=useast8,,mirror outfit check bag,False,False,720,1280
7672060688189148436,https://www.tiktok.com/@ingrydmarinss/video/7672060688189148436,ingrydmarinss,Ingryd Marins,me and my travel bag everyday 🫶🏼 #wlw #wuhluhwuh #OOTD ,#wlw #wuhluhwuh #ootd,1124,28,4,0,12,2026-08-09T15:54:01.000Z,https://p16-common-sign.tiktokcdn-us.com/tos-alisg-p-0037/ogEa4noAivmiiYBIAzMlAEBBiYosAlwVYpUAl~tplv-tiktokx-origin.image?dr=9636&x-expires=1788555600&x-signature=xy%2B%2FhPn9sdts4R666Ybln1HZz4c%3D&t=4d5b0474&ps=13740610&shp=81f88b70&shcp=43f4a2f9&idc=useast8,,mirror outfit check bag,False,False,576,1024
7596867433336507703,https://www.tiktok.com/@thatjewelrygal/video/7596867433336507703,thatjewelrygal,ThatJewelryGal • Old Miami,Dirty Mirror Fit Check 🪞 Casual Edition: 🍣🍚🍲  Pants @adidas https://go.shopmy.us/p-37007425 Bag: my old speedy  Shoes @Crocs Jewelry: Getcuffed.com / @GET CUFFED JEWELRY   #fitcheck #adidas #louisvuitton #crocs ,# # # #fitcheck #adidas #louisvuitton #crocs,410,16,2,2,43,2026-01-19T00:46:04.000Z,https://p16-common-sign.tiktokcdn-us.com/tos-useast5-p-0068-tx/oIsaRpARbDoEEftiDAQAT07fK5qgbFIDAESC6X~tplv-tiktokx-dmt-logom:tos-useast5-i-0068-tx/oYNjMQAxh9SAYeIyAErAVkXAE2IKeH8vYeAh2V.image?dr=9634&x-expires=1788555600&x-signature=8DaEWt05G%2B7ur9LejXRiHTjsjwA%3D&t=4d5b0474&ps=13740610&shp=81f88b70&shcp=43f4a2f9&idc=useast8,,mirror outfit check bag,False,False,720,1280
7649028856883514646,https://www.tiktok.com/@jasmingreenx/video/7649028856883514646,jasmingreenx,Jasmin Green,fit check in the new mirror x,,42900,1392,17,33,15,2026-06-08T14:18:44.000Z,https://p16-common-sign.tiktokcdn-us.com/tos-no1a-p-0037-no/o0ImIEFuRzbJAjDqhFolft5tMyeE3EJgkNs0BG~tplv-tiktokx-origin.image?dr=9636&x-expires=1788555600&x-signature=wyAZp3SF2zm50LuEMgO3Qyi9NK0%3D&t=4d5b0474&ps=13740610&shp=81f88b70&shcp=43f4a2f9&idc=useast8,,mirror outfit check bag,False,False,576,1024
7670525216669437206,https://www.tiktok.com/@omniluxe3/video/7670525216669437206,omniluxe3,Omniluxe,Mirror selfie just for the bag 🪞👜#mirrorselfie #luxurybag #outfitcheck #designerbag #fyp,#mirrorselfie #luxurybag #outfitcheck #designerbag #fyp,983,20,0,0,4,2026-08-05T12:35:29.000Z,https://p16-common-sign.tiktokcdn-us.com/tos-no1a-p-0037-no/oY6Fd3qQmyTDfB5Xg7kCyfEdFEARDEcqhYjBLQ~tplv-tiktokx-origin.image?dr=9636&x-expires=1788555600&x-signature=BTXO8CJfmkw%2ButmiM%2FURFjEmc5Y%3D&t=4d5b0474&ps=13740610&shp=81f88b70&shcp=43f4a2f9&idc=useast8,,mirror outfit check bag,True,False,576,1024
7678364712395984148,https://www.tiktok.com/@iceyqeen21/video/7678364712395984148,iceyqeen21,Sapphire Digital,"POV: The mirror said, “Don’t change a thing.” 😌🤎✨ Outfit approved, bag grabbed, and now I’m leaving before I somehow convince myself to try on six more looks. 😂 #AIInfluencer #AICreator #AITwin #AIGirl #VirtualInfluencer #POV #OutfitCheck #MirrorCheck #OOTD #GRWM #AIFashion #FashionInspo #FeminineStyle #SoftLuxury #LuxuryLifestyle #StyleInspo #LifestyleCreator #CreatorLife#fypシ゚viral",#fypシ゚viral,228,32,0,2,15,2026-08-26T15:37:03.000Z,https://p19-common-sign.tiktokcdn-us.com/tos-alisg-p-0037/oIOAKpDHALfJBpkqW5UKGqPAeIgJQALeAIAPeG~tplv-tiktokx-origin.image?dr=9636&x-expires=1788555600&x-signature=50uNcd23e8hI%2FYQq2EVpSIUY9ZM%3D&t=4d5b0474&ps=13740610&shp=81f88b70&shcp=43f4a2f9&idc=useast8,,mirror outfit check bag,False,False,1080,1920
7574765998184697106,https://www.tiktok.com/@ambergracewilksch/video/7574765998184697106,ambergracewilksch,Amber Grace Wilksch ✪,basic fit but handbag is the outfit 💜🪽🌻 #ootd #fitcheck #softgirlaesthetic #mirrorfit #fashiontok,#ootd #fitcheck #softgirlaesthetic #fashiontok,692,69,2,0,30,2025-11-20T11:20:46.000Z,https://p19-common-sign.tiktokcdn-us.com/tos-alisg-p-0037/o8QmARBpgH9ecFI23uIDZgFEUdBfAMjO9QNgEv~tplv-tiktokx-origin.image?dr=9636&x-expires=1788555600&x-signature=CUaUIq3ZYFUXktNJ%2BPUtyQ47wjg%3D&t=4d5b0474&ps=13740610&shp=81f88b70&shcp=43f4a2f9&idc=useast8,,mirror outfit check bag,False,False,576,1024
7529965978285870358,https://www.tiktok.com/@lozozzy/video/7529965978285870358,lozozzy,Laura,“Serving looks even in the restroom mirror 😘✨ #OOTD check 🖤”👜”  #mirrorselfie #fashiontiktok #stylelnspo #louisvuittonbag ,#ootd #mirrorselfie #fashiontiktok #stylelnspo #louisvuittonbag,496,52,2,0,8,2025-07-22T17:53:50.000Z,https://p16-common-sign.tiktokcdn-us.com/tos-no1a-p-0037-no/oQfNfBHALFDEsjADmqDIIQQDfQH6H0jS8FKIjy~tplv-tiktokx-origin.image?dr=9636&x-expires=1788555600&x-signature=QDvCiqR3Vd65aan8uZc%2FL6tEtnM%3D&t=4d5b0474&ps=13740610&shp=81f88b70&shcp=43f4a2f9&idc=useast8,,mirror outfit check bag,False,False,576,1024
7667969657797741857,https://www.tiktok.com/@ariadnaa.xrx/video/7667969657797741857,ariadnaa.xrx,ariadnaa.xrx,#outfitcheck  #lipsync  #ootdinspo  #vibe  #mirrorselfie ,#outfitcheck #lipsync #ootdinspo #vibe #mirrorselfie,9282,235,7,9,13,2026-07-29T15:18:38.000Z,https://p19-common-sign.tiktokcdn-us.com/tos-useast2a-p-0037-euttp/owBvm2zaAZwGYkwTBBI4XgdZXIVZiOvC0qEoi~tplv-tiktokx-origin.image?dr=9636&x-expires=1788555600&x-signature=sucRhPQ7G226jJgZgmblXhR%2BjdQ%3D&t=4d5b0474&ps=13740610&shp=81f88b70&shcp=43f4a2f9&idc=useast8,,mirror outfit check bag,False,False,576,1024
7644553257616100629,https://www.tiktok.com/@desfao_studio/video/7644553257616100629,desfao_studio,desfao_studio,mirror fit check 🪞✨ #fyp #viral #ootd #brand #xuhuong ,#fyp #viral #ootd #brand #xuhuong,5756,58,1,26,24,2026-05-27T12:51:02.000Z,https://p19-common-sign.tiktokcdn-us.com/tos-alisg-p-0037/oQeELo7FBD6FlcmWLXFAgiIERAxJACyfEACqAu~tplv-tiktokx-origin.image?dr=9636&x-expires=1788555600&x-signature=EgkSmyqJ%2BBbMnoeDD6frbLcwyRg%3D&t=4d5b0474&ps=13740610&shp=81f88b70&shcp=43f4a2f9&idc=useast8,,mirror outfit check bag,False,False,576,1024
7467985893186407702,https://www.tiktok.com/@stradivarius/video/7467985893186407702,stradivarius,Stradivarius,fit check in the mirror with the new viral bag🧈👜 by @Lastrenz   #stradivarius #stradilooks #fyp #viralbag #newin #outfitcheck ,# #stradivarius #stradilooks #fyp #viralbag #newin #outfitcheck,40200,474,12,55,8,2025-02-05T17:19:28.000Z,https://p16-common-sign.tiktokcdn-us.com/tos-no1a-p-0037-no/o4PAI5joeFtEzAFjtLiIeZ7AARI6AufCgsnDEq~tplv-tiktokx-origin.image?dr=9636&x-expires=1788555600&x-signature=4cp7LJtkJLcMX3OsJWkbsTllGYw%3D&t=4d5b0474&ps=13740610&shp=81f88b70&shcp=43f4a2f9&idc=useast8,,mirror outfit check bag,False,False,576,1024
7444463208879918354,https://www.tiktok.com/@inrea.official/video/7444463208879918354,inrea.official,INREA,The bag that makes you want to take mirror selfies everywhere you go.  #fashionmalaysia #outfitideas #handbag #ootd #selfie #fashionlessons #whatsinmybag #fyp ,#fashionmalaysia #outfitideas #handbag #ootd #selfie #fashionlessons #whatsinmybag #fyp,58500,648,5,102,8,2024-12-04T07:59:24.000Z,https://p19-common-sign.tiktokcdn-us.com/tos-alisg-p-0037/owfIECXBb9FGZ2CQpNAxIYYCwAi9AzAAqiBqOi~tplv-tiktokx-origin.image?dr=9636&x-expires=1788555600&x-signature=CzGqZrLel8zdXPxBx12LKI%2Fqb0A%3D&t=4d5b0474&ps=13740610&shp=81f88b70&shcp=43f4a2f9&idc=useast8,,mirror outfit check bag,False,False,576,1024
7666992679225412878,https://www.tiktok.com/@reginaceecee/video/7666992679225412878,reginaceecee,reginaceecee,,,3212,66,8,2,12,2026-07-27T00:07:43.000Z,https://p19-common-sign.tiktokcdn-us.com/tos-useast5-p-0068-tx/oYA1V2wmFimKPoy1AMDDIoImfBC92ABpIBzIMi~tplv-tiktokx-origin.image?dr=9636&x-expires=1788555600&x-signature=JsOD%2FPpl4AzeHKLXeU%2Fq4p5afL0%3D&t=4d5b0474&ps=13740610&shp=81f88b70&shcp=43f4a2f9&idc=useast5,,bag in car,False,False,720,1280
7666213731109506335,https://www.tiktok.com/@fairyjadyn/video/7666213731109506335,fairyjadyn,Jadyn Hailey 🌸🍌🍡,"#Ad 💕🚙 PASSENGER PRINCESS CAR BAG!! 🫐⭐️ I know I always say I’m getting my license (and I will), but I’m a proud certified passenger princess with my Oral-B Glide Floss Picks in my car bag hehe 🦷  #passengerprincess #cartour #whatsinmycar #whatsinmybag ",#ad #passengerprincess #cartour #whatsinmycar #whatsinmybag,48800000,42500,168,1107,29,2026-07-24T21:44:47.000Z,https://p19-common-sign.tiktokcdn-us.com/tos-useast8-p-0068-tx2/oMAXAfWKBEBqiAwEmji3eOEMYCVIAPuAy3Rb5A~tplv-tiktokx-origin.image?dr=9636&x-expires=1788555600&x-signature=fqwoMa8Yi5%2BzOv49KrYxZ9SlsTM%3D&t=4d5b0474&ps=13740610&shp=81f88b70&shcp=43f4a2f9&idc=useast5,,bag in car,True,False,720,1280
7655073082616368398,https://www.tiktok.com/@suburbbaby11/video/7655073082616368398,suburbbaby11,Suburb baby,Twitch-suburbbaby ,,122500,8765,80,123,68,2026-06-24T21:13:39.000Z,https://p16-common-sign.tiktokcdn-us.com/tos-useast5-p-0068-tx/oAhmtAf7SPID6SR4EygkIRFE8VMeYq8ID2DEB2~tplv-tiktokx-origin.image?dr=9636&x-expires=1788555600&x-signature=uicjtj6ldSDarkQPDQlUvqB8ciw%3D&t=4d5b0474&ps=13740610&shp=81f88b70&shcp=43f4a2f9&idc=useast5,,bag in car,False,False,720,1280
7664283569384197398,https://www.tiktok.com/@historyofplanet5/video/7664283569384197398,historyofplanet5,𝐏𝐥𝐚𝐧𝐞𝐭\𝐇𝐢𝐬𝐭𝐨𝐫𝐲🌍,A Stranger Put A Bag In My Car 😨#3D #animation #story  #Usa #learnontiktok ,#3d #animation #story #usa #learnontiktok,86000,2326,31,112,66,2026-07-19T16:54:42.000Z,https://p16-common-sign.tiktokcdn-us.com/tos-no1a-p-0037-no/oQyvAvHZBC11iISCediAovEVLAyIqjGwzAIyAA~tplv-tiktokx-origin.image?dr=9636&x-expires=1788555600&x-signature=rqdYObse0exSLQSMWojuinalcSQ%3D&t=4d5b0474&ps=13740610&shp=81f88b70&shcp=43f4a2f9&idc=useast5,,bag in car,False,False,576,1018
7667420432219344159,https://www.tiktok.com/@naenae711531/video/7667420432219344159,naenae711531,Renae,Just a girl 🎀,,2181,83,4,4,114,2026-07-28T03:47:34.000Z,https://p19-common-sign.tiktokcdn-us.com/tos-useast8-p-0068-tx2/o0CILyULMJjDIRRILEANjQQGoAjq0e7CEwehle~tplv-tiktokx-origin.image?dr=9636&x-expires=1788555600&x-signature=SAQhRfq5sGnrVQRHxgpOOUQUjJY%3D&t=4d5b0474&ps=13740610&shp=81f88b70&shcp=43f4a2f9&idc=useast5,,bag in car,False,False,720,1280
7597288896820464926,https://www.tiktok.com/@giazzilikeyahtzee/video/7597288896820464926,giazzilikeyahtzee,Brittany Mariah,Car Edition | What's in my bag ✨  #whatsinmybag #minivlog #targetmusthaves #fypage ,#whatsinmybag #minivlog #targetmusthaves #fypage,1132,115,2,0,230,2026-01-20T04:01:23.000Z,https://p19-common-sign.tiktokcdn-us.com/tos-useast8-p-0068-tx2/oAJmGAGfuGfewAet7RoZUPjIAYlLQRl1QgAACa~tplv-tiktokx-origin.image?dr=9636&x-expires=1788555600&x-signature=E0bJWlSSzaQV3LMlnXhVCRB5AH4%3D&t=4d5b0474&ps=13740610&shp=81f88b70&shcp=43f4a2f9&idc=useast5,,bag in car,False,False,720,1280
7658825648038808863,https://www.tiktok.com/@x.karra/video/7658825648038808863,x.karra,‘karra,#car #emergencybag #viral #travel ,#car #emergencybag #viral #travel,2193,161,5,3,119,2026-07-04T23:55:20.000Z,https://p16-common-sign.tiktokcdn-us.com/tos-useast8-p-0068-tx2/oEgjMqUAzeu8hX8TGIgGmkLayfJCWAeRIOIZmt~tplv-tiktokx-origin.image?dr=9636&x-expires=1788555600&x-signature=jZmvvG6E7kCEt5KsYnjBRRQSrN4%3D&t=4d5b0474&ps=13740610&shp=81f88b70&shcp=43f4a2f9&idc=useast5,,bag in car,False,False,720,1280
7651802427926056206,https://www.tiktok.com/@suburbbaby11/video/7651802427926056206,suburbbaby11,Suburb baby,,,502900,25600,158,506,68,2026-06-16T01:41:44.000Z,https://p16-common-sign.tiktokcdn-us.com/tos-useast5-p-0068-tx/oApVqKgiDI8dkw9mAlFBSNR7eBf5qJDEEigxEM~tplv-tiktokx-origin.image?dr=9636&x-expires=1788555600&x-signature=SdDiRs4GPKuOeVxOMprYRxWmu48%3D&t=4d5b0474&ps=13740610&shp=81f88b70&shcp=43f4a2f9&idc=useast5,,bag in car,False,False,720,1280
7664273854272900382,https://www.tiktok.com/@herytstory/video/7664273854272900382,herytstory,Her Story,A Stranger Put A Bag In My Car 😨  .     #3danimation #animationart  #digitalart #herytstory    #creativecontent    animationtrends    creatorsearchinsig    hts   ,#3danimation #animationart #digitalart #herytstory #creativecontent,492000,33000,250,246,91,2026-07-19T16:17:15.000Z,https://p16-common-sign.tiktokcdn-us.com/tos-useast8-p-0068-tx2/oQqSVf5w8BnIPAFRoEEQCRUBTXErAvfarh8DE6~tplv-tiktokx-origin.image?dr=9636&x-expires=1788555600&x-signature=wWVtvQz3JQnxejn2fUFcQqD8Ajg%3D&t=4d5b0474&ps=13740610&shp=81f88b70&shcp=43f4a2f9&idc=useast5,,bag in car,False,False,720,1280
7494507418794102062,https://www.tiktok.com/@itsleora24/video/7494507418794102062,itsleora24,itsleora24,shopping bags in the backseat #shopping #fyp #foryou #fypシ゚viral #fyppppppppppppppppppppppp #fl #girlythings #girltok ,#shopping #fyp #foryou #fypシ゚viral #fyppppppppppppppppppppppp #fl #girlythings #girltok,25100,192,1,55,10,2025-04-18T04:37:10.000Z,https://p19-common-sign.tiktokcdn-us.com/tos-useast5-p-0068-tx/ocB1A1gAkFEGWEdBEoED5vfdIkUPgbI6DSBzfR~tplv-tiktokx-origin.image?dr=9636&x-expires=1788555600&x-signature=7JrzYyhnq9CMCv%2Bgx1edNP5zF3A%3D&t=4d5b0474&ps=13740610&shp=81f88b70&shcp=43f4a2f9&idc=useast5,,bag in car,False,False,576,1024
7667913809671097613,https://www.tiktok.com/@acacia_dg/video/7667913809671097613,acacia_dg,Acacia🌻💧💛,A little peek inside my car bag! 🚗👜✨ I like to keep everything I might need with me.  #whatsinmybag #carbag #everydayessentials #organization #lifestyle ,#whatsinmybag #carbag #everydayessentials #organization #lifestyle,338,10,0,0,16,2026-07-29T11:42:08.000Z,https://p19-common-sign.tiktokcdn-us.com/tos-useast5-p-0068-tx/og5eUHIsbBD1AnAHILVIC1BpfkFxj0UEgzARft~tplv-tiktokx-origin.image?dr=9636&x-expires=1788555600&x-signature=fBIF84jzc5cc3H9LFkQOkoBJFbo%3D&t=4d5b0474&ps=13740610&shp=81f88b70&shcp=43f4a2f9&idc=useast5,,bag in car,False,False,720,1280
7640171566801767710,https://www.tiktok.com/@baileechism/video/7640171566801767710,baileechism,Bailee,Recommend everyone have a car bag 🫶🏻 #carorganization #carbag #contentcreator ,#carorganization #carbag #contentcreator,287,18,5,0,58,2026-05-15T17:28:17.000Z,https://p16-common-sign.tiktokcdn-us.com/tos-useast8-p-0068-tx2/osetzAfHqDQAIrjAIvAvIbFEgfAMAUO1DVIqEw~tplv-tiktokx-origin.image?dr=9636&x-expires=1788555600&x-signature=E64xLg4DkO28sFcUfw%2BK8U%2FTjLE%3D&t=4d5b0474&ps=13740610&shp=81f88b70&shcp=43f4a2f9&idc=useast5,,bag in car,False,False,720,1280
7589250182605360402,https://www.tiktok.com/@alyssasvids/video/7589250182605360402,alyssasvids,Alyssa Lyanne Uy,my new cute and functional airport / carry on tote :—) @juno jane   #collegetotebag #travelessentials #bagtok ,# #collegetotebag #travelessentials #bagtok,40800,435,16,46,73,2025-12-29T12:06:53.000Z,https://p16-common-sign.tiktokcdn-us.com/tos-alisg-p-0037/oYpAUBSdbCYEmAFRjByI6ttAAUEegofBz7bDEk~tplv-tiktokx-dmt-logom:tos-alisg-i-0068/o4NSEk0AI1bLWC3AeAQIp6BAj2beGDAKIeTQio.image?dr=9634&x-expires=1788555600&x-signature=BzVItxxRx088UIQ5WJ0MqsXdES8%3D&t=4d5b0474&ps=13740610&shp=81f88b70&shcp=43f4a2f9&idc=useast5,,airport tote bag,False,False,576,1024
7624612342885535006,https://www.tiktok.com/@lilacastle6/video/7624612342885535006,lilacastle6,Lila,Best airport carryon bag ever #travelbag #travelbags #airportbag #llbeantote #alexmill @alexmillny @Undohairware ,#travelbag #travelbags #airportbag #llbeantote #alexmill # #,242100,10900,81,1031,62,2026-04-03T19:10:22.000Z,https://p19-common-sign.tiktokcdn-us.com/tos-useast8-p-0068-tx2/osIIhK0AAa8M3O5QBiEcq6iD5AABYAfxiECANJ~tplv-tiktokx-dmt-logom:tos-useast8-i-0068-tx2/o4fcA9JDBpUuEAEzEkYFeEKDCsAa0IRQCpVAAE.image?dr=9634&x-expires=1788555600&x-signature=%2F2IXu4QA5PFRbAA5BEL77m3jm%2Bg%3D&t=4d5b0474&ps=13740610&shp=81f88b70&shcp=43f4a2f9&idc=useast5,,airport tote bag,False,False,720,1280
7680646518160018720,https://www.tiktok.com/@caitlinfiler7/video/7680646518160018720,caitlinfiler7,caitlin filer,She made it through once so obviously I had to try again 🙂‍↕️  #48hrtrip #mallorca #airport #travelhacks #budgettravel ,#48hrtrip #mallorca #airport #travelhacks #budgettravel,100500,10200,14,794,6,2026-09-01T19:11:16.000Z,https://p19-common-sign.tiktokcdn-us.com/tos-useast2a-p-0037-euttp/owEU5Af9zSIDIIIGCMoEIIiiyhkVL1X1BqB5Ab~tplv-tiktokx-origin.image?dr=9636&x-expires=1788555600&x-signature=MTwbg6yg09hhRJtZ9pxYsatalMg%3D&t=4d5b0474&ps=13740610&shp=81f88b70&shcp=43f4a2f9&idc=useast5,,airport tote bag,False,False,576,1024
7664200105800584470,https://www.tiktok.com/@sondr.world/video/7664200105800584470,sondr.world,sondrworld,The bag that we just can’t get enough of! Shop the Kiki Tote bag now! Various colours available #airportoutfit #bigbag #laptopbag #airportbag #girlhood ,#airportoutfit #bigbag #laptopbag #airportbag #girlhood,10600,156,3,11,11,2026-07-19T11:30:53.000Z,https://p19-common-sign.tiktokcdn-us.com/tos-no1a-p-0037-no/oQqXB5MtIALoCNsEEsAcFFAsARFWxkftwgfDVE~tplv-tiktokx-origin.image?dr=9636&x-expires=1788555600&x-signature=sYCGdFeYD7oRMKHb5bOT1PnfQTI%3D&t=4d5b0474&ps=13740610&shp=81f88b70&shcp=43f4a2f9&idc=useast5,,airport tote bag,False,False,576,1024
7665695699559910678,https://www.tiktok.com/@lrm_goods/video/7665695699559910678,lrm_goods,LRM Goods,Get yourself an airport bag that’s both stylish and spacious✈️  #airportbag #totebag #travelbag #summerbag #trendingbag ,#airportbag #totebag #travelbag #summerbag #trendingbag,1065,25,2,0,146,2026-08-02T07:00:00.000Z,https://p16-common-sign.tiktokcdn-us.com/tos-no1a-p-0037-no/oAEABIYzqIBFIAJp8AAiBEa7Biij5BhianimP~tplv-tiktokx-origin.image?dr=9636&x-expires=1788555600&x-signature=iazYbVIu5lv9%2F7CNLH5Y9eSxJA8%3D&t=4d5b0474&ps=13740610&shp=81f88b70&shcp=43f4a2f9&idc=useast5,,airport tote bag,False,False,576,1024
7670641573117447444,https://www.tiktok.com/@girls_girls_arena/video/7670641573117447444,girls_girls_arena,girls_girls_arena💼👠👗,"One day, this won’t just be a bag… it’ll be your airport carry-on. ✈️🤎 Until then, keep working, keep believing, and keep showing up for your dreams. #MaxiToteBag #AirportStyle #TravelEssentials #TravelBag #ClassyStyle     ",#maxitotebag #airportstyle #travelessentials #travelbag #classystyle,14000,361,18,12,26,2026-08-05T20:07:03.000Z,https://p16-common-sign.tiktokcdn-us.com/tos-alisg-p-0037/o0Eow5ofjUErjoDUCGDnJeFyEe75AA9QjqL6QI~tplv-tiktokx-origin.image?dr=9636&x-expires=1788555600&x-signature=5szbdwg%2Bjv1j0gtQU9GQwjvfo2c%3D&t=4d5b0474&ps=13740610&shp=81f88b70&shcp=43f4a2f9&idc=useast5,,airport tote bag,False,False,576,1024
7679625870050381074,https://www.tiktok.com/@cwitter_/video/7679625870050381074,cwitter_,C | Travel•Lifestyle,"I traded my LV bag for a more practical, spacious and chic travel tote.  #whatsinmybag  #travelbag  #traveltote  #travelluggage ",#whatsinmybag #travelbag #traveltote #travelluggage,5133,343,10,18,28,2026-08-30T01:10:46.000Z,https://p19-common-sign.tiktokcdn-us.com/tos-alisg-p-0037/oscCkfnAE4ADmYk9AAARiQfME0BFnBEqgIgQtF~tplv-tiktokx-dmt-logom:tos-alisg-i-0068/owfqT3RCEDDkzTaEpgFMKEAwBhAlIgCf4YAcqA.image?dr=9634&x-expires=1788555600&x-signature=pjHAzL39DDXBFaA%2B8akfPv0HunY%3D&t=4d5b0474&ps=13740610&shp=81f88b70&shcp=43f4a2f9&idc=useast5,,airport tote bag,False,False,576,1024
7679877829726686494,https://www.tiktok.com/@mikewilmaca/video/7679877829726686494,mikewilmaca,Mike Wilmaca,A little travel hack for traveling with tote bags! #travelhack #travelbags #totebags #baghack #creatorsearchinsights  ,#travelhack #travelbags #totebags #baghack #creatorsearchinsights,849,32,0,0,21,2026-08-31T13:00:00.000Z,https://p16-common-sign.tiktokcdn-us.com/tos-useast8-p-0068-tx2/oU4inUPijJImSvE1AEEIIapiafmO7dCqiBWAAk~tplv-tiktokx-dmt-logom:tos-useast8-i-0068-tx2/osFpIiAyOURavRABCIzmBAQCaoiAAEFAlxREE.image?dr=9634&x-expires=1788555600&x-signature=kPCXqFpj7x6fN9ifgZ2MXvsAy1Q%3D&t=4d5b0474&ps=13740610&shp=81f88b70&shcp=43f4a2f9&idc=useast5,,airport tote bag,False,False,720,1280
7666495533174820109,https://www.tiktok.com/@wrjk.vmav02/video/7666495533174820109,wrjk.vmav02,Marnie•Grace,My airport bag essentials ✈️👜 Everything I need for my trip fits inside.  #travelessentials #whatisinmybag #totebag #airportstyle #coach ,#travelessentials #whatisinmybag #totebag #airportstyle #coach,813,11,0,1,9,2026-07-25T15:58:42.000Z,https://p16-common-sign.tiktokcdn-us.com/tos-useast5-p-0068-tx/ooDAkTftHaNNqFEEEc3BAXSbEZID3IfgRtFoRD~tplv-tiktokx-origin.image?dr=9636&x-expires=1788555600&x-signature=DaL9X0Z1FmeQO%2BbmYuCvdVg0%2FJw%3D&t=4d5b0474&ps=13740610&shp=81f88b70&shcp=43f4a2f9&idc=useast5,,airport tote bag,False,False,720,960
7671003494630919454,https://www.tiktok.com/@allyyysays/video/7671003494630919454,allyyysays,ALLY,i love these videos so of course i had to make one #millenialsoftiktok #traveltiktok #airportbag #essentials #chipotle ,#millenialsoftiktok #traveltiktok #airportbag #essentials #chipotle,704,25,4,2,211,2026-08-06T19:31:33.000Z,https://p16-common-sign.tiktokcdn-us.com/tos-useast8-p-0068-tx2/oof60NJAiABiADAG0MB3K1IROEAC24IWniLCBE~tplv-tiktokx-dmt-logom:tos-useast8-i-0068-tx2/ow8nAfRBcUe2EAQM44fWmI5MEdAz6Ij0IvqAAI.image?dr=9634&x-expires=1788555600&x-signature=LwV6JE0nYCtJAtjFIgt%2BymIZ418%3D&t=4d5b0474&ps=13740610&shp=81f88b70&shcp=43f4a2f9&idc=useast5,,airport tote bag,False,False,720,1280
7666694346128821525,https://www.tiktok.com/@annakate_ofc/video/7666694346128821525,annakate_ofc,Anna 🥝🐨,"It’s the small things that can make a big difference on a long haul flight, and these are all the usual things i have in my tote bag to make 26+ hours of travelling more bearable.  Also had my @_kikki.k tote bag for over a year now and my favourite feature is a low key pocket at the back where you can slide it onto your suitcase handles 🫶🏻  #traveltiktok #longhaul #businesstravel ",# #traveltiktok #longhaul #businesstravel,4264,103,2,2,56,2026-07-26T04:49:45.000Z,https://p16-common-sign.tiktokcdn-us.com/tos-alisg-p-0037/ogfqQsURSEnZXbD0B8gFwZ9QQfIaqYEB8EFmLA~tplv-tiktokx-dmt-logom:tos-alisg-i-0068/oc9IyeyLtAGjGfAQAXGIAREoIDyLIkLfUQP1AD.image?dr=9634&x-expires=1788555600&x-signature=%2B9i1PNz%2FUA%2B5iMXJ63iksD4FdCQ%3D&t=4d5b0474&ps=13740610&shp=81f88b70&shcp=43f4a2f9&idc=useast5,,airport tote bag,False,False,576,1024
7680999995318799638,https://www.tiktok.com/@abbieegrwm/video/7680999995318799638,abbieegrwm,𝑎𝑏𝑏𝑖𝑒 💐🫧🌞🍋🌴,pack my bag with me for school! #fyp #packwithme #school #viral #schoolbag ,#fyp #packwithme #school #viral #schoolbag,5206,470,8,12,177,2026-09-02T18:02:59.000Z,https://p16-common-sign.tiktokcdn.com/tos-no1a-p-0037-no/osBMiKnfRqEBikFtBeDYjQFGpNumgA5IGVZ9IE~tplv-tiktokx-origin.image?dr=14575&x-expires=1788555600&x-signature=kIWZcyZ%2FiEFz4eVbOSHqByG35tQ%3D&t=4d5b0474&ps=13740610&shp=81f88b70&shcp=43f4a2f9&idc=my2,,packing my bag,False,False,576,1024
7681017089418677526,https://www.tiktok.com/@madisilverr/video/7681017089418677526,madisilverr,𝐦𝐚𝐝𝐢 ꨄ,pack my school bag with me!! 🧿 requested video x 🥹 #backtoschool #schoolbag #pack #packwithme #year11 🤍,#backtoschool #schoolbag #pack #packwithme #year11,6919,709,33,12,138,2026-09-02T19:09:20.000Z,https://p19-common-sign.tiktokcdn.com/tos-no1a-p-0037-no/o8eZQIIGcLeLxJMHdVOYIViQGTLzfjAMJDDUuA~tplv-tiktokx-origin.image?dr=14575&x-expires=1788555600&x-signature=03B3zY0QT6AssxKIDQyxknI4KJA%3D&t=4d5b0474&ps=13740610&shp=81f88b70&shcp=43f4a2f9&idc=my2,,packing my bag,False,False,576,1024
7681027609534139670,https://www.tiktok.com/@miiabaldevx/video/7681027609534139670,miiabaldevx,𝑚𝑖𝑖𝑎𝑏𝑎𝑙𝑑𝑒𝑣♡︎,what else do i pack… #packmybagwithme #schoolbag #backtoschool #sixthform #fyp,#packmybagwithme #schoolbag #backtoschool #sixthform #fyp,33500,4195,29,28,61,2026-09-02T19:50:09.000Z,https://p16-common-sign.tiktokcdn.com/tos-no1a-p-0037-no/okhVeAe3hnUAQDHeNHgZMswiNsfY0A3geh45SR~tplv-tiktokx-origin.image?dr=14575&x-expires=1788555600&x-signature=KSiAj0%2Fh9nt9Ga7bveUFhQJXVYI%3D&t=4d5b0474&ps=13740610&shp=81f88b70&shcp=43f4a2f9&idc=my2,,packing my bag,False,False,576,1024
7680797589280754946,https://www.tiktok.com/@rubyroseflower/video/7680797589280754946,rubyroseflower,Ruby-Rose,im not ready for thisss! #college #firstdayofcollege #firstdayback #packwithme #packmybagwithme ,#college #firstdayofcollege #firstdayback #packwithme #packmybagwithme,29600,3877,56,37,68,2026-09-02T15:30:00.000Z,https://p16-common-sign.tiktokcdn.com/tos-no1a-p-0037-no/osfnr6fklCFiVKdEAIKA5AA8K1ygLq9lBERXiC~tplv-tiktokx-origin.image?dr=14575&x-expires=1788555600&x-signature=mZNG7%2Bx98Q0sxqZ1r2fpV49onco%3D&t=4d5b0474&ps=13740610&shp=81f88b70&shcp=43f4a2f9&idc=my2,,packing my bag,False,False,576,1024
7681023515709000982,https://www.tiktok.com/@sopholivia.x/video/7681023515709000982,sopholivia.x,soph,pack my school bag with me 📆 #packwithme #packmybagwithme #packmyschoolbagwithme #schoolbagtour #schoolbag ,#packwithme #packmybagwithme #packmyschoolbagwithme #schoolbagtour #schoolbag,853,136,2,0,116,2026-09-02T19:34:16.000Z,https://p16-common-sign.tiktokcdn.com/tos-no1a-p-0037-no/oMEI793GI2gIIeMFGw5GeLejRvALAAPAApyVQM~tplv-tiktokx-origin.image?dr=14575&x-expires=1788555600&x-signature=HZb1pt1dhHa3TpAsUuOWrth9Pfg%3D&t=4d5b0474&ps=13740610&shp=81f88b70&shcp=43f4a2f9&idc=my2,,packing my bag,False,False,576,1024
7680953802953936150,https://www.tiktok.com/@catsvloggsx/video/7680953802953936150,catsvloggsx,phia,ugh i don’t want to go back #school #autumn #studytok #downtowngirl #packmybagwithme year 11,#school #autumn #studytok #downtowngirl #packmybagwithme,1076,124,8,2,15,2026-09-02T15:03:46.000Z,https://p16-common-sign.tiktokcdn.com/tos-no1a-p-0037-no/oIaYQHgmfAEDzrCEADRqgtCvOEFkFEANeDAIt7~tplv-tiktokx-origin.image?dr=14575&x-expires=1788555600&x-signature=rRAEHbFMKvkOqrgDZ9k9i0iNVCc%3D&t=4d5b0474&ps=13740610&shp=81f88b70&shcp=43f4a2f9&idc=my2,,packing my bag,False,False,576,1024
7680996452025322784,https://www.tiktok.com/@lenis_dailylife/video/7680996452025322784,lenis_dailylife,𝐋𝐞𝐧𝐢 🫐🪽🍸,"Liebe es, wenn alles organisiert ist! 🫰🏼 #backtoschool #packmybag #stockholmstyle #polene #fashion ",#backtoschool #packmybag #stockholmstyle #polene #fashion,1617,281,7,2,100,2026-09-02T17:49:11.000Z,https://p16-common-sign.tiktokcdn.com/tos-useast2a-p-0037-euttp/ogVVMKYeWDMILAFjlG2IoZpDXMIwg7fuNfYDE9~tplv-tiktokx-origin.image?dr=14575&x-expires=1788555600&x-signature=1XQpZ48eRkBb%2BznWsFGg0PFU4dU%3D&t=4d5b0474&ps=13740610&shp=81f88b70&shcp=43f4a2f9&idc=my2,,packing my bag,False,False,576,1024
7680969204203326742,https://www.tiktok.com/@nikkisgrwms12/video/7680969204203326742,nikkisgrwms12,𝐍𝐈𝐊𝐊𝐈~𝐁𝐑𝐎𝐖𝐍🤍,Pack my college bag with me#virla #foryouu #college #bag #relateable ,#virla #foryouu #college #bag #relateable,1443,175,31,37,149,2026-09-02T16:03:31.000Z,https://p16-common-sign.tiktokcdn.com/tos-no1a-p-0037-no/oUYmFOfDkI2oRWqEsSMeam9EYBNAOEdjFBv2Ig~tplv-tiktokx-origin.image?dr=14575&x-expires=1788555600&x-signature=aN82q%2BCOBfASKf%2B10uKIN2j4xEc%3D&t=4d5b0474&ps=13740610&shp=81f88b70&shcp=43f4a2f9&idc=my2,,packing my bag,False,False,576,1024
7512231113964703007,https://www.tiktok.com/@nalae.co/video/7512231113964703007,nalae.co,junie,"Headed to Korea for a month and of course I had to make sure my suitcase was well-organized! Packing doesn’t have to be chaotic—here’s how I used packing cubes, travel organizers, and space-saving hacks to keep everything neat, tidy, and travel-ready. 🧳✨⁠ ⁠ 👚 Clothes? Sorted by category. 👟 Shoes? In their own clean compartment. 🧴 Toiletries? Leak-proof and labeled.  #luggagepacking #packingtips #packingcubes #travelorganizer #travelmusthaves #amazonhome #packwithme ",#luggagepacking #packingtips #packingcubes #travelorganizer #travelmusthaves #amazonhome #packwithme,6500000,386900,873,18800,61,2025-06-04T22:53:48.000Z,https://p19-common-sign.tiktokcdn.com/tos-useast8-p-0068-tx2/osECAi03GBAdiuBoIvn1AKAAiMz5HIwe1BcAIn~tplv-tiktokx-dmt-logom:tos-useast8-i-0068-tx2/oMAAmEM5oEAkzS5eADCnBVBQFA5EVIfRnE3lAx.image?dr=14573&x-expires=1788555600&x-signature=Q6%2FAKzY8QprzjR51IR%2FgjEdewpU%3D&t=4d5b0474&ps=13740610&shp=81f88b70&shcp=43f4a2f9&idc=my2,,packing my bag,False,False,576,1024
7680597706464677138,https://www.tiktok.com/@vlogsbyaliyah1/video/7680597706464677138,vlogsbyaliyah1,vlogsbyaliyah1,"Getting everything ready for school because somehow summer went by way too fast 🥹🎀. I wanted to make packing my bag feel a little more fun and satisfying this time, so I decided to film the whole thing and let the little sounds do the talking. Slowly getting myself back into school mode, one thing at a time 💗🎒✨  #packmybagwithme #pinkaesthetic #schoolvlog #aestheticvlog #back2school ",#packmybagwithme #pinkaesthetic #schoolvlog #aestheticvlog #back2school,1094,92,3,0,27,2026-09-01T16:01:58.000Z,https://p19-common-sign.tiktokcdn.com/tos-alisg-p-0037/oMYvCB2aWp7Z52WaSAIlIAi9bPAEEA95biATB~tplv-tiktokx-dmt-logom:tos-alisg-i-0068/ooAAfIebqGAO9en4AGJCC3mWLA3EQIeGvRNKWQ.image?dr=14573&x-expires=1788555600&x-signature=xLuRZQ7HIBwMlJPjAVxIO7JuoPs%3D&t=4d5b0474&ps=13740610&shp=81f88b70&shcp=43f4a2f9&idc=my2,,packing my bag,False,False,576,1024
7327844092963081514,https://www.tiktok.com/@maddie.east/video/7327844092963081514,maddie.east,Maddie💗,Pack my bag with me 🫶🏻 #asmr #whatsinmybag #packmybag #sanrio #hellokitty #fyp ,#asmr #whatsinmybag #packmybag #sanrio #hellokitty #fyp,5600000,588500,1605,7129,119,2024-01-25T01:38:08.000Z,https://p16-common-sign.tiktokcdn.com/tos-useast5-p-0068-tx/40415279b8b9481695dc68f210c2dbd3_1706146692~tplv-tiktokx-origin.image?dr=14575&x-expires=1788555600&x-signature=9jq2yjhnokIzwcUwfaPvskR8GvU%3D&t=4d5b0474&ps=13740610&shp=81f88b70&shcp=43f4a2f9&idc=my2,,packing my bag,False,False,576,1024
7680637178434653462,https://www.tiktok.com/@maddeasworld/video/7680637178434653462,maddeasworld,𝑀𝒶𝒹𝒹𝑒𝒶🌷,Pack my school bag with me ASMR edition🤎 #asmr #packwithme #backtoschoolshopping #viral #longchamp ,#asmr #packwithme #backtoschoolshopping #viral #longchamp,91800,10600,73,252,34,2026-09-01T18:35:04.000Z,https://p16-common-sign.tiktokcdn.com/tos-no1a-p-0037-no/ocaXX9AIHCj3DQqQ8DLVAGeGAeIZ9L0tejLICJ~tplv-tiktokx-origin.image?dr=14575&x-expires=1788555600&x-signature=2951MeQj9VWejT1HiOEgWJFwU68%3D&t=4d5b0474&ps=13740610&shp=81f88b70&shcp=43f4a2f9&idc=my2,,packing my bag,False,False,576,1024
7650991643444677919,https://www.tiktok.com/@pitaalexa/video/7650991643444677919,pitaalexa,alexa pita,the cutest lillll bag 💓 linked in my ShopMy! @Brandy Melville #brandymelville #carbag #stockmycar ,# #brandymelville #carbag #stockmycar,11300,537,2,8,47,2026-06-13T21:15:21.000Z,https://p19-common-sign.tiktokcdn-us.com/tos-useast8-p-0068-tx2/oMuheAVDqCkjABJFEAAcrAIxEEwbfLBAPRQNBo~tplv-tiktokx-origin.image?dr=9636&x-expires=1788555600&x-signature=YCBo54FDFgVGNNul1B9JA2PAqxY%3D&t=4d5b0474&ps=13740610&shp=81f88b70&shcp=43f4a2f9&idc=useast5,,bag in car,False,False,720,1280
7528510665372257549,https://www.tiktok.com/@rhiannongbasden/video/7528510665372257549,rhiannongbasden,Rhiannon Basden,"these car bags have saved me on multiple occasions, highly recommend having one in your car. 💗✨  #car #tiktok #trending #capcut #essentials #mommyissues #loveisland ",#car #tiktok #trending #capcut #essentials #mommyissues #loveisland,2376,174,6,3,100,2025-07-18T19:47:01.000Z,https://p16-common-sign.tiktokcdn-us.com/tos-useast5-p-0068-tx/ogAnApGPri9U2CVFI0iB0LflIOclwJ1PBp6BwI~tplv-tiktokx-origin.image?dr=9636&x-expires=1788555600&x-signature=Q5H0m7BgiaHoNx82sdv0kNaUVpI%3D&t=4d5b0474&ps=13740610&shp=81f88b70&shcp=43f4a2f9&idc=useast5,,bag in car,False,False,576,1024
7598210533115825422,https://www.tiktok.com/@yyanaj/video/7598210533115825422,yyanaj,YYANAJTV on YouTube 🦋,Made it with 2 minutes to spare 😮‍💨🤏🏾😂😂😂,,58200,7633,46,112,85,2026-01-22T15:38:23.000Z,https://p19-common-sign.tiktokcdn-us.com/tos-useast5-p-0068-tx/o49ESIR4gARhDe7GRFfCkpDB9HcsyEEiGAKLBy~tplv-tiktokx-origin.image?dr=9636&x-expires=1788555600&x-signature=D5souhlqVAe1RNv12DhxV%2BE4JhE%3D&t=4d5b0474&ps=13740610&shp=81f88b70&shcp=43f4a2f9&idc=useast5,,bag in car,False,False,720,1280
7643501010924621069,https://www.tiktok.com/@user7777222121/video/7643501010924621069,user7777222121,🚩,This bag was found in her car. #mackenzieshirilla #thecrash #babykushie ,#mackenzieshirilla #thecrash #babykushie,6500000,286700,1388,3020,18,2026-05-24T16:48:05.000Z,https://p16-common-sign.tiktokcdn-us.com/tos-useast5-p-0068-tx/oUHBCFTiIpQfQWQbKwBZVIyCEA2119BKUu8BiA~tplv-tiktokx-origin.image?dr=9636&x-expires=1788555600&x-signature=GeHHfDoImMMEUHpojz5AUtLBnw4%3D&t=4d5b0474&ps=13740610&shp=81f88b70&shcp=43f4a2f9&idc=useast5,,bag in car,False,False,720,1280
7622910546735598855,https://www.tiktok.com/@chelseafindx/video/7622910546735598855,chelseafindx,ChellaFINDS,Just a quick bag check in mirror #mirrorvideo #fitcheck #ootd #bagforwomen #bagdailyuse ,#mirrorvideo #fitcheck #ootd #bagforwomen #bagdailyuse,832,12,1,5,8,2026-03-30T05:06:18.000Z,https://p16-common-sign.tiktokcdn.com/tos-alisg-p-0037/o0yoBpGffABOGPDOEMJKQ8QgZFRxgy7EXcEQBU~tplv-tiktokx-origin.image?dr=14575&x-expires=1788555600&x-signature=hyC%2B%2BpQ1U%2ByVAEb%2BAAICv4OigCg%3D&t=4d5b0474&ps=13740610&shp=81f88b70&shcp=43f4a2f9&idc=my2,,mirror outfit check bag,True,False,576,1024
7509792241930554631,https://www.tiktok.com/@sundaysofficialstore/video/7509792241930554631,sundaysofficialstore,Sundays Clothing,outfit check with widya blouse✨  #outfitideas #outfitinspo #outfithijab #outfutcheck #outfithangout #foryou #fyp ,#outfitideas #outfitinspo #outfithijab #outfutcheck #outfithangout #foryou #fyp,91000,475,13,414,19,2025-05-29T09:09:25.000Z,https://p16-common-sign.tiktokcdn.com/tos-alisg-p-0037/ogf1i4QECaI2O0EoANDIRJHFdfMqZgEUBD3BgW~tplv-tiktokx-origin.image?dr=14575&x-expires=1788555600&x-signature=E9tuvGt7uyeQtabgHJnaYUS0HY4%3D&t=4d5b0474&ps=13740610&shp=81f88b70&shcp=43f4a2f9&idc=my2,,mirror outfit check bag,False,False,576,1024
7543642901503397142,https://www.tiktok.com/@leanehugueninvuillemin/video/7543642901503397142,leanehugueninvuillemin,Lé,Mirror outfit checks are back #fashiontiktok ,#fashiontiktok,12200,439,10,38,5,2025-08-28T14:27:16.000Z,https://p16-common-sign.tiktokcdn.com/tos-no1a-p-0037-no/o4OZ0C4v0iCGV2AwA9iiwNBUCWAIkZbIIRfqyD~tplv-tiktokx-origin.image?dr=14575&x-expires=1788555600&x-signature=fKUsuqqDRRucIZlM6xBk57Js4VU%3D&t=4d5b0474&ps=13740610&shp=81f88b70&shcp=43f4a2f9&idc=my2,,mirror outfit check bag,False,False,576,1024
7660378079168187666,https://www.tiktok.com/@jaayee_/video/7660378079168187666,jaayee_,jaayee_,mirror fit check #fyp #fashion #bag #outfitcheck ,#fyp #fashion #bag #outfitcheck,803,38,18,118,17,2026-07-09T04:19:29.000Z,https://p16-common-sign.tiktokcdn.com/tos-alisg-p-0037/oUUQYQlqBW4I4fnCFeRM8DZjGTAXHfkAQmzUAh~tplv-tiktokx-origin.image?dr=14575&x-expires=1788555600&x-signature=2bMW1uuGeXXQK6vhNGQeto2Rdt0%3D&t=4d5b0474&ps=13740610&shp=81f88b70&shcp=43f4a2f9&idc=my2,,mirror outfit check bag,True,False,576,1024
7659118000842247457,https://www.tiktok.com/@aurelia.muc/video/7659118000842247457,aurelia.muc,𝒜𝓊𝓇𝑒𝓁𝒾𝒶,#outfitcheck #mirror #summer #foruyou #viral ,#outfitcheck #mirror #summer #foruyou #viral,2808,213,13,3,15,2026-07-05T18:49:37.000Z,https://p16-common-sign.tiktokcdn.com/tos-useast2a-p-0037-euttp/oUq3Bf0RBB11iiWCJKipVUI0JAzIiHHo1OI0OA~tplv-tiktokx-origin.image?dr=14575&x-expires=1788555600&x-signature=0rU7tK3eexIMp5w9ywZp1f4gH%2FU%3D&t=4d5b0474&ps=13740610&shp=81f88b70&shcp=43f4a2f9&idc=my2,,mirror outfit check bag,False,False,576,1024
7639986474439527711,https://www.tiktok.com/@aresworldd/video/7639986474439527711,aresworldd,aresworldd,Just me being cute in 4k💋,,1010,137,14,2,17,2026-05-15T05:30:15.000Z,https://p16-common-sign.tiktokcdn.com/tos-useast8-p-0068-tx2/ocjA2a2IPawgiASiaBBysRAtoBVMGsrDE1QaE~tplv-tiktokx-origin.image?dr=14575&x-expires=1788555600&x-signature=kQhikvRQHkO%2FoGm8SbJ1yYBXWbo%3D&t=4d5b0474&ps=13740610&shp=81f88b70&shcp=43f4a2f9&idc=my2,,mirror outfit check bag,False,False,720,1280
7634029590792391957,https://www.tiktok.com/@rrikalin/video/7634029590792391957,rrikalin,Rika ✨,mirror outfit check 🪞— tasnya udah aku spill di keranjang kuning 🛒✨ #outfit #outfitdetail #rounnbao17 ,#outfit #outfitdetail #rounnbao17,1112,17,0,2,16,2026-04-29T04:13:51.000Z,https://p16-common-sign.tiktokcdn.com/tos-alisg-p-0037/oMCipLeIIQHIAx46wjercA7AjATtTGosDAyvEf~tplv-tiktokx-origin.image?dr=14575&x-expires=1788555600&x-signature=XxUTbgJYlaVq5QJ1tR6UMCer47Q%3D&t=4d5b0474&ps=13740610&shp=81f88b70&shcp=43f4a2f9&idc=my2,,mirror outfit check bag,False,False,576,1024
7662295653355195668,https://www.tiktok.com/@elorieofficial/video/7662295653355195668,elorieofficial,Elorie,One mirror check and we’re out.   In frame: Senna in Dove🩶  #workbag #totebag #shoulderbag #localbrandbag #fitcheck ,#workbag #totebag #shoulderbag #localbrandbag #fitcheck,831,9,0,0,11,2026-07-14T08:20:42.000Z,https://p16-common-sign.tiktokcdn.com/tos-alisg-p-0037/okFEVnPUqA9lDmXEEyffBj8CoyVfIPBIIuEAID~tplv-tiktokx-origin.image?dr=14575&x-expires=1788555600&x-signature=JjJmcDZyGE%2BxrtcB4Hkh82MleV0%3D&t=4d5b0474&ps=13740610&shp=81f88b70&shcp=43f4a2f9&idc=my2,,mirror outfit check bag,False,False,576,1024
7649636893650406664,https://www.tiktok.com/@rubieofficial_/video/7649636893650406664,rubieofficial_,rubie.,Mirror fit check ✨🤳🏻 #outfit #outfitideas #outfitinspo #mirrorselfie #OOTD ,#outfit #outfitideas #outfitinspo #mirrorselfie #ootd,4901,21,0,25,11,2026-06-10T05:38:10.000Z,https://p16-common-sign.tiktokcdn.com/tos-alisg-p-0037/oUIAQQ0efIQIZNRGD8ooBALCeAfGaBAGAQnJRJ~tplv-tiktokx-origin.image?dr=14575&x-expires=1788555600&x-signature=O5fGQP2sxMaW6oTOWMRlB0oYtuM%3D&t=4d5b0474&ps=13740610&shp=81f88b70&shcp=43f4a2f9&idc=my2,,mirror outfit check bag,True,False,576,1024
7598263497671101718,https://www.tiktok.com/@nayhaqueiroz/video/7598263497671101718,nayhaqueiroz,𝑛𝑎𝑦ℎ𝑎 🪽,mirror fit check #ootd #90sfashion #styleinspo #outfitinspo #fashiontiktok ,#ootd #90sfashion #styleinspo #outfitinspo #fashiontiktok,25800,308,9,144,8,2026-01-22T19:03:05.000Z,https://p16-common-sign.tiktokcdn.com/tos-no1a-p-0037-no/oACGIuIwyTAiFiTdpxIz0uf8ImBGCAtI7DG0zy~tplv-tiktokx-origin.image?dr=14575&x-expires=1788555600&x-signature=F7nniGp2ASYenDCy6jG4r4%2F%2BGfY%3D&t=4d5b0474&ps=13740610&shp=81f88b70&shcp=43f4a2f9&idc=my2,,mirror outfit check bag,False,False,576,1024
7678515558807129358,https://www.tiktok.com/@beautyqueen_denice/video/7678515558807129358,beautyqueen_denice,🦋 🫧 💋 Denice 💋 🫧 🦋,Pack my bag with me asmr.   @True Religion Brand Jeans   #PackMyBag #PackMyPurse  #WhatsInmyBag  #WhatsInMyPurse  #Asmr ,# #packmybag #packmypurse #whatsinmybag #whatsinmypurse #asmr,2851,270,30,9,124,2026-08-27T01:22:28.000Z,https://p19-common-sign.tiktokcdn-us.com/tos-useast5-p-0068-tx/oA4UR9AuEikCJiABek1CPBVBRI6BJxAvwAwiCI~tplv-tiktokx-origin.image?dr=9636&x-expires=1788555600&x-signature=50RUrtxwwgaUqwfo90%2B0MDinXuE%3D&t=4d5b0474&ps=13740610&shp=81f88b70&shcp=43f4a2f9&idc=useast8,,packing my bag,False,False,720,1280
7681009816910843158,https://www.tiktok.com/@marggo67melon/video/7681009816910843158,marggo67melon,Maggie,S***ol is  tmrw 🫩🫩 #fyp #back2school #foryoupage #viral #xybca ,#fyp #back2school #foryoupage #viral #xybca,4024,610,21,7,278,2026-09-02T18:41:06.000Z,https://p19-common-sign.tiktokcdn-us.com/tos-no1a-p-0037-no/oMIEYFq5GBnuF1DbIfizAkCgEJbB8moTfCXARc~tplv-tiktokx-origin.image?dr=9636&x-expires=1788555600&x-signature=tfoqesHnlTYn6jpixqla33UdZW4%3D&t=4d5b0474&ps=13740610&shp=81f88b70&shcp=43f4a2f9&idc=useast8,,packing my bag,False,False,576,1024
7641897745065823506,https://www.tiktok.com/@nei.viktoria/video/7641897745065823506,nei.viktoria,Viktoria,let's pack my bag,,392500,82000,148,2061,27,2026-05-20T09:06:15.000Z,https://p19-common-sign.tiktokcdn-us.com/tos-alisg-p-0037/oI5jiDiICwFXBsYfEgmaccqZewRnDA2kEQpBBL~tplv-tiktokx-origin.image?dr=9636&x-expires=1788555600&x-signature=nmlPOrOwqOseERJftdoqdO0Tctg%3D&t=4d5b0474&ps=13740610&shp=81f88b70&shcp=43f4a2f9&idc=useast8,,packing my bag,False,False,576,1024
7532202998869609758,https://www.tiktok.com/@theashrenae/video/7532202998869609758,theashrenae,Ashley,"We aren’t Tinker Bell 🧚🏼✨ no need to collect every lost and broken thing. I know there’s trash and random stuff hiding in the pockets of your bag. 👀  If you needed a sign to clean out your bag and restock it… this is it. Whether it’s your work bag, school bag, diaper bag, purse… a quick reset makes all the difference. Clear it out so you can actually find what you need. 🙂‍↕️  #packmyworkbag #workbagrestock #whatsinmybag #officesupplies #schoolsupplies #schoolbag #studybag #studywithme #asmr #asmrrestock #fyp ",#packmyworkbag #workbagrestock #whatsinmybag #officesupplies #schoolsupplies #schoolbag #studybag #studywithme #asmr #asmrrestock #fyp,216100,15600,41,335,60,2025-07-28T18:34:54.000Z,https://p19-common-sign.tiktokcdn-us.com/tos-useast8-p-0068-tx2/ogsE5f8HEA1RDyAIAYkEANCVwEhFEtSjoeLUAC~tplv-tiktokx-origin.image?dr=9636&x-expires=1788555600&x-signature=jJI62aDJskJYdodC85A7DjOBdYc%3D&t=4d5b0474&ps=13740610&shp=81f88b70&shcp=43f4a2f9&idc=useast8,,packing my bag,False,False,576,1024
7680017409951927583,https://www.tiktok.com/@chriscrfdwq/video/7680017409951927583,chriscrfdwq,Luna🎀,#cutebag #girlythings #packwithme #bagessentials #whatsinmybag ,#cutebag #girlythings #packwithme #bagessentials #whatsinmybag,788,189,13,11,23,2026-08-31T02:30:15.000Z,https://p16-common-sign.tiktokcdn-us.com/tos-useast8-p-0068-tx2/oMN35AfpqSICy5IOCYANIBiilq6mn1UzBRinAS~tplv-tiktokx-origin.image?dr=9636&x-expires=1788555600&x-signature=h3Xuq8Ru21CQc9DSRK8YV02kPGY%3D&t=4d5b0474&ps=13740610&shp=81f88b70&shcp=43f4a2f9&idc=useast8,,packing my bag,False,False,720,1280
7674397962679651602,https://www.tiktok.com/@bonbori.bags/video/7674397962679651602,bonbori.bags,Bonbori Bags,Pack my Japanese school bag with me.. 🫶🏻 #schoolbag #bag ,#schoolbag #bag,86300,15500,96,602,9,2026-08-15T23:03:46.000Z,https://p19-common-sign.tiktokcdn-us.com/tos-alisg-p-0037/o8mRKeFApQDifgDAAYPAfOEgqAQNGaOGQSFe8F~tplv-tiktokx-origin.image?dr=9636&x-expires=1788555600&x-signature=8JmauIADSrjbo37r72oIu7hYCkU%3D&t=4d5b0474&ps=13740610&shp=81f88b70&shcp=43f4a2f9&idc=useast8,,packing my bag,False,False,576,1024
7678533708915297566,https://www.tiktok.com/@lilishfinds/video/7678533708915297566,lilishfinds,Lilishfinds,I actually love packing my bag for work 💕💻 #packwithme #xybca #fyp #work,#packwithme #xybca #fyp #work,428,50,2,1,47,2026-08-27T02:32:46.000Z,https://p19-common-sign.tiktokcdn-us.com/tos-useast8-p-0068-tx2/oQAHDofEYARm494cANuAUKG3CJ4fqAQhgfAfRP~tplv-tiktokx-dmt-logom:tos-useast8-i-0068-tx2/osBAAi2AhIoRziYCdKxPCBRc6MAyBIA8P1EeAi.image?dr=9634&x-expires=1788555600&x-signature=27%2F2hX1ay0dfxm5p8%2BCjuEXcl7A%3D&t=4d5b0474&ps=13740610&shp=81f88b70&shcp=43f4a2f9&idc=useast8,,packing my bag,False,False,720,1280
7666537073377103126,https://www.tiktok.com/@ballerina.keira/video/7666537073377103126,ballerina.keira,keira mia,pack my dance bag with me 🩰 - @sweetly 🤍 bag & makeup bag @BLOCH Dance pointe shoes & flats  @Repetto warm up boots @rhode skin glazing mist @Kérastase hair perfume  @Gisou body mist @Armani beauty blush @YSL Beauty lip liner  @Diorbeauty hand cream & lip stick @Emi Jay hair brush - #ballerina #ballettok #dancebag #asmr ,# # # # # # # # # # #ballerina #ballettok #dancebag #asmr,430200,84000,203,1820,27,2026-07-25T18:39:26.000Z,https://p19-common-sign.tiktokcdn-us.com/tos-no1a-p-0037-no/o8r9IfKIjIgeHI7MBAHgWgxygAHUJSGeERcLLD~tplv-tiktokx-origin.image?dr=9636&x-expires=1788555600&x-signature=74fOA2RwMODGGAMvkHojdRfuJ80%3D&t=4d5b0474&ps=13740610&shp=81f88b70&shcp=43f4a2f9&idc=useast8,,packing my bag,False,False,576,1024
7676070535368887574,https://www.tiktok.com/@x.leoniestubbings.x/video/7676070535368887574,x.leoniestubbings.x,𝐋𝐄𝐎𝐍𝐈𝐄ꨄ,| pack my bag with me | ,,1167,73,2,4,596,2026-08-20T11:14:11.000Z,https://p16-common-sign.tiktokcdn-us.com/tos-no1a-p-0037-no/oAg4fEu4qFQZ41E5ADBlG9EhFCBIkIfRYEqEGl~tplv-tiktokx-origin.image?dr=9636&x-expires=1788555600&x-signature=GIxi0rxKwbPOcBEISdgJ9lfY2vE%3D&t=4d5b0474&ps=13740610&shp=81f88b70&shcp=43f4a2f9&idc=useast8,,packing my bag,False,False,576,1024
7680597799196577038,https://www.tiktok.com/@kayla.ryann/video/7680597799196577038,kayla.ryann,kayla ryan,packing for 8 days in the Dolomites 🥹🏔️🇮🇹 I can’t wait for baecationnnn💗  #packwithme #grwm #dolomites #trending #kaylaryan ,#packwithme #grwm #dolomites #trending #kaylaryan,97500,20900,128,92,93,2026-09-01T16:02:53.000Z,https://p16-common-sign.tiktokcdn-us.com/tos-useast5-p-0068-tx/oMfqG7RaErDlGWFEA9FTFIwzDiYvIgBuvGFSfA~tplv-tiktokx-dmt-logom:tos-useast5-i-0068-tx/os5nsAejIWIA19GCRXAQEeLIKvAfAqWyGYOeJW.image?dr=9634&x-expires=1788555600&x-signature=jOpwtnBqniFOhVh79FSDj29fg%2Fk%3D&t=4d5b0474&ps=13740610&shp=81f88b70&shcp=43f4a2f9&idc=useast8,,packing my bag,False,False,720,1280
7624965874436312351,https://www.tiktok.com/@vverstyle/video/7624965874436312351,vverstyle,vverstyle,excited for this weekend 😊 #vverstyle #fashion #grwm #fashionyap #packingbag ,#vverstyle #fashion #grwm #fashionyap #packingbag,29600,3347,63,20,91,2026-04-04T18:02:07.000Z,https://p16-common-sign.tiktokcdn-us.com/tos-useast8-p-0068-tx2/oAARi0zWiJ7KAin7HHqIIAiUYeR6A7B1CIiPIx~tplv-tiktokx-origin.image?dr=9636&x-expires=1788555600&x-signature=5vsC2UlaXVqfIak13onVnp2yJtw%3D&t=4d5b0474&ps=13740610&shp=81f88b70&shcp=43f4a2f9&idc=useast8,,packing my bag,False,False,720,1280
7678660220041645320,https://www.tiktok.com/@lisevelia/video/7678660220041645320,lisevelia,lisevelia♡,#packing #bag #asmr #girls ,#packing #bag #asmr #girls,713,59,2,0,37,2026-08-27T10:43:27.000Z,https://p16-common-sign.tiktokcdn-us.com/tos-alisg-p-0037/oI4YAI2BvQFAVb4MAaUb7E6XsGQRiipyISBQw~tplv-tiktokx-origin.image?dr=9636&x-expires=1788555600&x-signature=24HmfWS5N2yJ83yx38H%2FBxMhEY4%3D&t=4d5b0474&ps=13740610&shp=81f88b70&shcp=43f4a2f9&idc=useast8,,packing my bag,False,False,576,1024
7677168089666047245,https://www.tiktok.com/@proudtobewoke/video/7677168089666047245,proudtobewoke,proudtobewoke,"This was #Day2 and should have been a #fullstop moment for every adult in that courtroom. Instead, prosecutors & the judge have allowed this disgusting grossly incompetent disaster of an investigation continue & continue to torture an innocent woman who will live with the guilt of staying even after she knew he was a #sociopath #FreeLindsay #hedidit",#day2 #fullstop #sociopath #freelindsay #hedidit,13300,437,298,41,6,2026-08-23T10:15:16.000Z,https://p19-common-sign.tiktokcdn-us.com/tos-useast5-p-0068-tx/ooUZ8AfTSiIAyyRaExgfEvFEuQ7UuqKDD2DsBu~tplv-tiktokx-origin.image?dr=9636&x-expires=1788555600&x-signature=uW1dl2AaeVHnGncu%2FYLsCfuK48c%3D&t=4d5b0474&ps=13740610&shp=81f88b70&shcp=43f4a2f9&idc=useast5,,bag in car,False,False,720,1280
7499097761728466182,https://www.tiktok.com/@bagincar/video/7499097761728466182,bagincar,Bagincar,"Дерев’яний автомобільний ароматизатор з маркою авто власного виробництва😍🔥🚘    Цей аксесуар не лише ефективно наповнює салон тонким та стійким ароматом, але й чудово доповнює інтер’єр завдяки стильному дизайну!    🔸ароматизатор + флакон з ароматом - 395 грн  🔸подарункова коробочка - 100 грн  🔸додатковий аромат - 150 грн    У нас великий вибір жіночих та чоловічих люксових ароматів! Кому надіслати каталог? Скоріше пишіть нам в Дірект та замовляйте собі або на подарунок🫶🏼Direct✍🏼#автомобліьніаксесуари #ароматизаторвмашину #ароматизатор #bagincar ",#автомобліьніаксесуари #ароматизаторвмашину #ароматизатор #bagincar,1970,26,6,0,16,2025-04-30T13:29:26.000Z,https://p16-common-sign.tiktokcdn-us.com/tos-maliva-p-0068/ocQiiRktAYBEBBwaiAJhCaScAlIUobEPAAIN0~tplv-tiktokx-origin.image?dr=9636&x-expires=1788555600&x-signature=MbY5WrMU%2FumjhFoBHehFI7FHbMk%3D&t=4d5b0474&ps=13740610&shp=81f88b70&shcp=43f4a2f9&idc=useast5,,bag in car,False,False,576,1024
7499016216556686598,https://www.tiktok.com/@bagincar/video/7499016216556686598,bagincar,Bagincar,"Якщо ви не знаєте, що подарувати власнику авто, то саме ароматизатор PITBULL стане ідеальним рішенням😎🔥  Pitbull - 495 грн🏷️ 2 Pitbull - 595 грн🏷️  • 9 ароматів на ваш вибір [ 15 мл ] • можливість самостійного просочення своїм ароматом • легко встановлюється за допомогою фіксаторів • додатковий аромат - 150 грн🏷️  Щоб замовити - пишіть нам в Direct✍🏼#автомобліьніаксесуари #ароматизаторвмашину #ароматизатор #bagincar ",#автомобліьніаксесуари #ароматизаторвмашину #ароматизатор #bagincar,637,33,0,1,29,2025-04-30T08:13:03.000Z,https://p16-common-sign.tiktokcdn-us.com/tos-maliva-p-0068/oofo7MRQEVDETRJEI2FscI35B7pfIQB1dzDJZA~tplv-tiktokx-origin.image?dr=9636&x-expires=1788555600&x-signature=bhIy14uxUi3Js6ig17sxENIeENs%3D&t=4d5b0474&ps=13740610&shp=81f88b70&shcp=43f4a2f9&idc=useast5,,bag in car,False,False,576,1024
7679498685721431310,https://www.tiktok.com/@chaos_crew_x/video/7679498685721431310,chaos_crew_x,Chaos Crew,"Suspect tossed a bag, deputies tracked the car, and then... BAM! A textbook PIT maneuver to safely stop the chase. #PoliceChase #PITManeuver #Georgia #LawEnforcement #CaughtOnCamera",#policechase #pitmaneuver #georgia #lawenforcement #caughtoncamera,37800,3037,157,1687,50,2026-08-29T16:57:03.000Z,https://p16-common-sign.tiktokcdn-us.com/tos-useast5-p-85c255-tx/ooAfJgUfBqE5SSDRB7DTS9Fwv3TkgEmEKDDxIw~tplv-tiktokx-origin.image?dr=9636&x-expires=1788555600&x-signature=UexPr0Sd5E3Rr%2B0HjC50uUthWv4%3D&t=4d5b0474&ps=13740610&shp=81f88b70&shcp=43f4a2f9&idc=useast5,,bag in car,False,False,720,1280
7558246871693528334,https://www.tiktok.com/@_xdieegoox/video/7558246871693528334,_xdieegoox,_xdieegoox,No more static for now 🥴 💫 🥺  #nissan #airlift #bagged #static #cars ,#nissan #airlift #bagged #static #cars,154500,8790,91,316,26,2025-10-06T22:58:32.000Z,https://p16-common-sign.tiktokcdn-us.com/tos-useast5-p-0068-tx/owmSZIP40nBkoCxkAziiwTBJCcAI6nVIIuf4pi~tplv-tiktokx-origin.image?dr=9636&x-expires=1788555600&x-signature=mc2IZ1hT1%2FwXRdlqX2AU%2FcqOLrM%3D&t=4d5b0474&ps=13740610&shp=81f88b70&shcp=43f4a2f9&idc=useast5,,bag in car,False,False,576,1024
7666455220964052237,https://www.tiktok.com/@emma65787/video/7666455220964052237,emma65787,Emma65787,#bag #unboxing #luxurybag #luxury #bagelbopscontest ,#bag #unboxing #luxurybag #luxury #bagelbopscontest,21300,1800,91,85,34,2026-07-25T13:22:31.000Z,https://p16-common-sign.tiktokcdn-us.com/tos-useast5-p-0068-tx/oEaABTmBSiBXiJmEA4k78g7ZEouIAPi4qkmlA~tplv-tiktokx-origin.image?dr=9636&x-expires=1788555600&x-signature=dKLpOg0M11eyq7acxVH63n6OLUw%3D&t=4d5b0474&ps=13740610&shp=81f88b70&shcp=43f4a2f9&idc=useast5,,bag in car,False,False,720,1280
7679134400067407112,https://www.tiktok.com/@maanjita123/video/7679134400067407112,maanjita123,manjitapandey,"A little fit check because sometimes you put an outfit together, look in the mirror, and realize you have no choice but to take pictures 😜🤭#tiktok#viral#outfitcheck#fyp#dubronvik.                                                               Bag from @Coach ",#tiktok #viral #outfitcheck #fyp #dubronvik #,503,65,39,15,10,2026-08-28T17:23:32.000Z,https://p19-common-sign.tiktokcdn-us.com/tos-alisg-p-0037/oMXnDNeG4QCtjeVIpxI2mIx4RCBADITeLJZjQA~tplv-tiktokx-origin.image?dr=9636&x-expires=1788555600&x-signature=trm0pc%2FJx5o4eivMWnWtpEdRMIA%3D&t=4d5b0474&ps=13740610&shp=81f88b70&shcp=43f4a2f9&idc=useast8,,mirror outfit check bag,False,False,576,1024
7598269122429898039,https://www.tiktok.com/@acbellezaymoda.shop/video/7598269122429898039,acbellezaymoda.shop,AC BELLEZA & MODA,"Frente al espejo, cuatro bolsos… y una gran duda existencial 😅🪞👜  ¿Quién manda hoy? ¿Ustedes o mi reflejo? 👀✨  Ayúdenme a elegir el bolso que mejor combina con este outfit 💃🏽 👇 Escríbanme en comentarios cuál eligieron (yo prometo leerlos todos 😏💛)  Porque la moda también se decide en comunidad ✨👜 #acbellezaymoda #slowfashion #OneOfAKind #SustainableFashion #IracaBag ",#acbellezaymoda #slowfashion #oneofakind #sustainablefashion #iracabag,409,12,7,0,46,2026-01-22T21:30:00.000Z,https://p19-common-sign.tiktokcdn-us.com/tos-useast5-p-0068-tx/osnpBkJFEz1F578AegCIcQn7Rl9IDDD7EfwQ5S~tplv-tiktokx-origin.image?dr=9636&x-expires=1788555600&x-signature=1MXiWTvpB6%2Frjq1E3LerSvZrsi4%3D&t=4d5b0474&ps=13740610&shp=81f88b70&shcp=43f4a2f9&idc=useast8,,mirror outfit check bag,False,False,720,1280
7600756220043037975,https://www.tiktok.com/@alvaroz_75/video/7600756220043037975,alvaroz_75,Alvaro Zavala,Mirror mirror on the wall 🙌   Comment HANDBAG to know the brand #mirroroutfit #mirrorselfie #outfitcheck #handbag #fyp ,#mirroroutfit #mirrorselfie #outfitcheck #handbag #fyp,268,24,0,0,9,2026-01-29T12:16:12.000Z,https://p19-common-sign.tiktokcdn-us.com/tos-no1a-p-0037-no/oI5w1dTQA0ZCa4y0IMSACUqw4iIKICi7LlqvfB~tplv-tiktokx-origin.image?dr=9636&x-expires=1788555600&x-signature=2FB1JR4sQaoCXupfzAKT%2BrT15yk%3D&t=4d5b0474&ps=13740610&shp=81f88b70&shcp=43f4a2f9&idc=useast8,,mirror outfit check bag,False,False,576,1024
7655919908714204447,https://www.tiktok.com/@kailahrhian/video/7655919908714204447,kailahrhian,kailah,Mirror fitcheck #outfitinspo ,#outfitinspo,8184,745,17,12,8,2026-06-27T03:59:38.000Z,https://p16-common-sign.tiktokcdn-us.com/tos-useast8-p-0068-tx2/oUAxEEqqVEhDqRrQpwffBFSPpDc3s0QkD5VLAA~tplv-tiktokx-origin.image?dr=9636&x-expires=1788555600&x-signature=M1k2%2FrevrEZ2%2Bx%2BGlaWGn95XnIo%3D&t=4d5b0474&ps=13740610&shp=81f88b70&shcp=43f4a2f9&idc=useast8,,mirror outfit check bag,False,False,720,1280
7565831763033951543,https://www.tiktok.com/@thegenxluxelist/video/7565831763033951543,thegenxluxelist,The Gen❌ Luxe List,"OOTD: luxe city chic mirror fit check 🪩 Macy’s jacket, boutique top, TJ Maxx trousers, and my fave hobo purse—because effortless glam always wins. Serving confidence, class, and just a hint of downtown edge. #OOTD #citychic @TJ Maxx @Macy’s @Hobo Bags ",#ootd #citychic # # #,6243,216,143,17,35,2025-10-27T19:30:00.000Z,https://p16-common-sign.tiktokcdn-us.com/tos-useast5-p-0068-tx/oQerPn5IfJOLJESIAQzASAAxNeiAFj68GRGfIH~tplv-tiktokx-dmt-logom:tos-useast5-i-0068-tx/o4jAISf53JWInALGEONQvFvAAfRYAyeHwiPGIe.image?dr=9634&x-expires=1788555600&x-signature=%2FV4VxX3eYgcjghdnhoZ86XnplVw%3D&t=4d5b0474&ps=13740610&shp=81f88b70&shcp=43f4a2f9&idc=useast8,,mirror outfit check bag,False,False,720,1280
7640443379934891286,https://www.tiktok.com/@yoshimistyling/video/7640443379934891286,yoshimistyling,Simone | Bags | Style 🖤,Get ready with me and my mirror bag ✨🫶🏻 #louisvuitton ,#louisvuitton,696,61,24,1,57,2026-05-16T11:02:42.000Z,https://p19-common-sign.tiktokcdn-us.com/tos-no1a-p-0037-no/ok6jYApiavrEABvQAiJYUAIkIwgAEBiwBiiFW~tplv-tiktokx-origin.image?dr=9636&x-expires=1788555600&x-signature=Ghm3B0r9aT%2FJ1I7%2BivrsKqmEWao%3D&t=4d5b0474&ps=13740610&shp=81f88b70&shcp=43f4a2f9&idc=useast8,,mirror outfit check bag,False,False,576,1024
7674607736188849441,https://www.tiktok.com/@dailylaughhub8/video/7674607736188849441,dailylaughhub8,DailyLaughHub,She really took the new bag straight to the mirror to check her outfit! 👜😂 Too cute!#funnymemes ,#funnymemes,841,53,0,1,13,2026-08-16T12:37:42.000Z,https://p16-common-sign.tiktokcdn-us.com/tos-useast2a-p-0037-euttp/ocbIgITAj0NEVAreBrtAm1xjeecGIDLDMyqGBW~tplv-tiktokx-origin.image?dr=9636&x-expires=1788555600&x-signature=tkj8Lur88DMHBCi%2FLKcNuHSlRCw%3D&t=4d5b0474&ps=13740610&shp=81f88b70&shcp=43f4a2f9&idc=useast8,,mirror outfit check bag,False,False,576,1024
7680663384815045901,https://www.tiktok.com/@hopebeavs/video/7680663384815045901,hopebeavs,"HOPE | mama, style & health","The tote that can truly do it all 🤍   I love this tote as an everyday bag for work, travel, errands and everything in between, but if you’re a mom, it also makes the BEST diaper bag!  It’s cute and classic enough to carry every day, but spacious enough for all the things you need for yourself + your baby or toddler! Snacks, diapers, wipes, extra clothes, toys, cups… somehow moms are always carrying half the house 😂  Plus, you can completely customize the colors, pattern + monogram to make it your own! Such a good bag for everyday life AND mom life 🫶🏼  🔗linked on my LTK at the link in bio   htt",#diaperbag #mombag #totebag #momlife #creatorsearchinsights #,178,8,4,1,22,2026-09-01T20:17:02.000Z,https://p16-common-sign.tiktokcdn-us.com/tos-useast5-p-0068-tx/owAPAAcIIvEB4BrlwPkayECwypX2MiizAgxxt~tplv-tiktokx-origin.image?dr=9636&x-expires=1788555600&x-signature=7CkTFB9L2Zw6ZAeFKwYU3riJluo%3D&t=4d5b0474&ps=13740610&shp=81f88b70&shcp=43f4a2f9&idc=useast8,,mom bag tote,False,False,720,1280
7672504553056603423,https://www.tiktok.com/@olivia_schipper/video/7672504553056603423,olivia_schipper,olivia | first time mom,Toddler mom tote bag tour 👜🤍  #motherhood #mombag #toddlermom #momlife ,#motherhood #mombag #toddlermom #momlife,2916,141,6,2,80,2026-08-10T20:36:36.000Z,https://p16-common-sign.tiktokcdn-us.com/tos-useast8-p-0068-tx2/o0q9GefhIIaqQKbOIHUALCK0QqjGAtiOrI7nqf~tplv-tiktokx-origin.image?dr=9636&x-expires=1788555600&x-signature=Fwjp5DMLOAqVHBJvQweRuLPKNk8%3D&t=4d5b0474&ps=13740610&shp=81f88b70&shcp=43f4a2f9&idc=useast8,,mom bag tote,False,False,720,1280
7669348548219079967,https://www.tiktok.com/@dresseddailyuk/video/7669348548219079967,dresseddailyuk,dresseddailyuk,"This tote fits diapers, wipes, snacks, and all your own stuff without feeling like you’re lugging a suitcase 😄 Sturdy enough for daily use and still looks put together for a night out 🙌 The bag that actually keeps up with mom life cre bubsybloom #diaperbag #momlife #momessentials",#diaperbag #momlife #momessentials,8321,172,1,30,9,2026-08-02T08:29:59.000Z,https://p16-common-sign.tiktokcdn-us.com/tos-useast8-p-0068-tx2/osheNfM3TQociKg7AKdLumfIgRGDI0As9AeeAq~tplv-tiktokx-origin.image?dr=9636&x-expires=1788555600&x-signature=SBo0TEg7glDFj0v78Mt7Y37aYEk%3D&t=4d5b0474&ps=13740610&shp=81f88b70&shcp=43f4a2f9&idc=useast8,,mom bag tote,False,False,720,1280
7664656621661932830,https://www.tiktok.com/@siffhaider/video/7664656621661932830,siffhaider,Siff Haider,Chic totes that double as a diaper bag for all my fashion moms #fashionmom #howtolookexpensive #momstyleinspo #greenscreen ,#fashionmom #howtolookexpensive #momstyleinspo #greenscreen,104900,6365,74,432,101,2026-07-20T17:02:41.000Z,https://p16-common-sign.tiktokcdn-us.com/tos-useast8-p-0068-tx2/oszeidAXfAIODFK8CDRqaLBgVEEVFEPJyl4Qtv~tplv-tiktokx-origin.image?dr=9636&x-expires=1788555600&x-signature=Q3j5EKU5WARKUslQshFkx6zSwVQ%3D&t=4d5b0474&ps=13740610&shp=81f88b70&shcp=43f4a2f9&idc=useast8,,mom bag tote,False,False,720,1280
7665861328900312334,https://www.tiktok.com/@oliviaccantrell/video/7665861328900312334,oliviaccantrell,Olivia Cantrell,loveee my boat & tote 👏🏻💘 #mombag #diaperbag #momof3 #boatandtote ,#mombag #diaperbag #momof3 #boatandtote,14300,675,21,17,40,2026-07-23T22:57:34.000Z,https://p16-common-sign.tiktokcdn-us.com/tos-useast5-p-0068-tx/oww9mPcAdnHAiiBA1EgAaBFEkJAI4XzBinpdK~tplv-tiktokx-origin.image?dr=9636&x-expires=1788555600&x-signature=8ATn%2FVG0AZuMd9SwUCo6EDWzZMM%3D&t=4d5b0474&ps=13740610&shp=81f88b70&shcp=43f4a2f9&idc=useast8,,mom bag tote,False,False,720,1280
7663522574512524575,https://www.tiktok.com/@jamie.haberkorn/video/7663522574512524575,jamie.haberkorn,jamie.haberkorn,I have loved using this tote as a diaper bag lately  #diaperbag #totebag #momof3 #boymom #momlife ,#diaperbag #totebag #momof3 #boymom #momlife,32400,1374,76,84,77,2026-07-17T15:41:56.000Z,https://p16-common-sign.tiktokcdn-us.com/tos-useast8-p-0068-tx2/oEpiUqaRfFrITALGeQOQLUQCfaR3A3eVwQTGIK~tplv-tiktokx-origin.image?dr=9636&x-expires=1788555600&x-signature=afVngU4EX0GJw8C0yfDPD698FuE%3D&t=4d5b0474&ps=13740610&shp=81f88b70&shcp=43f4a2f9&idc=useast8,,mom bag tote,False,False,720,1280
7632537779645205774,https://www.tiktok.com/@alexis.klenke/video/7632537779645205774,alexis.klenke,Alexis Klenke,I’m so in love with this bag😭 #diaperbag #firsttimemom  ,#diaperbag #firsttimemom,276100,41000,611,4160,68,2026-04-25T03:45:12.000Z,https://p19-common-sign.tiktokcdn-us.com/tos-useast5-p-0068-tx/o0n2kQrQGcukGCcfAIeZAmKsqL0ZQTHIn54jfY~tplv-tiktokx-origin.image?dr=9636&x-expires=1788555600&x-signature=YMSpZL07Cv%2BXTFzfjmuETZrk8wU%3D&t=4d5b0474&ps=13740610&shp=81f88b70&shcp=43f4a2f9&idc=useast8,,mom bag tote,True,False,720,1280
7666469637151821087,https://www.tiktok.com/@itscarolinesacca/video/7666469637151821087,itscarolinesacca,itscarolinesacca,"I think I found the best mom tote bag. 🤍  If you’re looking for a diaper bag alternative that doesn’t look like a diaper bag, this is it. It fits everything I need for two kids—snacks, water bottles, extra clothes, wipes, toys, and all my own essentials—without feeling bulky. Plus, it’s waterproof, easy to wipe clean, and comes in multiple colors.  This has officially become my everyday travel tote, pool bag, and mom bag all in one.  ✨ Shop all the colors in my LTK!  #momtok #momessentials #mombag #casemate #traveltote ",#momtok #momessentials #mombag #casemate #traveltote,414,6,2,1,18,2026-07-25T14:17:59.000Z,https://p16-common-sign.tiktokcdn-us.com/tos-useast8-p-0068-tx2/ooKiyAAgUDIjfxtJEaLIAsGrIyAjGvAQIAefqY~tplv-tiktokx-dmt-logom:tos-useast8-i-0068-tx2/ogZmKBMxIAKKdnAC6ixiOcLAUEBIAAi21kBqSf.image?dr=9634&x-expires=1788555600&x-signature=UpEQYkstsaOm7EyizpLr%2B4I3QHE%3D&t=4d5b0474&ps=13740610&shp=81f88b70&shcp=43f4a2f9&idc=useast8,,mom bag tote,False,False,720,1280
7644938293850885406,https://www.tiktok.com/@thealipalmer/video/7644938293850885406,thealipalmer,thealipalmer,Replying to @Marcella Keeton Lyon seriously one of the best things I’ve bought recently 💕   #llbean #boatandtote #trending #mombag ,# #llbean #boatandtote #trending #mombag,45400,1343,39,141,53,2026-05-28T13:45:15.000Z,https://p16-common-sign.tiktokcdn-us.com/tos-useast8-p-0068-tx2/oUoGVIeIB3JaEBRZAifvABDLPidGdqEEV7tRQY~tplv-tiktokx-origin.image?dr=9636&x-expires=1788555600&x-signature=p6yRaF65F%2B5XQzX1hnxVG3%2B1un0%3D&t=4d5b0474&ps=13740610&shp=81f88b70&shcp=43f4a2f9&idc=useast8,,mom bag tote,True,False,720,1280
7672953605913103646,https://www.tiktok.com/@danieb386/video/7672953605913103646,danieb386,Danie | Your Style Bestie,My favorite tote bag for everyday mom thangz.  #mombag #totebag #whatsonmybag #bagoftheday  @BaubleBar ,#mombag #totebag #whatsonmybag #bagoftheday #,12600,357,15,8,114,2026-08-12T01:39:03.000Z,https://p19-common-sign.tiktokcdn-us.com/tos-useast8-p-0068-tx2/ogBUVIdQAAAxAjkOAEihezqBafsiGreiIIEB7I~tplv-tiktokx-origin.image?dr=9636&x-expires=1788555600&x-signature=ezJVpS0SOtpYx4o5BBf0R8RlHxE%3D&t=4d5b0474&ps=13740610&shp=81f88b70&shcp=43f4a2f9&idc=useast8,,mom bag tote,False,False,720,1280
7653162639039663390,https://www.tiktok.com/@serinajadeward/video/7653162639039663390,serinajadeward,serina jade,I swear there’s a portal to another dimension in this thing I’m over it #totebags #toddlermom #diaperbag #MomsofTikTok #momlife ,#totebags #toddlermom #diaperbag #momsoftiktok #momlife,213700,8349,1531,58,44,2026-06-19T17:40:00.000Z,https://p16-common-sign.tiktokcdn-us.com/tos-useast8-p-0068-tx2/owBE7uD6FAauNfq8ARYCACTEz75IQVAfAqXZIE~tplv-tiktokx-origin.image?dr=9636&x-expires=1788555600&x-signature=9%2FbtUvaqmdTZD%2FAF%2FdbHMLmf6AQ%3D&t=4d5b0474&ps=13740610&shp=81f88b70&shcp=43f4a2f9&idc=useast8,,mom bag tote,False,False,720,1280
7638095286375550222,https://www.tiktok.com/@themilesfamily_6/video/7638095286375550222,themilesfamily_6,Victoria | Mom of 4 under 5,Comment “link” and make sure to follow and I’ll dm you!! 🫶🏽✨  #momoftiktok #momcontent #diaperbag #leathertote #momcontent ,#momoftiktok #momcontent #diaperbag #leathertote #momcontent,2670,25,10,1,16,2026-05-10T03:11:01.000Z,https://p16-common-sign.tiktokcdn-us.com/tos-useast5-p-0068-tx/oIfnJf2AED0FHH9A2AXIfqOAGdLmDOAuRfNQsI~tplv-tiktokx-origin.image?dr=9636&x-expires=1788555600&x-signature=JMH%2FwXjhnvXN20ksJ6cx6MKR8Y4%3D&t=4d5b0474&ps=13740610&shp=81f88b70&shcp=43f4a2f9&idc=useast8,,mom bag tote,False,False,720,1280
7644099246462995742,https://www.tiktok.com/@sonderdaughter12/video/7644099246462995742,sonderdaughter12,rinno,mirror fit check #fashion #fyp #fitcheck #ootd #y2k ,#fashion #fyp #fitcheck #ootd #y2k,13800,1341,14,34,11,2026-05-26T07:29:42.000Z,https://p16-common-sign.tiktokcdn-us.com/tos-useast8-p-0068-tx2/okRrgJIAUMAWmQSlASGQeV8pAfMAQJAQcAeoeq~tplv-tiktokx-origin.image?dr=9636&x-expires=1788555600&x-signature=tiT0cgtdjZl%2BPowWAW2Y8zxCRv0%3D&t=4d5b0474&ps=13740610&shp=81f88b70&shcp=43f4a2f9&idc=useast5,,mirror outfit check bag,False,False,720,1280
7673563049025883414,https://www.tiktok.com/@the.rebel.hamid/video/7673563049025883414,the.rebel.hamid,Hamid🇵🇰,mirror fit check #london ,#london,91500,3496,37,91,7,2026-08-13T17:03:48.000Z,https://p16-common-sign.tiktokcdn-us.com/tos-no1a-p-0037-no/osQ6Wf8MQQRAGSpRj4owH9Vf3KeAfQHAXAAlgA~tplv-tiktokx-origin.image?dr=9636&x-expires=1788555600&x-signature=HFJsGfGDxz1dSuEUAwYdyzViq%2F4%3D&t=4d5b0474&ps=13740610&shp=81f88b70&shcp=43f4a2f9&idc=useast5,,mirror outfit check bag,False,False,576,1024
7670181474825456918,https://www.tiktok.com/@c4ndy.style/video/7670181474825456918,c4ndy.style,Candy,Who’s that in the mirror  #OOTD #outfitinspo #fitcheck #outfitideas ,#ootd #outfitinspo #fitcheck #outfitideas,9602,863,37,8,14,2026-08-04T14:21:38.000Z,https://p19-common-sign.tiktokcdn-us.com/tos-no1a-p-0037-no/oQX9XAAfUBLZhzzxFuFEAVDxI4AjPGAIEbf9If~tplv-tiktokx-origin.image?dr=9636&x-expires=1788555600&x-signature=E6lrEqaJKvv3JcY%2FyOVYT2Q%2FCKQ%3D&t=4d5b0474&ps=13740610&shp=81f88b70&shcp=43f4a2f9&idc=useast5,,mirror outfit check bag,False,False,576,1024
7585655395830484254,https://www.tiktok.com/@abbie.antal/video/7585655395830484254,abbie.antal,abbie.antal,Mirror check to complete the fit check before actually heading out always #outfitinspo #fashiontiktok #styleinspo #creatorsearchinsights #fitcheck ,#outfitinspo #fashiontiktok #styleinspo #creatorsearchinsights #fitcheck,3439,446,110,13,8,2025-12-19T19:37:32.000Z,https://p16-common-sign.tiktokcdn-us.com/tos-useast8-p-0068-tx2/ogFSEKpn9BAXqBAtAti1iI0ABCpALByoIDfDFi~tplv-tiktokx-origin.image?dr=9636&x-expires=1788555600&x-signature=mpGB0ABrLKY7nnFVWG2dnB%2FpBBg%3D&t=4d5b0474&ps=13740610&shp=81f88b70&shcp=43f4a2f9&idc=useast5,,mirror outfit check bag,False,False,720,1280
7481325808401829142,https://www.tiktok.com/@evahegz18/video/7481325808401829142,evahegz18,✨ Eva ✨,Mirror OOTD ✨   #outfit #simpleoutfit #leopard #bag #outfitinspo #outfitcheck #cutefit #fashion #creatorsearchinsight #fyp #springfashion ,#outfit #simpleoutfit #leopard #bag #outfitinspo #outfitcheck #cutefit #fashion #creatorsearchinsight #fyp #springfashion,440,63,18,4,16,2025-03-13T16:05:07.000Z,https://p16-common-sign.tiktokcdn-us.com/tos-no1a-p-0037-no/ocgI0pBrfLf7ADI7bPhTjdA8GIExeLHGITAjN5~tplv-tiktokx-origin.image?dr=9636&x-expires=1788555600&x-signature=S4HSaYw99v1cIIvdlZvuTVHrljs%3D&t=4d5b0474&ps=13740610&shp=81f88b70&shcp=43f4a2f9&idc=useast5,,mirror outfit check bag,False,False,576,1024
7669836283232980256,https://www.tiktok.com/@v4l.4st/video/7669836283232980256,v4l.4st,v4l,Mirror showing fit#mensfashion #fashiontiktok #outfit #2000sfashion #outfitideas ,#mensfashion #fashiontiktok #outfit #2000sfashion #outfitideas,12000,1130,43,39,8,2026-08-03T16:02:03.000Z,https://p16-common-sign.tiktokcdn-us.com/tos-useast2a-p-0037-euttp/o83IInzIbC0FatB7BAoiAO3uIfuI1WiALC15wA~tplv-tiktokx-origin.image?dr=9636&x-expires=1788555600&x-signature=Hikz0QCRq%2Bw%2BIAZf3LuUel%2B%2F57M%3D&t=4d5b0474&ps=13740610&shp=81f88b70&shcp=43f4a2f9&idc=useast5,,mirror outfit check bag,False,False,576,1024
7601938574090521878,https://www.tiktok.com/@desireezhang/video/7601938574090521878,desireezhang,desirée,#mirror #fitcheck #bags ,#mirror #fitcheck #bags,2223,136,1,0,22,2026-02-01T16:44:15.000Z,https://p16-common-sign.tiktokcdn-us.com/tos-no1a-p-0037-no/oElAQffO9KrQwALGNWbgRb2AAfRYACeHoWBGIM~tplv-tiktokx-origin.image?dr=9636&x-expires=1788555600&x-signature=j99yGihAjuyOv5gG0SLNdJQUHWw%3D&t=4d5b0474&ps=13740610&shp=81f88b70&shcp=43f4a2f9&idc=useast5,,mirror outfit check bag,False,False,576,1024
7506903554523745566,https://www.tiktok.com/@madison_rose_beauty/video/7506903554523745566,madison_rose_beauty,Madison 🌹,If you don’t have an essentials bag in you car……what are you doing?? All Products Are 🔗 In My Storefront! @Amazon #primepartner #roadtrip #traveldays #caressentials #caressentialsbag #packwithme #amazonessentials ,# #primepartner #roadtrip #traveldays #caressentials #caressentialsbag #packwithme #amazonessentials,811,40,2,1,52,2025-05-21T14:20:01.000Z,https://p19-common-sign.tiktokcdn-us.com/tos-useast8-p-0068-tx2/o8AIVEQbA4jnEPTIFeAAKEIDtA2qWAhEe9faQ8~tplv-tiktokx-origin.image?dr=9636&x-expires=1788555600&x-signature=IsDoCpqkO77bwB4ZKLqxP1WeJ68%3D&t=4d5b0474&ps=13740610&shp=81f88b70&shcp=43f4a2f9&idc=useast5,,bag in car,False,False,576,1024
7631319967501258002,https://www.tiktok.com/@baggobags/video/7631319967501258002,baggobags,baggobags,@CHELSEA + MY25JIMNY @✨👜  #car #jimmy #australia🇦🇺 #rubbish #bag ,# #car #jimmy #australia🇦🇺 #rubbish #bag,812,15,1,1,14,2026-04-21T20:59:14.000Z,https://p16-common-sign.tiktokcdn-us.com/tos-alisg-p-0037/oQX6I9nEj4kfATrA5ACeTIVzIAeTnuDv0iSDFC~tplv-tiktokx-origin.image?dr=9636&x-expires=1788555600&x-signature=tdAhamRriC2y6hUzqo9RcfSCP80%3D&t=4d5b0474&ps=13740610&shp=81f88b70&shcp=43f4a2f9&idc=useast5,,bag in car,False,False,576,990
7148304261519084801,https://www.tiktok.com/@miss34_skyline/video/7148304261519084801,miss34_skyline,MISS34,Replying to @__wout__ #carsoftiktok #cargirl #bagged #nissanskyline #stance #r34 ,# #carsoftiktok #cargirl #bagged #nissanskyline #stance #r34,183300,10500,94,1276,11,2022-09-28T05:51:34.000Z,https://p16-common-sign.tiktokcdn-us.com/tos-alisg-p-0037/2617896d24b74c3eb001d6da7624324c_1664344296~tplv-tiktokx-origin.image?dr=9636&x-expires=1788555600&x-signature=4g3TBhEPRUHtqJFRDc2JExlObdI%3D&t=4d5b0474&ps=13740610&shp=81f88b70&shcp=43f4a2f9&idc=useast5,,bag in car,False,False,576,1024
7650201722731744542,https://www.tiktok.com/@nicksteggy/video/7650201722731744542,nicksteggy,Nicksteggy,"Installing Bags on my Integra, big shoutout to @Rolandokoolwhip and @g27.fro for helping me install these go give them a follow #honda #cars #integra #bagged #teggy ",# # #honda #cars #integra #bagged #teggy,32900,3516,68,66,186,2026-06-11T18:10:03.000Z,https://p19-common-sign.tiktokcdn-us.com/tos-useast8-p-0068-tx2/oMoqZyk8gfewFNLRQppVoQAlNGWftU8rOAfM7Q~tplv-tiktokx-origin.image?dr=9636&x-expires=1788555600&x-signature=SHLOvwY52FlbIRxw7TY1SFM64OQ%3D&t=4d5b0474&ps=13740610&shp=81f88b70&shcp=43f4a2f9&idc=useast5,,bag in car,False,False,720,1280
7679481078842789142,https://www.tiktok.com/@gydiylovebagset/video/7679481078842789142,gydiylovebagset,GYDIY LOVE BAG SET,Hi Lucy 💕💕hope you enjoy 💕💕#baghaul  #fashion  #bag  #packing #purse,#baghaul #fashion #bag #packing #purse,1616,150,5,1,154,2026-08-29T15:48:50.000Z,https://p19-common-sign.tiktokcdn-us.com/tos-no1a-p-0037-no/ogSA4GIfsrGEGfAc11MULELWeuQEJqgRf4QjJR~tplv-tiktokx-origin.image?dr=9636&x-expires=1788555600&x-signature=4mTNrZ%2BnUlyix64hswqNJYpkomk%3D&t=4d5b0474&ps=13740610&shp=81f88b70&shcp=43f4a2f9&idc=useast5,,packing my bag,False,False,576,1024
7660988534106393869,https://www.tiktok.com/@dayswmari1/video/7660988534106393869,dayswmari1,Days With Mari💕📸,Pack my back to school bag W/ me. #backtoschoolshopping #glamholicbag #fypシ゚viral ,#backtoschoolshopping #glamholicbag #fypシ゚viral,494600,60900,315,1282,209,2026-07-10T19:48:36.000Z,https://p19-common-sign.tiktokcdn-us.com/tos-useast5-p-0068-tx/oMf6jlJBUqihQgEgT1yFDEGDBdfQUQRRv2SAGD~tplv-tiktokx-origin.image?dr=9636&x-expires=1788555600&x-signature=hE0Exq37loba3M3XTYuui6NUBAg%3D&t=4d5b0474&ps=13740610&shp=81f88b70&shcp=43f4a2f9&idc=useast5,,packing my bag,False,False,720,1280
7680625195576462623,https://www.tiktok.com/@isabellecgrwm/video/7680625195576462623,isabellecgrwm,isabellecgrwm,Pack my emergency kit with me | what you need in your emergency kit#schoolessentials #highschool #backpackessentials #backtoschool #fyp @byoma ,#schoolessentials #highschool #backpackessentials #backtoschool #fyp #,23600,1948,50,39,57,2026-09-01T17:48:47.000Z,https://p19-common-sign.tiktokcdn-us.com/tos-useast5-p-0068-tx/oMAqlDBwIDBiG28pfEAgIK8ibwXPWyOeAVKRSE~tplv-tiktokx-origin.image?dr=9636&x-expires=1788555600&x-signature=LFwkG4sLg98gS8fK6uX1ewMDMRA%3D&t=4d5b0474&ps=13740610&shp=81f88b70&shcp=43f4a2f9&idc=useast5,,packing my bag,False,False,720,1280
7650629563344522527,https://www.tiktok.com/@moofinmade/video/7650629563344522527,moofinmade,moofinmade,I get the most work done at coffee shops 🙈🤍🎧☕️ #packmybagwithme #whatsinmybag #asmrpacking #workbag #fypシ ,#packmybagwithme #whatsinmybag #asmrpacking #workbag #fypシ,43400,5951,34,75,41,2026-06-12T21:50:15.000Z,https://p19-common-sign.tiktokcdn-us.com/tos-useast8-p-0068-tx2/ok9CmfIgQIAUtLWexfLqxMimMiwzSIAtGCPjGS~tplv-tiktokx-origin.image?dr=9636&x-expires=1788555600&x-signature=u1PvF6moBp8LSt8HSCMIQI1dQ6M%3D&t=4d5b0474&ps=13740610&shp=81f88b70&shcp=43f4a2f9&idc=useast5,,packing my bag,False,False,720,1280
7680377265993092365,https://www.tiktok.com/@bella.grwmm6/video/7680377265993092365,bella.grwmm6,bella,pack my back pack for junior year !! #backtoschool #whatsinmybag #backtoschoolshopping #fyp #viralvideo ,#backtoschool #whatsinmybag #backtoschoolshopping #fyp #viralvideo,41100,7079,62,78,121,2026-09-01T01:46:42.000Z,https://p19-common-sign.tiktokcdn-us.com/tos-useast5-p-0068-tx/oA3d7ApB1ALxzBPiivMxFAEMBBDWfSwwGKIpaN~tplv-tiktokx-origin.image?dr=9636&x-expires=1788555600&x-signature=iol6FNqAKsCZzpPgwRxqevL7%2Bn0%3D&t=4d5b0474&ps=13740610&shp=81f88b70&shcp=43f4a2f9&idc=useast5,,packing my bag,False,False,720,1280
7680670724981394702,https://www.tiktok.com/@embreighcourtlyn/video/7680670724981394702,embreighcourtlyn,???,SO EXCITED @Beginning Boutique ,#,1700000,305900,2070,5626,172,2026-09-01T20:45:33.000Z,https://p16-common-sign.tiktokcdn-us.com/tos-useast5-p-0068-tx/oMQPXqOErBzxGgR8s5QAeFEDgODaOlFD3fczXS~tplv-tiktokx-origin.image?dr=9636&x-expires=1788555600&x-signature=Af7QPFglgK8qwMPREv%2B2zrihzms%3D&t=4d5b0474&ps=13740610&shp=81f88b70&shcp=43f4a2f9&idc=useast5,,packing my bag,False,False,720,1280
7625741179841301791,https://www.tiktok.com/@dilly2jz/video/7625741179841301791,dilly2jz,Dillon💎,out on the town🤟🏻 #fyp #lambo #bagged #car #cartok ,#fyp #lambo #bagged #car #cartok,636500,151400,405,14300,10,2026-04-06T20:10:48.000Z,https://p16-common-sign.tiktokcdn-us.com/tos-useast8-p-0068-tx2/oI0fQAuizfUrH2wUQLYAgyUNGjnAEFfRfEgt44~tplv-tiktokx-origin.image?dr=9636&x-expires=1788555600&x-signature=ylHPM7JDyAP32dceYBXppZvr3nM%3D&t=4d5b0474&ps=13740610&shp=81f88b70&shcp=43f4a2f9&idc=useast5,,bag in car,False,False,720,1280
7660487525802200327,https://www.tiktok.com/@_baghub1/video/7660487525802200327,_baghub1,baghub,BagHub🖤💛💨💨💨🎒🎒🎒Polo GTi sitting pretty and ready for collection after a successful bag procedure 😁🤤❤️🔥…..#baghub #slammed #Hublows #baggedlife #volkswagen ,#baghub #slammed #hublows #baggedlife #volkswagen,148600,19600,41,669,27,2026-07-09T11:24:08.000Z,https://p16-common-sign.tiktokcdn-us.com/tos-alisg-p-0037/o0rwY6hGAIJC81q1IbMAApRLNiIJIHiPPRdJfB~tplv-tiktokx-origin.image?dr=9636&x-expires=1788555600&x-signature=fWql%2ByMCvCfJrJJLOdw3KaTI3%2Bw%3D&t=4d5b0474&ps=13740610&shp=81f88b70&shcp=43f4a2f9&idc=useast5,,bag in car,False,False,1024,576
7630233136772812062,https://www.tiktok.com/@jr.slidin/video/7630233136772812062,jr.slidin,Jr.slidin,pull up n airout💨  #fyp #370z #bags #blue #carsoftiktok ,#fyp #370z #bags #blue #carsoftiktok,63900,8399,52,792,19,2026-04-18T22:41:50.000Z,https://p19-common-sign.tiktokcdn-us.com/tos-useast8-p-0068-tx2/ocJiCP0kDCIMiWkCigALWIIBkA1q8S1AtJfjL2~tplv-tiktokx-origin.image?dr=9636&x-expires=1788555600&x-signature=ZJ%2BH0dtOgmcO9enGtcbjI8bnfoI%3D&t=4d5b0474&ps=13740610&shp=81f88b70&shcp=43f4a2f9&idc=useast5,,bag in car,False,False,720,1280
7613330718936042773,https://www.tiktok.com/@thereadridinghood/video/7613330718936042773,thereadridinghood,The Read Riding Hood,What’s in my bag car edition.,,1251,60,14,0,255,2026-03-04T09:31:44.000Z,https://p19-common-sign.tiktokcdn-us.com/tos-alisg-p-0037/oIAOIOFviv4YWb8PDBDAQsT7j2TAfCFIkfEJfj~tplv-tiktokx-origin.image?dr=9636&x-expires=1788555600&x-signature=iQNJDBIKnHtLrdt51SVo48Ez3a0%3D&t=4d5b0474&ps=13740610&shp=81f88b70&shcp=43f4a2f9&idc=useast5,,bag in car,False,False,576,1024
7567148520457669901,https://www.tiktok.com/@vannavision/video/7567148520457669901,vannavision,vanna,Bags are in the car Jose🙄🙄 | #halloween #whitechicks #viral #xyzbca #blonde ,#halloween #whitechicks #viral #xyzbca #blonde,1908,336,14,7,15,2025-10-30T22:41:12.000Z,https://p19-common-sign.tiktokcdn-us.com/tos-useast5-p-0068-tx/o4IYidfagApCBEtAkfhAGT64uXjGFjRDfCOfYc~tplv-tiktokx-origin.image?dr=9636&x-expires=1788555600&x-signature=MRgVa2devxTmf%2BJpc7iIWuNO%2BZU%3D&t=4d5b0474&ps=13740610&shp=81f88b70&shcp=43f4a2f9&idc=useast5,,bag in car,False,False,720,1280
7680716593176841486,https://www.tiktok.com/@onyxicee/video/7680716593176841486,onyxicee,onyxice,"I went back and collected some in a bag, but it’s sooo hot outside that some of it melted by time I got to the car 🥺#freezerfrost #iceeating #storefrost #iceasmr #freezerice ",#freezerfrost #iceeating #storefrost #iceasmr #freezerice,25400,1574,13,66,168,2026-09-01T23:43:16.000Z,https://p16-common-sign.tiktokcdn-us.com/tos-useast5-p-0068-tx/owCiBYjxEuzCJGSBZXMBfBKIGJAiAA7wAEG1IO~tplv-tiktokx-origin.image?dr=9636&x-expires=1788555600&x-signature=U03N6hg8FbwHqO%2BNzVOTUdZH2mc%3D&t=4d5b0474&ps=13740610&shp=81f88b70&shcp=43f4a2f9&idc=useast5,,bag in car,False,False,720,1280
7679021267235736845,https://www.tiktok.com/@atnorah/video/7679021267235736845,atnorah,Nora,The prettiest work/school bag 🩵✨ #workbag #schoolbag #totebag #tiktokshopbacktoschool #mombag ,#workbag #schoolbag #totebag #tiktokshopbacktoschool #mombag,45200,278,2,19,11,2026-08-28T15:00:00.000Z,https://p16-common-sign.tiktokcdn-eu.com/tos-useast5-p-0068-tx/oACBFEvuydkITI4pAAEAiRLv3AY0ag3XgBb2i~tplv-tiktokx-origin.image?dr=10395&x-expires=1788555600&x-signature=9L2xklrQtjYTgbU3tOFRZVNAa%2BE%3D&t=4d5b0474&ps=13740610&shp=81f88b70&shcp=43f4a2f9&idc=no1a,,mom bag tote,True,False,720,1280
7647911633607609630,https://www.tiktok.com/@lindavictoriya/video/7647911633607609630,lindavictoriya,Linda Victoriya,"I was a sceptic until I tried it myself and realized that it’s actually perfect. There is a pocket for everything, it’s spacious, durable and timeless #momtok #mombag #boatandtote #totebag #tote @Lands' End ",#momtok #mombag #boatandtote #totebag #tote #,14900,53,7,2,7,2026-06-17T11:00:00.000Z,https://p16-common-sign.tiktokcdn-eu.com/tos-useast8-p-0068-tx2/owvz1aiEiPHxEAAycRXAB2lAAAiLIzJxiBwEP~tplv-tiktokx-origin.image?dr=10395&x-expires=1788555600&x-signature=gEGQBsMIDdrOHhjNaSfDr5ACDbw%3D&t=4d5b0474&ps=13740610&shp=81f88b70&shcp=43f4a2f9&idc=no1a,,mom bag tote,False,False,720,1280
7680096007715065101,https://www.tiktok.com/@atnorah/video/7680096007715065101,atnorah,Nora,the prettiest work/school bag 🩵✨ #workbag #schoolbag #totebag #tiktokshopbacktoschool #mombag ,#workbag #schoolbag #totebag #tiktokshopbacktoschool #mombag,26000,128,1,16,13,2026-08-31T14:00:00.000Z,https://p16-common-sign.tiktokcdn-eu.com/tos-useast5-p-0068-tx/ocfqkgREEpDl7qNEfXF7HIAYDCA0QgCqSYASCA~tplv-tiktokx-origin.image?dr=10395&x-expires=1788555600&x-signature=1RHWEohcK69ajnnUPd2FL3Qr5MA%3D&t=4d5b0474&ps=13740610&shp=81f88b70&shcp=43f4a2f9&idc=no1a,,mom bag tote,True,False,720,1280
7666254384413691149,https://www.tiktok.com/@heylookwhatibought/video/7666254384413691149,heylookwhatibought,heylookwhatibought,What fits? Kate Spade Kitt Ksnyl Tote Bag in Hot Fudge. 🤎🤎🤎 love this bag and it’s on sale now. Nylon so it’s easy to clean! Great mom bag for on the go! #creatorsearchinsights #bestmomtotebag #katespade #katespadeoutlet #hotfudge ,#creatorsearchinsights #bestmomtotebag #katespade #katespadeoutlet #hotfudge,21300,201,14,41,43,2026-07-25T00:22:36.000Z,https://p16-common-sign.tiktokcdn-eu.com/tos-useast5-p-0068-tx/o07Zr7EIIOApsujfDAFIkIletceztRA9DFfGB3~tplv-tiktokx-origin.image?dr=10395&x-expires=1788555600&x-signature=S98eRy7ouQz69MOiUwyy8LSYAYc%3D&t=4d5b0474&ps=13740610&shp=81f88b70&shcp=43f4a2f9&idc=no1a,,mom bag tote,False,False,720,1280
7528165971668798733,https://www.tiktok.com/@brinlie_/video/7528165971668798733,brinlie_,Brinlie,@MINA BAIE obsessed with every detail🤎 #mompurse #newpurse #totebag #monlife ,# #mompurse #newpurse #totebag #monlife,143800,2277,54,143,160,2025-07-17T21:29:01.000Z,https://p16-common-sign.tiktokcdn-eu.com/tos-useast5-p-0068-tx/o8kuHBAH3PxEyaIarAlSdBgVii79d4AAxEB5u~tplv-tiktokx-origin.image?dr=10395&x-expires=1788555600&x-signature=%2FNO01uz%2Ban2f8m6GwmOXj1te6WY%3D&t=4d5b0474&ps=13740610&shp=81f88b70&shcp=43f4a2f9&idc=no1a,,mom bag tote,False,False,576,1024
7636741116192197918,https://www.tiktok.com/@livingwith.lindsay/video/7636741116192197918,livingwith.lindsay,Lindsay’s Loves,"This quilted floral tote is giving everything, cute, functional, and such an amazing deal with free shipping 🌸 Full zipper, tons of pockets, matching makeup bag included. Perfect for moms, travel, work, everything. Linked in my TikTok Shop! @Bagstellar_official @Bagstellar.US   #TikTokShopFinds #ToteBag #MomBag #QuiltedBag #TikTokMadeMeBuyIt",# # #tiktokshopfinds #totebag #mombag #quiltedbag,768200,4421,42,360,34,2026-05-06T11:36:28.000Z,https://p16-common-sign.tiktokcdn-eu.com/tos-useast8-p-0068-tx2/oAbZ70A90iT7OvGpA7EyIJI7fPEvJBEVZBzRfi~tplv-tiktokx-dmt-logom:tos-useast8-i-0068-tx2/ogjEeFITAc6fHm9m3Te3ACq2sAIIQAYEDkTpEA.image?dr=10393&x-expires=1788555600&x-signature=Q3jySna19CcgiMNb1eR5cY9Wu%2Bk%3D&t=4d5b0474&ps=13740610&shp=81f88b70&shcp=43f4a2f9&idc=no1a,,mom bag tote,True,False,720,1280
7680576283306216735,https://www.tiktok.com/@kristenfrizzelle/video/7680576283306216735,kristenfrizzelle,kristenfrizzelle,"Comparing the L.L. Bean Boat and Tote large (long strap + zipper) and the extra large (regular strap + open top) and I LOVE both.  As a mom of two, I will be getting A LOT of use out of these!   PRO TIP: if you want a small initial monogrammed, make sure you choose the name option (not the single letter or initial option) otherwise it’ll be HUGE  #mombag #diaperbag #travelbag #everydaybag #boatandtote   @llbean ",#mombag #diaperbag #travelbag #everydaybag #boatandtote #,9734,217,6,8,47,2026-09-01T14:39:03.000Z,https://p19-common-sign.tiktokcdn-eu.com/tos-useast8-p-0068-tx2/oYWUAAi4IRUb5jBAilAp54ahiBCANIWPQEEVk~tplv-tiktokx-origin.image?dr=10395&x-expires=1788555600&x-signature=S5mMQWEqGsbXcHQ6XPtCtJVTKsI%3D&t=4d5b0474&ps=13740610&shp=81f88b70&shcp=43f4a2f9&idc=no1a,,mom bag tote,False,False,720,1280
7658143689956527391,https://www.tiktok.com/@lovevook_bags/video/7658143689956527391,lovevook_bags,LOVEVOOK,"Moms, discount alert! Wipe-clean, self-standing, fits snacks + laptop + 40oz. Sanity on sale – grab it now. 👩👧#backtoschool #tiktokshopbacktoschool #totebag #schoolbag #WorkBag ",#backtoschool #tiktokshopbacktoschool #totebag #schoolbag #workbag,72700,450,36,99,16,2026-07-05T19:09:00.000Z,https://p16-common-sign.tiktokcdn-eu.com/tos-useast8-p-0068-tx2/oIzEoRClWF3UABVXcq0dRwAZEEE4fEfDIHMSwb~tplv-tiktokx-origin.image?dr=10395&x-expires=1788555600&x-signature=R%2B2NG4bxaTlouIo1IpvQKJJQArg%3D&t=4d5b0474&ps=13740610&shp=81f88b70&shcp=43f4a2f9&idc=no1a,,mom bag tote,True,False,720,1280
7680218316681612557,https://www.tiktok.com/@_kateboyce/video/7680218316681612557,_kateboyce,Kate,$40 Target tote bags for the mamas!!! #target #targetfinds #totebag #momthings #mompurse ,#target #targetfinds #totebag #momthings #mompurse,841,48,4,0,39,2026-08-31T15:30:23.000Z,https://p16-common-sign.tiktokcdn-eu.com/tos-useast5-p-0068-tx/oYAfZF4eABiRwD6HQkPDOKAaEwEElq4SgACrIg~tplv-tiktokx-origin.image?dr=10395&x-expires=1788555600&x-signature=uvEMseiuTwi1KZA71WBDAjNbeSE%3D&t=4d5b0474&ps=13740610&shp=81f88b70&shcp=43f4a2f9&idc=no1a,,mom bag tote,False,False,720,1280
7681026732119346462,https://www.tiktok.com/@its.erin.lor/video/7681026732119346462,its.erin.lor,Erin Lor,The Camino carry all has changed me and I don’t thing I’ll buy another tote bag. Ever again. @YETI #yeticamino #yeti #mombag #totebag  #creatorsearchinsights ,# #yeticamino #yeti #mombag #totebag #creatorsearchinsights,45,3,0,0,10,2026-09-02T19:47:01.000Z,https://p16-common-sign.tiktokcdn-eu.com/tos-useast8-p-0068-tx2/o8GQTRTbEDfmoVowc0FsAmQERAznL15fEpBqCH~tplv-tiktokx-origin.image?dr=10395&x-expires=1788555600&x-signature=l2RGl0sBs001wjG0s9a1foPocwM%3D&t=4d5b0474&ps=13740610&shp=81f88b70&shcp=43f4a2f9&idc=no1a,,mom bag tote,False,False,720,1280
7626102848333384991,https://www.tiktok.com/@breanacampos/video/7626102848333384991,breanacampos,𝙱𝚛𝚎𝚊𝚗𝚊 𝙲𝚊𝚖𝚙𝚘𝚜,Different options available 💗🌸 #bagsmart #totebag #mombag #tiktokshopcreatorpicks #bagtour ,#bagsmart #totebag #mombag #tiktokshopcreatorpicks #bagtour,3075,31,0,0,81,2026-04-07T19:34:07.000Z,https://p16-common-sign.tiktokcdn-eu.com/tos-useast8-p-0068-tx2/oYCCi6WK8IAqFAnJ7vX4VfA3nAi87BBD0EKIAi~tplv-tiktokx-dmt-logom:tos-useast8-i-0068-tx2/oUPI56iDtAsu1VKCC04WXcAEBfAsiiARbBA0qI.image?dr=10393&x-expires=1788555600&x-signature=GWY2E3yywecxxiIaZsB0lUfAl2w%3D&t=4d5b0474&ps=13740610&shp=81f88b70&shcp=43f4a2f9&idc=no1a,,mom bag tote,True,False,720,1280
7680373176269950238,https://www.tiktok.com/@delacruzmariely/video/7680373176269950238,delacruzmariely,Marieli,The perfect mom or student bag for fall because it’s so spacious!! 🤎🧸  #TikTokCreatorSearchInsightsIncentive #WorthTheSearch #whatsinmypursey2k #mombag #trendingpurse||@Carrypop  Fall bag Spacious bag Tote bag Roomy purse,#tiktokcreatorsearchinsightsincentive #worththesearch #whatsinmypursey2k #mombag #trendingpurse #,7398,97,16,4,39,2026-09-01T01:30:42.000Z,https://p19-common-sign.tiktokcdn-eu.com/tos-useast8-p-0068-tx2/oQqlCe1KIAiNCIWEEAAWnEARARFsAVfxQAcDrE~tplv-tiktokx-origin.image?dr=10395&x-expires=1788555600&x-signature=HdvqZjtMXbPr8PI8Xn6GrX%2BWJ30%3D&t=4d5b0474&ps=13740610&shp=81f88b70&shcp=43f4a2f9&idc=no1a,,mom bag tote,True,False,720,1280
7505866090531097887,https://www.tiktok.com/@anaishannah_/video/7505866090531097887,anaishannah_,anaishannah_,Outfit 💛🌼  . . . . . . . . . . . . . . . . . . . . . . . #outfitinspo #outfit #fyp #fypシ #fypシ゚viral #fyppppppppppppppppppppppp #mirrorselfie #french #outfitideas #whiteoutfit #outfitcheck  #weekends #weekendmood #chilling  #OutfitChange #outfitoftheday #sundayfunday #sundayroutine #sundayvibes #sundaymorning #chanelbag #inspo  #fashion #fashioninspo #fashionblogger #fashioninfluencer ,#outfitinspo #outfit #fyp #fypシ #fypシ゚viral #fyppppppppppppppppppppppp #mirrorselfie #french #outfitideas #whiteoutfit #outfitcheck #weekends #weekendmood #chilling #outfitchange #outfitoftheday #sundayfunday #sundayroutine #sundayvibes #sundaymorning #chanelbag #inspo #fashion #fashioninspo #fashionblogger #fashioninfluencer,1485,100,0,0,15,2025-05-18T19:14:18.000Z,https://p19-common-sign.tiktokcdn-us.com/tos-useast8-p-0068-tx2/ooYCiFEKAIARHABiEHMjqfAnDAi7rBBA0EFIAi~tplv-tiktokx-dmt-logom:tos-useast8-i-0068-tx2/oUqAoiAXiRxAoM2CBAi4a4MiEAvBYo0FPlIAE.image?dr=9634&x-expires=1788555600&x-signature=ul5sR7Dtq6CuQ9cowyBrEKojLRE%3D&t=4d5b0474&ps=13740610&shp=81f88b70&shcp=43f4a2f9&idc=useast5,,mirror outfit check bag,False,False,576,1024
7478816780794760479,https://www.tiktok.com/@itsb.ray/video/7478816780794760479,itsb.ray,It’sB.R A Y,"Hey, girl! Running errands.👋🏾 #ootdinspo #mentalhealthmatters #fy #fyp @Coach “Mirror” bag. ",#ootdinspo #mentalhealthmatters #fy #fyp #,1063,92,8,1,18,2025-03-06T21:48:57.000Z,https://p19-common-sign.tiktokcdn-us.com/tos-useast8-p-0068-tx2/okKPCAAOIIfhePAIDMPIUGIElQciqiAeAABLGj~tplv-tiktokx-origin.image?dr=9636&x-expires=1788555600&x-signature=bfwSOzgJYgqG7em1UF231s7lTrU%3D&t=4d5b0474&ps=13740610&shp=81f88b70&shcp=43f4a2f9&idc=useast5,,mirror outfit check bag,False,False,576,1024
7659096655890746637,https://www.tiktok.com/@marcapersonal11/video/7659096655890746637,marcapersonal11,Fashion Hedman🦁🦁🦁,"Fitcheck With a Twist, OOTD Mirror Angle Challenge #creatorsearchinsights #stylefashion #ootdfashion #FitCheck #mensstyle ",#creatorsearchinsights #stylefashion #ootdfashion #fitcheck #mensstyle,105,5,0,0,60,2026-07-05T17:27:08.000Z,https://p19-common-sign.tiktokcdn-us.com/tos-useast5-p-0068-tx/oEaEcJWeQukESvSBZV0DfDuRNAAFGCpg0uvqQJ~tplv-tiktokx-dmt-logom:tos-useast5-i-0068-tx/o8pqCVvAEqeFiCJA9gWISYYARPiBDDAjEfoQuS.image?dr=9634&x-expires=1788555600&x-signature=O%2Bw%2FioNg6gNERkXpl5nnGo2HFsM%3D&t=4d5b0474&ps=13740610&shp=81f88b70&shcp=43f4a2f9&idc=useast5,,mirror outfit check bag,False,False,720,960
7680961351010848013,https://www.tiktok.com/@adoseofcoco_/video/7680961351010848013,adoseofcoco_,C O C O ᥫ᭡ 𝓛𝓲𝓯𝓮𝓼𝓽𝔂𝓵𝓮,"spending 45 minutes in the fitting room hyping myself up in the mirror was cheaper than therapy this week. 😭  taking my time through the racks and grabbing pieces that actually hug and celebrate these curves is pure self-care for me. ❤️   every woman deserves to put on an outfit that makes her feel unstoppable, love on herself out loud, and do whatever brings her pure joy without feeling guilty about it. dressing up and feeling good in your own skin changes your whole entire mood.  now let me go figure out where i'm hiding these bags in the closet before somebody asks me what was in the trunk.",#curvyfashion #plussizestyle #curvyconfidence #selflovejourney #houstonfashion,311,34,3,1,37,2026-09-02T15:33:10.000Z,https://p19-common-sign.tiktokcdn-us.com/tos-useast5-p-0068-tx/oofqXURGElDmXYwEiQFFYQebDsZoQgBsE7RSRA~tplv-tiktokx-origin.image?dr=9636&x-expires=1788555600&x-signature=scRiMaMWZjat7JbeBnt9agHx83k%3D&t=4d5b0474&ps=13740610&shp=81f88b70&shcp=43f4a2f9&idc=useast5,,mirror outfit check bag,False,False,720,1280
7680299243759815949,https://www.tiktok.com/@thehavynlogan/video/7680299243759815949,thehavynlogan,Havyn Logan,Pack my backpack for school with me #foryou #school #backtoschool #viral #backtoschoolshopping ,#foryou #school #backtoschool #viral #backtoschoolshopping,246900,42300,202,717,147,2026-08-31T20:44:05.000Z,https://p19-common-sign.tiktokcdn-us.com/tos-useast5-p-0068-tx/ocIDVKEv5RHeICOQnhcHIDlAE2k5VfCIuAfFj5~tplv-tiktokx-origin.image?dr=9636&x-expires=1788555600&x-signature=HQztD6%2F1D%2B6otDiItQPsN7aM3U0%3D&t=4d5b0474&ps=13740610&shp=81f88b70&shcp=43f4a2f9&idc=useast8,,packing my bag,False,False,720,1280
7666533036150148370,https://www.tiktok.com/@someepark/video/7666533036150148370,someepark,somee 🌼🌸,"Pack my bag for Stray Kids: Run It World Tour Concert SEOUL Day 1 🧡🤍🖤  Just my usual keychains hehe it’s just always so funny to see all the eyes staring at you 👀   It’s even funnier when I look at my display case with all the eyes 🤣  Oh and yes! This was the outfit I ended up going for 🧡🤍 the basketball shorts with this crop top was not flattering on my body and I just looked so long and flat lol normally, crop tops and baggy jeans are my thing so I just went with my usual style! Thanks so much for the input though 🥰  . . . . . #straykids #skz #straykidsedit #straykidsstay #skzstay ",#straykids #skz #straykidsedit #straykidsstay #skzstay,93400,14000,163,242,176,2026-07-25T18:23:49.000Z,https://p19-common-sign.tiktokcdn-us.com/tos-alisg-p-0037/oYDRDEgPI2qAN3EzQCJAyUFA6ZygfBfPk0AS80~tplv-tiktokx-origin.image?dr=9636&x-expires=1788555600&x-signature=q9fEcPLCrIn8n9l7qOiie2MQK%2FE%3D&t=4d5b0474&ps=13740610&shp=81f88b70&shcp=43f4a2f9&idc=useast8,,packing my bag,False,False,720,1280
7675352426114714898,https://www.tiktok.com/@oncloudninetotesau/video/7675352426114714898,oncloudninetotesau,Cloud Nine Crew AU,pack my school bag with me!! Im using a tote bag for college this year 💌 here’s my back to school bag haul #schoolbag #backtoschool #collegebag #unibag #whatsinmybag,#schoolbag #backtoschool #collegebag #unibag #whatsinmybag,787200,86300,214,2821,16,2026-08-18T12:47:36.000Z,https://p16-common-sign.tiktokcdn-us.com/tos-alisg-p-0037/owIioRBqUhEVRFaqneaDGgDEUgBfARqIJIJ8EF~tplv-tiktokx-origin.image?dr=9636&x-expires=1788555600&x-signature=QylGCt8lQaFIM104SWV9Ko%2BYJLQ%3D&t=4d5b0474&ps=13740610&shp=81f88b70&shcp=43f4a2f9&idc=useast8,,packing my bag,False,False,576,1024
7671322804180208916,https://www.tiktok.com/@_bljade/video/7671322804180208916,_bljade,_bljade on ig,pack my bag with me! I call this my strawberry matcha bag #vintagecoachbag #whatsinmybag #bagtour #packwithme ,#vintagecoachbag #whatsinmybag #bagtour #packwithme,66900,12800,97,772,65,2026-08-07T16:10:36.000Z,https://p16-common-sign.tiktokcdn-us.com/tos-alisg-p-0037/og6G2Ak3gUAduEIqBdFfBCgJAB7ARcEkRADfEn~tplv-tiktokx-origin.image?dr=9636&x-expires=1788555600&x-signature=4I%2BcKOZYg5CN9Nnhoc1C%2FhUwVkc%3D&t=4d5b0474&ps=13740610&shp=81f88b70&shcp=43f4a2f9&idc=useast8,,packing my bag,False,False,576,1024
7635850005143620877,https://www.tiktok.com/@itsnettythoo/video/7635850005143620877,itsnettythoo,Netty | Exploring + Evolving✨,Pack my work bag with me 👜✨ teacher edition. Every day looks a little different but this is what keeps me ready for anything 💼📚 from chaos to calm… we make it work 🤍 #packmybag #teacherbag #teachervlog #whatsinmybag #workbagessentials  ,#packmybag #teacherbag #teachervlog #whatsinmybag #workbagessentials,4532,70,9,3,60,2026-05-05T13:30:00.000Z,https://p16-common-sign.tiktokcdn-us.com/tos-useast5-p-0068-tx/oQK3QAkjiITf6HD6HNAFP7TYQff3TpEC7IzrvA~tplv-tiktokx-origin.image?dr=9636&x-expires=1788555600&x-signature=UzNJVDgUwDbOskLmkVV2Q5vtLws%3D&t=4d5b0474&ps=13740610&shp=81f88b70&shcp=43f4a2f9&idc=useast8,,packing my bag,False,False,720,1280
7675593175217474829,https://www.tiktok.com/@just_another_it_girl/video/7675593175217474829,just_another_it_girl,ALLISON PAIGE🤍,Pack my bag for school with me 🌟#fyp #sophomore #packwithme #school #asmr ,#fyp #sophomore #packwithme #school #asmr,116400,9385,66,242,22,2026-08-19T04:21:51.000Z,https://p16-common-sign.tiktokcdn-us.com/tos-useast5-p-0068-tx/ootBtR1QJLI9ifxCipASUIIBFw9pQhGAFLPh20~tplv-tiktokx-origin.image?dr=9636&x-expires=1788555600&x-signature=ilUBcJCWYNBw0XX5QBKguA1q%2FJY%3D&t=4d5b0474&ps=13740610&shp=81f88b70&shcp=43f4a2f9&idc=useast8,,packing my bag,False,False,720,1280
7201315236316564779,https://www.tiktok.com/@jennawheel1998/video/7201315236316564779,jennawheel1998,Jenna 🌸,Definitely good to have handy 🫡 Car Essentials bag 🚗 #fyp #foryoupage #fypシ #carbag #caressentials #handsanitizer #beauty #carhacks #car #accessories #emergencybag #lifestyle #carproducts #recommend #influence  Car essentials bag car hacks car essentials safety emergency bag car items car products ,#fyp #foryoupage #fypシ #carbag #caressentials #handsanitizer #beauty #carhacks #car #accessories #emergencybag #lifestyle #carproducts #recommend #influence,1104,40,0,0,11,2023-02-18T02:21:08.000Z,https://p19-common-sign.tiktokcdn-us.com/tos-useast5-p-0068-tx/d6a41c1322e2451297b19231335b8ae4_1676686869~tplv-tiktokx-dmt-logom:tos-useast5-i-0068-tx/71ef454c857e4b2c89529c0b5173da92.image?dr=9634&x-expires=1788555600&x-signature=cRWSMUIo1DtbIZLK6IZ4zaCkAZA%3D&t=4d5b0474&ps=13740610&shp=81f88b70&shcp=43f4a2f9&idc=useast8,,bag in car,False,False,576,1024
7598317086368189709,https://www.tiktok.com/@retiredfornow7/video/7598317086368189709,retiredfornow7,Kerri,#purse #driving #whatdoyoudo ,#purse #driving #whatdoyoudo,720,28,24,1,24,2026-01-22T22:31:29.000Z,https://p16-common-sign.tiktokcdn-us.com/tos-useast5-p-0068-tx/ogvGmikIBgAyimsLCWEUda4pm1DXIODUlBmKH~tplv-tiktokx-origin.image?dr=9636&x-expires=1788555600&x-signature=T9qGz7AwbP6VHk3uCLqryH%2B64%2FY%3D&t=4d5b0474&ps=13740610&shp=81f88b70&shcp=43f4a2f9&idc=useast8,,bag in car,False,False,720,1280
7636575890637475086,https://www.tiktok.com/@baggedchrvic/video/7636575890637475086,baggedchrvic,️,Finally back🙏🏼                                           #honda #fyp #bagged #hondacivic #jdm ,#honda #fyp #bagged #hondacivic #jdm,124100,19800,122,1205,18,2026-05-06T00:55:05.000Z,https://p19-common-sign.tiktokcdn-us.com/tos-useast5-p-0068-tx/o8L62IDEmIj5FQnI1CFTAkfDAIkKDHsWfpeIEw~tplv-tiktokx-origin.image?dr=9636&x-expires=1788555600&x-signature=B4Ph7sc44O4l0e%2BzZow45IOwPtE%3D&t=4d5b0474&ps=13740610&shp=81f88b70&shcp=43f4a2f9&idc=useast8,,bag in car,False,False,720,1280
7668986515774541064,https://www.tiktok.com/@emanuel.van.wyhe/video/7668986515774541064,emanuel.van.wyhe,That_Bagged_Tsi,Bagged lifestyle 📌 😉 #stanceisnotacrime #blowthisup  #bagged #airsuspension @Kyra ,#stanceisnotacrime #blowthisup #bagged #airsuspension #,58800,3631,27,96,21,2026-08-01T09:04:32.000Z,https://p19-common-sign.tiktokcdn-us.com/tos-alisg-p-0037/okBvm6uaA2AtmPA7BoEyAApB5IUlikFAYtE2i~tplv-tiktokx-origin.image?dr=9636&x-expires=1788555600&x-signature=nOCt8dRHoKQIaK%2BHg6dpFvtH45M%3D&t=4d5b0474&ps=13740610&shp=81f88b70&shcp=43f4a2f9&idc=useast8,,bag in car,False,False,576,1024
7664659029305724174,https://www.tiktok.com/@np_natalie/video/7664659029305724174,np_natalie,Nurse Practitioner Natalie,"#stitch with @dey collins I know this was shared with good intentions, but plastic bags and babies should never mix.  It only takes one unexpected stop or one loose bag for a fun distraction to become an emergency. There are much safer ways to keep little ones entertained in the car.  Parents deserve practical tips—but they also deserve ones that are safe. ❤️  #PediatricNP #CarSeatSafety #BabySafety #ParentingTips ",#stitch # #pediatricnp #carseatsafety #babysafety #parentingtips,61500,716,26,39,63,2026-07-20T17:12:17.000Z,https://p19-common-sign.tiktokcdn-us.com/tos-useast5-p-0068-tx/o4lICVEQQDgq19XfdtFSe8K9EATvuEASDBlREz~tplv-tiktokx-origin.image?dr=9636&x-expires=1788555600&x-signature=vbC3%2Bj6JEPSYWw08k2THjmI%2Fl48%3D&t=4d5b0474&ps=13740610&shp=81f88b70&shcp=43f4a2f9&idc=useast8,,bag in car,False,False,720,1280
7626877942156610846,https://www.tiktok.com/@sarahdollsss/video/7626877942156610846,sarahdollsss,sarahdoll,I wish it was a joke #relationshipdrama #cheater #dramatiktok #storytime #relationships ,#relationshipdrama #cheater #dramatiktok #storytime #relationships,567900,4515,92,92,62,2026-04-09T21:41:53.000Z,https://p19-common-sign.tiktokcdn-us.com/tos-useast8-p-0068-tx2/oMlCF7i7mIBwIxEA66MAfiig0YIWINPiqQSAHA~tplv-tiktokx-origin.image?dr=9636&x-expires=1788555600&x-signature=2NCQ%2B70L3WuPVVdWW%2BHXZ2W7PoI%3D&t=4d5b0474&ps=13740610&shp=81f88b70&shcp=43f4a2f9&idc=useast8,,bag in car,False,False,720,1280
7659152272999468301,https://www.tiktok.com/@morphcore00/video/7659152272999468301,morphcore00,MorphCore,"She Opened a suitcase...Then it became a Car 🧳🚗  I saw someone carrying a normal suitcase, but within seconds it transformed into a fully working car. The suitcase opened, expanded, and turned into a futuristic mini vehicle right in front of everyone. This was one of the craziest transformation moments I’ve ever seen. 😳🚗🧳  #transformation #minicar #mechanical #mechanics #tiktokgrowthchallenge ",#transformation #minicar #mechanical #mechanics #tiktokgrowthchallenge,984700,13900,313,4332,15,2026-07-05T21:03:05.000Z,https://p16-common-sign.tiktokcdn-us.com/tos-useast5-p-0068-tx/oYhqSADFIDCEAC1KfEAgQfAFAsV3W2HZOTjRSj~tplv-tiktokx-origin.image?dr=9636&x-expires=1788555600&x-signature=eSzw%2BnRX9v1ZxQuF879z1Llrpcw%3D&t=4d5b0474&ps=13740610&shp=81f88b70&shcp=43f4a2f9&idc=useast8,,bag in car,False,False,720,1280
7642809453191892238,https://www.tiktok.com/@via.lakev/video/7642809453191892238,via.lakev,lake,Big mama was needed 🖤 #coach #citytotebag ,#coach #citytotebag,438400,19200,73,4654,11,2026-05-22T20:04:23.000Z,https://p16-common-sign.tiktokcdn-eu.com/tos-useast5-p-0068-tx/oUQe3FCRSDqAE2EbtgANAJs3EfIGyZDEO4IALA~tplv-tiktokx-origin.image?dr=10395&x-expires=1788555600&x-signature=YBqjT5bt3fqIuEww1HqI0ri0rNE%3D&t=4d5b0474&ps=13740610&shp=81f88b70&shcp=43f4a2f9&idc=no1a,,mom bag tote,False,False,720,1280
7680973330832198925,https://www.tiktok.com/@amiemichel/video/7680973330832198925,amiemichel,Grownwomanenergy,ummm best find ever @Lovevook @LOVEVOOK #diaperbag #totebag #laptopbag #workingmom #sahm ,# # #diaperbag #totebag #laptopbag #workingmom #sahm,38,0,0,1,90,2026-09-02T16:19:39.000Z,https://p16-common-sign.tiktokcdn-eu.com/tos-useast5-p-0068-tx/oQqmeh3TQRE2BZVEQcDYyDAGFRFJ5SfZWghDuE~tplv-tiktokx-origin.image?dr=10395&x-expires=1788555600&x-signature=%2FDSC3CDfEwHOYGARdPkMQrUBE%2BY%3D&t=4d5b0474&ps=13740610&shp=81f88b70&shcp=43f4a2f9&idc=no1a,,mom bag tote,False,False,720,1280
7677087221702298893,https://www.tiktok.com/@atnorah/video/7677087221702298893,atnorah,Nora,perfect size for all my mom-life must haves! 🤎 #totebag #mombagmusthaves #mombag #bagtok #ootdbag ,#totebag #mombagmusthaves #mombag #bagtok #ootdbag,5485,92,1,7,12,2026-08-23T15:00:00.000Z,https://p16-common-sign.tiktokcdn-eu.com/tos-useast5-p-0068-tx/oIgUgWHhjfLFAjGVLL0DeZRGgxYI9IeAkQPkCw~tplv-tiktokx-origin.image?dr=10395&x-expires=1788555600&x-signature=%2FbIzwFkWUiKYxCtdy0IPclBMzFo%3D&t=4d5b0474&ps=13740610&shp=81f88b70&shcp=43f4a2f9&idc=no1a,,mom bag tote,False,False,720,1280
7677175124214287624,https://www.tiktok.com/@itsmedonnroca/video/7677175124214287624,itsmedonnroca,millennial mom 🍉,"finally, found the MOM bag that fits my personality & things 😩 #bag #mombag #totebag ",#bag #mombag #totebag,8435,274,11,29,11,2026-08-23T10:40:32.000Z,https://p16-common-sign.tiktokcdn-eu.com/tos-alisg-p-0037/ocQfKUei5Ln0ZANQeWQA6vgMAzYVeVLL74Ifig~tplv-tiktokx-origin.image?dr=10395&x-expires=1788555600&x-signature=IlZ73sI1kenp5%2BQXk03Nx0Bee5k%3D&t=4d5b0474&ps=13740610&shp=81f88b70&shcp=43f4a2f9&idc=no1a,,mom bag tote,False,False,576,1024
7496961562595298591,https://www.tiktok.com/@stephbacos/video/7496961562595298591,stephbacos,Steph Bacos,"Chic, functional, and holds everything. These are the only two bags I reach for on busy days. The Madewell essentials tote and my forever favorite Dragon Diffusion bag!! @madewell @Dragon Diffusion   #momstyle #momlifeinspo #everydaybags #madewelltote #dragondiffusion #chicmomstyle #mombagessentials #capsulewardrobe #coolmomstyle #stylishmom #quietluxurybags #minimalmomstyle #elevatedbasics #fashiontiktok #outfitinspo ",# # #momstyle #momlifeinspo #everydaybags #madewelltote #dragondiffusion #chicmomstyle #mombagessentials #capsulewardrobe #coolmomstyle #stylishmom #quietluxurybags #minimalmomstyle #elevatedbasics #fashiontiktok #outfitinspo,37100,358,25,6,54,2025-04-24T19:19:56.000Z,https://p16-common-sign.tiktokcdn-eu.com/tos-useast8-p-0068-tx2/oIAqXoKlER2jAizBAAlEyA6iAKaAJ3IOqtvAB~tplv-tiktokx-origin.image?dr=10395&x-expires=1788555600&x-signature=CDpaV9i1Bin9WTRxEWdsUjVZScM%3D&t=4d5b0474&ps=13740610&shp=81f88b70&shcp=43f4a2f9&idc=no1a,,mom bag tote,False,False,576,1024
7581233156003515678,https://www.tiktok.com/@amyscinemaworld/video/7581233156003515678,amyscinemaworld,amyscinemaworld,In loveeeee! 😍 @Coach  #coachbag #mollietote #workbag,# #coachbag #mollietote #workbag,218700,8009,52,1111,6,2025-12-07T21:36:55.000Z,https://p19-common-sign.tiktokcdn-eu.com/tos-useast8-p-0068-tx2/oEz1gB1oPVPEcT8iXc3aLqA8BBIaRixzaBbAE~tplv-tiktokx-origin.image?dr=10395&x-expires=1788555600&x-signature=HcDjoLuY3imL52pc5Iewe3cRP28%3D&t=4d5b0474&ps=13740610&shp=81f88b70&shcp=43f4a2f9&idc=no1a,,mom bag tote,True,False,720,1280
7626140391795854606,https://www.tiktok.com/@lyssryann_/video/7626140391795854606,lyssryann_,Lyss Ryann,"Everything fits in the Newbella Tote bag 😍 perfect for work, mom life, overnight bag, travel ✨ #newbella #newbellatote #totebag #bigbag ",#newbella #newbellatote #totebag #bigbag,58100,648,14,187,15,2026-04-07T21:59:46.000Z,https://p16-common-sign.tiktokcdn-eu.com/tos-useast5-p-0068-tx/oweUfv9kqCHL9ZIgMgK14eAW8EZAlTLBGIjqIO~tplv-tiktokx-origin.image?dr=10395&x-expires=1788555600&x-signature=TqmCdHzKRw7t9epxFkZRzSbQ6T4%3D&t=4d5b0474&ps=13740610&shp=81f88b70&shcp=43f4a2f9&idc=no1a,,mom bag tote,True,False,720,1280
7655357129892597005,https://www.tiktok.com/@atnorah/video/7655357129892597005,atnorah,Nora,the best everyday tote / diaper bag 🍼 the quality & space are unreal. everything actually fits!! ✨ #everydaybag #momlife #packwithme #bagsoftiktok #contentcreator ,#everydaybag #momlife #packwithme #bagsoftiktok #contentcreator,42400,274,2,23,13,2026-06-25T15:35:38.000Z,https://p19-common-sign.tiktokcdn-eu.com/tos-useast5-p-0068-tx/o8DFURFeECGIsONf2f5Q9IpEoswSVDnKeBEAAO~tplv-tiktokx-origin.image?dr=10395&x-expires=1788555600&x-signature=x8N%2BjAyzvPR7P99b6NZY23eVU2Y%3D&t=4d5b0474&ps=13740610&shp=81f88b70&shcp=43f4a2f9&idc=no1a,,mom bag tote,True,False,720,1280
7679458377126120735,https://www.tiktok.com/@the_little_beannn/video/7679458377126120735,the_little_beannn,Jo,"Love it or hate it, this bag fits a TON👀🤯  Packing the NeverEverfull Cargo for a weekend away, and I think this might be the ultimate travel bag🧳😍   I’m fitting everything I need for the weekend inside, so watch until the end to see just how much I managed to pack!  pack with me, ASMR packing, weekend packing, travel packing, NeverEverfull Cargo  All video footage, photography, and editing in this post were independently created by @the_little_beannn. Any brand names or trademarks shown are part of the featured products and do not imply sponsorship, endorsement, affiliation, or authorization u",,39500,2451,54,83,61,2026-08-29T14:20:55.000Z,https://p19-common-sign.tiktokcdn-us.com/tos-useast8-p-0068-tx2/oEAAOZEIEEAqGBkfY6FVS0CMqsrf1EAwDCuRA3~tplv-tiktokx-dmt-logom:tos-useast8-i-0068-tx2/oMVAqUSfLELEdALj1IeITsXAAJINA9eC7W6GIW.image?dr=9634&x-expires=1788555600&x-signature=v%2BCcOGX1CUl0U1BN8W9WIpEKT3A%3D&t=4d5b0474&ps=13740610&shp=81f88b70&shcp=43f4a2f9&idc=useast5,,packing my bag,False,False,720,1280
7625442113345408270,https://www.tiktok.com/@lifestyledbykay/video/7625442113345408270,lifestyledbykay,lifestyledbykay,yeah… this scratched my brain just right 💕 ASMR style @Enna   #packmybag #asmrtiktok #satisfying #whatsinmybag #bagtok,# #packmybag #asmrtiktok #satisfying #whatsinmybag #bagtok,2164,78,8,6,33,2026-04-06T00:50:15.000Z,https://p19-common-sign.tiktokcdn-us.com/tos-useast5-p-0068-tx/oU4BiAaABiAaDuT5d0kKEAiIBbRvxMPEAMDag~tplv-tiktokx-origin.image?dr=9636&x-expires=1788555600&x-signature=BUvFm0KxB%2FEGHio%2BllvKsKqu5eA%3D&t=4d5b0474&ps=13740610&shp=81f88b70&shcp=43f4a2f9&idc=useast5,,packing my bag,False,False,720,1280
7492555061281754398,https://www.tiktok.com/@teacup522/video/7492555061281754398,teacup522,tstagbtq2n0,Car trip bag#caressentials #traveling#cartrip#carbag pack my bag with me for our road trip,#caressentials #traveling #cartrip #carbag,495,27,4,0,117,2025-04-12T22:20:44.000Z,https://p16-common-sign.tiktokcdn-us.com/tos-useast8-p-0068-tx2/oMRDDEdXA9AI0AznmXViiOAfECxfzAu6pAB5E5~tplv-tiktokx-dmt-logom:tos-useast8-i-0068-tx2/oIEYjAD5eDufcAOK6aI6qp6EAGeFEIPXIIAAzI.image?dr=9634&x-expires=1788555600&x-signature=Ntl9zg0Q5TWz5JV2hM%2Bsxk2TleE%3D&t=4d5b0474&ps=13740610&shp=81f88b70&shcp=43f4a2f9&idc=useast8,,bag in car,False,False,576,1024
7680615829196524831,https://www.tiktok.com/@coolmomthings_/video/7680615829196524831,coolmomthings_,Marisol | Mom Life & Fashion,The ultimate mom bag for this fall from the corduroy texture to the dark Brown color. This bag just screams Fall 🤎  #totebag #mombag ,#totebag #mombag,56,7,2,0,22,2026-09-01T17:12:40.000Z,https://p19-common-sign.tiktokcdn-eu.com/tos-useast8-p-0068-tx2/oAnEzaFllQDcUtEAcGfAfAE4qXQsR4EEV34wBB~tplv-tiktokx-origin.image?dr=10395&x-expires=1788555600&x-signature=1iJw%2Bh09D8A%2BwRZ7BBLFwGOzVdM%3D&t=4d5b0474&ps=13740610&shp=81f88b70&shcp=43f4a2f9&idc=no1a,,mom bag tote,False,False,720,1280
7680908789121322254,https://www.tiktok.com/@emilylynntaylor/video/7680908789121322254,emilylynntaylor,emily,now I understand the hype behind this casemate bag!! The perfect mom bag that holds literally everything #mombag #momfashion #casematetote #casemate ,#mombag #momfashion #casematetote #casemate,33,0,0,0,33,2026-09-02T12:09:11.000Z,https://p19-common-sign.tiktokcdn-eu.com/tos-useast5-p-0068-tx/oMXyQBmMAGWjAgjeV5g07kWYIeHwkC8IC2JIMe~tplv-tiktokx-origin.image?dr=10395&x-expires=1788555600&x-signature=f2iRB48HyocH49t6N51Y21CUhY4%3D&t=4d5b0474&ps=13740610&shp=81f88b70&shcp=43f4a2f9&idc=no1a,,mom bag tote,True,False,720,1280
7680904959960927502,https://www.tiktok.com/@itsmelissatate/video/7680904959960927502,itsmelissatate,melissa tate 💕,How adorable is my new work tote bag!?   #momfashion #workbag #totebag ,#momfashion #workbag #totebag,276,2,0,0,9,2026-09-02T11:54:22.000Z,https://p16-common-sign.tiktokcdn-eu.com/tos-useast5-p-0068-tx/owBkAD1mQFaWxEADIqEDenf7I5Hpg53PDSYsjR~tplv-tiktokx-dmt-logom:tos-useast5-i-0068-tx/ogA0Af79BBC1iATC2YiDAWEmTBJIhbaw00IxcA.image?dr=10393&x-expires=1788555600&x-signature=4W%2BfMUYHhNnEJw5RV2nAvKy2HQI%3D&t=4d5b0474&ps=13740610&shp=81f88b70&shcp=43f4a2f9&idc=no1a,,mom bag tote,False,False,720,1280
7679585522066459918,https://www.tiktok.com/@antoniettapetruzzelli/video/7679585522066459918,antoniettapetruzzelli,Anto 🤎 | Real Finds,The perfect tote bag😍 #bags #teachers #workingmom #mombag #totebag ,#bags #teachers #workingmom #mombag #totebag,2452,18,1,2,21,2026-08-29T22:34:17.000Z,https://p16-common-sign.tiktokcdn-eu.com/tos-useast5-p-0068-tx/oICeEJiBArPBT7jAX1aTCzGImAiQdIAS1aBBhw~tplv-tiktokx-dmt-logom:tos-useast5-i-0068-tx/ockdJiFjUIfVIvbHIVrAfzG0LReAAENAEQAmAd.image?dr=10393&x-expires=1788555600&x-signature=5L8yNsnD1ycGew7ZtUX4BAK%2FEJk%3D&t=4d5b0474&ps=13740610&shp=81f88b70&shcp=43f4a2f9&idc=no1a,,mom bag tote,True,False,720,1280
7680919460441640223,https://www.tiktok.com/@theicydyeco/video/7680919460441640223,theicydyeco,Christina Marie 🦆💚,Brixley Mini Tote Bag #brixley #brixleybags #minitote #mombag #tiktokshopfinds ,#brixley #brixleybags #minitote #mombag #tiktokshopfinds,59,3,0,0,56,2026-09-02T12:50:34.000Z,https://p19-common-sign.tiktokcdn-eu.com/tos-useast8-p-0068-tx2/oc1vgIlRiIATtDVO2a3bdAkiBpMgaBG5iCjEY~tplv-tiktokx-origin.image?dr=10395&x-expires=1788555600&x-signature=v4xh8pIEnSn9D7ALS1dzyEFAf5Q%3D&t=4d5b0474&ps=13740610&shp=81f88b70&shcp=43f4a2f9&idc=no1a,,mom bag tote,False,False,720,1280
7680546639659994381,https://www.tiktok.com/@makennavansant/video/7680546639659994381,makennavansant,MaKenna Van Sant,I got a package 😛 #llbean #boatandtote #newbag #mombag #momof3 ,#llbean #boatandtote #newbag #mombag #momof3,713,54,0,0,65,2026-09-01T12:44:19.000Z,https://p16-common-sign.tiktokcdn-eu.com/tos-useast5-p-0068-tx/oUilDf6iEEnSIKyZfAqgFC6WE6RsAAyzCDKAhE~tplv-tiktokx-origin.image?dr=10395&x-expires=1788555600&x-signature=chl9qMypRcIHgkgS3KrSHD%2F44jE%3D&t=4d5b0474&ps=13740610&shp=81f88b70&shcp=43f4a2f9&idc=no1a,,mom bag tote,False,False,720,1280
7680751352082943263,https://www.tiktok.com/@hotmessnicole/video/7680751352082943263,hotmessnicole,hotmessnicole,"A neutral outfit + one bold bag will forever be my favorite combo 🧡 She’s roomy, chic and instantly makes the whole outfit look more put together. This color is EVERYTHING.  #mombag #chicpurse #totebag #everydaypurse #tiktokshopstockup ",#mombag #chicpurse #totebag #everydaypurse #tiktokshopstockup,44,4,0,0,39,2026-09-02T01:58:09.000Z,https://p19-common-sign.tiktokcdn-eu.com/tos-useast8-p-0068-tx2/oQIvQRBq5lXgeilv236BrACEVwEfAI6Z5INSi3~tplv-tiktokx-dmt-logom:tos-useast8-i-0068-tx2/oQAAQRVqUQfAAGMQqEv8JWBXEMM9XgIese9epA.image?dr=10393&x-expires=1788555600&x-signature=ZSNCHN0fszlHSxmmUEB96pLVs8w%3D&t=4d5b0474&ps=13740610&shp=81f88b70&shcp=43f4a2f9&idc=no1a,,mom bag tote,True,False,720,1280
7680296905724710175,https://www.tiktok.com/@theicydyeco/video/7680296905724710175,theicydyeco,Christina Marie 🦆💚,Brixley Mini Tote Bag #brixley #brixleybags #minitote #mombag #tiktokshopfinds ,#brixley #brixleybags #minitote #mombag #tiktokshopfinds,7723,86,15,17,46,2026-08-31T20:34:46.000Z,https://p16-common-sign.tiktokcdn-eu.com/tos-useast8-p-0068-tx2/o0qNKaWIPXMpiATiMBBxlRACWDVGVm5JExDbI~tplv-tiktokx-origin.image?dr=10395&x-expires=1788555600&x-signature=aNdAjjiS0NLBra%2F9%2F0N3US%2BPNXI%3D&t=4d5b0474&ps=13740610&shp=81f88b70&shcp=43f4a2f9&idc=no1a,,mom bag tote,False,False,720,1280
7636302866772266262,https://www.tiktok.com/@travelewithbb/video/7636302866772266262,travelewithbb,travelewithbb,Can't travel without a good tote xx  #traveltiktoks #alototebag #marcjacobtotebag #airportfit #fyp ,#traveltiktoks #alototebag #marcjacobtotebag #airportfit #fyp,29600,506,6,21,7,2026-05-05T07:15:24.000Z,https://p19-common-sign.tiktokcdn-us.com/tos-no1a-p-0037-no/o0QtEYixlikCbny5FBBAIyf8R0pgmBzEyMigfP~tplv-tiktokx-origin.image?dr=9636&x-expires=1788555600&x-signature=47v%2BTwBY8wbYO6xqKqrl7M4YBes%3D&t=4d5b0474&ps=13740610&shp=81f88b70&shcp=43f4a2f9&idc=useast5,,airport tote bag,False,False,576,1024
7613620374663728415,https://www.tiktok.com/@classyfiedlife/video/7613620374663728415,classyfiedlife,ClassyfiedLife,"Literally landed and an employee was like “CURVES, SEAN BROWN!” Then I kindly let her know the restock was happening in t-minus an hour! #curvesbyseanbrown #airportoutfit ",#curvesbyseanbrown #airportoutfit,17000,525,35,19,11,2026-03-05T04:15:46.000Z,https://p16-common-sign.tiktokcdn-us.com/tos-useast8-p-0068-tx2/oovbfAB1xACi3iIN0G34GAKCAELpB8GIAAzIih~tplv-tiktokx-origin.image?dr=9636&x-expires=1788555600&x-signature=Gk%2FoPTW4npivZvSVaWjeSRjVx94%3D&t=4d5b0474&ps=13740610&shp=81f88b70&shcp=43f4a2f9&idc=useast5,,airport tote bag,False,False,720,1280
7630310145364479246,https://www.tiktok.com/@cyanroad/video/7630310145364479246,cyanroad,Cyanroad,The only tote you need for US airport travel ✈️#TravelEssential #ToteBag #BagEssentials #fyp #EverydayTote ,#travelessential #totebag #bagessentials #fyp #everydaytote,518900,4391,58,547,19,2026-04-19T03:40:47.000Z,https://p19-common-sign.tiktokcdn-us.com/tos-useast5-p-0068-tx/o0sEcfEkTgHRDSIQG8yEAlBSTD5FQS60pP6ZTf~tplv-tiktokx-origin.image?dr=9636&x-expires=1788555600&x-signature=%2FgqfundaBm0%2FVJVWh1%2FSdLkRcNI%3D&t=4d5b0474&ps=13740610&shp=81f88b70&shcp=43f4a2f9&idc=useast5,,airport tote bag,False,False,720,1280
7581928353217793335,https://www.tiktok.com/@ben__hall__/video/7581928353217793335,ben__hall__,ben,@PEARLED IVORY 2026 🤩,#,46200,1849,71,100,50,2025-12-09T18:35:28.000Z,https://p19-common-sign.tiktokcdn-us.com/tos-useast5-p-0068-tx/o4RIZ1lfggyIkucCbwMGeHEjb3ALieMA8FkSg7~tplv-tiktokx-origin.image?dr=9636&x-expires=1788555600&x-signature=c5FjUgZgqnnrB8dbZdKERtvtPE4%3D&t=4d5b0474&ps=13740610&shp=81f88b70&shcp=43f4a2f9&idc=useast5,,airport tote bag,False,False,720,1280
7632843132677197086,https://www.tiktok.com/@inshariwetrust/video/7632843132677197086,inshariwetrust,Shari Elisa ✨,Just me and my Mary Poppins bag at jfk airport ✈️ tote by @Lands' End #fyp #whatsinmybag #travelbag #travelessentials ,# #fyp #whatsinmybag #travelbag #travelessentials,3413,113,9,1,28,2026-04-25T23:30:01.000Z,https://p19-common-sign.tiktokcdn-us.com/tos-useast8-p-0068-tx2/ow09LznTIPqMArUCEoMtuiAgBIinkqf3BAHBZi~tplv-tiktokx-origin.image?dr=9636&x-expires=1788555600&x-signature=GTvlUK0zhvlcxdfsfO4peNcn8RM%3D&t=4d5b0474&ps=13740610&shp=81f88b70&shcp=43f4a2f9&idc=useast5,,airport tote bag,True,False,720,1280
7665007497622703392,https://www.tiktok.com/@okkrzy/video/7665007497622703392,okkrzy,krzy | béis boy,@BÉIS Travel Tote is the perfect personal item for @Vueling in case you were wondering!   #beis #vueling #personalitem #carryon #sizer,# # #beis #vueling #personalitem #carryon #sizer,7860,54,6,6,5,2026-07-21T15:43:54.000Z,https://p16-common-sign.tiktokcdn-us.com/tos-useast2a-p-0037-euttp/oUdvGelxIIeMg3JMiAUgLFSfQrjyAA98FGBAsz~tplv-tiktokx-origin.image?dr=9636&x-expires=1788555600&x-signature=vlX9h4cNgnQnsO4ncsxzvGNViTQ%3D&t=4d5b0474&ps=13740610&shp=81f88b70&shcp=43f4a2f9&idc=useast5,,airport tote bag,False,False,576,1024
7569491391399628052,https://www.tiktok.com/@belvieindonesia/video/7569491391399628052,belvieindonesia,BELVIE INDONESIA,"Good bag, good flight, good mood 🤍 #taswanita #elegantbag #signaturebelvie #totebag #belbabes ",#taswanita #elegantbag #signaturebelvie #totebag #belbabes,223700,939,23,139,12,2025-11-06T06:12:40.000Z,https://p16-common-sign.tiktokcdn.com/tos-alisg-p-0037/o8gGSGAnn5vHIEUsQfiDp2AAIA4KwMAQEAeLje~tplv-tiktokx-origin.image?dr=14575&x-expires=1788555600&x-signature=OwIWxxVtr2n%2BclW%2FiXCvpgzkcxM%3D&t=4d5b0474&ps=13740610&shp=81f88b70&shcp=43f4a2f9&idc=my2,,airport tote bag,True,False,576,1024
7677695939154431252,https://www.tiktok.com/@girls_girls_arena/video/7677695939154431252,girls_girls_arena,girls_girls_arena💼👠👗,"Replying to @Kelly❤️ Tote bags are actually one of the most versatile bags you can own. 😌👜 Here are some places you can confidently carry yours to airport, work, travelling and more. The key is choosing the right size and style for the occasion. #ToteBag #ToteBagStyle #BagTips #BagTok #FashionTips       ",# #totebag #totebagstyle #bagtips #bagtok #fashiontips,398400,40600,475,614,117,2026-08-24T20:21:56.000Z,https://p16-common-sign.tiktokcdn.com/tos-alisg-p-0037/owAHZLXp3GIfGTAujeeCUuIhAoIcDsQQZVlhQ0~tplv-tiktokx-origin.image?dr=14575&x-expires=1788555600&x-signature=R69LJ%2FCTLkJnr6SaK0TPkZ2Y%2F%2Bg%3D&t=4d5b0474&ps=13740610&shp=81f88b70&shcp=43f4a2f9&idc=my2,,airport tote bag,False,False,576,1024
7622647417330011405,https://www.tiktok.com/@cyanroad/video/7622647417330011405,cyanroad,Cyanroad,The only tote you need for US airport travel ✈️#EuropeanTravel#3in1Tote#TravelEssential#HandsFreeTravel#WorkTote,#europeantravel #3in1tote #travelessential #handsfreetravel #worktote,336700,2926,211,439,17,2026-03-29T12:06:19.000Z,https://p16-common-sign.tiktokcdn.com/tos-useast5-p-0068-tx/oU0TEdxygWfRAEnbpAIDvQF5EDDJSRfFCUA2DA~tplv-tiktokx-origin.image?dr=14575&x-expires=1788555600&x-signature=RgKZnegPeLBF01lsxwCiUByaSkE%3D&t=4d5b0474&ps=13740610&shp=81f88b70&shcp=43f4a2f9&idc=my2,,airport tote bag,False,False,720,1280
7670578196751879437,https://www.tiktok.com/@beis/video/7670578196751879437,beis,BÉIS,,,26500,529,38,96,14,2026-08-05T16:01:05.000Z,https://p16-common-sign.tiktokcdn.com/tos-useast5-p-85c255-tx/o0iSs1AYEBCfkItzB1FwqMXnpAi80XOBa2ug83~tplv-tiktokx-origin.image?dr=14575&x-expires=1788555600&x-signature=BmsxcN8eL8CRha9PYGyQOrpbEb8%3D&t=4d5b0474&ps=13740610&shp=81f88b70&shcp=43f4a2f9&idc=my2,,airport tote bag,False,False,720,1280
7614223096626629910,https://www.tiktok.com/@bingbingxd/video/7614223096626629910,bingbingxd,bingbing ★彡,size comparison of the viral calla tote from @CHARLESKEITHOFFICIAL use my code COMAMBW15BINGBING for 15% off 💰 #totebag #airportbag #workbag #worktote #charlesandkeithbag ,# #totebag #airportbag #workbag #worktote #charlesandkeithbag,2500000,27000,179,10100,152,2026-03-06T19:14:28.000Z,https://p16-common-sign.tiktokcdn.com/tos-no1a-p-0037-no/o4QCAP0IrHtBbBLJwJS5ZfiaiCAICA1zMhBQAE~tplv-tiktokx-origin.image?dr=14575&x-expires=1788555600&x-signature=G%2Bsh%2BVI6hfJx5vKBhPXVJu99Nm4%3D&t=4d5b0474&ps=13740610&shp=81f88b70&shcp=43f4a2f9&idc=my2,,airport tote bag,True,False,576,1024
7568418366654909713,https://www.tiktok.com/@guidemyworld/video/7568418366654909713,guidemyworld,Guide my World | Digital Guide,Where can you buy Zuhair Murad tote bag apart from Qatar duty free? There is a tiny shop in the arrival hall that sells them 😃 #qatarplaces #Doha #Qatar #qatar2025 #qatartiktok ,#qatarplaces #doha #qatar #qatar2025 #qatartiktok,23500,162,8,114,7,2025-11-03T08:49:05.000Z,https://p16-common-sign.tiktokcdn.com/tos-alisg-p-0037/o0jWENB0gwAI4AIIAiuHvAaAIfcBhi9YDUEbLC~tplv-tiktokx-origin.image?dr=14575&x-expires=1788555600&x-signature=tvAOD3EnOtBIHKC%2BJeRwWzELv5A%3D&t=4d5b0474&ps=13740610&shp=81f88b70&shcp=43f4a2f9&idc=my2,,airport tote bag,False,False,576,1024
7654107441377889568,https://www.tiktok.com/@femkeverboom/video/7654107441377889568,femkeverboom,Femke Verboom,Packing my airport tote bag 👜 @BIYU @Stanley 1913 Europe #airport #tote #travel #packingvideos #beigeaesthetic ,# # #airport #tote #travel #packingvideos #beigeaesthetic,26000,3468,23,29,10,2026-06-22T06:46:09.000Z,https://p16-common-sign.tiktokcdn.com/tos-useast2a-p-0037-euttp/ok29jpAAPB5AA7EDA4iatRsAigjpBjMpIvaE0~tplv-tiktokx-dmt-logom:tos-useast2a-i-0068-euttp/oAAB0iB8iARXH245AI8BABACmyQEITAfo1G2Xi.image?dr=14573&x-expires=1788555600&x-signature=wRyhu5JVLquu4FYdIafkB3L%2Fjwo%3D&t=4d5b0474&ps=13740610&shp=81f88b70&shcp=43f4a2f9&idc=my2,,airport tote bag,False,False,576,1024
7584913989415505182,https://www.tiktok.com/@paulasoe22/video/7584913989415505182,paulasoe22,Paula.s,Pack my Glamaholic tote bag with me. Traveling during the holiday. I’m so obsessed with the Glamaholic tote with the pink interior. I love how spacious this bag is. Great to use as a carry-on bag.  #glamaholiclifestyle #totebags #traveltiktok #travelbagpack #carryonbag ,#glamaholiclifestyle #totebags #traveltiktok #travelbagpack #carryonbag,181700,5119,78,1204,53,2025-12-17T19:40:20.000Z,https://p19-common-sign.tiktokcdn.com/tos-useast8-p-0068-tx2/ogWIIyFhnQDbeqJA3SLAfBEFSGQejA4Iq1kgDC~tplv-tiktokx-origin.image?dr=14575&x-expires=1788555600&x-signature=PUInxpuzM96bz%2FJLTYmoCjWjUsA%3D&t=4d5b0474&ps=13740610&shp=81f88b70&shcp=43f4a2f9&idc=my2,,airport tote bag,False,False,720,1280
7624650739838618910,https://www.tiktok.com/@elainamich/video/7624650739838618910,elainamich,Elaina,"Asmr pack my tote bag with me 🤍👜 travel edition #packing #traveltok #aesthetic #traveltiktok #totebag  pack my tote bag with me for travel, travel essentials, what’s in my tote bag, organized travel aesthetic, type a aesthetic, clean girl aesthetic, satisfying asmr packing tiktoks, elainamich asmr tiktoks, grwm travel @BÉIS @Longchamp @touchland ",#packing #traveltok #aesthetic #traveltiktok #totebag # # #,513700,35400,84,823,21,2026-04-03T21:39:16.000Z,https://p16-common-sign.tiktokcdn.com/tos-useast8-p-0068-tx2/owfDFBEBDEjHM2KgQFhwEfClVZ0YpQAFxEWRAQ~tplv-tiktokx-origin.image?dr=14575&x-expires=1788555600&x-signature=FI5AhkCNqypF1yJ4O3D4ZvjrUSY%3D&t=4d5b0474&ps=13740610&shp=81f88b70&shcp=43f4a2f9&idc=my2,,airport tote bag,False,False,720,1280
7670528790598110471,https://www.tiktok.com/@lycs.bg/video/7670528790598110471,lycs.bg,lycs.bg on IG,Replying to @ᴠᴀɴᴇꜱꜱᴀ ꜰᴇʀɴᴀɴᴅᴏ yes na yes! you can use it as your personal bag! Ito yung palagi kong gamit for both domestic and international flights. @lycs.bg on IG @BAGSMART PH ❤️ #bagsmart #bagsmarttotebag #totebag #airportbag #aesthetictotebag ,# #@lycs.bg on IG # #bagsmart #bagsmarttotebag #totebag #airportbag #aesthetictotebag,6293,11,0,5,7,2026-08-05T12:49:22.000Z,https://p19-common-sign.tiktokcdn.com/tos-alisg-p-0037/oofyBEfDcIpWRBqErY0gDcxzmCpAZEFAFAAPQg~tplv-tiktokx-origin.image?dr=14575&x-expires=1788555600&x-signature=098biNgar%2FLjbjvyiavX04q8KSA%3D&t=4d5b0474&ps=13740610&shp=81f88b70&shcp=43f4a2f9&idc=my2,,airport tote bag,True,False,576,1024
7581212497819028750,https://www.tiktok.com/@summerbsonnier/video/7581212497819028750,summerbsonnier,summer sonnier,"love this tote for traveling! it has a zipper top, luggage strap on the back, front & side pockets, and a laptop sleeve 🤌🏼  #travelbag #luggage #bagsmart #fyp @BAGSMART ",#travelbag #luggage #bagsmart #fyp #,733200,4294,40,268,21,2025-12-07T20:17:00.000Z,https://p16-common-sign.tiktokcdn.com/tos-useast5-p-0068-tx/oA1jwmBAAI0AiAIByJfBIkdtLzNt4vC3AiBzIE~tplv-tiktokx-origin.image?dr=14575&x-expires=1788555600&x-signature=QRMYn8Ee6yeTzAbCDxYOHGC5v3Y%3D&t=4d5b0474&ps=13740610&shp=81f88b70&shcp=43f4a2f9&idc=my2,,airport tote bag,True,False,720,1280
7481277360306785544,https://www.tiktok.com/@ugcchia/video/7481277360306785544,ugcchia,chiaren ◡̈,polen3 inspired tote bag ⋆₊˚⊹ ࿔⋆  #totebag #classybag #whatsinmybag #airportbag #fyp ,#totebag #classybag #whatsinmybag #airportbag #fyp,100600,1077,9,65,16,2025-03-13T12:57:07.000Z,https://p16-common-sign.tiktokcdn.com/tos-alisg-p-0037/o8iIv1s9LAAEBDYAWEAMZK2IliFIiEBASIi76~tplv-tiktokx-origin.image?dr=14575&x-expires=1788555600&x-signature=CiezM0PGzuNx%2Ffnd0k8%2BU%2B%2FiyBg%3D&t=4d5b0474&ps=13740610&shp=81f88b70&shcp=43f4a2f9&idc=my,,airport tote bag,True,False,576,1024
7587538607792213279,https://www.tiktok.com/@moraielise/video/7587538607792213279,moraielise,Morai Elise,One of my favorite Newbella bags! All colors back in stock!  My 2Piece set is here > @Morai Elise  Original video > @Morai Elise  #travelbag #workbag #airportoutfit #totebag #laptopbag ,#@Morai Elise #@Morai Elise #travelbag #workbag #airportoutfit #totebag #laptopbag,927000,7637,327,794,50,2025-12-24T21:25:16.000Z,https://p16-common-sign.tiktokcdn.com/tos-useast8-p-0068-tx2/o0IAIqjeLjfEeGIj1WmSWALRNAgGbBAIAMuoME~tplv-tiktokx-dmt-logom:tos-useast8-i-0068-tx2/o0KxpJmI5EogCWvii0iAA0B8icfAABjABINMAi.image?dr=14573&x-expires=1788555600&x-signature=rkcaoFjhRP6Xa2eMBP%2FOHKQ8ppc%3D&t=4d5b0474&ps=13740610&shp=81f88b70&shcp=43f4a2f9&idc=my,,airport tote bag,True,False,720,1280
7561108906064284941,https://www.tiktok.com/@nicole.scallan/video/7561108906064284941,nicole.scallan,Nicole Scallan,What’s in my carry-on tote for a day of a travel #whatsinmybag #travel #carryon #worktrip #travelbag ,#whatsinmybag #travel #carryon #worktrip #travelbag,125600,2974,57,61,91,2025-10-14T16:05:05.000Z,https://p16-common-sign.tiktokcdn.com/tos-useast5-p-0068-tx/okZhiBAidIG4rIEw4NCdQlIzhydZBfGApL80Uu~tplv-tiktokx-origin.image?dr=14575&x-expires=1788555600&x-signature=53TEEmkblZ0w6BnxSMuEkVUYLuI%3D&t=4d5b0474&ps=13740610&shp=81f88b70&shcp=43f4a2f9&idc=my,,airport tote bag,False,False,720,1280
7604889771394993438,https://www.tiktok.com/@stylinbyaylinofficial/video/7604889771394993438,stylinbyaylinofficial,Stylin by Aylin,"My most-used travel tote lately and I’m obsessed. Fits EVERYTHING, looks chic, and comes in multiple sizes. If you need an everyday or travel bag… this is it 😍 #amazonfinds #travelbag #everydaybag #momstyle #airportoutfit   ",#amazonfinds #travelbag #everydaybag #momstyle #airportoutfit,13900,130,6,3,46,2026-02-09T15:36:56.000Z,https://p16-common-sign.tiktokcdn.com/tos-useast8-p-0068-tx2/o8IAe4fbA5vifHoMN9YKgjQeGgAfhGsPgxRT4Y~tplv-tiktokx-origin.image?dr=14575&x-expires=1788555600&x-signature=NyHvIjShIHmjx1l4NFNYrTl%2FZhc%3D&t=4d5b0474&ps=13740610&shp=81f88b70&shcp=43f4a2f9&idc=my,,airport tote bag,False,False,720,1280
7609854605295373581,https://www.tiktok.com/@itsyuyann/video/7609854605295373581,itsyuyann,yuyan,My travel bag! All my essentials. Using my @DeMellier Hudson Tote bag #travelbag ,# #travelbag,28200,599,4,39,49,2026-02-23T00:42:46.000Z,https://p16-common-sign.tiktokcdn.com/tos-useast5-p-0068-tx/ooTFyEBwQzRSkIDEffxO3Q6FpRjRZDDMmJEgAD~tplv-tiktokx-origin.image?dr=14575&x-expires=1788555600&x-signature=fChNc4Rxr9tITt%2FbVdnLiLInJbA%3D&t=4d5b0474&ps=13740610&shp=81f88b70&shcp=43f4a2f9&idc=my,,airport tote bag,False,False,720,1280
7350879490970635525,https://www.tiktok.com/@aynbernos/video/7350879490970635525,aynbernos,Ayn Bernos,What’s in my airport bag 🫰🏽 Going to Isabela today!!!! #thepaperbunny @The Paper Bunny ,#thepaperbunny #,936600,11300,172,444,164,2024-03-27T03:26:48.000Z,https://p16-common-sign.tiktokcdn.com/tos-maliva-p-0068/ddd401ffbeda44c8b837a185de3938f1_1711510015~tplv-tiktokx-dmt-logom:tos-useast2a-v-0068/oE9QQaAIlqAIBZmk7F52ErEAHDoffaAVRACHAJ.image?dr=14573&x-expires=1788555600&x-signature=VOr6wfTvE7sW%2FceieoceD5MbgnA%3D&t=4d5b0474&ps=13740610&shp=81f88b70&shcp=43f4a2f9&idc=my,,airport tote bag,False,False,576,1024
7645723780232252693,https://www.tiktok.com/@allytravels/video/7645723780232252693,allytravels,Ally Travels,"✨ Testing the Longchamp Large Le Pliage Tote with Air Canada personal item sizing  Large Le Pliage size About 12.2″ × 11.8″ × 7.5″  Air Canada personal item limit 13″ × 17″ × 6″  Test result The tote is technically a little deeper than Air Canada’s listed dimensions, but because it’s so soft and flexible, it works well as a personal item.  Also, this @Longchamp is hands down my favorite travel tote. I’ve had mine for over a decade and it still comes on almost every trip with me.   The fact that it’s lightweight, holds so much, and has held up this well is exactly why I keep reaching for it yea",# # #aircanada #longchamplepliage #personalitembag #traveltips #travelgear,40700,318,25,44,15,2026-05-30T16:33:15.000Z,https://p16-common-sign.tiktokcdn.com/tos-alisg-p-0037/oAcPEPBqBgMIlgRtRibUfBQAbfuBGiwExcOEVE~tplv-tiktokx-dmt-logom:tos-alisg-i-0068/ooXhinEAiAATMAbAYEAB4taQsBIgP1ZbSEURh.image?dr=14573&x-expires=1788555600&x-signature=Z%2BZ%2Bz64bSMh%2BX6Z1htJT5ZBBeF4%3D&t=4d5b0474&ps=13740610&shp=81f88b70&shcp=43f4a2f9&idc=my,,airport tote bag,True,False,576,1024
7594639598093946125,https://www.tiktok.com/@jonathanbernal.studio/video/7594639598093946125,jonathanbernal.studio,Jonathan Bernal,The most practical and luxurious travel tote. DM me to order your perfect custom travel tote. Always 1 of 1 custom made just for you.  #luxury #luxurylifestyle #designer #leather #travel ,#luxury #luxurylifestyle #designer #leather #travel,181700,4911,179,878,45,2026-01-13T00:40:50.000Z,https://p16-common-sign.tiktokcdn.com/tos-useast5-p-0068-tx/oAJfEUFGAKSRbrrlDADAISZ5RupglCBEAZEhf1~tplv-tiktokx-origin.image?dr=14575&x-expires=1788555600&x-signature=EzIfbppOg%2BqTyarpxZehB8XqCEU%3D&t=4d5b0474&ps=13740610&shp=81f88b70&shcp=43f4a2f9&idc=my,,airport tote bag,False,False,576,1024
7589580846055689492,https://www.tiktok.com/@nika_dy/video/7589580846055689492,nika_dy,annika dy,1 month of using this @juno jane bag and it’s def worth it! use my code “NIKA” for SGD $10 off! ,#,152000,6525,36,396,95,2025-12-30T09:30:06.000Z,https://p16-common-sign.tiktokcdn.com/tos-alisg-p-0037/ookznAUf5UAakEQpCUFfBCgMsNHAu0IyRADyEb~tplv-tiktokx-origin.image?dr=14575&x-expires=1788555600&x-signature=0dRDV%2BXBm9u%2FB3rhXaGFJCvkJKw%3D&t=4d5b0474&ps=13740610&shp=81f88b70&shcp=43f4a2f9&idc=my,,airport tote bag,False,False,720,1280
7652207887875362079,https://www.tiktok.com/@biancabeltrantv/video/7652207887875362079,biancabeltrantv,Bianca Beltran,"Personal item travel hack 🧳 Traveling for a conference, I like to have a laptop bag, but I don’t want to check a bag for a quick trip which means everything I need has to fit between my personal item and carry on bag. Instead of squeezing as much as I can into my laptop bag, I expanded the space I have to work with by putting it in a tote bag. It protects my laptop bag from the airplane floor and now I have another bag to use!   What is your best tip for traveling light? ✈️",,135600,1452,114,115,34,2026-06-17T03:55:06.000Z,https://p16-common-sign.tiktokcdn-us.com/tos-useast8-p-0068-tx2/oQIo0iy8A06IcHp1LQqii0DGIA9fa74yFABGCw~tplv-tiktokx-origin.image?dr=9636&x-expires=1788555600&x-signature=LpHpokaR9Z4BUtQDEVfoJVh3X4w%3D&t=4d5b0474&ps=13740610&shp=81f88b70&shcp=43f4a2f9&idc=useast8,,airport tote bag,False,False,720,1280
7680321043562614029,https://www.tiktok.com/@arenaapproved/video/7680321043562614029,arenaapproved,ArenaApproved,"Replying to @Nicky James      You asked to see more of the Wrangler Cowhide Carry-All Tote… so here you go! 🤠  Plenty of room, multiple ways to carry it, and that western cowhide look definitely stands out. I wanted to show you the size and what actually fits inside instead of just telling you about it.  What do y’all think — everyday bag, rodeo bag, or both? 👇  🛒 It’s linked right here on the video if you want to check it out.  #W#WranglerC#CowhideBagW#WesternStyleW#WesternFashionTikTokShop.       @Wrangler @wranglerwestern @Vaqueras Outfitters ",# #wrangler #cowhidebag #westernstyle #westernfashion # # #,641,14,3,0,35,2026-09-01T13:15:00.000Z,https://p16-common-sign.tiktokcdn-eu.com/tos-useast5-p-0068-tx/oQrTQIQt3GA2ebvMNfLfOGqKURsAWFYVQUeFrI~tplv-tiktokx-origin.image?dr=10395&x-expires=1788555600&x-signature=s4VSBgMvDj0yeIIu7GqX641%2B6pU%3D&t=4d5b0474&ps=13740610&shp=81f88b70&shcp=43f4a2f9&idc=no1a,,carry all tote,True,False,720,1280
7666120665367448845,https://www.tiktok.com/@k00k134/video/7666120665367448845,k00k134,Sherie Ann,#coach ,#coach,3589,68,7,3,48,2026-07-24T15:43:41.000Z,https://p16-common-sign.tiktokcdn-eu.com/tos-useast5-p-0068-tx/ogE3iuREEDAfCIJjBqjggueISBFdZiYD47EqW2~tplv-tiktokx-origin.image?dr=10395&x-expires=1788555600&x-signature=JP4sCEByE7VfopHtp%2BKQTpplpCU%3D&t=4d5b0474&ps=13740610&shp=81f88b70&shcp=43f4a2f9&idc=no1a,,carry all tote,True,False,720,1280
7660632329815100686,https://www.tiktok.com/@kadens_deals4u/video/7660632329815100686,kadens_deals4u,Kadens_deals4u,WOW,,61000,237,7,10,10,2026-07-09T20:46:05.000Z,https://p16-common-sign.tiktokcdn-eu.com/tos-useast5-p-0068-tx/o0fgrAAQeAIoEfaeEGGp5RFYEIOILRtXGBrQch~tplv-tiktokx-origin.image?dr=10395&x-expires=1788555600&x-signature=pMQG91bQp9Zpzq%2FurS5RXZD1dzs%3D&t=4d5b0474&ps=13740610&shp=81f88b70&shcp=43f4a2f9&idc=no1a,,carry all tote,False,False,720,1280
7518355664234663181,https://www.tiktok.com/@jasontsay/video/7518355664234663181,jasontsay,jasontsay,"5 things i don’t regret buying pt 1 👀  (apple studio display, maison margiela card holder wallet, arcteryx granville 30 carryall tote)",,385700,22600,87,666,66,2025-06-21T11:01:29.000Z,https://p16-common-sign.tiktokcdn-eu.com/tos-useast5-p-0068-tx/oAkFW4xiaZQ9a0kQAAOAgBNKECRRiPBEBAxiI~tplv-tiktokx-origin.image?dr=10395&x-expires=1788555600&x-signature=KBf2pOlBmSgpeUfSQ6w%2FD%2BM2Rsw%3D&t=4d5b0474&ps=13740610&shp=81f88b70&shcp=43f4a2f9&idc=no1a,,carry all tote,False,False,576,1024
7680290714558811422,https://www.tiktok.com/@strawberrywestern/video/7680290714558811422,strawberrywestern,Strawberry Western,CALLING ALL BAG LADIES!!  #picnicbag #projectbag #beachbag #carryallbag #analogbag ,#picnicbag #projectbag #beachbag #carryallbag #analogbag,2440,351,2,4,97,2026-08-31T20:10:47.000Z,https://p19-common-sign.tiktokcdn-eu.com/tos-useast8-p-0068-tx2/oUeVGevNRIFUQ4v21AqALJorI4G3AAKQEQ2Aef~tplv-tiktokx-origin.image?dr=10395&x-expires=1788555600&x-signature=ui5LvCQaxyKXOwrEJjzmyEzXMRo%3D&t=4d5b0474&ps=13740610&shp=81f88b70&shcp=43f4a2f9&idc=no1a,,carry all tote,False,False,720,1280
7680556945970941215,https://www.tiktok.com/@shantanochaser/video/7680556945970941215,shantanochaser,❌ Shanta | Bags & Recovery👜,"The Adoratti Carryall Large Leather Tote is giving me ALL the room I need! 🤎👜 If you’re searching for a large leather tote, spacious carryall bag, everyday tote, or work tote that still looks polished and stylish, this one needs to be on your radar! 👀 @Adoratti   #Adoratti #AdorattiTote #CarryallTote #bagtok ##leathertotebag",# #adoratti #adorattitote #carryalltote #bagtok #leathertotebag,132,1,0,1,94,2026-09-01T13:24:13.000Z,https://p16-common-sign.tiktokcdn-eu.com/tos-useast8-p-0068-tx2/oAx8HlA6IEP2wnAEtoqEtDfClQP6VjAfAAcFER~tplv-tiktokx-origin.image?dr=10395&x-expires=1788555600&x-signature=OaiHfm4DllztHwzXt1RX85dOsnA%3D&t=4d5b0474&ps=13740610&shp=81f88b70&shcp=43f4a2f9&idc=no1a,,carry all tote,False,False,720,1280
7608009230989151519,https://www.tiktok.com/@rileejsmith/video/7608009230989151519,rileejsmith,Rilee,"Sometimes you just want a large, bottomless carryall tote 🤷🏼‍♀️ so here’s the one I use when I’m out and about at home!  👜: The Zippered Soft Tote by Maison de Sabré | $439 (gifted) 🛒: In my Shop My 📐: 14” x 11” x 5” | 1.9lbs empty | 9.5lbs packed  ✈️: Meets personal item requirements for 10/11 US airlines (not United) and 17/20 International airlines (Lufthansa, Aer Lingus, Singapore)  #totebag #leatherbag #workbag #travelbag #tote ",#totebag #leatherbag #workbag #travelbag #tote,851100,1611,26,26,160,2026-02-18T01:21:41.000Z,https://p16-common-sign.tiktokcdn-eu.com/tos-useast8-p-0068-tx2/oAPA8iUIBRAViXJbqvECCaAF63AZEQAltBLUG~tplv-tiktokx-origin.image?dr=10395&x-expires=1788555600&x-signature=R1rU9iR8dhmr9tIY2sUYY5woaKc%3D&t=4d5b0474&ps=13740610&shp=81f88b70&shcp=43f4a2f9&idc=no1a,,carry all tote,True,False,720,1280
7527082730912320823,https://www.tiktok.com/@pursediaries/video/7527082730912320823,pursediaries,PurseDiaries,My first ever eBay purchase is this beautiful coach bag from 2010 it is a pink carry all tote with kiss lock feature and compartment with magnetic closure. I have to try it on for a while to see how it carries on the shoulder but so far it's a 10/10. #@Coach @ebay #coach #ebayfinds #unboxing,# # #coach #ebayfinds #unboxing,22200,319,47,39,107,2025-07-14T23:25:51.000Z,https://p16-common-sign.tiktokcdn-eu.com/tos-useast5-p-0068-tx/oMKgDWfDSIf1RAoEMkRt9djZ1BgA0ED5FEYnIg~tplv-tiktokx-dmt-logom:tos-useast5-i-0068-tx/ok0AqKR9AaPIy8kQjWsEH4defIgAQALWAHA6eG.image?dr=10393&x-expires=1788555600&x-signature=ZNXuxQIFBgwGRf3yPeZNLUij4R4%3D&t=4d5b0474&ps=13740610&shp=81f88b70&shcp=43f4a2f9&idc=no1a,,carry all tote,True,False,576,1024
7677352813592055071,https://www.tiktok.com/@andream1212/video/7677352813592055071,andream1212,Andrea | Western Finds,Pretty enough for every day + roomy enough for everything 🤍  #Wrangler #WranglerBags #CarryAllTote #WesternStyle #TikTokShopFinds ,#wrangler #wranglerbags #carryalltote #westernstyle #tiktokshopfinds,8619,72,3,13,11,2026-08-23T22:10:12.000Z,https://p16-common-sign.tiktokcdn-eu.com/tos-useast8-p-0068-tx2/ocELICEaRbdiAODqfFSRfSApC16EpESAV828Bd~tplv-tiktokx-origin.image?dr=10395&x-expires=1788555600&x-signature=b0H3N0HRRk4BeN2yczOrn685Ic4%3D&t=4d5b0474&ps=13740610&shp=81f88b70&shcp=43f4a2f9&idc=no1a,,carry all tote,True,False,720,1280
7580951578274729271,https://www.tiktok.com/@montoyav.07/video/7580951578274729271,montoyav.07,Abril Montoya,"Perfect as an everyday bag, for traveling, the gym, and just on the go. The color is perfect for fall/winter 🤎🧸🧦☕️ @Oner Active’s Carryall Tote Bag in Deep Espresso  #fallbag #everydaybag #oneractive #fyp #paratiiiiiiiiiiiiiiiiiiiiiiiiiiiiiii ",# #fallbag #everydaybag #oneractive #fyp #paratiiiiiiiiiiiiiiiiiiiiiiiiiiiiiii,8215,171,9,8,21,2025-12-07T03:24:21.000Z,https://p16-common-sign.tiktokcdn-eu.com/tos-useast5-p-0068-tx/og0AJ901xByEnAiI6BAII2NAAmCPwafAAm8BiO~tplv-tiktokx-origin.image?dr=10395&x-expires=1788555600&x-signature=gfmIi8cWKUJZ2clpgc8BTLcio4U%3D&t=4d5b0474&ps=13740610&shp=81f88b70&shcp=43f4a2f9&idc=no1a,,carry all tote,False,False,720,1280
7534288614579113233,https://www.tiktok.com/@thelauraedit_au/video/7534288614579113233,thelauraedit_au,Laura | Food & Life,"I start a new job tomorrow, so what’s in my bag? @Strand Juni Carry All Tote Bag #whatsinmybag #corporatelife #newjob ",# #whatsinmybag #corporatelife #newjob,7787,94,6,4,305,2025-08-03T09:28:01.000Z,https://p16-common-sign.tiktokcdn-eu.com/tos-alisg-p-0037/oUlBYAaPAyRM6A4iAAiB6IbrEnACK8UIEPijo~tplv-tiktokx-dmt-logom:tos-alisg-i-0068/oUKlDFZEEICEg7j7yPfugAgARAbDoDUfBAG6Ch.image?dr=10393&x-expires=1788555600&x-signature=B05XArmXln8VnNG0n5GELnxTmUc%3D&t=4d5b0474&ps=13740610&shp=81f88b70&shcp=43f4a2f9&idc=no1a,,carry all tote,False,False,576,1024
7656886367821090062,https://www.tiktok.com/@kadens_deals4u/video/7656886367821090062,kadens_deals4u,Kadens_deals4u,OK WHAT,,62900,336,5,89,10,2026-06-29T23:15:00.000Z,https://p16-common-sign.tiktokcdn-eu.com/tos-useast5-p-0068-tx/oA5EXiCviKG4blkI9wg9dUOEB0aBAR5dvEunD~tplv-tiktokx-origin.image?dr=10395&x-expires=1788555600&x-signature=vx6lCkLhyJdhRbUvrELqtlxzVd0%3D&t=4d5b0474&ps=13740610&shp=81f88b70&shcp=43f4a2f9&idc=no1a,,carry all tote,False,False,720,1280
7604041031625100577,https://www.tiktok.com/@noemiknits/video/7604041031625100577,noemiknits,Noémi 🩶,Turned out a bit smaller than it should have but felting a knitted bag is just a “trust the process” kinda thing and I still love it nonetheless 🤠🪩 #knitting #knittok #felting #handmade #bag pattern by: @Mathilda Andersson ❤️,#knitting #knittok #felting #handmade #bag #,232700,16200,150,1622,24,2026-02-07T08:43:20.000Z,https://p19-common-sign.tiktokcdn-us.com/tos-useast2a-p-0037-euttp/oEADAysNbYpQfCxAkEDvrIm3mheREsFQAwiEUY~tplv-tiktokx-origin.image?dr=9636&x-expires=1788555600&x-signature=Vh3tDXcR8kCe%2BwsEeYzE3QwG87I%3D&t=4d5b0474&ps=13740610&shp=81f88b70&shcp=43f4a2f9&idc=useast8,,felt tote bag,False,False,576,1024
7663082787976547602,https://www.tiktok.com/@bokunfeltproductsfactory/video/7663082787976547602,bokunfeltproductsfactory,Felt storage bag,"Hey, your boring bag needs a makeover! 😄 Give it a new life with a custom felt tote bag made just for you. Big ideas, funny designs, cute logos — we love them all! #Felt #Smallbag #Custom #Promotion #Gift ",#felt #smallbag #custom #promotion #gift,697,7,1,1,9,2026-07-16T11:15:03.000Z,https://p16-common-sign.tiktokcdn-us.com/tos-alisg-p-0037/o8v1Gb6nAAA8AIjQwEiJLvKBYfI5XTFiACBBYI~tplv-tiktokx-origin.image?dr=9636&x-expires=1788555600&x-signature=32McWWYhVSnIjMYaXvPrbTEuwrg%3D&t=4d5b0474&ps=13740610&shp=81f88b70&shcp=43f4a2f9&idc=useast8,,felt tote bag,False,False,576,1024
7594191376846228750,https://www.tiktok.com/@annaknitsthings/video/7594191376846228750,annaknitsthings,Anna,"I had too much fun knitting up this Legume Tote by knitalee (who is not on tiktok, but is on ig and ravelry). I realized after I already felted it that I messed up the orientation of the straps but I still love the end product anyways. I’m thinking of needle felting a design on the pocket. I love how customizable this project is and I already have yarn on the way for a second bag!!   #legumetote #knitting #felting",#legumetote #knitting #felting,165800,11300,61,752,19,2026-01-11T19:41:38.000Z,https://p16-common-sign.tiktokcdn-us.com/tos-useast5-p-0068-tx/o0xAfO8Q0AjPlhSISQJnGOA1AfIAXWRAMzDffH~tplv-tiktokx-origin.image?dr=9636&x-expires=1788555600&x-signature=x3iOwxeqwrhUHHOre%2FkSuvW3Nas%3D&t=4d5b0474&ps=13740610&shp=81f88b70&shcp=43f4a2f9&idc=useast8,,felt tote bag,False,False,720,1280
7650842036538526994,https://www.tiktok.com/@bokunfeltproductsfactory/video/7650842036538526994,bokunfeltproductsfactory,Felt storage bag,"“Looking for a tote bag people actually want to carry?” A customizable felt tote that combines practicality with branding. Perfect for corporate gifts, events, cafés, boutiques, and everyday use. Add your logo and turn a simple bag into a walking brand statement.  Good design gets noticed naturally.  Thinking about creating a custom batch for your brand? Let’s talk. #Felt #totebag #handbag #Wholesale #Custom ",#felt #totebag #handbag #wholesale #custom,666,1,0,0,8,2026-06-13T11:34:42.000Z,https://p19-common-sign.tiktokcdn-us.com/tos-alisg-p-0037/oE1GIOCqBgAQeBRoAEyJfALAaPvDLFiBUULg4E~tplv-tiktokx-origin.image?dr=9636&x-expires=1788555600&x-signature=0Akh2smri4LAceaJO9RcLKsliEY%3D&t=4d5b0474&ps=13740610&shp=81f88b70&shcp=43f4a2f9&idc=useast8,,felt tote bag,False,False,576,1024
7624113692464139542,https://www.tiktok.com/@madeby.zo/video/7624113692464139542,madeby.zo,Zoe 🌸,My Legume Tote is done!! I’m sooo glad I added the packet hehehe   #knittok ,#knittok,2716,98,4,5,13,2026-04-02T10:55:05.000Z,https://p19-common-sign.tiktokcdn-us.com/tos-no1a-p-0037-no/oYXVIyiByufCh9wCS0yOCb0IwziShIA5j4AbHw~tplv-tiktokx-origin.image?dr=9636&x-expires=1788555600&x-signature=nys4TRVvDznCUf3TWFbpgINcHA8%3D&t=4d5b0474&ps=13740610&shp=81f88b70&shcp=43f4a2f9&idc=useast8,,felt tote bag,False,False,576,1024
7643780665313365255,https://www.tiktok.com/@bokunfeltproductsfactory/video/7643780665313365255,bokunfeltproductsfactory,Felt storage bag,"“Looking for a tote bag people actually want to carry?” A customizable felt tote that combines practicality with branding. Perfect for corporate gifts, events, cafés, boutiques, and everyday use. Add your logo and turn a simple bag into a walking brand statement.  Good design gets noticed naturally.  Thinking about creating a custom batch for your brand? Let’s talk. #felt #totebag #custom #oem #Ecofriendly ",#felt #totebag #custom #oem #ecofriendly,199,3,0,0,12,2026-05-25T10:52:58.000Z,https://p16-common-sign.tiktokcdn-us.com/tos-alisg-p-0037/ooIIoLUhFEA8DQGjQecCAoAAIgU6QK7xfAPAjf~tplv-tiktokx-origin.image?dr=9636&x-expires=1788555600&x-signature=oMYhOpS1g5fz1c%2FE9J8jdMyFgpc%3D&t=4d5b0474&ps=13740610&shp=81f88b70&shcp=43f4a2f9&idc=useast8,,felt tote bag,False,False,576,1024
7555559399079644448,https://www.tiktok.com/@artistic.quinty/video/7555559399079644448,artistic.quinty,artisticquinty,"a birthday activity from @tamara 🍓🌷  !! highly recommend, i want to make more now! 🤌🏻 💗👜  #arttok #diytotebag #handmadebag #feltcrafts #sewingproject ",# #arttok #diytotebag #handmadebag #feltcrafts #sewingproject,28600,2199,27,110,25,2025-09-29T17:09:29.000Z,https://p19-common-sign.tiktokcdn-us.com/tos-useast2a-p-0037-euttp/o48weXdMtDGWezIgRgMbtaAuLWRgpReqMIjqQ9~tplv-tiktokx-origin.image?dr=9636&x-expires=1788555600&x-signature=2DZWw2Qga7HcRtg3upslNnZ%2BXkk%3D&t=4d5b0474&ps=13740610&shp=81f88b70&shcp=43f4a2f9&idc=useast8,,felt tote bag,False,False,576,1024
7652288478507584782,https://www.tiktok.com/@yanli.textile/video/7652288478507584782,yanli.textile,yanli textile,"pure wool felt sleeve. custom size for laptops and tablets. soft, eco-friendly. factory direct. #feltbagorganizer #feltbagcute #feltbag #feltbagstyle #bag",,271,0,0,0,8,2026-06-17T16:25:00.000Z,https://p16-common-sign.tiktokcdn-us.com/tos-useast5-p-0068-tx/o4XFKCCKEwVSAPAbyffdyImtq9AY5Dt0MAEgAD~tplv-tiktokx-origin.image?dr=9636&x-expires=1788555600&x-signature=fT1KluXdr7IZa9KUsbWO39bAxT8%3D&t=4d5b0474&ps=13740610&shp=81f88b70&shcp=43f4a2f9&idc=useast8,,felt tote bag,False,False,720,1280
7483972302166674718,https://www.tiktok.com/@rachel.boehm/video/7483972302166674718,rachel.boehm,Rachel,The Hobo tote! What color should I make it in next? #purse #felting #knitting #crochet #fiberart #handbag #yarn ,#purse #felting #knitting #crochet #fiberart #handbag #yarn,9159,510,43,9,136,2025-03-20T19:15:02.000Z,https://p19-common-sign.tiktokcdn-us.com/tos-useast8-p-0068-tx2/ooAQAISAjJGIPA0e4AguGNmtCecGIELpqBmIeg~tplv-tiktokx-origin.image?dr=9636&x-expires=1788555600&x-signature=8%2Fc2ErpAkbFHYuQ5aj9mECm9kxw%3D&t=4d5b0474&ps=13740610&shp=81f88b70&shcp=43f4a2f9&idc=useast8,,felt tote bag,False,False,576,1024
7667528045623889159,https://www.tiktok.com/@bokunfeltproductsfactory/video/7667528045623889159,bokunfeltproductsfactory,Felt storage bag,"English  Can a bag be stylish and eco-friendly? 🌿  Absolutely! Felt bags are reusable, lightweight, colorful, and fully customizable.  Good for your style and better for the planet. #Felt #totebag #Custom #OEM #environmental ",#felt #totebag #custom #oem #environmental,13900,634,7,5,14,2026-07-28T10:45:00.000Z,https://p19-common-sign.tiktokcdn-us.com/tos-alisg-p-0037/o8aIProECVI3AABABEiiN8iHaiFxK6u7Yv0Bm~tplv-tiktokx-dmt-logom:tos-alisg-i-0068/owSZYkDmEFAgITCauAEUAiEABpIxfR3oqMCBge.image?dr=9634&x-expires=1788555600&x-signature=qq531S9DROpBvvbYGHvoHOmxy9o%3D&t=4d5b0474&ps=13740610&shp=81f88b70&shcp=43f4a2f9&idc=useast8,,felt tote bag,True,False,576,1024
7677948255023402270,https://www.tiktok.com/@leatheratelier_/video/7677948255023402270,leatheratelier_,Nora Handmadebag,"Your new go-you lightweight handcrafted travel tote💫 *Let me make your dream bag 💼  *Choose the style, design, and color that suits you#HandmadeBag #custombag #leatherbag #travelbag #leathercraft ",#handmadebag #custombag #leatherbag #travelbag #leathercraft,2341,123,9,5,49,2026-08-25T12:40:57.000Z,https://p16-common-sign.tiktokcdn-us.com/tos-useast8-p-0068-tx2/okqnVpNbFBFEYAFRhE0IfVlBwjEnAFfyr0jDEG~tplv-tiktokx-origin.image?dr=9636&x-expires=1788555600&x-signature=p7W8lfA46ouotjqA%2B65rqR1ROac%3D&t=4d5b0474&ps=13740610&shp=81f88b70&shcp=43f4a2f9&idc=useast8,,felt tote bag,False,False,720,1280
7679533352180894990,https://www.tiktok.com/@idkkandrea/video/7679533352180894990,idkkandrea,andrea 🏎️ 🎬,as a vampire teddy/nightmare before christmas girlie i NEEDED this big tote bag #nightmarebeforechristmas #timburton #disneyhaul ,#nightmarebeforechristmas #timburton #disneyhaul,1217,129,4,2,68,2026-08-29T19:11:58.000Z,https://p19-common-sign.tiktokcdn-us.com/tos-useast5-p-0068-tx/oQjMYBdIwmiZBw4fCw8Top1wLiICSA43iI5ACB~tplv-tiktokx-dmt-logom:tos-useast5-i-0068-tx/oIvTRqA8kCfEELthDAIAg17f7WugVFEDAoSCBy.image?dr=9634&x-expires=1788555600&x-signature=eo9KzCZB3ndRfPDy9u%2FowtCMcxE%3D&t=4d5b0474&ps=13740610&shp=81f88b70&shcp=43f4a2f9&idc=useast5,,big tote bag,False,False,720,1280
7679114054631279903,https://www.tiktok.com/@sydneykwon/video/7679114054631279903,sydneykwon,sydney,i love my long champ #fypシ #totebag #college ,#fypシ #totebag #college,2056,89,6,1,11,2026-08-28T16:04:39.000Z,https://p16-common-sign.tiktokcdn-us.com/tos-useast8-p-0068-tx2/oUKEJsxZIvnEV9kBfRsDfEyR8xAFCPaAPIVqIa~tplv-tiktokx-origin.image?dr=9636&x-expires=1788555600&x-signature=ttxJni2llcO9ritLz0soqZs6a64%3D&t=4d5b0474&ps=13740610&shp=81f88b70&shcp=43f4a2f9&idc=useast5,,big tote bag,False,False,720,1280
7643377589972749586,https://www.tiktok.com/@komandofisip/video/7643377589972749586,komandofisip,komandofisip,,,591800,112200,209,3167,15,2026-05-24T08:48:49.000Z,https://p19-common-sign.tiktokcdn-us.com/tos-alisg-p-0037/oYHIZkFJ6IDZfqDAacjAfeEwUSIPjvQD4g3XuC~tplv-tiktokx-origin.image?dr=9636&x-expires=1788555600&x-signature=Ao76HURjfOwsJjkwjnx73AXtea4%3D&t=4d5b0474&ps=13740610&shp=81f88b70&shcp=43f4a2f9&idc=useast5,,big tote bag,False,False,576,1024
7673180461279104270,https://www.tiktok.com/@kellymazariegos0/video/7673180461279104270,kellymazariegos0,Kelly Mazariegos,who else goes to the movies with a big tote bag 😂🤭 #fyp #foryoupage #foryou #movietheater ,#fyp #foryoupage #foryou #movietheater,5214,341,0,10,5,2026-08-12T16:19:21.000Z,https://p19-common-sign.tiktokcdn-us.com/tos-useast5-p-0068-tx/o4fPdSQNk1i2IwisnULikCSBAJ4yPII858pABB~tplv-tiktokx-origin.image?dr=9636&x-expires=1788555600&x-signature=6ikvHiLMRhlHcrp2pDfdxsvhi5s%3D&t=4d5b0474&ps=13740610&shp=81f88b70&shcp=43f4a2f9&idc=useast5,,big tote bag,False,False,720,1280
7679136896148147469,https://www.tiktok.com/@ladydianamay/video/7679136896148147469,ladydianamay,ladydianamay,Jcrew Berkeley flared tote!!! ,,88400,6423,51,193,61,2026-08-28T17:33:43.000Z,https://p19-common-sign.tiktokcdn-us.com/tos-useast5-p-0068-tx/oYf6AOnCO1VoEwiUxqri8CtBBCA1SIIRM3JAAB~tplv-tiktokx-dmt-logom:tos-useast5-i-0068-tx/oE6PARMiO6EJSAn1AsAIIx3idfC8YVCJBBvBww.image?dr=9634&x-expires=1788555600&x-signature=jVi%2FyuN0mTuYK%2FwcNgS23ooxGYs%3D&t=4d5b0474&ps=13740610&shp=81f88b70&shcp=43f4a2f9&idc=useast5,,big tote bag,False,False,720,1280
7680919827199855886,https://www.tiktok.com/@aus3t/video/7680919827199855886,aus3t,auset,New work bag eats downnnnn #gianttote #bigbag #fyppppppppppppppppppppppp #workbag #traveltote  Bags from @TORY BURCH ,#gianttote #bigbag #fyppppppppppppppppppppppp #workbag #traveltote #,388,18,3,0,115,2026-09-02T12:51:58.000Z,https://p16-common-sign.tiktokcdn-us.com/tos-useast5-p-0068-tx/o0VsQwKIAGIE2Ato0NQCeLfMSHk9RQEejDM3jE~tplv-tiktokx-dmt-logom:tos-useast5-i-0068-tx/oMCGANJmjFEA1EBAIqED4efqQAyagvL7DSwsoR.image?dr=9634&x-expires=1788555600&x-signature=hDFut%2BzABlK7i6FjMpD9Ybo5%2F3A%3D&t=4d5b0474&ps=13740610&shp=81f88b70&shcp=43f4a2f9&idc=useast5,,big tote bag,False,False,720,1280
7677929972425559314,https://www.tiktok.com/@johngregoryph/video/7677929972425559314,johngregoryph,greg,tbh the most functional and chic bags i haveeee <3  #bigbag #bagcollection #bagformen #longchamp #pedro ,#bigbag #bagcollection #bagformen #longchamp #pedro,60300,1676,79,124,56,2026-08-25T11:29:43.000Z,https://p16-common-sign.tiktokcdn-us.com/tos-alisg-p-0037/oAeVwjjIIfGGh1MI0eLlNQAUDAAwgAEgv9A4iA~tplv-tiktokx-dmt-logom:tos-alisg-i-0068/o0AAaFwlyjWKDfzARfKCXUE0gcEjBEAQZqmzIY.image?dr=9634&x-expires=1788555600&x-signature=G0sNhV995OjHJjwfu9%2Fh9naNhqs%3D&t=4d5b0474&ps=13740610&shp=81f88b70&shcp=43f4a2f9&idc=useast5,,big tote bag,True,False,576,1024
7650569322913336584,https://www.tiktok.com/@halabagstore/video/7650569322913336584,halabagstore,HALA BAG STORE 0702359828,,,10900,176,2,21,25,2026-06-12T17:56:26.000Z,https://p16-common-sign.tiktokcdn-us.com/tos-alisg-p-0037/osgD3EEYqB80SOd1ADBlghELFEgIcIfREEevsl~tplv-tiktokx-origin.image?dr=9636&x-expires=1788555600&x-signature=82pTmPQOtliUDiwg50V%2FtZmVxVw%3D&t=4d5b0474&ps=13740610&shp=81f88b70&shcp=43f4a2f9&idc=useast5,,big tote bag,False,False,576,1024
7675388088809540894,https://www.tiktok.com/@_evabae_/video/7675388088809540894,_evabae_,Eva💕,Ayeeee go big mamaaaa 😜 @Latto #fyp #viral #wssu #glamoholiclifestyle #college ,# #fyp #viral #wssu #glamoholiclifestyle #college,986,125,6,0,7,2026-08-18T15:06:21.000Z,https://p16-common-sign.tiktokcdn-us.com/tos-useast8-p-0068-tx2/oUA8QRPqUQfF2GbQmiE8FXdEeMgBecQfM1tL6A~tplv-tiktokx-origin.image?dr=9636&x-expires=1788555600&x-signature=n%2BBTZSyClt8PExWkqCW9Abp05qE%3D&t=4d5b0474&ps=13740610&shp=81f88b70&shcp=43f4a2f9&idc=useast5,,big tote bag,False,False,720,1280
7592049295793212702,https://www.tiktok.com/@minseonk1m/video/7592049295793212702,minseonk1m,Minseon,Tote bag recommendations for big bag girlies!✨ #girlies #totebag #bagrecommendation #beauty #bags ,#girlies #totebag #bagrecommendation #beauty #bags,12200,167,5,4,35,2026-01-06T01:09:08.000Z,https://p16-common-sign.tiktokcdn-us.com/tos-useast8-p-0068-tx2/ow0AKcclZBZEjAiIwiwIqLPAArCpA2fBjBYBi7~tplv-tiktokx-origin.image?dr=9636&x-expires=1788555600&x-signature=aI3mZb4hlozaMAqlzPLRDArbgm8%3D&t=4d5b0474&ps=13740610&shp=81f88b70&shcp=43f4a2f9&idc=useast5,,big tote bag,True,False,720,1280
7634592178085334302,https://www.tiktok.com/@dairbearreads/video/7634592178085334302,dairbearreads,Dairian | Books 📚| Law ⚖️,@Glam-Aholic Lifestyle #unboxing #glamaholiclifestyle #jumbotote #laptopsleeve,# #unboxing #glamaholiclifestyle #jumbotote #laptopsleeve,7051,211,22,16,85,2026-04-30T16:37:24.000Z,https://p16-common-sign.tiktokcdn-us.com/tos-useast8-p-0068-tx2/ooAAticJpEANhuh8ABC9DiCeiAKEVIfRUEBKzj~tplv-tiktokx-origin.image?dr=9636&x-expires=1788555600&x-signature=FelL1XmXN76ZlRBd0Q7HmVcjyzQ%3D&t=4d5b0474&ps=13740610&shp=81f88b70&shcp=43f4a2f9&idc=useast5,,big tote bag,False,False,720,1280
7641888156568096020,https://www.tiktok.com/@krishabala/video/7641888156568096020,krishabala,Krisha,Noa tote in Mocha Suede from @juno jane 🫶🏼 + their snail mail (The Offline Inbox) is adorableeee,#,82800,7538,80,448,148,2026-05-20T08:29:03.000Z,https://p16-common-sign.tiktokcdn.com/tos-alisg-p-0037/oE8Iq4LG0IGnTfHAFN4AeGIfUNIpj4TD45OucC~tplv-tiktokx-origin.image?dr=14575&x-expires=1788555600&x-signature=o4eg3phskTkBFJZuuSI9OmihMjc%3D&t=4d5b0474&ps=13740610&shp=81f88b70&shcp=43f4a2f9&idc=my2,,suede tote bag,False,False,576,1024
7670803928891542805,https://www.tiktok.com/@dumplingsushi_/video/7670803928891542805,dumplingsushi_,Tushi 🎧ྀི,Thalea Bag 🦢 large capacity totebag @MOSSDOOM.MY #totebag #totebagaesthetic #handbag #suede #mossdoom ,# #totebag #totebagaesthetic #handbag #suede #mossdoom,40800,356,62,76,13,2026-08-06T06:37:02.000Z,https://p16-common-sign.tiktokcdn.com/tos-alisg-p-0037/owRCuFB1A1NfBod54qoKAIc0uAEEIAeHDCKsEg~tplv-tiktokx-origin.image?dr=14575&x-expires=1788555600&x-signature=9%2FRJN5q8jDRfxfiESWhlq35lHGA%3D&t=4d5b0474&ps=13740610&shp=81f88b70&shcp=43f4a2f9&idc=my2,,suede tote bag,True,False,576,1024
7654895116829691154,https://www.tiktok.com/@sudeshcollection/video/7654895116829691154,sudeshcollection,S Collection,3-in-1 suede tote bag in brown  #fyp #fypシ #bag #totebag #shoulderbag ,#fyp #fypシ #bag #totebag #shoulderbag,108600,3027,118,722,23,2026-06-24T09:42:45.000Z,https://p19-common-sign.tiktokcdn.com/tos-alisg-p-0037/o41CA6fBKExLI41Crp6SAHBd7BoAGiNAiAAGIw~tplv-tiktokx-origin.image?dr=14575&x-expires=1788555600&x-signature=FdVOe81B18WjWsB9XdaBcPiSbEw%3D&t=4d5b0474&ps=13740610&shp=81f88b70&shcp=43f4a2f9&idc=my2,,suede tote bag,False,False,576,996
7570943017876458759,https://www.tiktok.com/@4444vn4/video/7570943017876458759,4444vn4,fbriani🐆,cocok buat tampil classy👀 #tgifproject #totebag #classystyle ,#tgifproject #totebag #classystyle,1800000,35300,76,3632,11,2025-11-10T04:05:41.000Z,https://p16-common-sign.tiktokcdn.com/tos-alisg-p-0037/o8zRQFgIEoDAEcbFWGBXkpZRe6rBRECSI5J2fZ~tplv-tiktokx-origin.image?dr=14575&x-expires=1788555600&x-signature=bI0AjxCErDtjajc9%2FeaDqpQ6s%2Fw%3D&t=4d5b0474&ps=13740610&shp=81f88b70&shcp=43f4a2f9&idc=my2,,suede tote bag,True,False,576,1024
7631512662668528916,https://www.tiktok.com/@peonyandlace/video/7631512662668528916,peonyandlace,Peony & Lace,suede finishnya bikin keliatan mahal padahal harganya murah bgt muat banyak dan gampang di mix & match 🕶  #totebag #ootd #suedebag #taskuliah #taskerja ,#totebag #ootd #suedebag #taskuliah #taskerja,108000,321,5,137,21,2026-04-22T09:26:53.000Z,https://p16-common-sign.tiktokcdn.com/tos-alisg-p-0037/okfslTPnfACQDxDeIF3oY2IA9Fj9S0dBPoEIDI~tplv-tiktokx-origin.image?dr=14575&x-expires=1788555600&x-signature=azz5KEq63FTvRyd3naw7f5zvVAw%3D&t=4d5b0474&ps=13740610&shp=81f88b70&shcp=43f4a2f9&idc=my2,,suede tote bag,False,False,576,1024
7659426111490723092,https://www.tiktok.com/@demyngo.pedro/video/7659426111490723092,demyngo.pedro,Demy Ngô . Pedro,Tote da lộn chuẩn vibe “quiet luxury” 🤎 Đựng cả thế giới mà lên vai vẫn sang xịn. #pedro #totebag #suedebag #baglover #xuhuong   @Demy Ngô .unbox @Demy Ngô . Cnk Shoes ,#pedro #totebag #suedebag #baglover #xuhuong # #,71500,661,115,183,59,2026-07-06T14:45:17.000Z,https://p16-common-sign.tiktokcdn.com/tos-alisg-p-0037/osAjIlIBdAfutL43Id73vDAEGeAMLDA4eEAU3I~tplv-tiktokx-origin.image?dr=14575&x-expires=1788555600&x-signature=o%2B0BCfQ91uOKhmkPzomHzvDGj44%3D&t=4d5b0474&ps=13740610&shp=81f88b70&shcp=43f4a2f9&idc=my2,,suede tote bag,False,False,576,1024
7459840231978650902,https://www.tiktok.com/@elisamariastyle/video/7459840231978650902,elisamariastyle,Elisa | Fashion & Styling,The perfect suede bags 🤌🏼 I’ve linked these and more on my LTK (link in bio) 🤎 #fashion #inspo #outfitinspo #outfitideas #fashiontiktok #2025fashion #fyp ,#fashion #inspo #outfitinspo #outfitideas #fashiontiktok #2025fashion #fyp,393100,3827,41,475,6,2025-01-14T18:30:07.000Z,https://p16-common-sign.tiktokcdn.com/tos-no1a-p-0037-no/oAC0EkEDAJfFeh2ArnqGES4ISAFZORAhctCcNg~tplv-tiktokx-origin.image?dr=14575&x-expires=1788555600&x-signature=QwXFwvK1e2rAYEBWuV6VKNmU3Iw%3D&t=4d5b0474&ps=13740610&shp=81f88b70&shcp=43f4a2f9&idc=my2,,suede tote bag,False,False,576,1024
7635958496609029394,https://www.tiktok.com/@loude.id/video/7635958496609029394,loude.id,Loude ID,our best seller suede totebag🤎,,62100,261,5,63,6,2026-05-04T08:58:59.000Z,https://p19-common-sign.tiktokcdn.com/tos-alisg-p-0037/oULBBfXSBD7TiqBIK4iXFOI9eCoIr2lA8SjnfA~tplv-tiktokx-origin.image?dr=14575&x-expires=1788555600&x-signature=JIjkyDuvM7cv%2Bu%2BB7VIVOkoGmKo%3D&t=4d5b0474&ps=13740610&shp=81f88b70&shcp=43f4a2f9&idc=my2,,suede tote bag,True,False,576,1024
7555303881362787615,https://www.tiktok.com/@shwncrz/video/7555303881362787615,shwncrz,Shawn Cruz | Content Creator,"Oh boy, here is my entire Suede handbag collection! 👀  With the Fall and Winter season basically here, I wanted to share my suede handbag collection. I’m sharing everyday bag options including ideal suede work bags.  Bags mentioned:  •Claudia Firenze - Anna Lou tote via TJ Maxx. @TJ Maxx  •Verafied New York: Espresso Suede Book Tote @VERAFIED NEW YORK  •PEDRO: Demi Shoulder in Sand  •PEDRO: Demi Hobo in Cognac •PEDRO: Demi in Brown Suede @PEDRO  •Vestirsi: Sienna in Suede @VESTIRSI  •Vestirsi: Mia East West Slouchy Tote •Amazon Find: Faux Suede Woven Leather Mini Top Handle Bag @Amazon  •Fabri",# # # # # # # # #HandbagTikTok #Handbags #Suede #FallFashion #AffordableFashion,78000,2145,130,104,179,2025-09-29T00:38:05.000Z,https://p16-common-sign.tiktokcdn.com/tos-useast8-p-0068-tx2/oYpIA5bEIbA1iB0iriOzCziAZB3OfdAjIABpDK~tplv-tiktokx-origin.image?dr=14575&x-expires=1788555600&x-signature=R7XOmNztQHlJQhXG0%2BTEL%2FDAMDU%3D&t=4d5b0474&ps=13740610&shp=81f88b70&shcp=43f4a2f9&idc=my2,,suede tote bag,False,False,576,1024
7666562000151137556,https://www.tiktok.com/@med_in_souk/video/7666562000151137556,med_in_souk,med_in_souk,"Meet your new everyday favorite. Our handmade suede fringe tote bag is carefully crafted with love in the heart of the Medina of Marrakech by skilled local artisans. Made from premium soft suede leather, this spacious tote combines timeless bohemian style with everyday functionality. Its generous size easily fits a laptop, books, and all your daily essentials, making it perfect for work, travel, or weekend adventures. Every bag is unique, showcasing the beauty of authentic Moroccan craftsmanship and the care that goes into every stitch. . . . . #marrakech #bag #souk #haul #fyp ",#marrakech #bag #souk #haul #fyp,53400,1214,44,286,54,2026-07-25T20:16:13.000Z,https://p16-common-sign.tiktokcdn.com/tos-alisg-p-0037/oUlGzFBRUDq9ZoEiGgaPAzaIIfkdeDBE5SIyRF~tplv-tiktokx-origin.image?dr=14575&x-expires=1788555600&x-signature=SUenJeOjJrDUQ2vSDZ0VPv%2FI2gI%3D&t=4d5b0474&ps=13740610&shp=81f88b70&shcp=43f4a2f9&idc=my2,,suede tote bag,False,False,576,1024
7570367574345649415,https://www.tiktok.com/@juno.jane/video/7570367574345649415,juno.jane,juno jane,"compartments for DAYSS love my new suede functional work bag, definitely a bag designed by women <3 click the website in my bio to purchase! #workbag #worktote #packwithme #bagrecommendation ",#workbag #worktote #packwithme #bagrecommendation,112000,1636,19,190,19,2025-11-08T14:52:39.000Z,https://p16-common-sign.tiktokcdn.com/tos-alisg-p-0037/oY1EfDDsuFxuABU7Vp9uRXgziEISfBnDIPWTgC~tplv-tiktokx-origin.image?dr=14575&x-expires=1788555600&x-signature=h4Fekj5LR%2BHze9YaRWbvObG95bM%3D&t=4d5b0474&ps=13740610&shp=81f88b70&shcp=43f4a2f9&idc=my2,,suede tote bag,False,False,576,1024
7680576351249698079,https://www.tiktok.com/@mikailabby1017/video/7680576351249698079,mikailabby1017,Mikaila🤍Just a Girl,Everything you need in your bag💕 #whatsinmybag Some of my fav brands @EADEM @Supergoop @Vaseline ★ USA @AMIKA: @rhode skin @Emi Jay ,#whatsinmybag # # # # # #,972,134,17,3,43,2026-09-01T14:39:24.000Z,https://p19-common-sign.tiktokcdn-us.com/tos-useast8-p-0068-tx2/ogEWIAEAR4plAqDqRFCUfq6fZO5EaEAAVcu5CS~tplv-tiktokx-dmt-logom:tos-useast8-i-0068-tx2/osCeRADxlEufOAH7tv0SVVaEAMzFIEq0EQAAz4.image?dr=9634&x-expires=1788555600&x-signature=%2FuXYC8l6KXt58vtb8cHFDi9T5Ho%3D&t=4d5b0474&ps=13740610&shp=81f88b70&shcp=43f4a2f9&idc=useast5,,everything bag,False,False,720,1280
7679291844353592596,https://www.tiktok.com/@miss.manila.luxe/video/7679291844353592596,miss.manila.luxe,Miss Manila Luxe,"Ready ka na ba? Welcome to the Part 1 of Php 19,000 everything bags! ✨  📍 Showroom open daily, 1 PM – 8 PM 💬 DMs always open for buyout & bag inquiries!",,83800,2546,48,151,170,2026-08-29T07:00:00.000Z,https://p16-common-sign.tiktokcdn-us.com/tos-alisg-p-0037/o0EjKJIUsfmbMkopIjUJpfAgGeAsLDQ3aCrVKg~tplv-tiktokx-origin.image?dr=9636&x-expires=1788555600&x-signature=DCaRkYx%2FB6AgUat7mg%2F2QLzw4n4%3D&t=4d5b0474&ps=13740610&shp=81f88b70&shcp=43f4a2f9&idc=useast5,,everything bag,False,False,576,1024
7672881814779776286,https://www.tiktok.com/@ashleydianeevans/video/7672881814779776286,ashleydianeevans,Ashley Evans,one person asked so i’m sharing what’s in my everyday bag #whatsinmybag #whatsinmypurse #everydaybag #bagessentials ,#whatsinmybag #whatsinmypurse #everydaybag #bagessentials,14000,950,34,10,51,2026-08-11T21:00:27.000Z,https://p16-common-sign.tiktokcdn-us.com/tos-useast8-p-0068-tx2/oMEXAGb9tLDAcIxAIUIGctekQAVeArfVIq3V2j~tplv-tiktokx-origin.image?dr=9636&x-expires=1788555600&x-signature=QDQMiGBIEYh5N9fAqpf3NSu46Io%3D&t=4d5b0474&ps=13740610&shp=81f88b70&shcp=43f4a2f9&idc=useast5,,everything bag,False,False,720,1280
7678875444183092494,https://www.tiktok.com/@xtineseo/video/7678875444183092494,xtineseo,xtine,Small but mighty 😈 #whatsinmybag #minibag #essentials #hydrochloricacid #koreangirl   • Vintage mini boston bag from @Fendi  • hydrochloric acid spray from @Dr.Althea US  • Cushion foundation from @YSL Beauty  • Twilly perfume from @hermes • Wallet from @CELINE  • Grape flavored mints from Japan • Lip liner stain from @Huda Beauty  • Lip balm from @EADEM & @Summer Fridays  • Eyedrops from @refresheyedrops  • Tummy acid supplements from Japan • Nail file from @Amazon ,#whatsinmybag #minibag #essentials #hydrochloricacid #koreangirl # # # # # # # #,2114,72,5,0,56,2026-08-28T00:38:44.000Z,https://p19-common-sign.tiktokcdn-us.com/tos-useast5-p-0068-tx/oIYhHN8MkQfGjHVI6sv4kI2ahCSAeQ0HXCetgA~tplv-tiktokx-origin.image?dr=9636&x-expires=1788555600&x-signature=7%2Bj2EKtklGXSDFFqpFYxTY5Lupk%3D&t=4d5b0474&ps=13740610&shp=81f88b70&shcp=43f4a2f9&idc=useast5,,everything bag,True,False,720,1280
7651944858180930829,https://www.tiktok.com/@styledxnaty/video/7651944858180930829,styledxnaty,⋆.𐙚 ̊𝐇𝐀𝐔𝐒𝐎𝐅𝐍𝐀𝐓𝐘♡,what’s in my bag 🙊 #fyp #whatsinmybag #girlythings #essentials ,#fyp #whatsinmybag #girlythings #essentials,480800,44500,533,1736,151,2026-06-16T19:00:00.000Z,https://p16-common-sign.tiktokcdn-us.com/tos-useast5-p-0068-tx/ooYf8AMYsrDHWWjjULN3aAkIAQFEEffgAAOlQt~tplv-tiktokx-origin.image?dr=9636&x-expires=1788555600&x-signature=S9Q0CFVoTgjC7X2bf4901sz%2Bj7A%3D&t=4d5b0474&ps=13740610&shp=81f88b70&shcp=43f4a2f9&idc=useast5,,everything bag,False,False,720,1280
7679528338456710414,https://www.tiktok.com/@queenkeekey/video/7679528338456710414,queenkeekey,Key💕🌸💕,Definitely should’ve got Laundry day everything bag… the sample was so good 😩 but as always @MoniMunch  never disappoints with the scents and the KRUNCH ☺️ #asmr #relaxingvideos #asmrsounds #milkandcereal #monimunch ,# #asmr #relaxingvideos #asmrsounds #milkandcereal #monimunch,2756,582,26,25,113,2026-08-29T18:52:36.000Z,https://p19-common-sign.tiktokcdn-us.com/tos-useast5-p-0068-tx/owXnTAbUZJAM9iI1CSifBBw53KbAU5EoIAB3C5~tplv-tiktokx-origin.image?dr=9636&x-expires=1788555600&x-signature=BTDPBFU3J4ZVXDTFmLSwfj4SEb8%3D&t=4d5b0474&ps=13740610&shp=81f88b70&shcp=43f4a2f9&idc=useast5,,everything bag,False,False,720,1280
7664274537172815124,https://www.tiktok.com/@le.febour/video/7664274537172815124,le.febour,Le.febour,A very limited amount of Everything Bags 01 03 05 07 are available for pre-order now!   Processing time for pre-orders is 3.5-4 weeks.  www.le-febour.com,,2635,95,12,7,7,2026-07-19T16:19:39.000Z,https://p19-common-sign.tiktokcdn-us.com/tos-alisg-p-0037/o0mktAcDqC8m1VmFEAAPeAIjEBk5fXQguRQjCa~tplv-tiktokx-origin.image?dr=9636&x-expires=1788555600&x-signature=olgVfhGKrmM%2BH3ywqbu%2FD3nK0zk%3D&t=4d5b0474&ps=13740610&shp=81f88b70&shcp=43f4a2f9&idc=useast5,,everything bag,False,False,1024,576
7679057740899159318,https://www.tiktok.com/@la.bibam/video/7679057740899159318,la.bibam,LA 🐆,"In loveeee , just found the perfect work bag, travel bag, back to school bag …. Everything bag #workbag #unboxing #fyp @Carvela ",#workbag #unboxing #fyp #,5242,468,8,4,12,2026-08-28T12:26:05.000Z,https://p16-common-sign.tiktokcdn-us.com/tos-no1a-p-0037-no/o0yIM8C3IQeIAWe0YAVAXFDLhQjvAABISLeA34~tplv-tiktokx-origin.image?dr=9636&x-expires=1788555600&x-signature=fVAyKiW1lPa5FaGu9Sa1%2FukP4dY%3D&t=4d5b0474&ps=13740610&shp=81f88b70&shcp=43f4a2f9&idc=useast5,,everything bag,False,False,576,1024
7636961817129930014,https://www.tiktok.com/@smehlman/video/7636961817129930014,smehlman,sarah,Replying to @Aalyah Ribeiro the most important essential for travel and beyond is an everything bag #whatsinmybag #travelessentials #travelbag @touchland @Lancôme @Ursa Major Skincare @Maison dEtto @Lakeandskye @YSL Beauty @YSEBeauty @HigherDOSE @Tweezerman @GARNIER @lemme @Winky Lux @Primally Pure ,# #whatsinmybag #travelessentials #travelbag # # # # # # # # # # # # #,26600,1680,48,50,140,2026-05-07T01:52:32.000Z,https://p19-common-sign.tiktokcdn-us.com/tos-useast8-p-0068-tx2/oo8Rt7fE9zEX90GTAcBIj8oFEfjF2DIqIDfCAn~tplv-tiktokx-origin.image?dr=9636&x-expires=1788555600&x-signature=TN%2Fzya8r7g8jGESjDt8yUvQuoWc%3D&t=4d5b0474&ps=13740610&shp=81f88b70&shcp=43f4a2f9&idc=useast5,,everything bag,False,False,720,1280
7662454087690030350,https://www.tiktok.com/@marcuslavon/video/7662454087690030350,marcuslavon,Marcus La’Von,Upgraded my everything bag! Of course it’s still TELFEEZY!!! @TELFAR #bags #everythingbag #telfar #fyppppppppppppppppppppppp ,# #bags #everythingbag #telfar #fyppppppppppppppppppppppp,161000,25200,395,1465,55,2026-07-14T18:35:50.000Z,https://p19-common-sign.tiktokcdn-us.com/tos-useast5-p-0068-tx/oE5IOiFrMQDf9sFAe88AfgELUtQJjDGHk8xPAC~tplv-tiktokx-origin.image?dr=9636&x-expires=1788555600&x-signature=PM1ev11vBBuGKk2sGjul0CYYOf8%3D&t=4d5b0474&ps=13740610&shp=81f88b70&shcp=43f4a2f9&idc=useast5,,everything bag,False,False,720,1280
7656780933856627976,https://www.tiktok.com/@bokunfeltproductsfactory/video/7656780933856627976,bokunfeltproductsfactory,Felt storage bag,"“Why keep your design small when it deserves the spotlight? 🎨” Turn your artwork into the highlight with a custom felt tote bag featuring full-surface printing. Logos, illustrations, patterns, or bold graphics—bring your ideas to life on every inch.  Stand out. Carry your brand everywhere.  What would you print on yours?  #Felt #Custom #totebag #print #oversized ",#felt #custom #totebag #print #oversized,553,4,0,0,13,2026-06-29T11:40:44.000Z,https://p19-common-sign.tiktokcdn-us.com/tos-alisg-p-0037/oknAZ9ZgIAplj0bvCkiYA2EBtEJZiBaAWibAB~tplv-tiktokx-origin.image?dr=9636&x-expires=1788555600&x-signature=38jTS4%2F2aHdMOgahA3Ep50Gf0D4%3D&t=4d5b0474&ps=13740610&shp=81f88b70&shcp=43f4a2f9&idc=useast5,,felt tote bag,False,False,576,1024
7644529949096807700,https://www.tiktok.com/@fionafeltdesign/video/7644529949096807700,fionafeltdesign,Fiona Felt Deisgn,You found a bag supplier that actually combines style + function 👀 Multiple colors. Practical designs. Made for everyday use. Custom logo & wholesale available ✨ #feltbag #totebag #bagfactory #custombags #wholesale #smallbusiness #packagingideas #everydaybag #oem #tiktokmademebuyit,,6,1,0,0,26,2026-05-27T11:20:33.000Z,https://p19-common-sign.tiktokcdn-us.com/tos-alisg-p-0037/o40BBioBwjABYmdifA1KAAA9EIWW2CIo2wHA5O~tplv-tiktokx-origin.image?dr=9636&x-expires=1788555600&x-signature=LBwYwnyX%2BUSWrVvpta4QBjcKO8s%3D&t=4d5b0474&ps=13740610&shp=81f88b70&shcp=43f4a2f9&idc=useast5,,felt tote bag,False,False,576,1024
7652331200467619080,https://www.tiktok.com/@urbansalesgh/video/7652331200467619080,urbansalesgh,urbansalesgh,Still on 10pcs of felt tote bag for just Ghc150 . Grab your now#fyp #ghanatiktok🇬🇭 #viralvideo #bags #fyppppppppppppppppppppppp ,#fyp #ghanatiktok🇬🇭 #viralvideo #bags #fyppppppppppppppppppppppp,121000,4653,321,407,40,2026-06-17T11:53:24.000Z,https://p16-common-sign.tiktokcdn-us.com/tos-alisg-p-0037/oU2ryA2YocDZrEIqAMFfBBgAZixjifIyRzDkEu~tplv-tiktokx-origin.image?dr=9636&x-expires=1788555600&x-signature=SYg4WlwfouZGnob6ByqNQs%2FHZiw%3D&t=4d5b0474&ps=13740610&shp=81f88b70&shcp=43f4a2f9&idc=useast5,,felt tote bag,False,False,576,1024
7647183632934751508,https://www.tiktok.com/@fionafeltdesign/video/7647183632934751508,fionafeltdesign,Fiona Felt Deisgn,"You found the ultimate felt bag manufacturer under the sun. ✨ Laser engraving, silk-screen printing, and scratch-resistant colors. Which color is your favorite? Purple-brown 💜 or Bright Pink 💗? Let us know for a bulk quote! #feltbags #bagfactory #wholesalesupplier #custombranding #amazonseller #shopifydropshipping #businesstiktok #corporategifts #packagingideas #smallbusinesswfh",,78,14,2,0,41,2026-06-03T14:58:14.000Z,https://p19-common-sign.tiktokcdn-us.com/tos-alisg-p-0037/oka1QUAAfAEzAoDeENbgGbIAeFr4IQXAd4EEDL~tplv-tiktokx-origin.image?dr=9636&x-expires=1788555600&x-signature=Lm9lQw%2Bb5CgedSeg83RxWoztkWg%3D&t=4d5b0474&ps=13740610&shp=81f88b70&shcp=43f4a2f9&idc=useast5,,felt tote bag,False,False,576,1024
7650458741396999431,https://www.tiktok.com/@bokunfeltproductsfactory/video/7650458741396999431,bokunfeltproductsfactory,Felt storage bag,"“What’s the one thing you never leave home without? 👜” A custom felt tote bag designed for busy days, daily errands, and everyday style. Lightweight, durable, and personalized with your favorite color, logo, or design.  Made for carrying more, while looking effortlessly stylish. ✨  What would you carry in your custom tote bag?  #Felt #handbag #totebag #oem #Logo ",#felt #handbag #totebag #oem #logo,646,2,0,0,9,2026-06-12T10:47:20.000Z,https://p16-common-sign.tiktokcdn-us.com/tos-alisg-p-0037/o8Ax1AAMUBD7lOJXEtFEAODvIVAjGeAQI4fOoe~tplv-tiktokx-origin.image?dr=9636&x-expires=1788555600&x-signature=kI1RKImJsGIE4oe1kXAG1txiQuI%3D&t=4d5b0474&ps=13740610&shp=81f88b70&shcp=43f4a2f9&idc=useast5,,felt tote bag,False,False,576,1024
7648611376155348231,https://www.tiktok.com/@bokunfeltproductsfactory/video/7648611376155348231,bokunfeltproductsfactory,Felt storage bag,"“A personalized bag always feels more thoughtful. 🎁” Custom felt bags are perfect for holiday gifts, event packaging, bridesmaid gifts, and seasonal collections. Add names, logos, or custom patterns for a unique touch.  Who would you gift a custom felt bag to?  #Felt #handbag #totebag #largecapacity #Custom ",#felt #handbag #totebag #largecapacity #custom,420,2,0,0,13,2026-06-07T11:18:35.000Z,https://p16-common-sign.tiktokcdn-us.com/tos-alisg-p-0037/o8UCJSZABVrD1g1SAAARwHfOElBFKpEqgIwQPe~tplv-tiktokx-origin.image?dr=9636&x-expires=1788555600&x-signature=BE4R98ver%2Fx%2BowbZGWbvo643ACM%3D&t=4d5b0474&ps=13740610&shp=81f88b70&shcp=43f4a2f9&idc=useast5,,felt tote bag,False,False,576,1024
7665421914667633951,https://www.tiktok.com/@maes_outfits/video/7665421914667633951,maes_outfits,⟡ Mae ⟡,the perfect suede tote 👜🤎 #traveltote #bag #totebag #y2k #y2kaesthetic ,#traveltote #bag #totebag #y2k #y2kaesthetic,86400,1556,5,68,30,2026-07-22T18:32:15.000Z,https://p16-common-sign.tiktokcdn-eu.com/tos-useast8-p-0068-tx2/oU50EtfDVE53ReqEtDHtBYFQhCKATEyAFAAuIA~tplv-tiktokx-dmt-logom:tos-useast8-i-0068-tx2/o4rWZ7A8EiG43AAiID1ChBKBMIayKtAfAASiBI.image?dr=10393&x-expires=1788555600&x-signature=QfOpNtyxj%2FYAm1iVgr9BAcYMejs%3D&t=4d5b0474&ps=13740610&shp=81f88b70&shcp=43f4a2f9&idc=no1a,,suede tote bag,True,False,720,1280
7671273049429429525,https://www.tiktok.com/@iam_nfdylaaa/video/7671273049429429525,iam_nfdylaaa,Fadyla,Everyday tote bag 🤍  #totebagaesthetic #totebag #mossdoombag #mossdoom ,#totebagaesthetic #totebag #mossdoombag #mossdoom,77000,429,31,43,13,2026-08-07T12:57:29.000Z,https://p16-common-sign.tiktokcdn-eu.com/tos-alisg-p-0037/o0YdDffvEE9UIj14OEqgFBX1IURdA5N05BqVwz~tplv-tiktokx-origin.image?dr=10395&x-expires=1788555600&x-signature=yy4jWAapembZ7O138o7IRUERPc4%3D&t=4d5b0474&ps=13740610&shp=81f88b70&shcp=43f4a2f9&idc=no1a,,suede tote bag,True,False,576,1024
7569714329029790990,https://www.tiktok.com/@riannagail/video/7569714329029790990,riannagail,rianna,perfectly slouchy 🍫🤎👜 #totebag #slouchybag #suedetote #suedebag #tiktokshopblackfriday @Tillys ,#totebag #slouchybag #suedetote #suedebag #tiktokshopblackfriday #,26300,298,9,32,13,2025-11-06T20:37:52.000Z,https://p16-common-sign.tiktokcdn-eu.com/tos-useast5-p-0068-tx/o4IIaFSkgEAUHzDfQfu6AkAAEKDrmGkfSA4Ajj~tplv-tiktokx-origin.image?dr=10395&x-expires=1788555600&x-signature=3SmVWUOzHPVxwiwI0GvL3o4saNM%3D&t=4d5b0474&ps=13740610&shp=81f88b70&shcp=43f4a2f9&idc=no1a,,suede tote bag,True,False,720,1280
7409664540394261793,https://www.tiktok.com/@verykiut/video/7409664540394261793,verykiut,Maria !,Replying to @𝐴𝑧𝑒𝑙 all i can fit in my suede bag! the macbook is 16 inch so it passes the test 🫡💓 #bag #suede #totebag #fashiontiktok #suedebag #suedehandbag #suedebags #falltrends #pursetrends #fallfashion #whatsinmybag ,# #bag #suede #totebag #fashiontiktok #suedebag #suedehandbag #suedebags #falltrends #pursetrends #fallfashion #whatsinmybag,55400,856,19,53,16,2024-09-01T13:22:52.000Z,https://p16-common-sign.tiktokcdn-eu.com/tos-useast2a-p-0037-euttp/9553e7d6121c4ccf867b29dc883fac7f_1725196975~tplv-tiktokx-origin.image?dr=10395&x-expires=1788555600&x-signature=xSxdmXcL%2BCn6me3m2pCfZOqHodc%3D&t=4d5b0474&ps=13740610&shp=81f88b70&shcp=43f4a2f9&idc=no1a,,suede tote bag,False,False,576,1024
7663719707626802453,https://www.tiktok.com/@aliwyne_/video/7663719707626802453,aliwyne_,Aliyne ᥫ᭡。,pack my new uni bag with me! 👜🌟  #bag #suedetotebag #suedebag #everydaybag #unibag ,#bag #suedetotebag #suedebag #everydaybag #unibag,33700,225,14,59,18,2026-07-18T07:00:00.000Z,https://p16-common-sign.tiktokcdn-eu.com/tos-alisg-p-0037/oAT1AUACeAEfAEGFIQx2EeQAvLjRgt2AaoIIDM~tplv-tiktokx-origin.image?dr=10395&x-expires=1788555600&x-signature=1a%2FPY97AbwQqmP163iHTzwPo0CM%3D&t=4d5b0474&ps=13740610&shp=81f88b70&shcp=43f4a2f9&idc=no1a,,suede tote bag,True,False,576,1024
7588417466636700949,https://www.tiktok.com/@dumplingsushi_/video/7588417466636700949,dumplingsushi_,Tushi 🎧ྀི,My first olive bag! @MOSSDOOM.MY thalea totebag 🫒🐰 (suede material)   #handbag #totebag #suede #handbagwanita #collegebag ,# #handbag #totebag #suede #handbagwanita #collegebag,1400000,58200,174,2815,11,2025-12-27T06:15:30.000Z,https://p16-common-sign.tiktokcdn-eu.com/tos-alisg-p-0037/o4MEeY8MAeyvSWAI9mvEAD4kQngDeQMAjGEAGs~tplv-tiktokx-origin.image?dr=10395&x-expires=1788555600&x-signature=Wi868pkiIk8YmJxITEqK3b4Si9c%3D&t=4d5b0474&ps=13740610&shp=81f88b70&shcp=43f4a2f9&idc=no1a,,suede tote bag,True,False,576,1024
7676110143292984606,https://www.tiktok.com/@kaylamorenoo/video/7676110143292984606,kaylamorenoo,kayla,she’s perfect for the fall 🥹 #college #bag #tote #suede,#college #bag #tote #suede,2078,72,11,3,7,2026-08-20T13:47:57.000Z,https://p16-common-sign.tiktokcdn-eu.com/tos-useast8-p-0068-tx2/oYqIVIB8AAWJExkpRFffwqDBD6hC6EEJZSUFBH~tplv-tiktokx-origin.image?dr=10395&x-expires=1788555600&x-signature=o64FWI33PlD03Wycho4kUmGywzg%3D&t=4d5b0474&ps=13740610&shp=81f88b70&shcp=43f4a2f9&idc=no1a,,suede tote bag,False,False,720,1280
7631505155774516502,https://www.tiktok.com/@caro_little/video/7631505155774516502,caro_little,Caro,OOTD. Simple formulas.  This suede bag from @Mango 👌🏻👌🏻 feels like a liffner dupe. #styleinspo #jeansoutfit #liffnerdupe #suedetote ,# #styleinspo #jeansoutfit #liffnerdupe #suedetote,20200,98,9,11,8,2026-04-22T08:57:44.000Z,https://p16-common-sign.tiktokcdn-eu.com/tos-no1a-p-0037-no/okiBAzhvDoB0iCA8ENYGIjFBwiKCSZASNUeDIA~tplv-tiktokx-origin.image?dr=10395&x-expires=1788555600&x-signature=pf%2BaZBIwedTAcTg9vXoWmt5XVXo%3D&t=4d5b0474&ps=13740610&shp=81f88b70&shcp=43f4a2f9&idc=no1a,,suede tote bag,True,False,576,1024
7659695174632754452,https://www.tiktok.com/@kela305/video/7659695174632754452,kela305,KELA🌷͙֒🎀༘⋆,#totebag #suede #schoolbag #everydaybag #bagforwomen ,#totebag #suede #schoolbag #everydaybag #bagforwomen,112800,1003,17,115,19,2026-07-07T08:09:26.000Z,https://p16-common-sign.tiktokcdn-eu.com/tos-alisg-p-0037/o0fIECoFF6QqBAtM2NBEI3qtwAiCA1AlJIBOAi~tplv-tiktokx-origin.image?dr=10395&x-expires=1788555600&x-signature=7Y%2FN%2BF25BuchKpNveLXCMCT8Z0g%3D&t=4d5b0474&ps=13740610&shp=81f88b70&shcp=43f4a2f9&idc=no1a,,suede tote bag,True,False,576,1024
7535957332136693014,https://www.tiktok.com/@lissiejudd/video/7535957332136693014,lissiejudd,Lissie Judd,these bags are perfect🤎 #suedebag #autumnoutfits @katie.loxton ,#suedebag #autumnoutfits #,316500,4596,45,366,35,2025-08-07T21:23:20.000Z,https://p16-common-sign.tiktokcdn-eu.com/tos-no1a-p-0037-no/oAIIkEWKeIMiPNAAKeAA8tQbRqQfjucLIAojMF~tplv-tiktokx-origin.image?dr=10395&x-expires=1788555600&x-signature=Mk%2FNjEZkQxw1BCTST9ewUVhp51s%3D&t=4d5b0474&ps=13740610&shp=81f88b70&shcp=43f4a2f9&idc=no1a,,suede tote bag,False,False,576,1024
7551838961753148703,https://www.tiktok.com/@s0papi11a/video/7551838961753148703,s0papi11a,Sopapilla,I think it was only $40 100% leather #fyp #suedebag #fallbag #brandymelville ,#fyp #suedebag #fallbag #brandymelville,29300,212,4,26,6,2025-09-19T16:32:19.000Z,https://p16-common-sign.tiktokcdn-eu.com/tos-useast8-p-0068-tx2/osvU5AGabBhd9LZBwsEDINWvVM2PRMRiEIIAi~tplv-tiktokx-origin.image?dr=10395&x-expires=1788555600&x-signature=9zTTy8ivZaj0PpALMvlispwEIPI%3D&t=4d5b0474&ps=13740610&shp=81f88b70&shcp=43f4a2f9&idc=no1a,,suede tote bag,False,False,576,1024
7556965767917358344,https://www.tiktok.com/@amandahanyq/video/7556965767917358344,amandahanyq,amandahanyq,"functional yet stylish school & work bag from @juno jane — The Noa Tote in Mocha Suede 🤎  get $10 off with ""AMANDA10""",#,177600,3037,10,419,26,2025-10-03T12:06:47.000Z,https://p16-common-sign.tiktokcdn-eu.com/tos-alisg-p-0037/owNWAvXfuFGp2iuHQGEDwFfUQplQAfNiMIffKN~tplv-tiktokx-origin.image?dr=10395&x-expires=1788555600&x-signature=XgVX6xJ75DsvMdBoIAqX6slhuQM%3D&t=4d5b0474&ps=13740610&shp=81f88b70&shcp=43f4a2f9&idc=no1a,,suede tote bag,False,False,576,1024
7646698648117562642,https://www.tiktok.com/@cjdemejes/video/7646698648117562642,cjdemejes,CJ,large capacity woven tote bag #wovenbag #totebag #largetotebag ,#wovenbag #totebag #largetotebag,21200,139,4,31,13,2026-06-02T07:36:22.000Z,https://p19-common-sign.tiktokcdn-eu.com/tos-alisg-p-0037/okAIMDbfIBeig6eSE9VGeMMNfrALAAhAAioQQD~tplv-tiktokx-origin.image?dr=10395&x-expires=1788555600&x-signature=1%2BOcD7DWJZxGyOBNuZImas2%2BuXA%3D&t=4d5b0474&ps=13740610&shp=81f88b70&shcp=43f4a2f9&idc=no1a,,big tote bag,True,False,576,1024
7669838712498375958,https://www.tiktok.com/@lilygracemoore/video/7669838712498375958,lilygracemoore,lilygracemoore,"POV: You found the perfect oversized tote bag 🐆👜 Big enough to fit your entire life in, and the leopard print makes every outfit 10x better 🤎✨  #LeopardPrint #ToteBag #OversizedTote #BigBag #BagTok       ",#leopardprint #totebag #oversizedtote #bigbag #bagtok,7832,85,4,11,7,2026-08-03T16:11:31.000Z,https://p16-common-sign.tiktokcdn-eu.com/tos-no1a-p-0037-no/ooA1v1XFfAAPG4BBCbOw3iIwQiIYFOuX2yiICm~tplv-tiktokx-origin.image?dr=10395&x-expires=1788555600&x-signature=Y3K4v0lD12Ig2x6vA5HyBKFvTj8%3D&t=4d5b0474&ps=13740610&shp=81f88b70&shcp=43f4a2f9&idc=no1a,,big tote bag,False,False,576,1024
7610278016370937108,https://www.tiktok.com/@gempedersen/video/7610278016370937108,gempedersen,Gem Pedersen,Let’s unbox my @July Travel Uni bag!! It’s the Juliette Large Soft Launch Tote ✨ #uni #unibag #julybag #tote #unitote ,# #uni #unibag #julybag #tote #unitote,115100,6494,22,193,102,2026-02-24T04:05:41.000Z,https://p16-common-sign.tiktokcdn-eu.com/tos-alisg-p-0037/ooRiTBHaAfWIyC5pDScFEOFnIBbfoHrdDgDIEF~tplv-tiktokx-origin.image?dr=10395&x-expires=1788555600&x-signature=cmWHeZ2Te5%2Fb0Tk4LvG7MTwG6GI%3D&t=4d5b0474&ps=13740610&shp=81f88b70&shcp=43f4a2f9&idc=no1a,,big tote bag,False,False,576,1024
7624312127439850782,https://www.tiktok.com/@cadematthias/video/7624312127439850782,cadematthias,cade matthias,thank you alo for this cause it can hold literally EVERYTHING I love it sm #alo #aloyoga #alobag #alototebag #rupaul ,#alo #aloyoga #alobag #alototebag #rupaul,126900,6144,15,842,8,2026-04-02T23:45:18.000Z,https://p19-common-sign.tiktokcdn-eu.com/tos-useast8-p-0068-tx2/osA6mMsfGnEwGUQLJrDdOeFfA46OAA6IWwfAQR~tplv-tiktokx-origin.image?dr=10395&x-expires=1788555600&x-signature=83GE6T0aJPD136fqK5%2BvhxyVVB8%3D&t=4d5b0474&ps=13740610&shp=81f88b70&shcp=43f4a2f9&idc=no1a,,big tote bag,False,False,720,1280
7680862554046041364,https://www.tiktok.com/@sage_avenue/video/7680862554046041364,sage_avenue,SAGE.AVENUE,The big slouchy tote everyone needs in their life! Launching next Wednesday 9.09 ~ 7PM aest <3 #handbag #workbag #chichandbag #smallbusiness #handbagtiktok ,#handbag #workbag #chichandbag #smallbusiness #handbagtiktok,2218,141,8,21,72,2026-09-02T09:09:39.000Z,https://p16-common-sign.tiktokcdn-eu.com/tos-alisg-p-0037/ooEjDEAWI8VA0eI5QEvAQoFAnLGgzDf8q3A6fP~tplv-tiktokx-origin.image?dr=10395&x-expires=1788555600&x-signature=cVIbkr7wItFNwvBGvCORwSxFgAg%3D&t=4d5b0474&ps=13740610&shp=81f88b70&shcp=43f4a2f9&idc=no1a,,big tote bag,False,False,576,1024
7641308196266626326,https://www.tiktok.com/@mittii.muse/video/7641308196266626326,mittii.muse,mittii.muse,"Hi, I’m Risha, the face behind this little tote brand 🧡  My gorgeous summer quilted large cotton tote bags are finally here ✨ Perfect for everyday life, beach days, weekend getaways or travel ☀️🌊  Got a question? Pop it in the comments or send us a DM  💌DM to order via Insta @mittiimuse ✨  £25 each + FREE UK delivery for a limited time only 🧡  #cottontote #beachbag #travelbag #summerbag #quiltedbag   ",#cottontote #beachbag #travelbag #summerbag #quiltedbag,13100,71,4,12,16,2026-05-18T18:58:30.000Z,https://p16-common-sign.tiktokcdn-eu.com/tos-no1a-p-0037-no/oMLMyd9ERIqAVkdf6sEBVKBqwGJiiFJ1BgyfYC~tplv-tiktokx-origin.image?dr=10395&x-expires=1788555600&x-signature=HMRngnCYHqCCCh%2BcLrPq%2BcFqx2o%3D&t=4d5b0474&ps=13740610&shp=81f88b70&shcp=43f4a2f9&idc=no1a,,big tote bag,False,False,576,1024
7596817876758187278,https://www.tiktok.com/@byamandaleee/video/7596817876758187278,byamandaleee,amanda | ugc & lifestyle ◡̈,the brown😍 are you kidding!!!@Gap #gap #totebag #totebags #canvastotebag #totebagaesthetic ,# #gap #totebag #totebags #canvastotebag #totebagaesthetic,35700,193,11,43,25,2026-01-18T21:33:52.000Z,https://p16-common-sign.tiktokcdn-eu.com/tos-useast5-p-0068-tx/og1fDDfDSE70RopExUx3BbpVtCbAoEGAFAA9Ig~tplv-tiktokx-origin.image?dr=10395&x-expires=1788555600&x-signature=SyaKGXyXmyYun09WN386vn3eyL4%3D&t=4d5b0474&ps=13740610&shp=81f88b70&shcp=43f4a2f9&idc=no1a,,big tote bag,False,False,720,1280
7618166172067826965,https://www.tiktok.com/@rehstudios/video/7618166172067826965,rehstudios,Reh Studios,Marlow is the perfect mix of chic and big 🖤,,18000,234,6,35,12,2026-03-17T10:15:41.000Z,https://p16-common-sign.tiktokcdn-eu.com/tos-alisg-p-0037/oAxd5A3hSUEAxEIpmuFfBBgiEKPmi5IXRDDeE6~tplv-tiktokx-origin.image?dr=10395&x-expires=1788555600&x-signature=RinBTZGPjZwbZgUdJue0PgGp%2BgY%3D&t=4d5b0474&ps=13740610&shp=81f88b70&shcp=43f4a2f9&idc=no1a,,big tote bag,False,False,576,1024
7650871220409240854,https://www.tiktok.com/@abdullezuweyda/video/7650871220409240854,abdullezuweyda,Zu🫶🏾✨,Me and my giant tote bag against the world #tote #summerfit #artstudent #ual ,#tote #summerfit #artstudent #ual,2629,171,0,2,11,2026-06-13T13:27:58.000Z,https://p16-common-sign.tiktokcdn-eu.com/tos-no1a-p-0037-no/oQiUAtzIPuZ0uIWiBGnZIYBLBEiBIwDvYa1C0~tplv-tiktokx-origin.image?dr=10395&x-expires=1788555600&x-signature=DzQDleugUKwiOsTlV9MIB%2F%2B41mY%3D&t=4d5b0474&ps=13740610&shp=81f88b70&shcp=43f4a2f9&idc=no1a,,big tote bag,False,False,576,1024
7671891823740210452,https://www.tiktok.com/@byoliviajean/video/7671891823740210452,byoliviajean,OLIVIA JEAN,The viral Rover Large Tote in Taupe just restocked!! #rovertote #totebag #workbag #organisation #oliviajean ,#rovertote #totebag #workbag #organisation #oliviajean,216700,852,15,57,5,2026-08-09T04:58:41.000Z,https://p16-common-sign.tiktokcdn-eu.com/tos-alisg-p-0037/oIwRIuhi9BAQCs8PXAi8AI1BhCywHAsPInfP4i~tplv-tiktokx-origin.image?dr=10395&x-expires=1788555600&x-signature=FqEmkvvwxDHuQ6tazPFWQGzReVw%3D&t=4d5b0474&ps=13740610&shp=81f88b70&shcp=43f4a2f9&idc=no1a,,big tote bag,True,False,576,1024
7672213154989968654,https://www.tiktok.com/@anvaniiy/video/7672213154989968654,anvaniiy,Anna,#skims #totebag #girlythings #bigbag ,#skims #totebag #girlythings #bigbag,29100,476,1,38,8,2026-08-10T01:45:52.000Z,https://p16-common-sign.tiktokcdn-eu.com/tos-useast5-p-0068-tx/oIIj1kUASvc76Oh5DHEIeeFByAAEaAfjELIAaU~tplv-tiktokx-origin.image?dr=10395&x-expires=1788555600&x-signature=RbhIZXHoJYEGAzfjcBT7PHf%2B9q8%3D&t=4d5b0474&ps=13740610&shp=81f88b70&shcp=43f4a2f9&idc=no1a,,big tote bag,False,False,720,1280
7597756096312265992,https://www.tiktok.com/@maeyandco/video/7597756096312265992,maeyandco,Maey&Co,"It is finally here! Say hello to our new Weekend tote design.  Lighter than all our Felt bags; this bag was designed to carry with you everywhere, all day.   Material:Felt Price: N13,500 Size: 16x5x12in  Now available to shop🛍️ Link in bio🔗 #aesthetictotebag #workbag #lagosstyle #pinterestgirls #schooltotebag ",#aesthetictotebag #workbag #lagosstyle #pinterestgirls #schooltotebag,10700,100,5,6,22,2026-01-21T10:14:06.000Z,https://p19-common-sign.tiktokcdn-us.com/tos-alisg-p-0037/oAEiuAam65CAYHZA3xEAAXvXBAwqi6BBp2lCI~tplv-tiktokx-origin.image?dr=9636&x-expires=1788555600&x-signature=ID5uym695jdAFmtrEOFT6TglKsY%3D&t=4d5b0474&ps=13740610&shp=81f88b70&shcp=43f4a2f9&idc=useast5,,felt tote bag,False,False,576,1024
7629802675495783694,https://www.tiktok.com/@knitbyjc/video/7629802675495783694,knitbyjc,knitbyjc,Newest felted fish tote bag! Should I include this one in the 1st drop?🐠🫶🏻                                 knitting inspo - creative inspiration - aesthetic bag - handmade crafts - beach vibes - cozy,,2178,97,0,0,6,2026-04-17T18:51:45.000Z,https://p16-common-sign.tiktokcdn-us.com/tos-useast5-p-0068-tx/osnRe8gFwA6GM2AQAsfQAfJIAOiWIEeCnNT0AH~tplv-tiktokx-origin.image?dr=9636&x-expires=1788555600&x-signature=rQ%2BUYrrsRYMYBqH0QW7NQTqFFAY%3D&t=4d5b0474&ps=13740610&shp=81f88b70&shcp=43f4a2f9&idc=useast5,,felt tote bag,False,False,720,1280
7571235863221259533,https://www.tiktok.com/@wooligans_diy/video/7571235863221259533,wooligans_diy,WOOLIGANS,"Quick & Easy DIY Felt Mini Tote Tutorial: Wooligans 3-Pack Kit in Under 1 Hour! Dive into this beginner-friendly DIY mini tote bag tutorial using the Wooligans DIY Mini Tote (3-pack) kit! Perfect for crafters of all levels, this cut and sew kit comes with easy-to-follow instructions and printed stitch guides to whip up three adorable felt totes in less than an hour. No sewing machine needed—just scissors, needle, and thread for a fast, fun, and easy project that’s ideal for gifts, market bags, or everyday charm. Watch as we guide you through cutting, stitching, and customizing your handmade wo",#diytotebag #minitotetutorial #wooligansdiy #handmadecrafts #easysewing,490,10,0,1,38,2025-11-10T23:02:08.000Z,https://p16-common-sign.tiktokcdn-us.com/tos-useast5-p-0068-tx/oYE88IB0IiSbdiBK7HABuwACJKBfA3tAoIAEiT~tplv-tiktokx-origin.image?dr=9636&x-expires=1788555600&x-signature=KzkCjjLaMaQ%2B91%2Fgao2WUc2%2FGSs%3D&t=4d5b0474&ps=13740610&shp=81f88b70&shcp=43f4a2f9&idc=useast5,,felt tote bag,False,False,720,1280
7618663818226388231,https://www.tiktok.com/@ericaemefaa/video/7618663818226388231,ericaemefaa,According to EricaEmefa,All bags from @esiarkomall 😻  #feltbags #brandedbags #totebags #ghanaianbrand ,# #feltbags #brandedbags #totebags #ghanaianbrand,5309,152,4,6,15,2026-03-18T18:26:49.000Z,https://p16-common-sign.tiktokcdn-us.com/tos-alisg-p-0037/oky6IX0b0EOACAA07B3isCciIKBA1dAdzwfNmL~tplv-tiktokx-origin.image?dr=9636&x-expires=1788555600&x-signature=KDs55MRMr5%2BFA58PI1VwmRm9WYM%3D&t=4d5b0474&ps=13740610&shp=81f88b70&shcp=43f4a2f9&idc=useast5,,felt tote bag,False,False,576,1024
7639323004769471752,https://www.tiktok.com/@bokunfeltproductsfactory/video/7639323004769471752,bokunfeltproductsfactory,Felt storage bag,"“Your everyday tote should say something about you.” Custom felt tote bags made for work, shopping, travel, and everything in between. Lightweight yet structured, with personalized colors, logos, and designs that fit your style perfectly.  Simple. Functional. Effortlessly chic.  What would you customize first — the color or the logo? #felter #totebag #custom #handbag #Tidy ",#felter #totebag #custom #handbag #tidy,244,1,0,0,11,2026-05-13T10:34:57.000Z,https://p16-common-sign.tiktokcdn-us.com/tos-alisg-p-0037/ooAZTEgEPqAABIp68yPBaUA6EiYAkiAEalRz5~tplv-tiktokx-origin.image?dr=9636&x-expires=1788555600&x-signature=3CEt97O%2F%2FjKRvKATGzbknOi9rw8%3D&t=4d5b0474&ps=13740610&shp=81f88b70&shcp=43f4a2f9&idc=useast5,,felt tote bag,False,False,576,1024
7654588898315701517,https://www.tiktok.com/@court.nurse/video/7654588898315701517,court.nurse,Courtney 🫶🏼,Large and IN CHARGE tote #workbag #nursebag #largetote ,#workbag #nursebag #largetote,1807,15,0,5,36,2026-06-23T13:55:14.000Z,https://p16-common-sign.tiktokcdn-us.com/tos-useast5-p-0068-tx/ogAxHIIUkItIWjeQz41eCLIdxGG6FRQHBGhBeA~tplv-tiktokx-origin.image?dr=9636&x-expires=1788555600&x-signature=inbIsMtNWsFoaUBD%2BeWQd%2BwqjfQ%3D&t=4d5b0474&ps=13740610&shp=81f88b70&shcp=43f4a2f9&idc=useast5,,big tote bag,False,False,720,1280
7443208148862635307,https://www.tiktok.com/@baileyttaylor/video/7443208148862635307,baileyttaylor,baileyttaylor,I love a JUMBO bag! #christmaslist #balenciaga #designerbags #unboxing #bagunboxing ,#christmaslist #balenciaga #designerbags #unboxing #bagunboxing,10200,90,6,3,57,2024-11-30T22:49:08.000Z,https://p19-common-sign.tiktokcdn-us.com/tos-useast5-p-0068-tx/oYJDpRMIbE2uCllBizcwRsB8ixfAABmABI5LAW~tplv-tiktokx-origin.image?dr=9636&x-expires=1788555600&x-signature=8jVxp5W7I4ebTtxWdcTZpiDE2ow%3D&t=4d5b0474&ps=13740610&shp=81f88b70&shcp=43f4a2f9&idc=useast5,,big tote bag,False,False,576,1024
7637962372820372749,https://www.tiktok.com/@unnecessaryinventions/video/7637962372820372749,unnecessaryinventions,Unnecessary Inventions,I designed a better version of those oversized IKEA tote bags. ,,130100,8656,66,233,43,2026-05-09T18:35:30.000Z,https://p19-common-sign.tiktokcdn-us.com/tos-useast5-p-0068-tx/ooQReLnbvJAKOuGDgePNAIAAIGf0AfUhyPzAGn~tplv-tiktokx-origin.image?dr=9636&x-expires=1788555600&x-signature=VxYWxziwRyp6k6OCgxQP3yov82Y%3D&t=4d5b0474&ps=13740610&shp=81f88b70&shcp=43f4a2f9&idc=useast5,,big tote bag,False,False,720,1280
7650316238488374559,https://www.tiktok.com/@spiceycurry/video/7650316238488374559,spiceycurry,SpiceyCurry,A girl who loves a big bag ! Thank you for the sweet gifts @Topologie.official #topologie #dailycarry #totebag #baghaul #stationery ,# #topologie #dailycarry #totebag #baghaul #stationery,16500,815,25,23,140,2026-06-12T01:34:30.000Z,https://p16-common-sign.tiktokcdn-us.com/tos-useast8-p-0068-tx2/oA11OxEKAAA5AItIAEiEFYKBRfZ32ibiiCBArI~tplv-tiktokx-origin.image?dr=9636&x-expires=1788555600&x-signature=xGs37FHlZ1B0usambSmP9NXM6As%3D&t=4d5b0474&ps=13740610&shp=81f88b70&shcp=43f4a2f9&idc=useast5,,big tote bag,False,False,720,1280
7677200360166919437,https://www.tiktok.com/@thecreativebarnus/video/7677200360166919437,thecreativebarnus,TheCreativeBarnUS,"Patchworked for wherever the day takes you. 💙♻️ Big, roomy, pocket-packed & lined with Route 66 fun—beach, travel or everyday adventure.  #UpcycledDenim #PatchworkBag #DenimTote #Route66Style #OneOfAKindBag",#upcycleddenim #patchworkbag #denimtote #route66style #oneofakindbag,73400,2235,98,423,83,2026-08-23T12:19:37.000Z,https://p19-common-sign.tiktokcdn-us.com/tos-useast5-p-0068-tx/owC4qcIwptAiZiX52rIA6RfYSKBbBAKIGFV1YK~tplv-tiktokx-origin.image?dr=9636&x-expires=1788555600&x-signature=bQgrgv7VbuAkZiVmyb2tCTG4B18%3D&t=4d5b0474&ps=13740610&shp=81f88b70&shcp=43f4a2f9&idc=useast5,,big tote bag,False,False,720,1280
7476939289322917162,https://www.tiktok.com/@brianna.melaniee/video/7476939289322917162,brianna.melaniee,brianna melanie ˚ ༘♡ ⋆｡˚,props to @good light cosmetics for making the world’s biggest tote bag it fits literally EVERYTHING #totebags #bags #school #midterms #college ,# #totebags #bags #school #midterms #college,2732,71,2,5,6,2025-03-01T20:23:48.000Z,https://p16-common-sign.tiktokcdn-us.com/tos-useast5-p-0068-tx/oYENfAREEDAfNIDDAnAggkXESCFzEbwD2nSTP1~tplv-tiktokx-origin.image?dr=9636&x-expires=1788555600&x-signature=2qMhqN%2BtoymwYMTVqFW1F9isW8c%3D&t=4d5b0474&ps=13740610&shp=81f88b70&shcp=43f4a2f9&idc=useast5,,big tote bag,False,False,576,1024
7672507356336409869,https://www.tiktok.com/@lexiii.sophh/video/7672507356336409869,lexiii.sophh,lexi <3,We love the big a** bag   #lululemon #totebag #lululemonaddict ,#lululemon #totebag #lululemonaddict,94000,1788,33,534,10,2026-08-10T20:47:32.000Z,https://p16-common-sign.tiktokcdn-us.com/tos-useast5-p-0068-tx/ooBDDBficwPO1arpRIAwIoAEBnIViUCRB29RO6~tplv-tiktokx-origin.image?dr=9636&x-expires=1788555600&x-signature=AFxJSbEZT%2B9p4v6UbYbb2WtaX%2FA%3D&t=4d5b0474&ps=13740610&shp=81f88b70&shcp=43f4a2f9&idc=useast5,,big tote bag,False,False,720,1280
7680681226822339870,https://www.tiktok.com/@k3nzi3k/video/7680681226822339870,k3nzi3k,kenziek ♡,Major bag alert 😂😍 I love! @Forest Street Co. #totebag #whatsinmybag ,# #totebag #whatsinmybag,688,79,6,2,87,2026-09-01T23:00:00.000Z,https://p19-common-sign.tiktokcdn-us.com/tos-useast8-p-0068-tx2/oIB9RQATAuigEIiAdEvlcYi3IwXPpaCbAQBAC~tplv-tiktokx-origin.image?dr=9636&x-expires=1788555600&x-signature=SmpiDjDcffmRDDECvpsm5JirXdk%3D&t=4d5b0474&ps=13740610&shp=81f88b70&shcp=43f4a2f9&idc=useast5,,big tote bag,False,False,720,1280
7538793065780153631,https://www.tiktok.com/@iqjsefksmkt/video/7538793065780153631,iqjsefksmkt,iqjsefksmkt,Big tote bag you deserve  #whatsinmybag #totebag #unibag #totebagaesthetic #schoolbag ,#whatsinmybag #totebag #unibag #totebagaesthetic #schoolbag,199,2,0,1,18,2025-08-15T12:47:38.000Z,https://p16-common-sign.tiktokcdn-us.com/tos-useast8-p-0068-tx2/o85QuWYMQnSIqWPCeefM8IAjhVAWRylAA74RgE~tplv-tiktokx-origin.image?dr=9636&x-expires=1788555600&x-signature=eutO1HXUZp0lMu8wlRBD9EkpSMc%3D&t=4d5b0474&ps=13740610&shp=81f88b70&shcp=43f4a2f9&idc=useast5,,big tote bag,False,False,576,1024
7608542031908031766,https://www.tiktok.com/@lrm_goods/video/7608542031908031766,lrm_goods,LRM Goods,The most underrated suede tote bag💁‍♀️👜  #suedetotebag #totebag #workbag #blacksuedebag #trendingbag ,#suedetotebag #totebag #workbag #blacksuedebag #trendingbag,5154,25,0,3,120,2026-02-20T10:00:00.000Z,https://p16-common-sign.tiktokcdn.com/tos-no1a-p-0037-no/og4AtthEvDQml8LpAwFQReiF1fMJbXEkFDwBgA~tplv-tiktokx-origin.image?dr=14575&x-expires=1788555600&x-signature=psLYoWDsuHVYTddd75242rM71rk%3D&t=4d5b0474&ps=13740610&shp=81f88b70&shcp=43f4a2f9&idc=my2,,suede tote bag,False,False,576,1024
7658484918028209428,https://www.tiktok.com/@sovasi_style08/video/7658484918028209428,sovasi_style08,sovasi_style08,Suedue chunky totebag˚✿˖°🐁 Price: 1200/-only Can be fit 15.5 inch laptop 💻 Keyring have to buy seprately  #fyp #chunky #totebag #sovasistyle #xyzbca ,#fyp #chunky #totebag #sovasistyle #xyzbca,514300,23400,74,4655,14,2026-07-04T01:53:04.000Z,https://p16-common-sign.tiktokcdn.com/tos-alisg-p-0037/owMZ4DqfqVB5LdBIBnFEgdDOESARQJZIIIf0UG~tplv-tiktokx-origin.image?dr=14575&x-expires=1788555600&x-signature=YW8ptsnv7FJgtUKSuF1ULys0zyg%3D&t=4d5b0474&ps=13740610&shp=81f88b70&shcp=43f4a2f9&idc=my2,,suede tote bag,False,False,576,1024
7676303343798488341,https://www.tiktok.com/@sovasi_style08/video/7676303343798488341,sovasi_style08,sovasi_style08,After so long wait finally wait is over now🤌🏻🥹 Our most cute everyone’s fav chunky tote bag has been restock on your very high demand❤️✅ Price:1200/-only for bag Keyring have to buy separately  #fyp #chunky #totebag #sovasistyle #xyzbca ,#fyp #chunky #totebag #sovasistyle #xyzbca,115400,5767,18,968,14,2026-08-21T02:17:37.000Z,https://p16-common-sign.tiktokcdn.com/tos-alisg-p-0037/ocU94BQ4IAqVVPEC2Ati5DqXPISIwqil1HA4pf~tplv-tiktokx-origin.image?dr=14575&x-expires=1788555600&x-signature=9HfSyjpMf2zYsUPdKB5ZK40ArpE%3D&t=4d5b0474&ps=13740610&shp=81f88b70&shcp=43f4a2f9&idc=my2,,suede tote bag,False,False,576,1024
7660631363275525390,https://www.tiktok.com/@prettybalanced_/video/7660631363275525390,prettybalanced_,PrettyVenom | Curvy Confidence,#suedebag #totebag #tote #gaptotebag #fallaesthetic ,#suedebag #totebag #tote #gaptotebag #fallaesthetic,6586,97,14,6,48,2026-07-09T21:11:39.000Z,https://p16-common-sign.tiktokcdn.com/tos-useast5-p-0068-tx/o8Q03iAIpB1RKdCPBwrHAJ7OIfCK2LBiBBIvAB~tplv-tiktokx-dmt-logom:tos-useast5-i-0068-tx/o4NxvKGdQLA9gfEoYAIkAHIAHkAeejWAU1rFAE.image?dr=14573&x-expires=1788555600&x-signature=Ig5VO2w%2B7ato240AMFLZUzOjXUE%3D&t=4d5b0474&ps=13740610&shp=81f88b70&shcp=43f4a2f9&idc=my2,,suede tote bag,False,False,720,1280
7552299661646728478,https://www.tiktok.com/@briannametzger1/video/7552299661646728478,briannametzger1,Brianna Metzger,The perfect suede slouchy tote bag 🤎  #totebag #suede #tiktokshopcreatorpicks ,#totebag #suede #tiktokshopcreatorpicks,7770,50,1,1,24,2025-09-20T22:20:08.000Z,https://p16-common-sign.tiktokcdn.com/tos-useast8-p-0068-tx2/oUEEAUFnhLMAQIlAQRIGmSeAgA3fAEqJIqetaj~tplv-tiktokx-dmt-logom:tos-useast8-i-0068-tx2/o8DiRJBViANKZKPKAIHrABLCa17EIKAfA05Obi.image?dr=14573&x-expires=1788555600&x-signature=3rcFLnbQOvxAFmhl6oNeFTohJ8E%3D&t=4d5b0474&ps=13740610&shp=81f88b70&shcp=43f4a2f9&idc=my2,,suede tote bag,True,False,576,1024
7656905360665627935,https://www.tiktok.com/@mamimija/video/7656905360665627935,mamimija,MamiMija,Everyone needs at least ONE lime green bag in their collection 👜🍋‍🟩  #purse #tiktokshop #greenpurse #whatsmystyle #fashioninspo ,#purse #tiktokshop #greenpurse #whatsmystyle #fashioninspo,3863,57,4,6,40,2026-06-29T19:43:48.000Z,https://p16-common-sign.tiktokcdn.com/tos-useast8-p-0068-tx2/oEfZfGh2gAq3svJIqIKI5PGEJgkjAGLqULC28e~tplv-tiktokx-origin.image?dr=14575&x-expires=1788555600&x-signature=NYdmrSlI8KqmJhlwCO51Te3KiaE%3D&t=4d5b0474&ps=13740610&shp=81f88b70&shcp=43f4a2f9&idc=my2,,suede tote bag,False,False,720,1280
7673633697123519752,https://www.tiktok.com/@nataliewtlee/video/7673633697123519752,nataliewtlee,Natalee,Not a work bag but not a mini bag⭐️ big enough to carry all ur things 💪🏼 aislin hobo tote bag by @CHARLESKEITHOFFICIAL #iamwithcharleskeith #purse #charlesandkeith #hobobag #suede ,# #iamwithcharleskeith #purse #charlesandkeith #hobobag #suede,12600,166,1,41,63,2026-08-13T21:38:06.000Z,https://p16-common-sign.tiktokcdn.com/tos-alisg-p-0037/okUCQYCUDA4QrbjskEMUfD9AexCDfFukj4cO4I~tplv-tiktokx-origin.image?dr=14575&x-expires=1788555600&x-signature=nPm3lYNCi%2FAUBXRXMDYtQfT%2FGOc%3D&t=4d5b0474&ps=13740610&shp=81f88b70&shcp=43f4a2f9&idc=my2,,suede tote bag,True,False,576,1024
7620079560331103508,https://www.tiktok.com/@tachisbag_/video/7620079560331103508,tachisbag_,Tachis,"Fits everything, still looks chic.🤎  #tachisbags #newarrivals #suedetote",#tachisbags #newarrivals #suedetote,209100,6887,43,1746,35,2026-03-22T14:00:35.000Z,https://p16-common-sign.tiktokcdn.com/tos-alisg-p-0037/oc6Y0AQDmJ9ziSbFEAAfZAIpRGhfffIAzGQgFC~tplv-tiktokx-origin.image?dr=14575&x-expires=1788555600&x-signature=g3iKEIDrb3mKT9hjVVt31bqrJYg%3D&t=4d5b0474&ps=13740610&shp=81f88b70&shcp=43f4a2f9&idc=my2,,suede tote bag,False,False,576,1024
7671624318765337889,https://www.tiktok.com/@corporatebeau/video/7671624318765337889,corporatebeau,corporatebeau,"What’s in my work bag 💼 I’ve wanted to do one of this videos for ages! Couldn’t recommend my @KIKO Milano lip stain (in shade plum) more, also the @rhode skin peptide lip treatment in espresso is stunning 🤎☕️ #officebag #officegirl #officestyle #officewear #officeoutfit ",# # #officebag #officegirl #officestyle #officewear #officeoutfit,18300,591,13,17,219,2026-08-08T11:40:31.000Z,https://p19-common-sign.tiktokcdn-us.com/tos-useast2a-p-0037-euttp/o4IRWmqAxore6u53DDEWAdFBvAACWQfhEFEAXa~tplv-tiktokx-origin.image?dr=9636&x-expires=1788555600&x-signature=Uw0nn1%2BIBOatQWQ%2B%2FpB5EGa4thA%3D&t=4d5b0474&ps=13740610&shp=81f88b70&shcp=43f4a2f9&idc=useast8,,everything bag,False,False,576,1024
7649349820406107406,https://www.tiktok.com/@stephyschiller/video/7649349820406107406,stephyschiller,stephy,if you’re nosey like me #whatsinmybag #productsilove #productrecommendations #productsyouneed #favoriteproducts @RSVP Paris @Westman-Atelier @ANFISA Skin @Typology Paris @SALT & STONE @AMOUAGE ,#whatsinmybag #productsilove #productrecommendations #productsyouneed #favoriteproducts # # # # # #,21100,885,14,11,272,2026-06-09T11:04:19.000Z,https://p16-common-sign.tiktokcdn-us.com/tos-useast5-p-0068-tx/oYmYACEieexIyfzzifeApxExfAoJ1YwZA5s3Bep~tplv-tiktokx-dmt-logom:tos-useast5-i-0068-tx/owEKA5OTFFBAtIfAIUEDxmfmQATeAML9HkPyEj.image?dr=9634&x-expires=1788555600&x-signature=OvmQbtrU9MgC7EdixrbXPiogduo%3D&t=4d5b0474&ps=13740610&shp=81f88b70&shcp=43f4a2f9&idc=useast8,,everything bag,False,False,720,1280
7673699108799909150,https://www.tiktok.com/@littlebitof_monicaa/video/7673699108799909150,littlebitof_monicaa,littlebitof_monica,"Still so obsessed with my bag!!! So proud of myself, even though I made a mistake I can’t believe I made this! This was such a challenging pattern, I learned a lot and I’m excited to make it again in the future! This bag is the “a place for everything” by Annie.com  #sewing #aplaceforeverything #byanniepattern ",#sewing #aplaceforeverything #byanniepattern,15500,2106,183,117,85,2026-08-14T01:51:52.000Z,https://p19-common-sign.tiktokcdn-us.com/tos-useast8-p-0068-tx2/owDISLDbFAu2fdekAjWMAE0Ii1hIQqAfAUnQTE~tplv-tiktokx-origin.image?dr=9636&x-expires=1788555600&x-signature=cEd3NTgzH4aoPDvWePI8tXkU4jE%3D&t=4d5b0474&ps=13740610&shp=81f88b70&shcp=43f4a2f9&idc=useast8,,everything bag,False,False,720,1280
7652655725516213524,https://www.tiktok.com/@lianna_rs/video/7652655725516213524,lianna_rs,lianna_rs,Just the essentials that keep me functioning everyday 😭🎀 What's one thing you can never leave home without? #whatsinmybag #everydayessentials #bagessentials #girlythings #musthave ,#whatsinmybag #everydayessentials #bagessentials #girlythings #musthave,1100000,53400,156,1520,10,2026-06-18T08:52:43.000Z,https://p19-common-sign.tiktokcdn-us.com/tos-alisg-p-0037/o8dEErFrAkcabCtzBADAIHMjReqgsCAEA7ELfD~tplv-tiktokx-origin.image?dr=9636&x-expires=1788555600&x-signature=kNy0dNCnLeCM8Mn8BlI4Mpkus2U%3D&t=4d5b0474&ps=13740610&shp=81f88b70&shcp=43f4a2f9&idc=useast8,,everything bag,False,False,576,1024
7679072960979701023,https://www.tiktok.com/@rarediamondco/video/7679072960979701023,rarediamondco,Rare Diamond Co.,"A REAL “what’s in my bag” 😂 No prep, no organizing, no making it look cute for the camera.  This is my everyday bag… so you’re getting everyday life right along with it. 😂🤎  The Daily Duffle, in real life.  #whatsinmybag #bostonbag ",#whatsinmybag #bostonbag,2203,139,14,3,97,2026-08-28T13:25:31.000Z,https://p16-common-sign.tiktokcdn-us.com/tos-useast8-p-0068-tx2/oApviESRkIAjAAlC5dAM9AliBpwGaBjEiuqER~tplv-tiktokx-origin.image?dr=9636&x-expires=1788555600&x-signature=aXW%2FPmSRK7UE%2BMoQHXvbh9VEgjA%3D&t=4d5b0474&ps=13740610&shp=81f88b70&shcp=43f4a2f9&idc=useast8,,everything bag,False,False,720,1280
7652997104721202445,https://www.tiktok.com/@sparklebritton983/video/7652997104721202445,sparklebritton983,Pocket Critters,Custom Made Felt Stylish Tote Bag 👜💕  #pocketcritters #custombag #feltbag #bagcharms #keychain ,#pocketcritters #custombag #feltbag #bagcharms #keychain,117,1,0,1,17,2026-06-19T06:57:51.000Z,https://p19-common-sign.tiktokcdn-us.com/tos-useast5-p-0068-tx/oMeIAjaETvv6HDUpaLd7IsId0GTGe7AfjBCAAk~tplv-tiktokx-origin.image?dr=9636&x-expires=1788555600&x-signature=RUHmHGXLm9GH%2F0lnA0F9w6KjiNc%3D&t=4d5b0474&ps=13740610&shp=81f88b70&shcp=43f4a2f9&idc=useast8,,felt tote bag,False,False,720,1280
7516535879461096735,https://www.tiktok.com/@heykrystalann/video/7516535879461096735,heykrystalann,Krystal Ann,"Creative tote bag - felt tulips 🌷   Map out your own design, or follow this one and make your own tote bag for the summer ☀️   #creatorsearchinsights  #totebag #painting #diy #arttok #fashion ",#creatorsearchinsights #totebag #painting #diy #arttok #fashion,11900,229,12,4,18,2025-06-16T13:18:46.000Z,https://p19-common-sign.tiktokcdn-us.com/tos-useast8-p-0068-tx2/ocGAJBaFlAAtbizABiZuBliE5EQAPBAdRR0lI~tplv-tiktokx-origin.image?dr=9636&x-expires=1788555600&x-signature=XjnVFtUQQI7EtqwCn33k6vMhCwM%3D&t=4d5b0474&ps=13740610&shp=81f88b70&shcp=43f4a2f9&idc=useast8,,felt tote bag,False,False,576,1024
7599228039196691734,https://www.tiktok.com/@oliviaphartman/video/7599228039196691734,oliviaphartman,The English Knitter,The knitters tote   #theknitterstote #dropssnow #sailorslippers #felting #feltedbag ,#theknitterstote #dropssnow #sailorslippers #felting #feltedbag,2199,90,2,3,46,2026-01-25T09:26:04.000Z,https://p16-common-sign.tiktokcdn-us.com/tos-no1a-p-0037-no/owAL1LUZD63bG4wAjeuD8EIfAIIOL9eQkSWlQQ~tplv-tiktokx-origin.image?dr=9636&x-expires=1788555600&x-signature=uYJWQzCZNrfPZErh9jq8Noh9v1k%3D&t=4d5b0474&ps=13740610&shp=81f88b70&shcp=43f4a2f9&idc=useast8,,felt tote bag,False,False,576,1024
7524343799263317278,https://www.tiktok.com/@kellylynae/video/7524343799263317278,kellylynae,Feelings Felt,My first felted bag! A simple tote wet felted from merino wool and embroidered to reinforce the handle. I think I’ll do a D shaped handle next time instead of a circle. Excited for the possibilities with this! #totebag #wetfelting #woolfelt #felting #processvideo #handmadecraft #felted #creativeprocess #creativeinspiration ,#totebag #wetfelting #woolfelt #felting #processvideo #handmadecraft #felted #creativeprocess #creativeinspiration,2011,70,6,7,59,2025-07-07T14:17:21.000Z,https://p16-common-sign.tiktokcdn-us.com/tos-useast8-p-0068-tx2/o0fI42X1VgM1tXRAy86A8SQnQvgojtfIq2e6WC~tplv-tiktokx-origin.image?dr=9636&x-expires=1788555600&x-signature=HuBtBwEPfi%2BJVKoO4%2FETBulzOYU%3D&t=4d5b0474&ps=13740610&shp=81f88b70&shcp=43f4a2f9&idc=useast8,,felt tote bag,False,False,576,1024
7672929760388861197,https://www.tiktok.com/@ashleymariefrye/video/7672929760388861197,ashleymariefrye,Ashley Marie Frye,this is my new personal item 😌 #lululemonnewarrivals #lululemon #lululemontotebag #lululemoncreator #ootd ,#lululemonnewarrivals #lululemon #lululemontotebag #lululemoncreator #ootd,61100,3170,37,1091,7,2026-08-12T00:06:24.000Z,https://p16-common-sign.tiktokcdn-us.com/tos-useast5-p-0068-tx/oMTdfUAu4BhfQfPlAYanlfkwxg4guEA8e4AAeV~tplv-tiktokx-dmt-logom:tos-useast5-i-0068-tx/oQ7K7A1IjIbAPk5feBEA0YDUAKbFEHe3EAWHu9.image?dr=9634&x-expires=1788555600&x-signature=riHGfZlZ3SPm4O3j%2FQGBX4t4hzg%3D&t=4d5b0474&ps=13740610&shp=81f88b70&shcp=43f4a2f9&idc=useast5,,big tote bag,True,False,720,1280
7656841648307047693,https://www.tiktok.com/@imsarahschmidt/video/7656841648307047693,imsarahschmidt,imsarahschmidt,"After sharing the designer bags and things I did regret buying, these are the tote bags that have absolutely earned their spot in my closet—and I’d buy them again.  From everyday work bags to travel staples, these are the ones that have stood the test of time (and actually get used). What are your fav designer totes?! Share pls!  #designerbags #totebags #luxury #fashion ",#designerbags #totebags #luxury #fashion,498200,30500,312,940,110,2026-06-29T15:36:47.000Z,https://p19-common-sign.tiktokcdn-us.com/tos-useast5-p-0068-tx/oIIpqDQkEJDNgTABQByEBegFKSFjRQsEy6gIf9~tplv-tiktokx-origin.image?dr=9636&x-expires=1788555600&x-signature=RVk10eBDHn8AyqSjmD2bpFJ6NH0%3D&t=4d5b0474&ps=13740610&shp=81f88b70&shcp=43f4a2f9&idc=useast5,,big tote bag,False,False,720,1280
7596041102600310047,https://www.tiktok.com/@liangcustom/video/7596041102600310047,liangcustom,Liang Custom,New colors for the Iconic “Andiamo” Large woven Tote! Which is your favorite!?#custommade #luxurybag #wovenbag #andiamo #factory ,#custommade #luxurybag #wovenbag #andiamo #factory,56200,895,34,117,42,2026-01-16T19:19:34.000Z,https://p16-common-sign.tiktokcdn-us.com/tos-useast8-p-0068-tx2/osCHAjeaiFBAxEoAEpED20fsIANcA9jFEVqDCR~tplv-tiktokx-origin.image?dr=9636&x-expires=1788555600&x-signature=4pAxRFUBzqB2%2FrmNSkDyGM3YVEA%3D&t=4d5b0474&ps=13740610&shp=81f88b70&shcp=43f4a2f9&idc=useast5,,big tote bag,False,False,720,1280
7633728321041435925,https://www.tiktok.com/@nadeem.bags/video/7633728321041435925,nadeem.bags,Nadeem Bags,#big.saiz. tote bag.#limitededition#order#only#whatsapp ,#big #limitededition #order #only #whatsapp,300600,4309,185,583,23,2026-04-28T08:44:55.000Z,https://p19-common-sign.tiktokcdn-us.com/tos-alisg-p-0037/ocHIx5exQEEI4L4CKgBGeDijQxALFqOAsnfTQZ~tplv-tiktokx-origin.image?dr=9636&x-expires=1788555600&x-signature=%2BjL0YJk0LCzdtks%2FWUIiYR0iPw0%3D&t=4d5b0474&ps=13740610&shp=81f88b70&shcp=43f4a2f9&idc=useast5,,big tote bag,False,False,576,1024
7630966718633872671,https://www.tiktok.com/@ronnnyt/video/7630966718633872671,ronnnyt,Ronny T Nguyen,so hard to find a big tote bag for affordable price these days. Glad I finally got one 😭 #fyp#totebag#suedebag#fashiontiktok#streetwear ,#fyp #totebag #suedebag #fashiontiktok #streetwear,15100,142,8,10,9,2026-04-20T22:08:31.000Z,https://p19-common-sign.tiktokcdn-us.com/tos-useast8-p-0068-tx2/o8AYLeyfGnETDUQJJfDmmeFoA9PmAAqE15oAIR~tplv-tiktokx-origin.image?dr=9636&x-expires=1788555600&x-signature=GH3fOfvzXiuBeDrSUxCHkr0N1I0%3D&t=4d5b0474&ps=13740610&shp=81f88b70&shcp=43f4a2f9&idc=useast5,,suede tote bag,False,False,720,1280
7675553716459654413,https://www.tiktok.com/@theluxewife/video/7675553716459654413,theluxewife,Samantha Ferrell,The prettiest totes ever 😍 I honestly can’t decide which is my favorite 🤩 Legit perfect sale finds!   Navy Suede & Brown Tote 👜 @target  🦓 Tote @Ross   #totebag #tote #target #targetfinds #ross ,# # #totebag #tote #target #targetfinds #ross,1582,77,23,2,15,2026-08-19T01:48:45.000Z,https://p16-common-sign.tiktokcdn-us.com/tos-useast5-p-0068-tx/os8QIUiMQWAe3CGAQj7MkRWXhUFgT7VKeHe8Cw~tplv-tiktokx-origin.image?dr=9636&x-expires=1788555600&x-signature=wsJbxbl3fc7%2Be56F3%2FPVCy7JMcU%3D&t=4d5b0474&ps=13740610&shp=81f88b70&shcp=43f4a2f9&idc=useast5,,suede tote bag,True,False,720,1280
7644983694704282911,https://www.tiktok.com/@dodi_jos/video/7644983694704282911,dodi_jos,DodiJos,Gorgeous suede tote bag with so many beautiful details 😍😍😍,,117,4,0,1,59,2026-05-28T16:41:27.000Z,https://p16-common-sign.tiktokcdn-us.com/tos-useast8-p-0068-tx2/oA8GVI9IDvk7GBc4AEfDAmDxGFdfBqEEQt6RwY~tplv-tiktokx-origin.image?dr=9636&x-expires=1788555600&x-signature=ifes4sBrBtbkxIptTeghxB7%2Bzrk%3D&t=4d5b0474&ps=13740610&shp=81f88b70&shcp=43f4a2f9&idc=useast5,,suede tote bag,False,False,720,1280
7445445349293952286,https://www.tiktok.com/@itsyourgirlsamanthaaa/video/7445445349293952286,itsyourgirlsamanthaaa,itsyourgirlsamanthaaa,this amazing suede bag is back in stock! truly one of my favorites & so affordable! 🫶🏻 #asosbag #asossuedebag #suedetotebag #suedebag #affordablebag ,#asosbag #asossuedebag #suedetotebag #suedebag #affordablebag,229600,8367,122,762,67,2024-12-06T23:30:48.000Z,https://p19-common-sign.tiktokcdn-us.com/tos-useast8-p-0068-tx2/oMoTT7AqfAEdLSBsABIzvSBdiiiKiCAERcAI66~tplv-tiktokx-dmt-logom:tos-useast8-i-0068-tx2/oEBkEVEDAefE0iUAin4TEORISAFHvRAUTlCN7A.image?dr=9634&x-expires=1788555600&x-signature=7gckEIZuodA7n%2FpiagMyqD7e5mc%3D&t=4d5b0474&ps=13740610&shp=81f88b70&shcp=43f4a2f9&idc=useast5,,suede tote bag,False,False,576,1024
7669083878518279437,https://www.tiktok.com/@alannaxo/video/7669083878518279437,alannaxo,alanna,@target such a good lookalike for the saint laurent suede tote #targetfinds #saintlaurent #suedetotebag #targetstyle #suedebag ,# #targetfinds #saintlaurent #suedetotebag #targetstyle #suedebag,4630,48,1,19,15,2026-08-01T15:22:56.000Z,https://p19-common-sign.tiktokcdn-us.com/tos-useast5-p-0068-tx/o0ymJvAEEDiXg7uBGAPD05ikBTA4u4dABIamL~tplv-tiktokx-origin.image?dr=9636&x-expires=1788555600&x-signature=xUOfBvKsUjISUHIA78oJ3HV%2FVzg%3D&t=4d5b0474&ps=13740610&shp=81f88b70&shcp=43f4a2f9&idc=useast5,,suede tote bag,True,False,720,1280
7650902237564194079,https://www.tiktok.com/@verafied_official/video/7650902237564194079,verafied_official,VERAFIED NEW YORK,VERAFIED Suede Bag Collection 🤎,,38200,984,18,64,10,2026-06-13T15:28:39.000Z,https://p16-common-sign.tiktokcdn-us.com/tos-useast8-p-0068-tx2/oc2mcsACIEX8yeAEX7qEaDkCLQKEVQAfAAlFBR~tplv-tiktokx-origin.image?dr=9636&x-expires=1788555600&x-signature=tWvrG%2B0%2F8UCGGcWvStTwZ7PmNtA%3D&t=4d5b0474&ps=13740610&shp=81f88b70&shcp=43f4a2f9&idc=useast5,,suede tote bag,False,False,720,1280
7352635358032530730,https://www.tiktok.com/@itsyourgirlsamanthaaa/video/7352635358032530730,itsyourgirlsamanthaaa,itsyourgirlsamanthaaa,such a good bag & for $69?!? love this green color with the suede so much! 🤍 #asosbag #asostotebag #asoshaul #suedehobobag #everydaybag #springfashion2024 #suedebag asos suede tubular tote bag ,#asosbag #asostotebag #asoshaul #suedehobobag #everydaybag #springfashion2024 #suedebag,495700,15900,273,1725,66,2024-03-31T21:00:48.000Z,https://p19-common-sign.tiktokcdn-us.com/tos-useast5-p-0068-tx/ocgB2AE6UgXiZv8BN4zkK52VIPaEJB6WD9zni~tplv-tiktokx-dmt-logom:tos-useast5-i-0068-tx/owxzvAAHzABmD0cJB8iiwdBfCBAIH5AIEKvTJO.image?dr=9634&x-expires=1788555600&x-signature=Vrz9JsyKe3dTWIs5e%2BhdTqyi4iE%3D&t=4d5b0474&ps=13740610&shp=81f88b70&shcp=43f4a2f9&idc=useast5,,suede tote bag,False,False,576,1024
7674728783848557837,https://www.tiktok.com/@nolifemaria/video/7674728783848557837,nolifemaria,Maria,A deep dive into the viral @TJ Maxx Margot Phoebe tote bag! I’ve seen so many different color ways online from brown suede to brown leather and even got to see a dark green leather in person! Would you purchase?   #tjmaxxfinds #desginerbag #viralfinds #fallbag #shoppinghaul ,# #tjmaxxfinds #desginerbag #viralfinds #fallbag #shoppinghaul,48500,2681,74,346,59,2026-08-16T20:27:55.000Z,https://p16-common-sign.tiktokcdn-us.com/tos-useast5-p-0068-tx/o8H4gi5CiICEwwQ1QCf6FAkAIAwm1BJCBAxUB7~tplv-tiktokx-dmt-logom:tos-useast5-i-0068-tx/okADAURCnTqIfCmAhCDhXEJzSgHRE1FgAgeExp.image?dr=9634&x-expires=1788555600&x-signature=7oAkFrp2YqF3oNkLc%2FAxxCcKoU0%3D&t=4d5b0474&ps=13740610&shp=81f88b70&shcp=43f4a2f9&idc=useast5,,suede tote bag,False,False,720,1280
7574274305060621598,https://www.tiktok.com/@am.essentials3/video/7574274305060621598,am.essentials3,AME,The magic of felting ✨ #knittingtiktok #felting #knittedtotebag #newknitter #fiberart ,#knittingtiktok #felting #knittedtotebag #newknitter #fiberart,1221,63,4,1,9,2025-11-19T03:32:52.000Z,https://p16-common-sign.tiktokcdn-us.com/tos-useast8-p-0068-tx2/okPnZcAfyI71AndSAAQfg6g0eJIR2CIqAGbjOL~tplv-tiktokx-origin.image?dr=9636&x-expires=1788555600&x-signature=tLHWySdKAOGuqA%2FAfm4YdT4nyQg%3D&t=4d5b0474&ps=13740610&shp=81f88b70&shcp=43f4a2f9&idc=useast5,,felt tote bag,False,False,720,1280
7657934112828689685,https://www.tiktok.com/@fionafeltdesign/video/7657934112828689685,fionafeltdesign,Fiona Felt Deisgn,Factory direct felt bags. Waterproof. Durable. Custom. Small MOQ. Fast ship. 📦 DM for wholesale. #feltbag #b2b #oem #manufacturer #wholesale #bagfactory #custombags #smallbiz #waterproofbag #felttote #factorydirect #businessowner #scaleyourbusiness #b2bmarketing #supplier,,8,0,0,0,41,2026-07-02T14:15:31.000Z,https://p16-common-sign.tiktokcdn-us.com/tos-alisg-p-0037/oAft5nQpRCBFnRQIAQgAyAAFJUJgKqfODCVMEC~tplv-tiktokx-origin.image?dr=9636&x-expires=1788555600&x-signature=1%2B%2BCIng9bzXvZB4kRPXIYWGe%2FPo%3D&t=4d5b0474&ps=13740610&shp=81f88b70&shcp=43f4a2f9&idc=useast5,,felt tote bag,False,False,576,1024
7571962960222965047,https://www.tiktok.com/@wooligans_diy/video/7571962960222965047,wooligans_diy,WOOLIGANS,"Quick & Easy DIY Wooligans Cut & See Felt Tote Bag Tutorial: Craft Your Perfect Holiday Gift in Under an Hour! Dive into the ultimate beginner-friendly DIY craft with this step-by-step video tutorial on assembling the Wooligans Cut & See Felt Tote Bag! Whether you’re a crafting newbie or a seasoned DIY enthusiast, this fun, fast, and easy project is designed to be completed in under an hour – perfect for those last-minute holiday crafting sessions. No prior sewing skills required! Our kit comes fully loaded with pre-punched stitch holes, a needle, and thread, so you can focus on the joy of cre",#diycraft #felttotebag #holidaycrafts #beginnerdiy #handmadegifts,355,4,0,1,29,2025-11-12T22:04:08.000Z,https://p16-common-sign.tiktokcdn-us.com/tos-useast5-p-0068-tx/o4SgpIR0vAVAAAiBiDVEBVDU4EBaBkEdFzb4A~tplv-tiktokx-origin.image?dr=9636&x-expires=1788555600&x-signature=rdmgOnRrETOsslBCOASrIFTjuzo%3D&t=4d5b0474&ps=13740610&shp=81f88b70&shcp=43f4a2f9&idc=useast5,,felt tote bag,False,False,720,1280
7668036155799080205,https://www.tiktok.com/@novolinepromotions/video/7668036155799080205,novolinepromotions,NOVOLINE PROMOTIONAL PRODUCTS,"Customizable Wool Felt Shopping Tote Bag Give your brand a polished, reusable look with this wool felt tote. NOVOLINE PROMOTIONAL PRODUCTS can customize it for retail promotions, events, and customer gifts.  https://novolinepromo.com/product/customizable-wool-felt-shopping-tote-bag/",,2,0,0,0,30,2026-07-29T19:36:37.000Z,https://p19-common-sign.tiktokcdn-us.com/tos-useast5-p-85c255-tx/oQuZESp5HDEkVM7xrlFiDBqBhwhgAB9aIefxqE~tplv-tiktokx-origin.image?dr=9636&x-expires=1788555600&x-signature=9Ny4go3vee0Jg03%2FCw%2FyHgPMxQk%3D&t=4d5b0474&ps=13740610&shp=81f88b70&shcp=43f4a2f9&idc=useast5,,felt tote bag,False,False,720,720
7678235188786187540,https://www.tiktok.com/@zhangkun73/video/7678235188786187540,zhangkun73,zhangkun,"We are a felt product factory in China. Our main products include various felt products,felt bags, felt plush toys, felt tote bags, felt girls' bags, simple handbags, and woolen hats! The items displayed here are our regular products and their production processes. If you have any needs, please feel free to contact us at any time! We support online payment, and you can complete the payment on Alibaba. There is also a third-party guarantee service, so you don't need to worry about the safety of your funds or the quality of the products.",,142,2,0,0,14,2026-08-26T07:14:08.000Z,https://p19-common-sign.tiktokcdn-us.com/tos-alisg-p-0037/os4GfpzmIGEBIkLAVMeAzkSexRTjCZIHOIDbrQ~tplv-tiktokx-origin.image?dr=9636&x-expires=1788555600&x-signature=U2zHq%2B6rRm0W7qrFHT7SEcaWtZs%3D&t=4d5b0474&ps=13740610&shp=81f88b70&shcp=43f4a2f9&idc=useast5,,felt tote bag,False,False,576,1024
7646393064868662546,https://www.tiktok.com/@urbansalesgh/video/7646393064868662546,urbansalesgh,urbansalesgh,Available colors // Felt Tote Bags #totebag #foryou #fypシ゚viral #trending ,#totebag #foryou #fypシ゚viral #trending,8599,168,11,37,19,2026-06-01T11:50:23.000Z,https://p19-common-sign.tiktokcdn-us.com/tos-alisg-p-0037/osMR6A8DLBsuUWeI4h9CAb4cQOgD5geAjcQJye~tplv-tiktokx-origin.image?dr=9636&x-expires=1788555600&x-signature=XNB9a10j5IVgRbGqt9e8uo7TGPo%3D&t=4d5b0474&ps=13740610&shp=81f88b70&shcp=43f4a2f9&idc=useast5,,felt tote bag,False,False,576,1024
7680343978054667534,https://www.tiktok.com/@tiktokbylia/video/7680343978054667534,tiktokbylia,tiktokbylia,In love with my Tote bag 💕✨🛍️ . . . #totebag #totebagbigcapacity #bolsagrande #girls #trendingbag ,#totebag #totebagbigcapacity #bolsagrande #girls #trendingbag,12600,291,3,23,71,2026-08-31T23:37:36.000Z,https://p16-common-sign.tiktokcdn-us.com/tos-useast5-p-0068-tx/o4GJDLOeAffeEdWaHqa5A8IsbAIRQAyvGEIVIA~tplv-tiktokx-origin.image?dr=9636&x-expires=1788555600&x-signature=g9%2F0b1iEUyquS%2Bx%2F4QCfYX3ySM0%3D&t=4d5b0474&ps=13740610&shp=81f88b70&shcp=43f4a2f9&idc=useast5,,big tote bag,False,False,720,1280
7680047318875393287,https://www.tiktok.com/@mommybella20/video/7680047318875393287,mommybella20,Belle Pelen,Replying to @user47366206942 here sis  #bigbag #totebag #wovenbag ,# #bigbag #totebag #wovenbag,1630,5,1,2,58,2026-08-31T04:26:11.000Z,https://p16-common-sign.tiktokcdn-us.com/tos-alisg-p-0037/owEPa2GmGIUIUCipzAEiCWAUVXVDSA6pBBYAj~tplv-tiktokx-origin.image?dr=9636&x-expires=1788555600&x-signature=4RXGzXu6TLpnv17ff9dfcSVX%2Fu4%3D&t=4d5b0474&ps=13740610&shp=81f88b70&shcp=43f4a2f9&idc=useast5,,big tote bag,True,False,576,1024
7676535941242096909,https://www.tiktok.com/@dearbrookes/video/7676535941242096909,dearbrookes,Brooke,"When you find the perfect bag, you want everyone to know about it. 😍  This is the Songmont Gather Bag, and I can honestly say it’s my favorite bag I’ve ever owned. It lives up to ALL the hype, the shape, the versatility, the way it goes with everything… I’m obsessed. 👜✨@Songmont #bag #purse #songmont *kindly gifted ",# #bag #purse #songmont,28600,697,25,45,105,2026-08-21T17:20:17.000Z,https://p16-common-sign.tiktokcdn-us.com/tos-useast5-p-0068-tx/oo8jfASDqCE6w5yFEAAIwAIKEDRRfi9ggRQZEP~tplv-tiktokx-origin.image?dr=9636&x-expires=1788555600&x-signature=NyhlO4FX21%2F4iP2VTHhjqY3qME4%3D&t=4d5b0474&ps=13740610&shp=81f88b70&shcp=43f4a2f9&idc=useast5,,everything bag,False,False,720,1280
7571475885983812878,https://www.tiktok.com/@everythingbag25/video/7571475885983812878,everythingbag25,Everything._.bag,"Don't waste your chance, buy this new everything bag😉👜💝 #viral #totebags #bagsforwomen #girlythings #workbag ",#viral #totebags #bagsforwomen #girlythings #workbag,314,12,0,0,27,2025-11-11T14:34:13.000Z,https://p16-common-sign.tiktokcdn-us.com/tos-useast5-p-0068-tx/oQS1iBaRU4A7WikA8iIiE4zE4ETkvBNSSgChI~tplv-tiktokx-origin.image?dr=9636&x-expires=1788555600&x-signature=V4UuSUdoIMS0ZVjGBU%2Fn0mL6fy8%3D&t=4d5b0474&ps=13740610&shp=81f88b70&shcp=43f4a2f9&idc=useast5,,everything bag,False,False,464,848
7505545979068796190,https://www.tiktok.com/@itsyourgirlsamanthaaa/video/7505545979068796190,itsyourgirlsamanthaaa,itsyourgirlsamanthaaa,"the dreamiest bag @Le.febour this is the everything bag 03, brown on brown! 100% leather and SO beautiful 😭🤎 #lefebour #everythingbag #lefebourbag #brownbag #uniquebag #summerfashion2025 #dreambag #midrangebag ",# #lefebour #everythingbag #lefebourbag #brownbag #uniquebag #summerfashion2025 #dreambag #midrangebag,120700,3348,101,426,121,2025-05-17T22:31:59.000Z,https://p19-common-sign.tiktokcdn-us.com/tos-useast8-p-0068-tx2/owapvAAvlEACBBl27hiTOiAAIEDZBXhRka7nA~tplv-tiktokx-origin.image?dr=9636&x-expires=1788555600&x-signature=HwwKL6TeM1%2BKOdQwgQHuHyfdWGI%3D&t=4d5b0474&ps=13740610&shp=81f88b70&shcp=43f4a2f9&idc=useast5,,everything bag,False,False,576,1024
7628777351588891918,https://www.tiktok.com/@ciaobellaknits/video/7628777351588891918,ciaobellaknits,meghan,The most perfect felted bag🥹 #knittedbag #knittok #knittingtiktok ,#knittedbag #knittok #knittingtiktok,597800,85200,189,1877,13,2026-04-15T00:32:32.000Z,https://p19-common-sign.tiktokcdn-us.com/tos-useast5-p-0068-tx/octe9gAveAI4PkGzAGjTaJEe3IHkLIAk8bAQOk~tplv-tiktokx-origin.image?dr=9636&x-expires=1788555600&x-signature=1zmlJwps%2BcR5AS97MxaT5utsnG4%3D&t=4d5b0474&ps=13740610&shp=81f88b70&shcp=43f4a2f9&idc=useast8,,felt tote bag,False,False,720,1280
7680302900404292884,https://www.tiktok.com/@bagscetera2/video/7680302900404292884,bagscetera2,Bags Cetera | Luxury bags,Felt tote bag  #totebag #foryou #fyppppppppppppppppppppppp #trend #bagsghana ,#totebag #foryou #fyppppppppppppppppppppppp #trend #bagsghana,433,30,2,0,38,2026-08-31T20:57:58.000Z,https://p16-common-sign.tiktokcdn-us.com/tos-alisg-p-0037/ocJrj98FVg4eIVD51CKLf8WIg4GTORAJXAegbm~tplv-tiktokx-origin.image?dr=9636&x-expires=1788555600&x-signature=2cMUHV4PzsrGrlbHqQlc7hdkPts%3D&t=4d5b0474&ps=13740610&shp=81f88b70&shcp=43f4a2f9&idc=useast8,,felt tote bag,False,False,576,1024
7679373131881991446,https://www.tiktok.com/@charlee_geeks/video/7679373131881991446,charlee_geeks,charlee_geeks,ello! ready for some Saturday shopping with this mini tote! this guy (and some others) will be coming to york unleashed comic con tomorrow  #spookynerdycute #feltcraft #nerdycrafts #labyrinthworm #Labyrinth ,#spookynerdycute #feltcraft #nerdycrafts #labyrinthworm #labyrinth,288,8,0,2,8,2026-08-29T08:49:59.000Z,https://p19-common-sign.tiktokcdn-us.com/tos-no1a-p-0037-no/o8AASLfnpJfTGnYAjenFTOIhAII2LCAICVkBEH~tplv-tiktokx-origin.image?dr=9636&x-expires=1788555600&x-signature=DXmVsJ5cImsTBBfuAEJCDlIR%2Bxo%3D&t=4d5b0474&ps=13740610&shp=81f88b70&shcp=43f4a2f9&idc=useast8,,felt tote bag,False,False,576,1024
7679208144572075295,https://www.tiktok.com/@itsnotnotus/video/7679208144572075295,itsnotnotus,mia 🧸ྀི,everything you need to put in your emergency bag for back to school !! #emergencykit ,#emergencykit,111600,15100,33,177,62,2026-08-28T22:09:49.000Z,https://p16-common-sign.tiktokcdn-us.com/tos-useast8-p-0068-tx2/o8CeApqjeI5AhEMHIfAXmJlcB8DoVdQCtW4ZkA~tplv-tiktokx-origin.image?dr=9636&x-expires=1788555600&x-signature=8hU3i2GpgW92411Qt3GOA5bnxKo%3D&t=4d5b0474&ps=13740610&shp=81f88b70&shcp=43f4a2f9&idc=useast5,,everything bag,False,False,720,1280
7680652284853849357,https://www.tiktok.com/@janell.roberts/video/7680652284853849357,janell.roberts,Janell,The Janell Blue. The everything bag — for every girl on the go. A NYC collab with @brandedleather_nyc ,#,4280,936,47,21,17,2026-09-01T19:34:09.000Z,https://p19-common-sign.tiktokcdn-us.com/tos-useast5-p-0068-tx/oYAXCAzTFkPEspTic3Lp4O4KBAIagibo8BAAE~tplv-tiktokx-origin.image?dr=9636&x-expires=1788555600&x-signature=5wj1kHr3qjuG7xqDm3%2FgUD1lavo%3D&t=4d5b0474&ps=13740610&shp=81f88b70&shcp=43f4a2f9&idc=useast5,,everything bag,False,False,720,1280
7673556194417741069,https://www.tiktok.com/@karlaxleonn/video/7673556194417741069,karlaxleonn,karlaxleonn,LOVE the size #gap #fall #totebag #fyp ,#gap #fall #totebag #fyp,262400,43100,77,4568,5,2026-08-13T16:37:23.000Z,https://p16-common-sign.tiktokcdn-us.com/tos-useast5-p-0068-tx/oUJEy87sEmfRIreFb9NDfOkGHAAFBOfAwLppIN~tplv-tiktokx-origin.image?dr=9636&x-expires=1788555600&x-signature=3ARXL2m8P%2F7Cv8tU2q9wH9D7g8k%3D&t=4d5b0474&ps=13740610&shp=81f88b70&shcp=43f4a2f9&idc=useast5,,felt tote bag,False,False,720,1280
7673265096474283278,https://www.tiktok.com/@serenaaaaaap/video/7673265096474283278,serenaaaaaap,Serena🍦,The flap pocket was inspired by @corinnehanna768 pocket she did!  #allthethings #allthethingstote #totebag #sewing ,#allthethings #allthethingstote #totebag #sewing,10500,934,53,38,106,2026-08-12T21:47:58.000Z,https://p16-common-sign.tiktokcdn-us.com/tos-useast5-p-0068-tx/oUyn0DkDUC1oBhcFEI3OFAQuIHo5fffAyjQBL3~tplv-tiktokx-origin.image?dr=9636&x-expires=1788555600&x-signature=CcLKpY4WGRDRnjDXz0BaFQ1prXA%3D&t=4d5b0474&ps=13740610&shp=81f88b70&shcp=43f4a2f9&idc=useast5,,felt tote bag,False,False,720,1280
7679157016409017614,https://www.tiktok.com/@ciaobellaknits/video/7679157016409017614,ciaobellaknits,meghan,The most perfect felted bag 🥹  PATTERN TESTERS WANTED! Click the link in my bio to apply! Application open until 11:59pm EST Sept. 4th!  #knittok #knittingtiktok #knittedbag,#knittok #knittingtiktok #knittedbag,6063,342,7,5,8,2026-08-28T18:51:23.000Z,https://p16-common-sign.tiktokcdn-us.com/tos-useast5-p-0068-tx/oUV7VeAnEIAXNAqVAIAIQsIjeFIEfEHkBGujIL~tplv-tiktokx-origin.image?dr=9636&x-expires=1788555600&x-signature=ss62O0Q560wEOO%2BKAAYG4tuhFKM%3D&t=4d5b0474&ps=13740610&shp=81f88b70&shcp=43f4a2f9&idc=useast5,,felt tote bag,False,False,720,1280
7652038036452117768,https://www.tiktok.com/@patrickzhaoo/video/7652038036452117768,patrickzhaoo,Pat | Backpack Reviews,"This is the most underrated backpack for school, and it has two features you’ll actually use every day.  This is the @herschelsupply Kaslo  Minimal on the outside, but packed with 17 pockets on the inside, keeping your laptop, textbooks, and other supplies organized.  But what really makes it special is this Cordura fabric, which is extremely durable.  It’s built to handle years of being thrown around campus, and unlike other bags, you won’t be replacing it every few years.  So is this going to be your new backpack for school?",#,4300000,63900,877,6513,24,2026-06-16T16:55:51.000Z,https://p16-common-sign.tiktokcdn-us.com/tos-alisg-p-0037/oYqIcLxszBXIXAiRzBEILBnCXMEWgvfIaegBiW~tplv-tiktokx-origin.image?dr=9636&x-expires=1788555600&x-signature=f0Xxm%2BRyGlKH7NNPWmkqzJZw%2Bw8%3D&t=4d5b0474&ps=13740610&shp=81f88b70&shcp=43f4a2f9&idc=useast5,,everything bag,True,False,576,1024
7616124544641748237,https://www.tiktok.com/@alenayuann/video/7616124544641748237,alenayuann,alena,WHAT’S IN MY BAG as a girl who has everything in her bag (my bag is like 20 pounds istg but these are must haves) 👜💗 #whatsinmybag #bagtour #handbag #fashion #bagsclairo ,#whatsinmybag #bagtour #handbag #fashion #bagsclairo,500800,76800,237,632,74,2026-03-11T22:13:22.000Z,https://p19-common-sign.tiktokcdn-us.com/tos-useast5-p-0068-tx/okCD2HL1IIEGlPS1C4aiBxBUQRi9gVbcGB6Ao~tplv-tiktokx-origin.image?dr=9636&x-expires=1788555600&x-signature=hofBBBBWZcSir09TJQrvDiohtbk%3D&t=4d5b0474&ps=13740610&shp=81f88b70&shcp=43f4a2f9&idc=useast5,,everything bag,False,False,720,1280
7637268164983672077,https://www.tiktok.com/@sheneawalker/video/7637268164983672077,sheneawalker,sheneawalker,"Yeah so, I only carry the essentials! 🫦 #fashiongirl #bagcollection #whatsinmybag #foryou ",#fashiongirl #bagcollection #whatsinmybag #foryou,86400,15800,260,409,46,2026-05-07T21:41:14.000Z,https://p16-common-sign.tiktokcdn-us.com/tos-useast5-p-0068-tx/ok9jefED5AwWn9kvIZb5B9AEDfAaFHAQREATQI~tplv-tiktokx-origin.image?dr=9636&x-expires=1788555600&x-signature=9unpYvjS72cUo3%2FxzqUIZuJE56E%3D&t=4d5b0474&ps=13740610&shp=81f88b70&shcp=43f4a2f9&idc=useast5,,everything bag,False,False,720,1280
7650979996919680270,https://www.tiktok.com/@tote.luxe.co/video/7650979996919680270,tote.luxe.co,Tote & Luxe Co.,Exactly what I needed so I’m not carrying a million bags to work.  #backpack #bag #workbag #lunchbag ,#backpack #bag #workbag #lunchbag,2100000,42900,1900,14100,21,2026-06-13T20:30:29.000Z,https://p19-common-sign.tiktokcdn-us.com/tos-useast5-p-0068-tx/oIenx28S3URdgAIeeAnLLITGCH3UWgj2uRkASH~tplv-tiktokx-origin.image?dr=9636&x-expires=1788555600&x-signature=1Iv%2BA2X%2Fp4PmmWUC3lHiI09qxV4%3D&t=4d5b0474&ps=13740610&shp=81f88b70&shcp=43f4a2f9&idc=useast8,,everything bag,False,False,720,1280
7665138249647557902,https://www.tiktok.com/@yodaaviii/video/7665138249647557902,yodaaviii,Davi 🧸,Current work bag 🧸🎀 #coach #whatsinmybag #bagessentials #pursetok #fyp ,#coach #whatsinmybag #bagessentials #pursetok #fyp,110300,22000,31,237,11,2026-07-22T00:11:25.000Z,https://p19-common-sign.tiktokcdn-us.com/tos-useast5-p-0068-tx/oYqIrivWaBq4GDxEA4skAQEgABA7mg0QCKAiB~tplv-tiktokx-origin.image?dr=9636&x-expires=1788555600&x-signature=jU5zSUufvaxrf6wTTkgwcGFeYCA%3D&t=4d5b0474&ps=13740610&shp=81f88b70&shcp=43f4a2f9&idc=useast8,,everything bag,False,False,720,1280
7672491147347889439,https://www.tiktok.com/@dailydiamond161/video/7672491147347889439,dailydiamond161,Maria,"What’s in my everyday essentials pouch, the little things I never leave home without. Being prepared really is a form of self-care. #creatorsearchinsights #everydayessentials #whatsinmybag #purseessentials #onthegoessentials ",#creatorsearchinsights #everydayessentials #whatsinmybag #purseessentials #onthegoessentials,25600,2703,114,52,62,2026-08-10T19:44:29.000Z,https://p19-common-sign.tiktokcdn-us.com/tos-useast8-p-0068-tx2/okAiDiI6GD1IfA6y1dBRKIM6qPKIiUiAC4ZCj2~tplv-tiktokx-origin.image?dr=9636&x-expires=1788555600&x-signature=2dM8qegMWyyIeicKh565RCezJRo%3D&t=4d5b0474&ps=13740610&shp=81f88b70&shcp=43f4a2f9&idc=useast8,,everything bag,False,False,720,1280
7679238473617853704,https://www.tiktok.com/@pinkeverything17/video/7679238473617853704,pinkeverything17,Pink everything 🩷,This bag is so pretty from @lululemon . What do you think ? #pink #unboxing #contentcreator #pinkeverything #lululemon ,# #pink #unboxing #contentcreator #pinkeverything #lululemon,117200,1581,54,135,39,2026-08-29T00:07:33.000Z,https://p16-common-sign.tiktokcdn-us.com/tos-alisg-p-0037/owIIsI9GAiGCpK5LesVjDDAeIeSDsJIjEzZyu4~tplv-tiktokx-origin.image?dr=9636&x-expires=1788555600&x-signature=OhOm%2BDbKzyo1w8gjY5FKqxs7d0A%3D&t=4d5b0474&ps=13740610&shp=81f88b70&shcp=43f4a2f9&idc=useast8,,everything bag,False,False,576,1024
7669497705680391437,https://www.tiktok.com/@heelsbylj/video/7669497705680391437,heelsbylj,Lara June Finds 💛,this fits everything and it’s such high quality!!! #miumiu #yellowapp #luxury #designer #totebag ,#miumiu #yellowapp #luxury #designer #totebag,43000,668,10,70,10,2026-08-02T18:08:34.000Z,https://p19-common-sign.tiktokcdn-us.com/tos-useast5-p-0068-tx/o06FEcFEAXkh1qyvHADAIe3hjfUAhEBIAwEDf5~tplv-tiktokx-origin.image?dr=9636&x-expires=1788555600&x-signature=CBJ5D%2FjCzyJGeBfmNMIJEwfQW1E%3D&t=4d5b0474&ps=13740610&shp=81f88b70&shcp=43f4a2f9&idc=useast8,,everything bag,False,False,720,1280
7675783455782784269,https://www.tiktok.com/@kenaroseee_/video/7675783455782784269,kenaroseee_,kena 💖,SUCH a good haul 🤏🏼🤏🏼 #haul #bags #pursetok #baghaul #bagtok ,#haul #bags #pursetok #baghaul #bagtok,74100,4723,61,187,268,2026-08-19T16:40:32.000Z,https://p16-common-sign.tiktokcdn-us.com/tos-useast5-p-0068-tx/oU4ViU32i0jqbgFD4EABz3aJXBIOPsihFIIVo~tplv-tiktokx-origin.image?dr=9636&x-expires=1788555600&x-signature=gRiYfBq3B%2FP3uqU6aAoz0y7vNDw%3D&t=4d5b0474&ps=13740610&shp=81f88b70&shcp=43f4a2f9&idc=useast5,,everything bag,False,False,720,1280
7624940872106396958,https://www.tiktok.com/@hey_there_delilah_xoxo/video/7624940872106396958,hey_there_delilah_xoxo,Hey_There_Delilah_❌⭕️❌⭕️,"What’s in my @YETI Camino 35 Carryall Tote Bag 👀✨ School, work, and personal life, all in ONE bag and still organized 🙌🏽📚💻💄 This bag really does it all… from daily essentials to on-the-go must-haves 💁🏽‍♀️ #WhatsInMyBag #YetiCamino #WorkLifeBalance #SchoolEssentials #MomLifeOnTheGo      ",# #whatsinmybag #yeticamino #worklifebalance #schoolessentials #momlifeonthego,27900,471,22,78,146,2026-04-04T16:25:19.000Z,https://p16-common-sign.tiktokcdn-us.com/tos-useast8-p-0068-tx2/oodnARwIP3V69IOicFn8YABJREiBLpE95aE6v~tplv-tiktokx-origin.image?dr=9636&x-expires=1788555600&x-signature=swbBSCruTMYfk5Nrm8Moo9luonk%3D&t=4d5b0474&ps=13740610&shp=81f88b70&shcp=43f4a2f9&idc=useast5,,carry all tote,False,False,720,1280
7642530034699210014,https://www.tiktok.com/@shelbyfree/video/7642530034699210014,shelbyfree,Shelby Free,"Back with another airline personal item review!! Today, it’s the Kanarie Weekender Tote! Small company owned and designed by women!!!!! Love to see it 🫰🏼🔥. It’s giving Be*s but with actual good quality. Slay.  Definitely recommend this and I just may take it on my next trip to give it a test!! 👏🏼✈️💼 #packwithme #travelwithme #airlinepersonalitem #besttravelbag #bestcarryon @Kanarie | travel bags for her ",#packwithme #travelwithme #airlinepersonalitem #besttravelbag #bestcarryon #,28400,1075,54,31,366,2026-05-22T01:59:59.000Z,https://p16-common-sign.tiktokcdn-us.com/tos-useast8-p-0068-tx2/oACiAx1IPKLBjBauAOKJ9fiiiCAIAAB33nglAE~tplv-tiktokx-origin.image?dr=9636&x-expires=1788555600&x-signature=iS3KE1CLiPmflvFrsQOAQ21iV3M%3D&t=4d5b0474&ps=13740610&shp=81f88b70&shcp=43f4a2f9&idc=useast5,,carry all tote,False,False,720,1280
7663006055894453525,https://www.tiktok.com/@nakedvice/video/7663006055894453525,nakedvice,NAKEDVICE,Restocked and ready to be yours. As seen on @LILY #leathertote #workbag #unibag #leathertote ,# #leathertote #workbag #unibag #leathertote,12100,113,9,10,13,2026-07-16T06:17:21.000Z,https://p16-common-sign.tiktokcdn-us.com/tos-alisg-p-0037/oQtwRqATWCkEE7O4BAQAP8dfvJeg0FIDAvUCAH~tplv-tiktokx-origin.image?dr=9636&x-expires=1788555600&x-signature=fiiAQ76s90vcuUBDPWlkdTRl2DA%3D&t=4d5b0474&ps=13740610&shp=81f88b70&shcp=43f4a2f9&idc=useast5,,carry all tote,False,False,576,1024
7617550653551938846,https://www.tiktok.com/@rewalaji/video/7617550653551938846,rewalaji,R E W A,"Honestly, been obsessed with this caryall tote bag! @Oner Active @KrissyCela @UnfilteredKrissy Pls and thanks! ",# # #,3440,56,11,1,31,2026-03-15T18:27:22.000Z,https://p16-common-sign.tiktokcdn-us.com/tos-useast8-p-0068-tx2/o4FQfe4gIt8RUi2JetkM8QUGQTAWAAfAA51mQv~tplv-tiktokx-origin.image?dr=9636&x-expires=1788555600&x-signature=nKTwNbdAuP8pzO86RJ3hV8pAQKU%3D&t=4d5b0474&ps=13740610&shp=81f88b70&shcp=43f4a2f9&idc=useast5,,carry all tote,False,False,720,1280
7671083591111019806,https://www.tiktok.com/@katurarenee_/video/7671083591111019806,katurarenee_,Katura Renee’,For The Ones Who Carry It All @Forest Street Co. ✨#foreststreetco #totebag #blackownedbusiness ,# #foreststreetco #totebag #blackownedbusiness,3499,238,23,27,12,2026-08-07T00:42:17.000Z,https://p19-common-sign.tiktokcdn-us.com/tos-useast8-p-0068-tx2/ogVUdSTRQIT2EUQEEqSAOgDuFpfGAB9sDQKq6f~tplv-tiktokx-origin.image?dr=9636&x-expires=1788555600&x-signature=RVGLgvMJn%2B30bCQFVORAwvNvIG0%3D&t=4d5b0474&ps=13740610&shp=81f88b70&shcp=43f4a2f9&idc=useast5,,carry all tote,False,False,720,1280
7646046382310083854,https://www.tiktok.com/@curationbycourt/video/7646046382310083854,curationbycourt,Curation by Court ✨,Made the dopest creative carryall tote (if I do say so myself 💁🏾‍♀️); equipped for plenty of memories + mischief! 📸 #fyp #DIY #blackgirltiktok #concerts #crafts ,#fyp #DIY #blackgirltiktok #concerts #crafts,15500,1674,40,154,48,2026-05-31T13:25:39.000Z,https://p19-common-sign.tiktokcdn-us.com/tos-useast5-p-0068-tx/oYacvAAXtE4hRBkvJkid2iAAIENaB0Fgwm1kA~tplv-tiktokx-origin.image?dr=9636&x-expires=1788555600&x-signature=RH00mylPo8saxCrXIwKpdj9apGc%3D&t=4d5b0474&ps=13740610&shp=81f88b70&shcp=43f4a2f9&idc=useast5,,carry all tote,False,False,720,1280
7673969030549605645,https://www.tiktok.com/@naturallykii_/video/7673969030549605645,naturallykii_,NaturallyKii,my current obsession.  “For the ones you carry it all.” @Forest Street Co. #foreststreetco #totebag #fyp #girlsgirl #fyppppppppppppppppppppppp ,# #foreststreetco #totebag #fyp #girlsgirl #fyppppppppppppppppppppppp,1040,57,5,3,22,2026-08-14T19:19:41.000Z,https://p16-common-sign.tiktokcdn-us.com/tos-useast5-p-0068-tx/oMIbfMHGwQafRaZOIptATHG9L3eFAFlz7QLfKP~tplv-tiktokx-origin.image?dr=9636&x-expires=1788555600&x-signature=s7XTWwYsqNcaD43ViJ%2FOfdxyN6w%3D&t=4d5b0474&ps=13740610&shp=81f88b70&shcp=43f4a2f9&idc=useast5,,carry all tote,False,False,720,1280
7679822701187337485,https://www.tiktok.com/@wrjk.vmav02/video/7679822701187337485,wrjk.vmav02,Marnie•Grace,"Everything I need, all in one tote 🤎 #whatsinmybag #totebag #everydaycarry #brown #goyard ",#whatsinmybag #totebag #everydaycarry #brown #goyard,396,20,2,0,7,2026-08-30T13:55:00.000Z,https://p19-common-sign.tiktokcdn-us.com/tos-useast5-p-0068-tx/ocRGGmAeEI3i7wxVAeJsQbIoeuI0rCHkyGDjKL~tplv-tiktokx-origin.image?dr=9636&x-expires=1788555600&x-signature=nYPPLItMmPUhQfkQ%2F9KKiFgZDrE%3D&t=4d5b0474&ps=13740610&shp=81f88b70&shcp=43f4a2f9&idc=useast5,,carry all tote,False,False,720,960
7657897526174993678,https://www.tiktok.com/@tiffanyreed05/video/7657897526174993678,tiffanyreed05,Tiffany Reed,Louis Vuitton carryall inspired Luxary bag from @baebag_luxe👜🍒 is literal perfection this is going to be the perfect bag for work! If you reach out don’t forget to mention my name for a discount! #bagtok #pursetok #fashion ,# #bagtok #pursetok #fashion,70700,1677,90,97,104,2026-07-02T11:53:45.000Z,https://p19-common-sign.tiktokcdn-us.com/tos-useast5-p-0068-tx/okfqXWRdEiDRBGvEuUFAlITUD4rxIgBelMDSOA~tplv-tiktokx-origin.image?dr=9636&x-expires=1788555600&x-signature=zYGiCgUETJ0o0of8bPfj1YM1Feo%3D&t=4d5b0474&ps=13740610&shp=81f88b70&shcp=43f4a2f9&idc=useast5,,carry all tote,False,False,720,1280
7674237854138125582,https://www.tiktok.com/@angelmnguyen/video/7674237854138125582,angelmnguyen,angelmnguyen,What fits in my LV Carryall East West ❤️ #whatsinmybag featuring bag insert from @DGAZ #fyp #lvcarryalleastwest my new fav everyday bag 🙌 #louisvuitton #foryou ,#whatsinmybag # #fyp #lvcarryalleastwest #louisvuitton #foryou,30000,1854,40,271,60,2026-08-15T12:42:35.000Z,https://p19-common-sign.tiktokcdn-us.com/tos-useast5-p-0068-tx/oMrAcibAponUBgxBIsaiE84rIG242UEmXAPBJ~tplv-tiktokx-dmt-logom:tos-useast5-i-0068-tx/oAXFqDIf6ADMggA6EpCECm5AySFrRgtEGAw5fA.image?dr=9634&x-expires=1788555600&x-signature=4Y7M2RsoknXD8EaGp%2FxscA14HLc%3D&t=4d5b0474&ps=13740610&shp=81f88b70&shcp=43f4a2f9&idc=useast5,,carry all tote,False,False,720,1280
7124324265956052266,https://www.tiktok.com/@itsabbyprice/video/7124324265956052266,itsabbyprice,Abby Price,Carrying all the necessities in our custom embroidered tote 👜 #shopabbode #foryou #fyp #inspo #nyc #smallbusiness #nycbusiness #shopsmallbusiness #newyork #vintage,#shopabbode #foryou #fyp #inspo #nyc #smallbusiness #nycbusiness #shopsmallbusiness #newyork #vintage,2166,22,1,1,22,2022-07-25T14:57:00.000Z,https://p19-common-sign.tiktokcdn-us.com/tos-useast5-p-0068-tx/3546de4fbe35455d866594e61a217e93~tplv-tiktokx-origin.image?dr=9636&x-expires=1788555600&x-signature=VmosOHHiuJd1vzv6Z32117Rzho0%3D&t=4d5b0474&ps=13740610&shp=81f88b70&shcp=43f4a2f9&idc=useast5,,carry all tote,False,False,576,1024
7677791972307881229,https://www.tiktok.com/@cyanroad/video/7677791972307881229,cyanroad,Cyanroad,One bag = all my essentials✨ #TravelBag #EverydayTote #WorkTote #TravelEssentials #DailyCarry,#travelbag #everydaytote #worktote #travelessentials #dailycarry,14700,211,13,24,18,2026-08-25T02:34:31.000Z,https://p16-common-sign.tiktokcdn-us.com/tos-useast5-p-0068-tx/oMlqIzfMA5qGAQvmqAgIdXLVR1OzIfefJ8AMGA~tplv-tiktokx-origin.image?dr=9636&x-expires=1788555600&x-signature=ODo%2BnHK1%2Fy2CkMQJkwK3c8TfAmY%3D&t=4d5b0474&ps=13740610&shp=81f88b70&shcp=43f4a2f9&idc=useast8,,carry all tote,False,False,720,1280
7679129131715398942,https://www.tiktok.com/@melissariversofficial/video/7679129131715398942,melissariversofficial,Melissa Rivers,One less thing to worry about when you travel. You’re welcome. You may just need one in every color.,,12900,424,19,13,57,2026-08-28T17:03:07.000Z,https://p19-common-sign.tiktokcdn-us.com/tos-useast8-p-0068-tx2/oAVnkEmR7EMaEveEEqbAh9DsFJfAAC0ACIhRAL~tplv-tiktokx-origin.image?dr=9636&x-expires=1788555600&x-signature=rzsQaLYpSe1eYWhowjnm7x%2BNHuk%3D&t=4d5b0474&ps=13740610&shp=81f88b70&shcp=43f4a2f9&idc=useast8,,carry all tote,False,False,720,1280
7593585730727808276,https://www.tiktok.com/@kookoovlogs/video/7593585730727808276,kookoovlogs,KOOKOO,Found my new dump-it-all carry-all tote bag. Thank you Supply. 🤎 Elsewhere Supply.   #wimb #whatsinmybag #fyp,#wimb #whatsinmybag #fyp,96900,1731,59,55,166,2026-01-10T04:31:11.000Z,https://p16-common-sign.tiktokcdn-us.com/tos-alisg-p-0037/o8rBXCDLFXsgYrDerRNwABuE4x5QQUGfgpdlaE~tplv-tiktokx-dmt-logom:tos-alisg-i-0068/o8BEEAS9EFA10YAgIRIDUNt1do1AY6phhBffCg.image?dr=9634&x-expires=1788555600&x-signature=LYbONMHnMnK9Y4i1Xw6t0jCSd5w%3D&t=4d5b0474&ps=13740610&shp=81f88b70&shcp=43f4a2f9&idc=useast8,,carry all tote,False,False,576,1024
7580998107777830158,https://www.tiktok.com/@shoppinglover048/video/7580998107777830158,shoppinglover048,shoppinglover048,Perfect carry all tote bag 🧡 #coach #totebags #fyp,#coach #totebags #fyp,2956,147,6,5,11,2025-12-07T06:25:15.000Z,https://p19-common-sign.tiktokcdn-us.com/tos-useast5-p-0068-tx/o0AD1Fx7yNfcDHWxRfCBR4EngSEJDYQIzp56IT~tplv-tiktokx-origin.image?dr=9636&x-expires=1788555600&x-signature=3UFJECAzF2PCnlMo8ARWrXLtoQE%3D&t=4d5b0474&ps=13740610&shp=81f88b70&shcp=43f4a2f9&idc=useast8,,carry all tote,False,False,720,1280
7678496533431520543,https://www.tiktok.com/@izoriznot/video/7678496533431520543,izoriznot,iz,I love my bags! I’m the luckiest girl in the world,,682,49,3,5,161,2026-08-27T00:08:23.000Z,https://p19-common-sign.tiktokcdn-us.com/tos-useast8-p-0068-tx2/o44oaKfyABAEAabNAQLoefRGteV1HffIAElI9g~tplv-tiktokx-dmt-logom:tos-useast8-i-0068-tx2/oke7aoA79RtgEfIeABAA3ff4XloA3vhYA2Rl4f.image?dr=9634&x-expires=1788555600&x-signature=EUW%2BTR1eej5vb5P7XTAZV2sRS7c%3D&t=4d5b0474&ps=13740610&shp=81f88b70&shcp=43f4a2f9&idc=useast8,,carry all tote,False,False,720,1280
7680928782533938463,https://www.tiktok.com/@beach_bunz/video/7680928782533938463,beach_bunz,Lex 🧜🏽‍♀️🦄,"Prior to this, I filmed a “what’s in my bag” - but I’ll post that later. This was filmed after. It’s my bag of the day and outfit of the day where I show why I am so obsessed with the @Coach Large Rowan. I have her in black and in Maple. Top: @PUMIEY , Pants & Loafers: @ZARA                            #botd #ootd #coachtok #bagtok #pursetok ",# # # #botd #ootd #coachtok #bagtok #pursetok,602,71,13,0,92,2026-09-02T13:26:48.000Z,https://p19-common-sign.tiktokcdn-us.com/tos-useast8-p-0068-tx2/oc1CBIuJY31ApHsJzGiPAiTCIiBBRAIqcIfGRk~tplv-tiktokx-dmt-logom:tos-useast8-i-0068-tx2/oUEIqQSAAAgbIHXVjLeMEVGEeAM7uIIeCAlvAw.image?dr=9634&x-expires=1788555600&x-signature=%2F5raxgeDtWuGhzNwPVFJAxjkvWk%3D&t=4d5b0474&ps=13740610&shp=81f88b70&shcp=43f4a2f9&idc=useast8,,carry all tote,False,False,720,1280
7680374688509447437,https://www.tiktok.com/@yardsale.day/video/7680374688509447437,yardsale.day,Yardsale,"we originally deisgned this tote with ski days in mind, but turns out it makes a great everyday bag too 🤙🏼  #totebag #everydaybag #travelbag #travelessentials #mensbag ",#totebag #everydaybag #travelbag #travelessentials #mensbag,1704,60,3,7,42,2026-09-01T01:36:40.000Z,https://p16-common-sign.tiktokcdn-us.com/tos-useast5-p-0068-tx/ogwAwixP1BAXLGSwABBuCXGSiAYEJIfICCZgW1~tplv-tiktokx-origin.image?dr=9636&x-expires=1788555600&x-signature=AQJHonHLxyrwUB%2BvkW0q%2FyEjupM%3D&t=4d5b0474&ps=13740610&shp=81f88b70&shcp=43f4a2f9&idc=useast5,,carry all tote,False,False,720,1280
7660291794218847519,https://www.tiktok.com/@gameonysus/video/7660291794218847519,gameonysus,Janet Garcia,Loved the look HATED using it. My review of the #coach empire carryall. #bags #coachempire #coachempirecarryall ,#coach #bags #coachempire #coachempirecarryall,74900,3207,500,84,257,2026-07-08T22:44:48.000Z,https://p19-common-sign.tiktokcdn-us.com/tos-useast8-p-0068-tx2/ow2tuxASqEKX2qGqAnDKI0IOfBEdzBEVHDeRTF~tplv-tiktokx-origin.image?dr=9636&x-expires=1788555600&x-signature=Zdi3c1N8loc7AmV%2Fetd1i8o2UoM%3D&t=4d5b0474&ps=13740610&shp=81f88b70&shcp=43f4a2f9&idc=useast5,,carry all tote,False,False,720,1280
7667312945491168533,https://www.tiktok.com/@bianka.knowles/video/7667312945491168533,bianka.knowles,Bianka with a K,Which bag is your fave? 💼 #gorchic #gorchicjuly #bougieonabudget #style #styleinspo ,#gorchic #gorchicjuly #bougieonabudget #style #styleinspo,629,38,24,1,109,2026-07-27T20:50:15.000Z,https://p19-common-sign.tiktokcdn-us.com/tos-alisg-p-0037/oIeCAmCfBnTqiBAzEJIrRxDBgitEcVAkLIZrIA~tplv-tiktokx-dmt-logom:tos-alisg-i-0068/osQnh9EiAsICAISEABi1AxBBwSO6AAPIPfMCN0.image?dr=9634&x-expires=1788555600&x-signature=TbWLaXqkl9bw4cwvEA%2BKt7BfcZg%3D&t=4d5b0474&ps=13740610&shp=81f88b70&shcp=43f4a2f9&idc=useast5,,carry all tote,False,False,576,1024
7642850752628624653,https://www.tiktok.com/@ikecech/video/7642850752628624653,ikecech,Ike Cech,"The L. L Bean tote bag is a perfect bag. I’m not really one to carry a bag, it always feels like too much of hassle, but when I need one this tote bag is my go to. #boatandtote #llbean #totebag #fashion #style @llbean ",#boatandtote #llbean #totebag #fashion #style #,7885,277,9,5,116,2026-05-22T22:44:32.000Z,https://p19-common-sign.tiktokcdn-us.com/tos-useast5-p-0068-tx/okeQAWQQ7S0uOuoMuL2rRfIghG7KemARGGFfoI~tplv-tiktokx-origin.image?dr=9636&x-expires=1788555600&x-signature=tguifI1AHOrDwPGZTTrloXFNBYE%3D&t=4d5b0474&ps=13740610&shp=81f88b70&shcp=43f4a2f9&idc=useast5,,carry all tote,False,False,720,1280
7596937912168484103,https://www.tiktok.com/@the.abundantcollective/video/7596937912168484103,the.abundantcollective,Serena TheAbundantCollective,"6 reasons to love our Carry-All Tote 1.Machine-washable Real life happens. Snacks spill, drinks leak, sand gets everywhere - just throw it in the wash and go again. 2.Fun, feel-good colourways Bold, bright stripes designed to lift your outfit and your mood. Practical doesn’t have to be boring! 3.Seriously spacious Designed to fit everything - beach gear, kids’ stuff, gym essentials, work bits and more. 4. Thick, sturdy shoulder straps Comfortable to carry, even when it’s fully loaded. No digging in, no slipping off. 5. Durable, everyday-proof design Soft terry towelling on the outside with a s",#totebag #summer #australia #fashion #dopaminedressing,285,7,0,1,17,2026-01-19T05:19:07.000Z,https://p16-common-sign.tiktokcdn-us.com/tos-alisg-p-0037/owMvsDPfSVDkW0ptC2FEAfDBI2AjZ0SIItfT42~tplv-tiktokx-origin.image?dr=9636&x-expires=1788555600&x-signature=87uWi4V9PHOvAGgye3TMzt5hUAQ%3D&t=4d5b0474&ps=13740610&shp=81f88b70&shcp=43f4a2f9&idc=useast5,,carry all tote,False,False,576,1024
7680252136684260638,https://www.tiktok.com/@snappypick/video/7680252136684260638,snappypick,snappypick,🛍️ Want it? Get it through the link in my bio 👆✨ #tiktokshop #musthaves #fyp #tiktokmademebuyit #foryoupage,#tiktokshop #musthaves #fyp #foryoupage,386,2,0,0,11,2026-09-01T19:00:00.000Z,https://p19-common-sign.tiktokcdn-us.com/tos-useast8-p-0068-tx2/oY4wAV4itzEmSAG1AEAIIvpilfC9ZdCKiBSBA0~tplv-tiktokx-origin.image?dr=9636&x-expires=1788555600&x-signature=zsySkhuBtCNZ%2Bu%2FVbuxPHkCsn38%3D&t=4d5b0474&ps=13740610&shp=81f88b70&shcp=43f4a2f9&idc=useast5,,carry all tote,False,False,720,1280
7670220164301917470,https://www.tiktok.com/@foreststreetco/video/7670220164301917470,foreststreetco,Forest Street Co.,"🚨 Sale Alert! 🚨  Our Carry-All duffel is my go-to travel bag, and it’s currently on sale for a limited time! 🎒✈️  This bag is durable, flexible and (most importantly) CUTE! 🔥  It’s time to get a bag that fits YOUR needs, not the needs of a overhead compartment. Carry-All bags are currently for sale on our site, but not for long! ✈️  #travelbag #blackownedhandbag #duffelbags #womenwhotravel ",#travelbag #blackownedhandbag #duffelbags #womenwhotravel,5108,350,15,32,45,2026-08-04T16:51:55.000Z,https://p16-common-sign.tiktokcdn-us.com/tos-useast8-p-0068-tx2/o4icDf4qEEeVQVM3ZAqAFC9kIHRhAA6UDERArB~tplv-tiktokx-origin.image?dr=9636&x-expires=1788555600&x-signature=sV85TZiIDihCqQlnmmKp%2B8%2Bt5Hk%3D&t=4d5b0474&ps=13740610&shp=81f88b70&shcp=43f4a2f9&idc=useast5,,carry all tote,False,False,720,1280
7680334924355751188,https://www.tiktok.com/@iagiaco/video/7680334924355751188,iagiaco,G,Aldo if you see this   pls  send  PR 😂😂  #inboxing #totebag #campuslife #foryoupage #foryou ,#inboxing #totebag #campuslife #foryoupage #foryou,340,46,6,0,72,2026-08-31T23:02:13.000Z,https://p19-common-sign.tiktokcdn-us.com/tos-alisg-p-0037/owfjNet7GDcVL8rIXsIDAkgfLCogKABAIajiwA~tplv-tiktokx-origin.image?dr=9636&x-expires=1788555600&x-signature=%2BuVKw%2BkcVg5NU4Tw3RAJccvPqoQ%3D&t=4d5b0474&ps=13740610&shp=81f88b70&shcp=43f4a2f9&idc=useast5,,carry all tote,False,False,576,1024
7679162303601822994,https://www.tiktok.com/@sofiawoldarsky_/video/7679162303601822994,sofiawoldarsky_,Sofia Woldarsky,"Vale cada peso que pague!!! Lo estoy amando demasiadoo, ademas de que es rosado🥹🎀🫰🏼#stanley #totebag ",#stanley #totebag,209000,12600,155,1163,143,2026-08-28T19:11:53.000Z,https://p19-common-sign.tiktokcdn-us.com/tos-alisg-p-0037/oIBpEAzXA0RroAAHyBj3SCAkiaavydYYdipIE~tplv-tiktokx-origin.image?dr=9636&x-expires=1788555600&x-signature=kONKJT62h0M6XJuDuZEE6UUxvMA%3D&t=4d5b0474&ps=13740610&shp=81f88b70&shcp=43f4a2f9&idc=useast5,,carry all tote,False,False,576,1024
7678808195271281934,https://www.tiktok.com/@juliacmcadoo/video/7678808195271281934,juliacmcadoo,Julia McAdoo,Part of motherhood is retiring the little purses for daily tote bags so they better be cute and functional. I love my collection so much 🥹 #freepeople #bagcollection #totebag ,#freepeople #bagcollection #totebag,16800,1805,29,16,359,2026-08-27T20:17:46.000Z,https://p19-common-sign.tiktokcdn-us.com/tos-useast5-p-0068-tx/ogwNtAAQqED4fhvhC2FEgtDoEkARVCAQITfASJ~tplv-tiktokx-dmt-logom:tos-useast5-i-0068-tx/o8EaQpmAiP4iCgBIAyJRgEBCb49gAaMZS2UAk.image?dr=9634&x-expires=1788555600&x-signature=N40L22CIeBOVfBDdX8hI8Uav2OI%3D&t=4d5b0474&ps=13740610&shp=81f88b70&shcp=43f4a2f9&idc=useast5,,carry all tote,False,False,720,1280
7667803007286873374,https://www.tiktok.com/@thequeenmyana/video/7667803007286873374,thequeenmyana,thequeenmyana,Can’t go wrong w a thousand purses ☺️ lmk if u want more unboxing vids!!,,664200,53200,3126,7297,229,2026-07-29T04:32:16.000Z,https://p19-common-sign.tiktokcdn-us.com/tos-useast8-p-0068-tx2/o0AEYipvimTAlZmIUWRbPV9pBCaBAY6U7IgbB~tplv-tiktokx-origin.image?dr=9636&x-expires=1788555600&x-signature=Mg8c52IfcfIi%2BZu2lmEaYcjPNDo%3D&t=4d5b0474&ps=13740610&shp=81f88b70&shcp=43f4a2f9&idc=useast5,,purse,False,False,720,1280
7678863339451174157,https://www.tiktok.com/@juarezzboutique/video/7678863339451174157,juarezzboutique,juarezzboutique,Isn’t she gorgeous 😍#fyp #pursecollection #newbag ,#fyp #pursecollection #newbag,620,24,0,0,39,2026-08-27T23:51:48.000Z,https://p19-common-sign.tiktokcdn-us.com/tos-useast5-p-0068-tx/oEeD2ZDXFzVNkzQVXR0cABtEItCQQSBfgqMi0E~tplv-tiktokx-origin.image?dr=9636&x-expires=1788555600&x-signature=KGbz7a%2BLgafrec16kvRTa60e4UQ%3D&t=4d5b0474&ps=13740610&shp=81f88b70&shcp=43f4a2f9&idc=useast5,,purse,False,False,720,1280
7669966792306986253,https://www.tiktok.com/@baileyebass/video/7669966792306986253,baileyebass,baileyebass,I love my purses  Video inspired by @Mandy ,#,737400,95000,69,284,186,2026-08-04T00:28:37.000Z,https://p16-common-sign.tiktokcdn-us.com/tos-useast5-p-0068-tx/octBEEvYlxUJAI4nMAIzixNAzDkcanqMgB02i~tplv-tiktokx-origin.image?dr=9636&x-expires=1788555600&x-signature=aM%2BfHucjIx6eVykB31wKrXnjQLg%3D&t=4d5b0474&ps=13740610&shp=81f88b70&shcp=43f4a2f9&idc=useast5,,purse,False,False,720,1280
7672557220650863902,https://www.tiktok.com/@all.things.amari/video/7672557220650863902,all.things.amari,Amari Molina 🤍,SCREAMING. CRYING. THROWING UPPPPP She had 2 layers of protectant spray on her but she didn’t stand a CHANCE 😭😭😭😭   What do I do?!?!   #coach #coachchelsea #chelsea30 #help #purse #pursetok ,#coach #coachchelsea #chelsea30 #help #purse #pursetok,5400000,196700,2297,7206,19,2026-08-11T00:00:50.000Z,https://p16-common-sign.tiktokcdn-us.com/tos-useast8-p-0068-tx2/oUaQAEmCjW0IUAzf0QGe7mGNvYeDICFPqQKIK7~tplv-tiktokx-origin.image?dr=9636&x-expires=1788555600&x-signature=T%2FLOC%2FVCmGSYB34KNKpZ1l%2FK6eo%3D&t=4d5b0474&ps=13740610&shp=81f88b70&shcp=43f4a2f9&idc=useast5,,purse,False,False,720,960
7527732705308511502,https://www.tiktok.com/@lani76372/video/7527732705308511502,lani76372,included,#gucci #purses #girls #woman #fyp #style #want ,#gucci #purses #girls #woman #fyp #style #want,2237,61,0,3,10,2025-07-16T17:28:15.000Z,https://p19-common-sign.tiktokcdn-us.com/tos-useast5-p-0068-tx/osQhQ3GIAGIEJAfxe4wCeLTjGHkslQp1j87RrM~tplv-tiktokx-origin.image?dr=9636&x-expires=1788555600&x-signature=UVB40cfq3xuekp8Dz9r97OaysOE%3D&t=4d5b0474&ps=13740610&shp=81f88b70&shcp=43f4a2f9&idc=useast5,,purse,False,False,576,1024
7511124273667247406,https://www.tiktok.com/@thepinkbandit._/video/7511124273667247406,thepinkbandit._,Tay 🌸,Couldn’t get all my ladies in this video …. I’m starting to run out of space 🤣 #juicycouture #fyp ,#juicycouture #fyp,71300,9518,103,413,23,2025-06-01T23:18:46.000Z,https://p19-common-sign.tiktokcdn-us.com/tos-useast5-p-0068-tx/okARBigqEroAgLE9IC8A2SiA6PcP3DfN9bAUfq~tplv-tiktokx-origin.image?dr=9636&x-expires=1788555600&x-signature=0UsZBFf2xZF6NOC1sOdJt2jzS6s%3D&t=4d5b0474&ps=13740610&shp=81f88b70&shcp=43f4a2f9&idc=useast5,,purse,False,False,576,1024
7679316997762534670,https://www.tiktok.com/@chowbabygirl/video/7679316997762534670,chowbabygirl,chowbabygirl,dream purse 😍 #chowbaby #fyp ,#chowbaby #fyp,138700,11200,90,78,11,2026-08-29T05:12:23.000Z,https://p19-common-sign.tiktokcdn-us.com/tos-useast5-p-0068-tx/oABiK4JBiSg2auOELcPJBqBAT4EIJpNaMUFjc~tplv-tiktokx-origin.image?dr=9636&x-expires=1788555600&x-signature=5qJEQnJpjxy09wyze36nKiAsmRo%3D&t=4d5b0474&ps=13740610&shp=81f88b70&shcp=43f4a2f9&idc=useast5,,purse,False,False,720,1280
7670615080043810065,https://www.tiktok.com/@queensbags/video/7670615080043810065,queensbags,Queens bags,hand clutch hand purse 👜 👛  order 0323😍8481😍449 #purse #clutch #bag #trending #viralvideo ,#purse #clutch #bag #trending #viralvideo,12400,200,4,12,14,2026-08-05T18:24:24.000Z,https://p19-common-sign.tiktokcdn-us.com/tos-alisg-p-0037/oElqDPeG4gjHj1UI2fHQb5WvmC9A6IzeLZYZgA~tplv-tiktokx-origin.image?dr=9636&x-expires=1788555600&x-signature=UCTn8JOVqVTJycc5ctbESE5gKaI%3D&t=4d5b0474&ps=13740610&shp=81f88b70&shcp=43f4a2f9&idc=useast5,,purse,False,False,576,1024
7674435947680845069,https://www.tiktok.com/@ashley_taylorxoxo/video/7674435947680845069,ashley_taylorxoxo,A S H L E Y 🎀🧸🍒,Hi guys! This bag is absolutely GORGEOUS and budget friendly!! 💸 I hope you guys enjoyed this unboxing!! 🥰  Seller: @Freeso_shop use code “Ashley” for a discount 🔗 in b!o 😍💕  #fyp #unboxing #affordableluxury #designerinspired #speedy25 ,# #fyp #unboxing #affordableluxury #designerinspired #speedy25,2596,124,13,8,244,2026-08-16T01:31:22.000Z,https://p19-common-sign.tiktokcdn-us.com/tos-useast5-p-0068-tx/oAaBPAAHuE4o3BkSjHiFSiCAIEE4B6GgEJ2OA~tplv-tiktokx-dmt-logom:tos-useast5-i-0068-tx/ocfrEACERSxfDLE0JgARDQAgIAwqv0D6CodDFC.image?dr=9634&x-expires=1788555600&x-signature=MlY%2B0Odi0cxCtkT9sHC4n5%2F4fIA%3D&t=4d5b0474&ps=13740610&shp=81f88b70&shcp=43f4a2f9&idc=useast8,,designer inspired bag,False,False,720,1280
7674056731952942349,https://www.tiktok.com/@_iamsandy/video/7674056731952942349,_iamsandy,Sandy💋,Don’t ask for my bag cuz YALL AINT GETTING IT 😝😝 jk #luxuryinspired #designer #designerbags #handbags #affordable ,#luxuryinspired #designer #designerbags #handbags #affordable,22300,1809,71,414,114,2026-08-15T00:59:38.000Z,https://p19-common-sign.tiktokcdn-us.com/tos-useast5-p-0068-tx/o8pfhgoqjYBf53AFAcsx4anAPEeAFkffAT43eg~tplv-tiktokx-origin.image?dr=9636&x-expires=1788555600&x-signature=ApMcu2dS0a2hjxLzreUqfZ5DwbQ%3D&t=4d5b0474&ps=13740610&shp=81f88b70&shcp=43f4a2f9&idc=useast8,,designer inspired bag,False,False,720,1280
7680565915141836046,https://www.tiktok.com/@_iamsandy/video/7680565915141836046,_iamsandy,Sandy💋,Which bag are you taking home ??? 👀 #affordable #designerbags #handbags #luxuryinspired #DesignerJunkiebySandy ,#affordable #designerbags #handbags #luxuryinspired #designerjunkiebysandy,579,55,14,13,210,2026-09-01T13:58:57.000Z,https://p16-common-sign.tiktokcdn-us.com/tos-useast5-p-0068-tx/owBJOCak2EVQi6IEaAJ2pa4iJAbABAiPIWgIC~tplv-tiktokx-origin.image?dr=9636&x-expires=1788555600&x-signature=YCnBQOidgdgNCZgA961LuSoMVqg%3D&t=4d5b0474&ps=13740610&shp=81f88b70&shcp=43f4a2f9&idc=useast8,,designer inspired bag,False,False,720,1280
7678771751865634062,https://www.tiktok.com/@_iamsandy/video/7678771751865634062,_iamsandy,Sandy💋,Treat yourself to a luxury inspired handbag! #affordablefashion #handbags #designerbags #luxury #DesignerJunkiebySandy ,#affordablefashion #handbags #designerbags #luxury #designerjunkiebysandy,93100,3808,275,343,69,2026-08-27T17:56:27.000Z,https://p16-common-sign.tiktokcdn-us.com/tos-useast5-p-0068-tx/oENqmaptAAAnARSHgIF6keSDJfaE1kHEDECEgQ~tplv-tiktokx-origin.image?dr=9636&x-expires=1788555600&x-signature=m6zttII1Py4BdgqYF2HKkRHQ3IQ%3D&t=4d5b0474&ps=13740610&shp=81f88b70&shcp=43f4a2f9&idc=useast8,,designer inspired bag,False,False,720,1280
7668688857189141773,https://www.tiktok.com/@tiffanyreed05/video/7668688857189141773,tiffanyreed05,Tiffany Reed,@Top luxury stores we’ve got some Balenciaga mail today! This inspired bag is amazing and it’s different than anything else I have in my collection and it’s reminding me of the early 2000s and I’m absolutely in love with it #BAGTOK #PURSETOK #AffordableLuxury,# #bagtok #pursetok #affordableluxury,1399,44,11,2,116,2026-07-31T13:49:38.000Z,https://p19-common-sign.tiktokcdn-us.com/tos-useast5-p-0068-tx/oAFwATqsSLLWgRpGQpIGufeuQrWRAeTbOIZveG~tplv-tiktokx-origin.image?dr=9636&x-expires=1788555600&x-signature=qxVzmAoeB51HVcQhP%2BhPNTNZ%2FTY%3D&t=4d5b0474&ps=13740610&shp=81f88b70&shcp=43f4a2f9&idc=useast8,,designer inspired bag,False,False,720,1280
7680420815220952351,https://www.tiktok.com/@shoppingwithsteph0417/video/7680420815220952351,shoppingwithsteph0417,Steph,This is a different shade of denim and I’m loving it on this Speedy 30 ! It’s unique and literally goes with any color. I got mine from @Jenny who is 🔗 in my bio 🔗. Make sure to give my name and Info in comments ❤️ #affordableluxury #budgetfriendly #designerinspired #bagtok #affordablefashion ,# #affordableluxury #budgetfriendly #designerinspired #bagtok #affordablefashion,1079,94,14,4,140,2026-09-01T22:30:00.000Z,https://p16-common-sign.tiktokcdn-us.com/tos-useast8-p-0068-tx2/oMYAZIuBvyVR9w82Aa68AEUVcFWTiipLIWBiB~tplv-tiktokx-dmt-logom:tos-useast8-i-0068-tx2/okAAb3iIEiA1OkSfPViKWmCsWhsBGCAJBByIAy.image?dr=9634&x-expires=1788555600&x-signature=iGWBslrnRjLXT7lwNlUxrhop4OU%3D&t=4d5b0474&ps=13740610&shp=81f88b70&shcp=43f4a2f9&idc=useast8,,designer inspired bag,False,False,720,1280
7679930593043385614,https://www.tiktok.com/@bougieonabudget2/video/7679930593043385614,bougieonabudget2,All things luxury,"Well, another delivery. And I’m not even sure what’s in this box! But follow along to see what’s inside#baglovers #unboxingvideo #designerinspired #bagtok #luxuryforless ",#baglovers #unboxingvideo #designerinspired #bagtok #luxuryforless,1605,40,11,0,32,2026-08-30T20:53:35.000Z,https://p16-common-sign.tiktokcdn-us.com/tos-useast5-p-0068-tx/oEzmCfWIDDEqFpJELpEMJqIJlBSQZuogrfRxhA~tplv-tiktokx-origin.image?dr=9636&x-expires=1788555600&x-signature=zxypV4fG9KRKX2wyYhp4DMX9MJs%3D&t=4d5b0474&ps=13740610&shp=81f88b70&shcp=43f4a2f9&idc=useast8,,designer inspired bag,False,False,720,1280
7680307980448959774,https://www.tiktok.com/@battledbutwinning/video/7680307980448959774,battledbutwinning,Brandi,Give CoCo a shout on her WA +86 133 9594 2381 #baghaul #designerinspired #unboxingvideo #bagtok #unboxing ,#baghaul #designerinspired #unboxingvideo #bagtok #unboxing,940,62,13,2,140,2026-08-31T21:17:42.000Z,https://p16-common-sign.tiktokcdn-us.com/tos-useast8-p-0068-tx2/oYfV19jeIEDKHVaEY7F4AIl3IiPMQACqePCqDA~tplv-tiktokx-origin.image?dr=9636&x-expires=1788555600&x-signature=gTvv%2BQ5ay6NAUnP4WJnSz8hgLDo%3D&t=4d5b0474&ps=13740610&shp=81f88b70&shcp=43f4a2f9&idc=useast8,,designer inspired bag,False,False,720,1280
7550694506060926222,https://www.tiktok.com/@imsojules/video/7550694506060926222,imsojules,Jules💫,realizing I need more colors in my closet😂  Bag - @Oak and Fort   #oakandfort #neutralootd #shoulderbags #minimalstyle #monochromeoutfits ,# #oakandfort #neutralootd #shoulderbags #minimalstyle #monochromeoutfits,4011,50,19,8,11,2025-09-16T14:31:53.000Z,https://p19-common-sign.tiktokcdn-us.com/tos-useast5-p-0068-tx/oISCyzLAGXVDfs1hAAARbYfTEkDFS6EogI0QFF~tplv-tiktokx-origin.image?dr=9636&x-expires=1788555600&x-signature=9MMnUCrMWI87T2cZH9bw3%2FO4Bdg%3D&t=4d5b0474&ps=13740610&shp=81f88b70&shcp=43f4a2f9&idc=useast5,,shoulder tote outfit,True,False,720,1280
7678427477336689951,https://www.tiktok.com/@kamiicloset2/video/7678427477336689951,kamiicloset2,kami,look cute at least #inspo #relatable #fits ,#inspo #relatable #fits,1055,55,1,0,8,2026-08-26T19:40:31.000Z,https://p16-common-sign.tiktokcdn-us.com/tos-useast8-p-0068-tx2/oYAOiCT1qi8FiI5IBLPfAiQRWBFK76IxgnDtDA~tplv-tiktokx-origin.image?dr=9636&x-expires=1788555600&x-signature=uzJTLcu6KXhEQOBRy3HW%2Bz9x8T0%3D&t=4d5b0474&ps=13740610&shp=81f88b70&shcp=43f4a2f9&idc=useast5,,shoulder tote outfit,False,False,720,1280
7676152536423763214,https://www.tiktok.com/@alinelowry/video/7676152536423763214,alinelowry,alinelowry,Travel outfit idea Elegant and comfortable airport outfit! Link in my bi0 #foryou #fyp #paravoce #travel #airportoutfit #aerolook,#foryou #fyp #paravoce #travel #airportoutfit #aerolook,2630,74,3,2,32,2026-08-22T16:05:00.000Z,https://p16-common-sign.tiktokcdn-us.com/tos-useast5-p-0068-tx/oEAPb1WfVqEqESDeCADOUtFyAuKhgA9IwvVAQC~tplv-tiktokx-origin.image?dr=9636&x-expires=1788555600&x-signature=SqSSW3cEQUJAcaTmdLd6mMiEgJ0%3D&t=4d5b0474&ps=13740610&shp=81f88b70&shcp=43f4a2f9&idc=useast5,,shoulder tote outfit,False,False,720,1280
7656669203088411918,https://www.tiktok.com/@soynereydaa/video/7656669203088411918,soynereydaa,Nere,The cutest shoulder bag 👜🤎     Linked in my showcase✨                                         @KKXIU US  ,#,4405,511,1,5,12,2026-06-29T04:27:24.000Z,https://p19-common-sign.tiktokcdn-us.com/tos-useast5-p-0068-tx/osIgB8pv0AAiyVAEaKHJkBIB9kiEHCA4XB9qk~tplv-tiktokx-origin.image?dr=9636&x-expires=1788555600&x-signature=XdwJofrntuBPVjzKkovBFtDwP30%3D&t=4d5b0474&ps=13740610&shp=81f88b70&shcp=43f4a2f9&idc=useast5,,shoulder tote outfit,False,False,720,1280
7387816729747000609,https://www.tiktok.com/@cristinatabun/video/7387816729747000609,cristinatabun,cristinatabun,How To Style Casual Shoulder Tote Bags 🥥☕️🤎  @cosyisland_official tote bag   #baglover #bagstyle #totebag #stylinginspiration #stylingblog #fashionblogger #waystowear #grwmreel #cosyisland,#baglover #bagstyle #totebag #stylinginspiration #stylingblog #fashionblogger #waystowear #grwmreel #cosyisland,1128,53,1,0,35,2024-07-04T16:22:14.000Z,https://p19-common-sign.tiktokcdn-us.com/tos-useast2a-p-0037-euttp/35712f3a2a1e472a9e8f8047a6a79b24_1720110137~tplv-tiktokx-origin.image?dr=9636&x-expires=1788555600&x-signature=KYLOxN%2F0SJymN7m2F1paxlQnwyE%3D&t=4d5b0474&ps=13740610&shp=81f88b70&shcp=43f4a2f9&idc=useast5,,shoulder tote outfit,False,False,576,1024
7545453581802032406,https://www.tiktok.com/@carrystyle.us/video/7545453581802032406,carrystyle.us,carrystyle.us,#fashion #tiktokfashion #bag #shoulderbag #everydaybag #totebag #largecapacitybag #outfit #OOTD #fyp #trending,,226,1,0,0,9,2025-09-02T11:33:40.000Z,https://p16-common-sign.tiktokcdn-us.com/tos-no1a-p-0037-no/o4FtFepqQAqwUKoSIfAtbsAFAtLf9geB3ABGfI~tplv-tiktokx-origin.image?dr=9636&x-expires=1788555600&x-signature=T6fGD2H3CYnbgjnqxYdfQLrw1wo%3D&t=4d5b0474&ps=13740610&shp=81f88b70&shcp=43f4a2f9&idc=useast5,,shoulder tote outfit,False,False,576,1024
7626380070403493141,https://www.tiktok.com/@daysinavarroc/video/7626380070403493141,daysinavarroc,daysinavarroc,"No gastes en muchos bolsos, en tu armario cápsula debe haber 1 que sea versátil. #creatorsearchinsights #outfitideas #outfitinspo #styleinspo #fashion ",#creatorsearchinsights #outfitideas #outfitinspo #styleinspo #fashion,291900,16700,895,991,40,2026-04-08T13:29:48.000Z,https://p19-common-sign.tiktokcdn-us.com/tos-alisg-p-0037/oMfkAQEDy0UCEwilWR7i2CABBiAn6IIWw6OAAA~tplv-tiktokx-origin.image?dr=9636&x-expires=1788555600&x-signature=cpqgDd634cdU8HaVEMMVwuq61Qk%3D&t=4d5b0474&ps=13740610&shp=81f88b70&shcp=43f4a2f9&idc=useast5,,shoulder tote outfit,False,False,576,1024
7680750454657027358,https://www.tiktok.com/@jayynicholee/video/7680750454657027358,jayynicholee,Jada Nichole,When you’re an in between dressy and casual type of girl🩷 jeans @ZARA  top @Fashion Nova   #casualoutfits #jeanoutfits #outfitideas #fashioninspo #stylingoutfits ,# # #casualoutfits #jeanoutfits #outfitideas #fashioninspo #stylingoutfits,845,176,12,1,8,2026-09-02T01:54:40.000Z,https://p19-common-sign.tiktokcdn-us.com/tos-useast8-p-0068-tx2/oIdaExi4ATK3FT4XiABAIBS4I61AgBCCAeiKvW~tplv-tiktokx-dmt-logom:tos-useast8-i-0068-tx2/oMdCuveXuA6IBJAIAF1iA3BKgiSiEtbz1BBxAC.image?dr=9634&x-expires=1788555600&x-signature=5iHBztZguZxi%2BuJvrlq%2BFrg2RrA%3D&t=4d5b0474&ps=13740610&shp=81f88b70&shcp=43f4a2f9&idc=useast5,,shoulder tote outfit,False,False,720,1280
7680865147065240840,https://www.tiktok.com/@betty_bucks/video/7680865147065240840,betty_bucks,Betty,not my fly being undone and my period undies poking through. this outfit is low key giving hot messssss  #layering #workoutfit #baggyjeans #blueshirt #wearingmywardrobe ,#layering #workoutfit #baggyjeans #blueshirt #wearingmywardrobe,515,23,0,0,60,2026-09-02T09:19:43.000Z,https://p19-common-sign.tiktokcdn-us.com/tos-alisg-p-0037/oUikEUi3A9cWmVLXBABAIUl7RGqg6CCEAfidfp~tplv-tiktokx-dmt-logom:tos-alisg-i-0068/okEAXVnIlEeAPAjfzSIACFEDo6DaLLAzhfxsi4.image?dr=9634&x-expires=1788555600&x-signature=Ukkbke7d8C1XHHeOQUYMFB4mRHc%3D&t=4d5b0474&ps=13740610&shp=81f88b70&shcp=43f4a2f9&idc=useast5,,shoulder tote outfit,False,False,576,1024
7680663884474125600,https://www.tiktok.com/@sannaferr/video/7680663884474125600,sannaferr,Sanna Ferro,watch my youtube video for all the details! #outfitinspo #autumnfashion #fallstyle #stylingtips ,#outfitinspo #autumnfashion #fallstyle #stylingtips,150800,25800,22,804,13,2026-09-01T20:18:39.000Z,https://p19-common-sign.tiktokcdn-us.com/tos-useast2a-p-0037-euttp/o8imxAV1SAbZBXOAizq5CIMBT0XfIdSACFloEB~tplv-tiktokx-origin.image?dr=9636&x-expires=1788555600&x-signature=0k9CgTyHUQudNZyEWHQ7WHpf%2BsI%3D&t=4d5b0474&ps=13740610&shp=81f88b70&shcp=43f4a2f9&idc=useast5,,shoulder tote outfit,False,False,576,1024
7627004380432108814,https://www.tiktok.com/@ngmishrn/video/7627004380432108814,ngmishrn,Mish 🩺👜🤍,The small size is perfect for me on the go 🖤 #coachbags #coachsmallcitytote #citytote #pursetok #shoulderbag ,#coachbags #coachsmallcitytote #citytote #pursetok #shoulderbag,78200,2269,32,214,104,2026-04-10T05:53:18.000Z,https://p16-common-sign.tiktokcdn-us.com/tos-useast5-p-0068-tx/okBUwTgEIFMiL96I7DiiQUYabbI3PGdAzB4jk~tplv-tiktokx-origin.image?dr=9636&x-expires=1788555600&x-signature=FZGme%2BpBtjBZ4pVgEo6egXHxKzM%3D&t=4d5b0474&ps=13740610&shp=81f88b70&shcp=43f4a2f9&idc=useast5,,shoulder tote outfit,True,False,720,1280
7680261395623005471,https://www.tiktok.com/@thegalsguideshop/video/7680261395623005471,thegalsguideshop,The Gals Guide,Outfit of the day ft my Gucci Mini Marmont handbag! 💛 #ootd #handbag #style #trending #gucci ,#ootd #handbag #style #trending #gucci,374,26,4,0,73,2026-08-31T18:17:05.000Z,https://p16-common-sign.tiktokcdn-us.com/tos-useast8-p-0068-tx2/oQPRCEBEF6AAATXBCARIxilqJQViuaiEAFpAi~tplv-tiktokx-origin.image?dr=9636&x-expires=1788555600&x-signature=aYdKW2HmbjJXlqiuNeQP4ptHj1A%3D&t=4d5b0474&ps=13740610&shp=81f88b70&shcp=43f4a2f9&idc=useast5,,handbag outfit,False,False,720,1280
7679856328084409621,https://www.tiktok.com/@molly_chills/video/7679856328084409621,molly_chills,Molly_chills,"Another combo edition with @Evelyn✨ .  This time ,there’s a twist;Bag edition. #molly_chills #officecontentideas #cooperateoutfitinspo #handbagviral ",# #molly_chills #officecontentideas #cooperateoutfitinspo #handbagviral,4501,666,16,6,9,2026-08-30T16:04:57.000Z,https://p19-common-sign.tiktokcdn-us.com/tos-alisg-p-0037/ocKIDKfo8QAKhe6qXaVgUfEpIAE5SCD6VQbjVF~tplv-tiktokx-origin.image?dr=9636&x-expires=1788555600&x-signature=MC09c9SUmOjvGr2v7qUmpFO2Foo%3D&t=4d5b0474&ps=13740610&shp=81f88b70&shcp=43f4a2f9&idc=useast5,,handbag outfit,False,False,576,1024
7679258220812160269,https://www.tiktok.com/@thatastrogirlie/video/7679258220812160269,thatastrogirlie,dr. clary 👩🏼‍💻🔭🪐,"please send help 😭 never been so conflicted   bag is @STAUD or @ChanelOfficial   handbags, fashion, outfit, designer, girly ",# #,8801,1219,69,4,30,2026-08-29T01:24:19.000Z,https://p19-common-sign.tiktokcdn-us.com/tos-useast5-p-0068-tx/oYvAHi0IBgASiqwSWlEMCa4NGwApEIAkIBxIO~tplv-tiktokx-origin.image?dr=9636&x-expires=1788555600&x-signature=B%2FNez%2BchHVVdmVzVGqOaynRKdEQ%3D&t=4d5b0474&ps=13740610&shp=81f88b70&shcp=43f4a2f9&idc=useast5,,handbag outfit,False,False,720,1280
7650034783161961735,https://www.tiktok.com/@fynaazailani/video/7650034783161961735,fynaazailani,fynaazailani,yayy Im back with another work outfit inspo ✨ This time kita ikut theme handbag pulak 🙈🤭 handbag & lanyard from @Gals ,#,3400000,181100,5558,13200,40,2026-06-11T07:22:13.000Z,https://p19-common-sign.tiktokcdn-us.com/tos-alisg-p-0037/oMiYAL9iAii9ivaBEnCYITvIyAIBApAqNyEUA~tplv-tiktokx-origin.image?dr=9636&x-expires=1788555600&x-signature=P08eWSb2rohP2DV0mjHWbqE%2FTzA%3D&t=4d5b0474&ps=13740610&shp=81f88b70&shcp=43f4a2f9&idc=useast5,,handbag outfit,False,False,576,1024
7662185440111349022,https://www.tiktok.com/@bagsandbeautyhaul/video/7662185440111349022,bagsandbeautyhaul,Bagsandbeautyhaul,"✨📲 WhatsApp: 678-873-7084 ✨ @Anda🥇 @Anda👜   A little Bag of the Day + Outfit of the Day inspiration! 👜✨ I love seeing how one beautiful bag can completely change the vibe of an outfit. Whether you’re dressing up for brunch, running errands, or heading out for date night, there’s always the perfect bag to complete the look! Which combo is your favorite? 🤎  #LuxuryStyle #BagOfTheDay #OutfitInspiration #HandbagLover #OOTD",# # #luxurystyle #bagoftheday #outfitinspiration #handbaglover #ootd,765,53,21,3,8,2026-07-14T01:13:08.000Z,https://p19-common-sign.tiktokcdn-us.com/tos-useast8-p-0068-tx2/okEAVIAz5jBLWREVRmBRBEagjTVrSR7iSEilv~tplv-tiktokx-origin.image?dr=9636&x-expires=1788555600&x-signature=ujNzp%2BrQ1Kh3sOo8%2FGljSHKwZlE%3D&t=4d5b0474&ps=13740610&shp=81f88b70&shcp=43f4a2f9&idc=useast5,,handbag outfit,False,False,720,1280
7615460400569617695,https://www.tiktok.com/@everydaystyleguide1/video/7615460400569617695,everydaystyleguide1,StyleByJudith,4 Handbag Colors That Go With Almost Every Outfit The right handbag color can elevate your entire outfit. #HandbagStyle #ColorPairing #FashionTips #StyleEssentials #EverydayFashion 👜✨,#handbagstyle #colorpairing #fashiontips #styleessentials #everydayfashion,19500,89,3,6,30,2026-03-10T03:16:07.000Z,https://p16-common-sign.tiktokcdn-us.com/tos-useast8-p-0068-tx2/ok1KhUgY4h4Q0feHMmjeRqwAe2vTrGAvvzFXcA~tplv-tiktokx-origin.image?dr=9636&x-expires=1788555600&x-signature=d2NR4GRWQDvYlpRRjDif8BJBK%2BE%3D&t=4d5b0474&ps=13740610&shp=81f88b70&shcp=43f4a2f9&idc=useast5,,handbag outfit,False,False,720,1280
7674050040251321608,https://www.tiktok.com/@xxxswagbae/video/7674050040251321608,xxxswagbae,xxxswagbae,this bag is my personality atp #fyp #youngho #gucci #ootd #fashion ,#fyp #youngho #gucci #ootd #fashion,2617,156,1,4,10,2026-08-15T00:33:38.000Z,https://p16-common-sign.tiktokcdn-us.com/tos-alisg-p-0037/oEFWGmGZfX2eKRgaf17iQQvIYc0LgRpUGgAAec~tplv-tiktokx-origin.image?dr=9636&x-expires=1788555600&x-signature=qjNxFbIv%2FAQd0vwtUMEA4OXJRug%3D&t=4d5b0474&ps=13740610&shp=81f88b70&shcp=43f4a2f9&idc=useast5,,handbag outfit,False,False,576,1024
7679427692478909726,https://www.tiktok.com/@prettypowerhouse1/video/7679427692478909726,prettypowerhouse1,Pretty Powerhouse,Outfit of the day: work edition! Yall know I love me some Rainbow lol I’m also loving my new Michael Kors handbag. I LOVE MICHAEL KORS! 🥰🥰🥰 Enjoy the video! 🩷🩷🫶🏼🫶🏼,,797,99,38,0,60,2026-08-29T12:22:12.000Z,https://p19-common-sign.tiktokcdn-us.com/tos-useast8-p-0068-tx2/o4DWSvf5BRUsqFQEdcfBAqVrEkIEzItARWmMcG~tplv-tiktokx-dmt-logom:tos-useast8-i-0068-tx2/ogMKAQfA3IzJlXQIeqI8CWBvpfAHEjAGSVEZAI.image?dr=9634&x-expires=1788555600&x-signature=3BL1AOrDtGuSYDRGags6ljNIgXA%3D&t=4d5b0474&ps=13740610&shp=81f88b70&shcp=43f4a2f9&idc=useast5,,handbag outfit,False,False,720,1280
7665676598665825558,https://www.tiktok.com/@iamsaraouardi/video/7665676598665825558,iamsaraouardi,Sara,Your bag is not meant to blend in to your outfit #styling #bags #timelessstyle #designerbags #everydaystyle ,#styling #bags #timelessstyle #designerbags #everydaystyle,29200,1601,10,85,46,2026-07-23T11:00:25.000Z,https://p16-common-sign.tiktokcdn-us.com/tos-no1a-p-0037-no/ocu7Q0F2IEevsB0Lf9UIhDEDwICKIDBfAApFNj~tplv-tiktokx-origin.image?dr=9636&x-expires=1788555600&x-signature=PLq%2BffaJvBq3kJvo0eoUeeXw8XU%3D&t=4d5b0474&ps=13740610&shp=81f88b70&shcp=43f4a2f9&idc=useast5,,handbag outfit,False,False,576,1024
7666284653484985614,https://www.tiktok.com/@erinnalam/video/7666284653484985614,erinnalam,erinna,always prepared👜 #cafe #totebag #creativehobbies #journaling #chic ,#cafe #totebag #creativehobbies #journaling #chic,534,27,0,5,6,2026-07-27T18:50:00.000Z,https://p16-common-sign.tiktokcdn-us.com/tos-useast5-p-0068-tx/owoYEdnZg0xRAQUqqFQzsRFfE4DISBfOB3KWDV~tplv-tiktokx-origin.image?dr=9636&x-expires=1788555600&x-signature=o2aO95GiIjiQwNsvXj6B3ZiOuCM%3D&t=4d5b0474&ps=13740610&shp=81f88b70&shcp=43f4a2f9&idc=useast8,,cafe tote bag,False,False,720,1280
7591178044572765471,https://www.tiktok.com/@_sedef_53_/video/7591178044572765471,_sedef_53_,Sedef,As a tote bag collector… it’s the perfect addition🤩 @alonsoscafe   #cafe #totebag #graphicdesign #coffeetalk #newyearsamecoffee ,# #cafe #totebag #graphicdesign #coffeetalk #newyearsamecoffee,1543,54,6,1,9,2026-01-03T16:48:22.000Z,https://p19-common-sign.tiktokcdn-us.com/tos-useast8-p-0068-tx2/oQfp3ORhEaDWZZlEjSFWBIOFEQU9IABeUSKV9A~tplv-tiktokx-origin.image?dr=9636&x-expires=1788555600&x-signature=5Q8%2BddeQp2JOhPmM9vMwODeyld4%3D&t=4d5b0474&ps=13740610&shp=81f88b70&shcp=43f4a2f9&idc=useast8,,cafe tote bag,False,False,720,1280
7675347348465274132,https://www.tiktok.com/@lishlately_/video/7675347348465274132,lishlately_,lishlately_,yes i have chips in my bag too  #whatsinmybag #cafebag #totebaghaul #bagdebrief ,#whatsinmybag #cafebag #totebaghaul #bagdebrief,871,61,7,3,19,2026-08-18T12:27:51.000Z,https://p19-common-sign.tiktokcdn-us.com/tos-alisg-p-0037/oEcURncYqIUAEABt8CiFFEnEQzDA5DAqggfNeF~tplv-tiktokx-origin.image?dr=9636&x-expires=1788555600&x-signature=WzuINb6%2Fq9xz4awu5B06Ip8axkw%3D&t=4d5b0474&ps=13740610&shp=81f88b70&shcp=43f4a2f9&idc=useast8,,cafe tote bag,False,False,576,1024
7658679277709233428,https://www.tiktok.com/@juno.jane/video/7658679277709233428,juno.jane,juno jane,packing the kai tote in espresso  for a cafe date ☕️  shop now at junojane.co  #packwithme #whatsinmybag #corporategirlies ,#packwithme #whatsinmybag #corporategirlies,530100,28300,74,2733,14,2026-07-04T14:27:12.000Z,https://p16-common-sign.tiktokcdn-us.com/tos-alisg-p-0037/o8DIDejJfA6jGvAIAkeIA9EoGDkLEdZDUpB0AB~tplv-tiktokx-origin.image?dr=9636&x-expires=1788555600&x-signature=Eu%2Bf1LKYvA4%2FVIFyIXTxkge5Z0s%3D&t=4d5b0474&ps=13740610&shp=81f88b70&shcp=43f4a2f9&idc=useast8,,cafe tote bag,False,False,576,1024
7639770956751228173,https://www.tiktok.com/@_suchaprettyface/video/7639770956751228173,_suchaprettyface,SuchAPrettyFace,"#BOTD #Coach Coffee Shop “Miss Joe” #Tote in Pink 💖☕️ with the XL Hangtag, Miss Joe #BagCharm & Pins 🚕🍩 #CoachCollection @Coach @The Coach Coffee Shop ",#botd #coach #tote #bagcharm #coachcollection # #,3143,159,12,29,17,2026-05-14T15:33:22.000Z,https://p19-common-sign.tiktokcdn-us.com/tos-useast5-p-0068-tx/ooQLsUOjEddeAF7YJJkQxAH1S0DCCODrIQffj5~tplv-tiktokx-dmt-logom:tos-useast5-i-0068-tx/oEQAIb1pAffR6HIoGreJOrdrfQQcIAWLAAAF8M.image?dr=9634&x-expires=1788555600&x-signature=gvfEKtJkzFP7%2F8Z0H9f9duzyxHA%3D&t=4d5b0474&ps=13740610&shp=81f88b70&shcp=43f4a2f9&idc=useast8,,cafe tote bag,True,False,720,1280
7662531841659833618,https://www.tiktok.com/@cafeteria_el_fuerte/video/7662531841659833618,cafeteria_el_fuerte,Cafeteria_El_Fuerte,Y a ustedes que les parecieron nuestras nuevas tote bags?🫢🫶🏻💕#cafeteria #macuspanatabasco #cafe #totebag #model ,#cafeteria #macuspanatabasco #cafe #totebag #model,1734,82,7,0,33,2026-07-14T23:37:14.000Z,https://p19-common-sign.tiktokcdn-us.com/tos-alisg-p-0037/o42AwAKfBWD1iAA5IQD2IyNBwiACuZCsR3KtID~tplv-tiktokx-origin.image?dr=9636&x-expires=1788555600&x-signature=0bs4YAisSR36N%2FMPwoTq1X3%2BLjY%3D&t=4d5b0474&ps=13740610&shp=81f88b70&shcp=43f4a2f9&idc=useast8,,cafe tote bag,False,False,576,1024
7640727066152815886,https://www.tiktok.com/@user32598459bbbbbbbbbbb/video/7640727066152815886,user32598459bbbbbbbbbbb,Amelia,"Ferragamo large coffee tote bag, coffee grained leather with structured silhouette. Spacious design fits laptops easily, a sophisticated piece perfect for work and daily use.	#Ferragamo #ToteBag #CoffeeEdition #WorkwearStyle",#ferragamo #totebag #coffeeedition #workwearstyle,22900,140,3,44,17,2026-05-17T05:23:49.000Z,https://p19-common-sign.tiktokcdn-us.com/tos-useast5-p-0068-tx/okAPZrUxgiIO0UgJ2aBE4UvQCE4gAlXlBiPEU~tplv-tiktokx-origin.image?dr=9636&x-expires=1788555600&x-signature=joPHJyzbIEPt%2FdbB4B4iRwqgLSM%3D&t=4d5b0474&ps=13740610&shp=81f88b70&shcp=43f4a2f9&idc=useast8,,cafe tote bag,False,False,720,1280
7568365984235392263,https://www.tiktok.com/@deseosestudiocreativo/video/7568365984235392263,deseosestudiocreativo,Deseosestudiocreativo,#coffeeclub #totebags #cafe #regalos,#coffeeclub #totebags #cafe #regalos,204,0,0,0,12,2025-11-03T05:25:30.000Z,https://p16-common-sign.tiktokcdn-us.com/tos-alisg-p-0037/o0k4P0A4fAAoCGBCCMJI5LIw6iIpBh6CIqiEAg~tplv-tiktokx-origin.image?dr=9636&x-expires=1788555600&x-signature=PE1Sh%2BgWRBTM3%2Bw%2FjEO6NBDALrg%3D&t=4d5b0474&ps=13740610&shp=81f88b70&shcp=43f4a2f9&idc=useast8,,cafe tote bag,False,False,576,1024
7555946863103446279,https://www.tiktok.com/@kanarieatelier/video/7555946863103446279,kanarieatelier,Kanarie | travel bags for her,One of my fav things to do is to work at a cafe ☕️🥐 and here are all the essentials I’m packing in Kanarie’s tote bag ☺️ #whatsinmybag #travelbag #coffeeshop #smallbusiness #totebags ,#whatsinmybag #travelbag #coffeeshop #smallbusiness #totebags,2933,87,20,9,33,2025-09-30T18:13:03.000Z,https://p19-common-sign.tiktokcdn-us.com/tos-alisg-p-0037/oogGSQjAHeRVGf84GGglOcLezCOFqAeIIOR3D3~tplv-tiktokx-origin.image?dr=9636&x-expires=1788555600&x-signature=zauK8E%2B6BoWMUumFHfBmdQwb0kQ%3D&t=4d5b0474&ps=13740610&shp=81f88b70&shcp=43f4a2f9&idc=useast8,,cafe tote bag,False,False,576,1024
7662952859616414994,https://www.tiktok.com/@bagzoo.lk/video/7662952859616414994,bagzoo.lk,bagzoo.lk,"Meet your new daily obsession: ""The Classic Coffee Tote"" 🤎✨  Work, university, or a coffee date—මෙන්න හැමදේටම match වෙන aesthetic bag එක.  Tap the link in bio / DM to order! 📲  #handbagcollection #onlineshoppingsrilanka #tiktokmademebuyit #followme #fyp ",#handbagcollection #onlineshoppingsrilanka #tiktokmademebuyit #followme #fyp,8564,115,17,22,17,2026-07-16T02:50:59.000Z,https://p19-common-sign.tiktokcdn-us.com/tos-alisg-p-0037/oIjC2WDaELJ8JfsBxUS7AW4Yy4QIQeBCMIRfQA~tplv-tiktokx-origin.image?dr=9636&x-expires=1788555600&x-signature=l6qwOQxLB8vXRSXHGmzbRY3g%2F3Q%3D&t=4d5b0474&ps=13740610&shp=81f88b70&shcp=43f4a2f9&idc=useast8,,cafe tote bag,False,False,576,1024
7599010961260875038,https://www.tiktok.com/@katiemcev0y/video/7599010961260875038,katiemcev0y,katie,#coachretailemployee #coachny everything that fits in my new coach coffee shop tote bag! @Coach #coachcoffeeshop #whatsinmybag #coachbag ,#coachretailemployee #coachny # #coachcoffeeshop #whatsinmybag #coachbag,3696,139,7,8,17,2026-01-24T19:23:52.000Z,https://p16-common-sign.tiktokcdn-us.com/tos-useast8-p-0068-tx2/osviTAraJBHn7OEBZ7EcE1JFVvUhHXRiCILAi~tplv-tiktokx-origin.image?dr=9636&x-expires=1788555600&x-signature=agFKOPf9xvQj9wwnAIgPWokzgYQ%3D&t=4d5b0474&ps=13740610&shp=81f88b70&shcp=43f4a2f9&idc=useast8,,cafe tote bag,False,False,720,1280
7672911105886440718,https://www.tiktok.com/@made_by_beeee/video/7672911105886440718,made_by_beeee,Made_by_Beeee,The last of four in the Cafecito series ☕️  #customtotebag #traderjoes #cafecito ,#customtotebag #traderjoes #cafecito,25300,393,39,311,26,2026-08-11T22:54:04.000Z,https://p16-common-sign.tiktokcdn-us.com/tos-useast5-p-0068-tx/oUQH6jCUK93U6LvfJeTGBANIk9HeAFHSmQc6I0~tplv-tiktokx-origin.image?dr=9636&x-expires=1788555600&x-signature=HwmSt1UY72tlyJ%2BTTwnF4qqzdz8%3D&t=4d5b0474&ps=13740610&shp=81f88b70&shcp=43f4a2f9&idc=useast8,,cafe tote bag,False,False,720,1280
7677254475429481741,https://www.tiktok.com/@ari_chambers/video/7677254475429481741,ari_chambers,ari.,An employee said they love my “lamb skin purse” 😂 #fyp #canalstreet ,#fyp #canalstreet,8100000,882800,2456,41000,30,2026-08-23T15:48:45.000Z,https://p19-common-sign.tiktokcdn-us.com/tos-useast5-p-0068-tx/ocEVFAGAEHEIACL0eIAAItALeiL3omHyl3fjkF~tplv-tiktokx-origin.image?dr=9636&x-expires=1788555600&x-signature=R5Xw8h%2FTjIisoYLbZnqWcr%2B%2BDLs%3D&t=4d5b0474&ps=13740610&shp=81f88b70&shcp=43f4a2f9&idc=useast8,,purse,False,False,720,1280
7675583209995898125,https://www.tiktok.com/@kostandinageorgia/video/7675583209995898125,kostandinageorgia,Kostandina Georgia,#thriftfinds #goodwill #goodwillfinds #thrifting #thrifted @Goodwill Industries Intl. ,#thriftfinds #goodwill #goodwillfinds #thrifting #thrifted #,1500000,37000,260,532,8,2026-08-19T03:43:13.000Z,https://p16-common-sign.tiktokcdn-us.com/tos-useast5-p-0068-tx/ocUFYTwQfAIUrKKDDBI1wlAzJiBpiCnGtpbIDz~tplv-tiktokx-origin.image?dr=9636&x-expires=1788555600&x-signature=AgzJsnJcrp1BCxzO19rCB9%2BtIcU%3D&t=4d5b0474&ps=13740610&shp=81f88b70&shcp=43f4a2f9&idc=useast8,,purse,False,False,720,1280
7669579631585922318,https://www.tiktok.com/@carmensliftacc/video/7669579631585922318,carmensliftacc,carmen concepcion,The muscle imbalance is insanely noticeable i fear.. trying to improve it with unilateral movements but tote bags will sabotage me EVERY SINGLE TIME #back #shoulders #gymprogress ,#back #shoulders #gymprogress,3253,49,4,1,18,2026-08-02T23:26:31.000Z,https://p16-common-sign.tiktokcdn-us.com/tos-useast5-p-0068-tx/ocEIizEgS4AFOE90pdRJkbfYMDDoDBLInCiqev~tplv-tiktokx-origin.image?dr=9636&x-expires=1788555600&x-signature=%2F2h3rq5YPj7Q%2BZbqXgoTjskSd9c%3D&t=4d5b0474&ps=13740610&shp=81f88b70&shcp=43f4a2f9&idc=useast8,,shoulder tote outfit,False,False,720,1280
7644602173724052767,https://www.tiktok.com/@jjamietorres/video/7644602173724052767,jjamietorres,jamie🪽,#ootd ,#ootd,3697,164,10,5,15,2026-05-27T16:01:05.000Z,https://p16-common-sign.tiktokcdn-us.com/tos-useast8-p-0068-tx2/o4eAAXVExAEJFAUqA1AIRFnF2fAKTAEVEDcCAF~tplv-tiktokx-origin.image?dr=9636&x-expires=1788555600&x-signature=kmbHJelwih5UoVlG%2FNyyP5erxMI%3D&t=4d5b0474&ps=13740610&shp=81f88b70&shcp=43f4a2f9&idc=useast8,,shoulder tote outfit,False,False,720,1280
7639814267063061773,https://www.tiktok.com/@samieesee/video/7639814267063061773,samieesee,sam ✨,"ootd 🤍 coach bag Erin! croc sandals, top and leggings from SHEIN 🤍 #ootd #outfitoftheday #coachbag #coachbags ",#ootd #outfitoftheday #coachbag #coachbags,14400,693,164,10,10,2026-05-14T18:21:26.000Z,https://p19-common-sign.tiktokcdn-us.com/tos-useast5-p-0068-tx/oASCUHg7IKGXAhAxgoQICe8YwkLqjDAIPpeIet~tplv-tiktokx-origin.image?dr=9636&x-expires=1788555600&x-signature=J3TlIEXbOcNwaHWj9Rr%2B49%2FR6C0%3D&t=4d5b0474&ps=13740610&shp=81f88b70&shcp=43f4a2f9&idc=useast8,,shoulder tote outfit,False,False,720,1280
7680851021937102088,https://www.tiktok.com/@the.luna.fashion/video/7680851021937102088,the.luna.fashion,The Luna Fashion✨,Outfit လည်းမရွေး၊ နေရာလည်းမရွေးတဲ့ Bloom Tote လေး 🩵✨  #bloom #totebag #shoulderbag #fyp #foryoupage ,#bloom #totebag #shoulderbag #fyp #foryoupage,3808,183,22,29,48,2026-09-02T08:24:57.000Z,https://p19-common-sign.tiktokcdn-us.com/tos-alisg-p-0037/oMDvAcEXQC9l0IECqfRuEf8By1cc9glkA2AAFq~tplv-tiktokx-origin.image?dr=9636&x-expires=1788555600&x-signature=YXgnK0rUxT%2FIU8TuCIwgOssETik%3D&t=4d5b0474&ps=13740610&shp=81f88b70&shcp=43f4a2f9&idc=useast8,,shoulder tote outfit,False,False,576,1024
7626956924403092743,https://www.tiktok.com/@squidyra/video/7626956924403092743,squidyra,nadira,today’s fitcheck! 🤎❤️ totebag from @Itisyourss #fitcheck #ootd #outfitideas #outfitinspo ,# #fitcheck #ootd #outfitideas #outfitinspo,259300,3602,19,206,16,2026-04-10T02:48:15.000Z,https://p16-common-sign.tiktokcdn-us.com/tos-alisg-p-0037/o8En5RCpL2YZTFnGhoDDOgAEceBfAuCAIIANEG~tplv-tiktokx-origin.image?dr=9636&x-expires=1788555600&x-signature=X5Uw69dkVq6PLqQ%2BWOc4TxNsNDE%3D&t=4d5b0474&ps=13740610&shp=81f88b70&shcp=43f4a2f9&idc=useast8,,shoulder tote outfit,False,False,576,1024
7609741518261194015,https://www.tiktok.com/@rebecca.sowden/video/7609741518261194015,rebecca.sowden,IG: @r.sowden.money,The only reason I’m carrying this bag with me today is for the test lol #totebag #worktote #shoulderbag #womensworkbag #everydaytote ,#totebag #worktote #shoulderbag #womensworkbag #everydaytote,30000,1889,27,7,61,2026-02-22T17:23:54.000Z,https://p19-common-sign.tiktokcdn-us.com/tos-useast8-p-0068-tx2/oMCEu6DiFA6omObmARShACBE9heEIVAfApziRE~tplv-tiktokx-origin.image?dr=9636&x-expires=1788555600&x-signature=w3%2FSV88bKs4Cd%2B9fp8L5CPuSBEM%3D&t=4d5b0474&ps=13740610&shp=81f88b70&shcp=43f4a2f9&idc=useast8,,shoulder tote outfit,False,False,720,1280
7661565445769628960,https://www.tiktok.com/@layrandlayr/video/7661565445769628960,layrandlayr,LAYR & LAYR,OUTFIT + BAG 👜 guide | Save for later & follow for more styling tips 👀  Comment ‘LAYR’ for more styling tips   #layrandlayr #style,#layrandlayr #style,260300,10400,29,723,21,2026-07-12T09:07:01.000Z,https://p16-common-sign.tiktokcdn-us.com/tos-useast2a-p-0037-euttp/oMiah9ICIBAfTIVTC1toy8ZPzAiyvWKBaPzAg8~tplv-tiktokx-origin.image?dr=9636&x-expires=1788555600&x-signature=LeN5LmsF2BsJ5R%2B781ITfsFEXtA%3D&t=4d5b0474&ps=13740610&shp=81f88b70&shcp=43f4a2f9&idc=useast8,,handbag outfit,False,False,576,1024
7666382875905772822,https://www.tiktok.com/@58b09/video/7666382875905772822,58b09,DaBiaoJie bag,Outfit check 👀 Timeless styling paired with elegant luxury handbag to level up your whole daily look#OOTDInspo #FashionCheck #BagLovers #StreetStyle,#ootdinspo #fashioncheck #baglovers #streetstyle,465,13,0,1,20,2026-07-25T08:41:06.000Z,https://p19-common-sign.tiktokcdn-us.com/tos-no1a-p-0037-no/ocBPS0B4UkBIEYZIQA5LFiu1uEqmdiIaARDPY~tplv-tiktokx-origin.image?dr=9636&x-expires=1788555600&x-signature=H7VKblvH3eeVTWMyvWbCKUXHT1g%3D&t=4d5b0474&ps=13740610&shp=81f88b70&shcp=43f4a2f9&idc=useast8,,handbag outfit,False,False,576,1022
7680592767113874710,https://www.tiktok.com/@laurenrussell79/video/7680592767113874710,laurenrussell79,Lauren Russell,@Goldie Swimwear this tshirt is vibes! #ootd #sandiego #fashionfavorites #lafashion ,# #ootd #sandiego #fashionfavorites #lafashion,417,23,8,6,34,2026-09-01T15:42:46.000Z,https://p16-common-sign.tiktokcdn-us.com/tos-no1a-p-0037-no/o42GOXIQQWAqJeWeO5LQtHcwQPSfCRAEGGeGGb~tplv-tiktokx-origin.image?dr=9636&x-expires=1788555600&x-signature=2G5O2kAlDNurjUC3SnsuqxiYUnU%3D&t=4d5b0474&ps=13740610&shp=81f88b70&shcp=43f4a2f9&idc=useast8,,handbag outfit,False,False,576,1024
7675662192770813197,https://www.tiktok.com/@linkinbio4_19/video/7675662192770813197,linkinbio4_19,Link in Bio 4-19,"One bag, 3 outfits, 0 regrets 👗👜 #styleinspo #howtostyle #outfitideas #handbag #foryou",#styleinspo #howtostyle #outfitideas #handbag #foryou,38,0,0,0,47,2026-08-19T08:49:31.000Z,https://p19-common-sign.tiktokcdn-us.com/tos-useast5-p-85c255-tx/oMIDqhBl8mgWwBSf3b4DA7LEEKSiFvHEigfFBb~tplv-tiktokx-origin.image?dr=9636&x-expires=1788555600&x-signature=QKOuz9oTYlwelDc%2FRdr%2B%2BPdyQ%2FM%3D&t=4d5b0474&ps=13740610&shp=81f88b70&shcp=43f4a2f9&idc=useast8,,handbag outfit,False,False,720,1280
7620993991198248223,https://www.tiktok.com/@leilanibanayat/video/7620993991198248223,leilanibanayat,Leilani Bañuelos Banayat,"What’s in my work bag featuring our coffee shop’s tote bags! 👜 You can purchase in person at Kalesa Coffee in Portland, OR (we can also ship to you!) 🫶🏼 Still geeking out about how much I love these bags!!! #kalesacoffee #coffeeshop #portlandcoffee ",#kalesacoffee #coffeeshop #portlandcoffee,643,50,21,1,130,2026-03-25T01:09:14.000Z,https://p16-common-sign.tiktokcdn-us.com/tos-useast8-p-0068-tx2/oII36jCTUhDNnLc0CerGbACIqFIeAtfgMIqIIm~tplv-tiktokx-origin.image?dr=9636&x-expires=1788555600&x-signature=nKzHiNOTEY9AQeMxn0iejvxWd6A%3D&t=4d5b0474&ps=13740610&shp=81f88b70&shcp=43f4a2f9&idc=useast8,,cafe tote bag,False,False,720,1280
7655363721673411870,https://www.tiktok.com/@lisalovesbiz/video/7655363721673411870,lisalovesbiz,Lisa,"🍪 The kind of packaging people don’t throw away.  A mini tote bag turns a simple cookie into a little gift your customers will want to carry, reuse, and share. Perfect for bakeries, cafés, pop-ups, events, weddings, or limited editions. You can even give them to your first customers to create excitement and get people talking. Available - in stock - links in bio #bakery #cookie #minitotebag #cookies #cookiebusiness ",#bakery #cookie #minitotebag #cookies #cookiebusiness,77300,4357,36,972,31,2026-06-25T16:01:13.000Z,https://p19-common-sign.tiktokcdn-us.com/tos-useast8-p-0068-tx2/oUb9YDAPfAEmKBYDBDRqeMBSUEEVFEuqRVNIzs~tplv-tiktokx-origin.image?dr=9636&x-expires=1788555600&x-signature=az3FAg2I7wuslXUZyMO9OJDwYJA%3D&t=4d5b0474&ps=13740610&shp=81f88b70&shcp=43f4a2f9&idc=useast8,,cafe tote bag,False,False,720,1280
7645475134895181069,https://www.tiktok.com/@damialosi/video/7645475134895181069,damialosi,Dami Alosi,Prada tote bag edition - my everyday go tos #whatsinmybag #everythingbag  #workfromcafe #prada ,#whatsinmybag #everythingbag #workfromcafe #prada,5029,463,10,1,93,2026-05-30T00:28:34.000Z,https://p16-common-sign.tiktokcdn-us.com/tos-useast5-p-0068-tx/oID0ASAxQCJGuIE5mfRXEO8DJ8fuigobAbAAFq~tplv-tiktokx-dmt-logom:tos-useast5-i-0068-tx/oEAGSExIDWF8iCLHgEfzAEAA3FNeAqDEC7uRDa.image?dr=9634&x-expires=1788555600&x-signature=PTwrwwk8SfV%2BYhdthRxY6MHU2Dw%3D&t=4d5b0474&ps=13740610&shp=81f88b70&shcp=43f4a2f9&idc=useast8,,cafe tote bag,False,False,720,1280
7679561128287948045,https://www.tiktok.com/@lizznicole60611/video/7679561128287948045,lizznicole60611,LizzNicole,Coach girlies I got the new coffee shop bag🤩 Too cute! #unboxing #totebag #Coach #coffeeshop ,#unboxing #totebag #coach #coffeeshop,215,6,3,0,20,2026-08-29T20:59:35.000Z,https://p16-common-sign.tiktokcdn-us.com/tos-useast5-p-0068-tx/oI0EBkBWfFTUABSvRqq2RXgKdEE9fDbDITSDao~tplv-tiktokx-dmt-logom:tos-useast5-i-0068-tx/osf9TXaABABiAkwwxKBvJ1IDSEAQoSI6ai5CC3.image?dr=9634&x-expires=1788555600&x-signature=vPxxm1R8OrGZGj1FYe91ZNbpJaA%3D&t=4d5b0474&ps=13740610&shp=81f88b70&shcp=43f4a2f9&idc=useast8,,cafe tote bag,False,False,720,1280
7496136077082725674,https://www.tiktok.com/@shamyclopez/video/7496136077082725674,shamyclopez,shamyclopez,Replying to @𝐚𝐧𝐚 ♡︎ Coach Cafe in Austin ❤️ #coach #totebag #austin @Coach ,# #coach #totebag #austin #,9602,177,6,31,42,2025-04-22T13:57:44.000Z,https://p16-common-sign.tiktokcdn-us.com/tos-useast5-p-0068-tx/o4rXBsA0IEXEewAD6QoEPDKCBQrPSoAfgA9FAR~tplv-tiktokx-origin.image?dr=9636&x-expires=1788555600&x-signature=at0g9EGB6p9wfc4L7V1Z9fuGXfk%3D&t=4d5b0474&ps=13740610&shp=81f88b70&shcp=43f4a2f9&idc=useast8,,cafe tote bag,False,False,576,1024
7678007267467414804,https://www.tiktok.com/@tochpancafe/video/7678007267467414804,tochpancafe,🐰,La tote de tu conejo fav :)   #totebag #tochpancafe #cafeteria ,#totebag #tochpancafe #cafeteria,586,46,0,0,29,2026-08-25T16:29:40.000Z,https://p16-common-sign.tiktokcdn-us.com/tos-alisg-p-0037/ooAQAwNRwiiODCuII1iB6wfhILBFwBAaAuNVJI~tplv-tiktokx-origin.image?dr=9636&x-expires=1788555600&x-signature=rSd95jBs%2BSRg4Kgg%2BdJsOGBETH0%3D&t=4d5b0474&ps=13740610&shp=81f88b70&shcp=43f4a2f9&idc=useast8,,cafe tote bag,False,False,576,1024
7673398246391188757,https://www.tiktok.com/@saoustudio/video/7673398246391188757,saoustudio,SAOUSTUDIO,"NEW IN : Classic Avenue Tote - Coffee (With Charm)  The Classic Avenue Tote is a timeless everyday bag designed with a spacious and versatile silhouette. Its clean, classic look makes it easy to style with a variety of outfits, while the attached charm adds a playful and stylish finishing touch. Perfect for carrying your daily essentials, it is a practical yet elegant addition to your everyday wardrobe.  Shop here : saoustudio.com   #saoustudio #lovebysaou #saou #bags #newarrivals ",#saoustudio #lovebysaou #saou #bags #newarrivals,31800,82,0,15,13,2026-08-13T06:24:18.000Z,https://p19-common-sign.tiktokcdn-us.com/tos-alisg-p-0037/okfQADxBWUZHEAEDYrAFaITDEQAqfIj9MfoAAD~tplv-tiktokx-origin.image?dr=9636&x-expires=1788555600&x-signature=1%2BwkX4kMov0yqn0yHCMHV9AhNCg%3D&t=4d5b0474&ps=13740610&shp=81f88b70&shcp=43f4a2f9&idc=useast8,,cafe tote bag,True,False,576,1024
7680450159280409870,https://www.tiktok.com/@cassandrasaucedoo/video/7680450159280409870,cassandrasaucedoo,cassyy,@Geniee 👸🏽🤍 pmoooo 🥰#purse #fyp ,# #purse #fyp,82700,13200,28,115,111,2026-09-01T06:30:07.000Z,https://p16-common-sign.tiktokcdn-us.com/tos-useast5-p-0068-tx/o0PNQILC0fknk1YWHEGAQGLYjJVAcC2IeOI8eu~tplv-tiktokx-origin.image?dr=9636&x-expires=1788555600&x-signature=xyMZR7zlc%2BPgt8SnBcJ6y7efHTE%3D&t=4d5b0474&ps=13740610&shp=81f88b70&shcp=43f4a2f9&idc=useast5,,purse,False,False,720,1280
7641361355110403349,https://www.tiktok.com/@lovebagsets/video/7641361355110403349,lovebagsets,LoveBagSets,Hey Jesse💕💕Thank you for this beautiful order. Hope you love it!😍😍✨💕💕💕🌺 #asmrpackaging #minibag #baglover #affordablefashion #purse ,#asmrpackaging #minibag #baglover #affordablefashion #purse,2034,145,7,10,249,2026-05-18T22:24:50.000Z,https://p16-common-sign.tiktokcdn-us.com/tos-alisg-p-0037/owBinj4BiLAwa5kIKsvFsRBA7YEIugDkYVybm~tplv-tiktokx-origin.image?dr=9636&x-expires=1788555600&x-signature=lTSTo3JSlettM1vQbMZzShvThvc%3D&t=4d5b0474&ps=13740610&shp=81f88b70&shcp=43f4a2f9&idc=useast5,,purse,False,False,576,1024
7678757070505610510,https://www.tiktok.com/@_just.kennedy/video/7678757070505610510,_just.kennedy,Ken✨,"There is no such thing, as to many purses! I love my purse collection and can’t wait to add to it 🤍✨ #purse #pursecollection #purses #collection ",#purse #pursecollection #purses #collection,691,84,4,3,490,2026-08-27T16:59:25.000Z,https://p19-common-sign.tiktokcdn-us.com/tos-useast5-p-0068-tx/oEKciFISwRzIAIrR1TIWETi1C4BQpDfbAFDWBm~tplv-tiktokx-origin.image?dr=9636&x-expires=1788555600&x-signature=xCO4P0MyBRNymF3Y4mSdHA4tis0%3D&t=4d5b0474&ps=13740610&shp=81f88b70&shcp=43f4a2f9&idc=useast5,,purse,False,False,720,1280
7670726983961070879,https://www.tiktok.com/@itsmatilynkessler/video/7670726983961070879,itsmatilynkessler,matilyn💝🌞💐,LOVE #coach #coachpurse #purse #fashion #fashiontiktok @Coach ,#coach #coachpurse #purse #fashion #fashiontiktok #,6925,281,14,5,10,2026-08-06T01:38:29.000Z,https://p19-common-sign.tiktokcdn-us.com/tos-useast8-p-0068-tx2/ooXJDfBlDIxUF0IIpzE5eJIZ5CqIIF1AfijQQA~tplv-tiktokx-origin.image?dr=9636&x-expires=1788555600&x-signature=alMRhbUobUbvGEMiBvc700iasV8%3D&t=4d5b0474&ps=13740610&shp=81f88b70&shcp=43f4a2f9&idc=useast5,,purse,False,False,720,1280
7678837599288560910,https://www.tiktok.com/@alex.warnat/video/7678837599288560910,alex.warnat,Alex Warnat,Replying to @Kelsey Frith  @𝕃𝕠𝕣𝕖𝕟 𝔼𝕝𝕚𝕫𝕒𝕓𝕖𝕥𝕙 put me onto this bag & it did not disappoint!! She’s an amazing follow if you’re looking for some good bag recs 😍   #bagtok #brera #fyp #purse #pursetok ,# # #bagtok #brera #fyp #purse #pursetok,98100,4123,212,376,152,2026-08-27T22:11:52.000Z,https://p19-common-sign.tiktokcdn-us.com/tos-useast5-p-0068-tx/okVLtWN5GQejwQrhAmLHkrjLCCeYV2HQIYAeII~tplv-tiktokx-origin.image?dr=9636&x-expires=1788555600&x-signature=qenSDBaHN4Gr%2BoMB4CY3vxVqnok%3D&t=4d5b0474&ps=13740610&shp=81f88b70&shcp=43f4a2f9&idc=useast5,,purse,False,False,720,1280
7656138688660802829,https://www.tiktok.com/@alexisrenuncio/video/7656138688660802829,alexisrenuncio,"Alexis✨ Beauty, Bags & Budget","I’m officially obsessed with this luxury-inspired SHEIN bag! 🖤✨ The quality, the details, and the overall look completely exceeded my expectations. It gives elevated designer vibes without the luxury price tag, and I already know it’s going to be on repeat with so many outfits.  Have you found any hidden SHEIN bag gems lately? Drop your favorites below! 👇  #SHEIN #SHEINFinds #SHEINBags #LuxuryInspired #LuxuryInspiredBag  ",#shein #sheinfinds #sheinbags #luxuryinspired #luxuryinspiredbag,30900,478,25,32,80,2026-06-27T18:08:48.000Z,https://p16-common-sign.tiktokcdn.com/tos-useast5-p-0068-tx/o8CIEAV0EFARfQAgQRADSvw4BDIAG4qAMDFfC1~tplv-tiktokx-origin.image?dr=14575&x-expires=1788555600&x-signature=I4Ms46HlUsRA2vt2CnmIiyvOJw8%3D&t=4d5b0474&ps=13740610&shp=81f88b70&shcp=43f4a2f9&idc=my,,designer inspired bag,True,False,720,1280
7642074435796634910,https://www.tiktok.com/@catarinadiz1/video/7642074435796634910,catarinadiz1,"Cat// beauty,makeup,skincare",SHEIN snapped so hard   #sheindupesforless #replicabag #luxurybagsforless #designerbags #dupes ,#sheindupesforless #luxurybagsforless #designerbags #dupes,21200,296,28,48,401,2026-05-20T20:32:08.000Z,https://p16-common-sign.tiktokcdn.com/tos-useast8-p-0068-tx2/oYERXRQcj4fpNWDtBAfOFbAVMoQuJj72EhDqNE~tplv-tiktokx-origin.image?dr=14575&x-expires=1788555600&x-signature=Bed8iKTdJi%2FMVIbo9vMl4cBkMUc%3D&t=4d5b0474&ps=13740610&shp=81f88b70&shcp=43f4a2f9&idc=my,,designer inspired bag,False,False,720,1280
7670638071678766366,https://www.tiktok.com/@lissa.found.it/video/7670638071678766366,lissa.found.it,Lissa Found it,"Luxury-inspired bag haul! These are some of my latest master quality finds, and I honestly couldn't wait to share them. Every single one was a win, and I'm so excited for you to see them all in one video. If you love seeing master quality bags, new arrivals, and the best luxury-inspired finds, this haul is for you  #designerinspired #affordableluxury #affordableluxurybags #masterquality #baghaul ",#designerinspired #affordableluxury #affordableluxurybags #masterquality #baghaul,12700,376,21,24,15,2026-08-05T19:53:29.000Z,https://p16-common-sign.tiktokcdn.com/tos-useast8-p-0068-tx2/o4EaznlAivPiOZBIAwwrREBBUACPAtD0VLPAl~tplv-tiktokx-origin.image?dr=14575&x-expires=1788555600&x-signature=40blc%2FPBId4nkld7n2GPYxQRrzs%3D&t=4d5b0474&ps=13740610&shp=81f88b70&shcp=43f4a2f9&idc=my,,designer inspired bag,False,False,720,1280
7677389608925105439,https://www.tiktok.com/@nikkiroxette/video/7677389608925105439,nikkiroxette,Nikki Roxette | 🫧🍵🌻🌱,luv @CHARLESKEITHOFFICIAL 🤍 #fashiontok #trending #chanel #chanelbag #charlesandkeith ,# #fashiontok #trending #chanel #chanelbag #charlesandkeith,4730,31,4,6,108,2026-08-24T00:32:57.000Z,https://p16-common-sign.tiktokcdn.com/tos-useast8-p-0068-tx2/ooAEAnVXFiqQfCtA1ED5yI4VViIREEFAAfgEIR~tplv-tiktokx-origin.image?dr=14575&x-expires=1788555600&x-signature=WKJbluwxmi9NDCQgQllKZkBrkjY%3D&t=4d5b0474&ps=13740610&shp=81f88b70&shcp=43f4a2f9&idc=my,,designer inspired bag,False,False,720,1280
7662102836007718174,https://www.tiktok.com/@melaniejpearl/video/7662102836007718174,melaniejpearl,Melanie Pearl,I think I may have just found the best designer-inspired bag ever.👜 What do we think?! I'm in love! Plus it comes in dozens of colorways! #designerbags #designerbagsforless #amazonfinds,#designerbags #designerbagsforless #amazonfinds,721,28,4,0,58,2026-07-13T19:52:33.000Z,https://p16-common-sign.tiktokcdn.com/tos-useast8-p-0068-tx2/ogEKAqUCy8BEC6FVKAIAETAVjQAfhkeVABVEGD~tplv-tiktokx-origin.image?dr=14575&x-expires=1788555600&x-signature=UfrvY00BgyY7rk417x3YFd4PkpU%3D&t=4d5b0474&ps=13740610&shp=81f88b70&shcp=43f4a2f9&idc=my,,designer inspired bag,False,False,720,1280
7607499962074533133,https://www.tiktok.com/@lisa.mariee1/video/7607499962074533133,lisa.mariee1,Lisa 🌸,Are you kidding!! It looks and feels like a 5K bag.. I’m so impressed!  #fashioninspoforyou #looksforless #designerbags #affordablefashion ,#fashioninspoforyou #looksforless #designerbags #affordablefashion,141200,1119,37,76,30,2026-02-16T16:25:47.000Z,https://p16-common-sign.tiktokcdn.com/tos-useast5-p-0068-tx/oUDTASCJICmkJEEiQfRREniDWUhm0gqfA4AAFp~tplv-tiktokx-dmt-logom:tos-useast5-i-0068-tx/o8eTiejCISGJxTEInRLoTEAQHqA8IAEfokAkdA.image?dr=14573&x-expires=1788555600&x-signature=m2liMoNv6fzIxzQemfVjZt0cfU4%3D&t=4d5b0474&ps=13740610&shp=81f88b70&shcp=43f4a2f9&idc=my,,designer inspired bag,True,False,720,1280
7605627793036070175,https://www.tiktok.com/@oliviakingmusic/video/7605627793036070175,oliviakingmusic,Olivia King,These bagssss 😍 my Amazon storefront is linked in my bio for you 💅 #amazondesigner #amazon #amazonfinds #designerbags #designer ,#amazondesigner #amazon #amazonfinds #designerbags #designer,8142,136,5,4,164,2026-02-11T15:20:48.000Z,https://p16-common-sign.tiktokcdn.com/tos-useast8-p-0068-tx2/oA8A8Af3KxIAmnICCnAoEPiix8AdA0MkBYikBD~tplv-tiktokx-origin.image?dr=14575&x-expires=1788555600&x-signature=DQI2kza1gkfpnQMuEgFgZAaa7Vk%3D&t=4d5b0474&ps=13740610&shp=81f88b70&shcp=43f4a2f9&idc=my,,designer inspired bag,False,False,720,1270
7653925934013189396,https://www.tiktok.com/@mushumajed/video/7653925934013189396,mushumajed,Ali Majed,I went from over 10k to just 1000$ for a really good quality bag #bag #designer #travel ,#bag #designer #travel,65900,1055,139,95,168,2026-06-21T19:01:50.000Z,https://p16-common-sign.tiktokcdn.com/tos-alisg-p-0037/oguwHZ3IjIiLCNUAi1BwmUB4iGfCAATEwIH4i1~tplv-tiktokx-origin.image?dr=14575&x-expires=1788555600&x-signature=%2FroyK2C1DZl2t0%2BKr8tURyRDt14%3D&t=4d5b0474&ps=13740610&shp=81f88b70&shcp=43f4a2f9&idc=my,,designer inspired bag,False,False,576,1024
7584875714466417950,https://www.tiktok.com/@sydneynicoleslone/video/7584875714466417950,sydneynicoleslone,Sydney Slone,added these all to the ‘bags’ category on my storefront🤎 these are some of the best designer style bags that look and feel unreal… from a girl who has tried MANY affordable bags lol #affordablebags #pursetok #designerinspired #designerbags ,#affordablebags #pursetok #designerinspired #designerbags,279300,7795,40,509,58,2025-12-17T17:11:47.000Z,https://p16-common-sign.tiktokcdn.com/tos-useast8-p-0068-tx2/oMKBoJvABXcBAo8vAAAIFofICbiiC5i0AEOIiF~tplv-tiktokx-dmt-logom:tos-useast8-i-0068-tx2/ood5FAAzpBE1naJCCqFEARDREQARHGAIEnffVu.image?dr=14573&x-expires=1788555600&x-signature=O9Rbo23CqlVjlwXrZr8zr8DQE%2Fk%3D&t=4d5b0474&ps=13740610&shp=81f88b70&shcp=43f4a2f9&idc=my,,designer inspired bag,False,False,720,1280
7621136170986016022,https://www.tiktok.com/@eliza.co.uk/video/7621136170986016022,eliza.co.uk,eliza,Have you got a designer bag taste but a high street bag budget? Reserved is perfect for you 👀 Tell us what your favourite bag is! 🌟  #fashiontiktok #highstreetfashion #designerclothes #outfitchallenge #streetinterview   Suede bag Leather bag Faux leather  Everyday bags ,#fashiontiktok #highstreetfashion #designerclothes #outfitchallenge #streetinterview,129800,307,3,27,93,2026-03-25T10:20:50.000Z,https://p16-common-sign.tiktokcdn.com/tos-no1a-p-0037-no/oITtwAAeTDLtsR0DFlLIA4GDIhAj5FAIEfemI2~tplv-tiktokx-dmt-logom:tos-no1a-i-0068-no/ogIDpwAe9rA7ECOokAcFI1AAEDkwD0AEbgfFRt.image?dr=14573&x-expires=1788555600&x-signature=QclVsWb8zPbwBMmLXDMtWas5hoM%3D&t=4d5b0474&ps=13740610&shp=81f88b70&shcp=43f4a2f9&idc=my,,designer inspired bag,True,False,576,1024
7506316238151240991,https://www.tiktok.com/@shopluxewithamy/video/7506316238151240991,shopluxewithamy,Amy | BougieOnABudget | TTS,RUN and get this one! Direct 🔗s on my bl0g!!! #designer #bags #handbags #luxury #savebullet ,#designer #bags #handbags #luxury #savebullet,70800,576,39,59,112,2025-05-20T00:20:58.000Z,https://p16-common-sign.tiktokcdn.com/tos-useast8-p-0068-tx2/osoAVxrj0ChEeAiR7EDITunAAKEUAqfAzVyBi3~tplv-tiktokx-dmt-logom:tos-useast8-i-0068-tx2/oEfREErHVhoQAAUrvtCgInuyAAFuEoA8KeDVAE.image?dr=14573&x-expires=1788555600&x-signature=OQ6JLXfA%2FAWCLl%2BilkqdJosWwa4%3D&t=4d5b0474&ps=13740610&shp=81f88b70&shcp=43f4a2f9&idc=my,,designer inspired bag,True,False,576,1024
7669620633260576007,https://www.tiktok.com/@penelopes_finds/video/7669620633260576007,penelopes_finds,𝑃𝑒𝑛𝑒𝑙𝑜𝑝𝑒'𝑠 𝐹𝑖𝑛𝑑𝑠,"which one do you prefer? they’re both so similar imo, main differences are the spots being in different places 🐆    I have a cheaper one coming that is half the price of these so it shall be interesting to compare that one to these   #designerbags #bagcomparison #boujeeonabudget #fashioninspo #purses ",#designerbags #bagcomparison #boujeeonabudget #fashioninspo #purses,173800,6775,123,589,26,2026-08-03T02:05:18.000Z,https://p16-common-sign.tiktokcdn.com/tos-alisg-p-0037/ooAAfWd56vfrM7fAG8MJemRBAwQjGGAgqpACQQ~tplv-tiktokx-origin.image?dr=14575&x-expires=1788555600&x-signature=%2FMKiJ8%2FzFBS72qRpH4HMSV9ysck%3D&t=4d5b0474&ps=13740610&shp=81f88b70&shcp=43f4a2f9&idc=my,,designer inspired bag,False,False,576,1024
7615757164065344781,https://www.tiktok.com/@planetayrium/video/7615757164065344781,planetayrium,TAYLOR BOWMAN,i’m not a backpack girl tho so … i’ll just have to deal 😭  #college #collegereality #totebag #totebags #totebagaesthetic ,#college #collegereality #totebag #totebags #totebagaesthetic,11700,530,9,11,19,2026-03-10T22:27:54.000Z,https://p19-common-sign.tiktokcdn-us.com/tos-useast5-p-0068-tx/o8AkaSBiBAE5uizwb5irA4BI6EmvNgACCiAPa~tplv-tiktokx-dmt-logom:tos-useast5-i-0068-tx/o04kPcGIguiiCaCxEmL6bAaniA5lwNAgBECAB.image?dr=9634&x-expires=1788555600&x-signature=TQALDozaQCR8wuh2Yp2gU5TgMuU%3D&t=4d5b0474&ps=13740610&shp=81f88b70&shcp=43f4a2f9&idc=useast5,,shoulder tote outfit,False,False,720,1280
7672098292066471198,https://www.tiktok.com/@annysarahii/video/7672098292066471198,annysarahii,annysarahi,Half of the price for the coach Brooklyn shoulder bag!! This is now my everyday bag from Kate Spade 🤎   Exact 🔗 ok my LTK   #coachbrooklynbag #katespadebag #shoulderbag #affordablefinds ,#coachbrooklynbag #katespadebag #shoulderbag #affordablefinds,326900,23400,304,2438,42,2026-08-09T18:19:59.000Z,https://p16-common-sign.tiktokcdn-us.com/tos-useast8-p-0068-tx2/oo1AKR4omBhEGAiI3ijIKM0AAPCcAIfB5JxBi9~tplv-tiktokx-origin.image?dr=9636&x-expires=1788555600&x-signature=mGdoWi4D2wuITXo1ah0CJ1RV8Js%3D&t=4d5b0474&ps=13740610&shp=81f88b70&shcp=43f4a2f9&idc=useast5,,shoulder tote outfit,False,False,720,1280
7644278934242069774,https://www.tiktok.com/@party.assistant/video/7644278934242069774,party.assistant,Party Assistant,"Girls Night + Craft Night = the perfect night out in Morris County 🎨  Grab your besties and join us at @Comfort Kitchen & Cafe in Kinnelon, NJ for a cozy Canvas tote bag painting workshop! Create your own custom tote, and enjoy a night out. Perfect for moms night out, girls night, date night with friends, or anyone looking for fun things to do in Morris County NJ.  No experience needed, just come ready to relax, get creative, and have fun 💕  📍Kinnelon, New Jersey 🎨 Tote Bag Painting Workshop 👜 DIY Craft Night ✨ Limited spots available  #MorrisCountyNJ #KinnelonNJ #GirlsNightNJ #LadiesNightNJ #",# #morriscountynj #kinnelonnj #girlsnightnj #ladiesnightnj #craftnight #morriscountyevents,19700,912,26,349,12,2026-05-26T19:06:44.000Z,https://p16-common-sign.tiktokcdn-us.com/tos-useast5-p-0068-tx/oEv0piBCICBjnIG7mViIwdAA7Fbw055BC1f1HU~tplv-tiktokx-origin.image?dr=9636&x-expires=1788555600&x-signature=gxfIQAttzjnKVqOaPCBIB%2FdcVEk%3D&t=4d5b0474&ps=13740610&shp=81f88b70&shcp=43f4a2f9&idc=useast5,,cafe tote bag,False,False,720,1280
7672929185408486669,https://www.tiktok.com/@made_by_beeee/video/7672929185408486669,made_by_beeee,Made_by_Beeee,"Looks like I’ll be ordering more of these Lele dolls 🥰  And rumor has it, Trader Joe’s is going to be stocking this large navy blue canvas tote year round!   Do you like the lavender or navy blue more?   Let me know in the comments!   #customtotebag #traderjoes #cafe ",#customtotebag #traderjoes #cafe,12800,277,15,190,19,2026-08-12T00:04:11.000Z,https://p19-common-sign.tiktokcdn-us.com/tos-useast5-p-0068-tx/oM2UC7ctQDHWOZuAAAwI9eIjj5fjMHFtI87Iek~tplv-tiktokx-origin.image?dr=9636&x-expires=1788555600&x-signature=HxT1Ur6GkObO2GyD4BkaRIvc0yY%3D&t=4d5b0474&ps=13740610&shp=81f88b70&shcp=43f4a2f9&idc=useast5,,cafe tote bag,False,False,720,1280
7669516387320171806,https://www.tiktok.com/@drinkkafei/video/7669516387320171806,drinkkafei,drinkkafei,"Meet the newest addition to KAFEI… our KAFEI Cup Tote. ☁️🤍  Your lattes deserves a cute ride.  Perfect for carrying your favorite drink on the go—whether you’re headed to Pilates, work, a study session, or your weekend market stroll.  ✨ KAFEI Merch Drop Now available at all KAFEI pop-ups/pick ups or send us a DM to order yours.  Limited quantities available. 🤍 #drinkkafei #kafeicoffee #cuptote #matchacart #sacramento    ",#drinkkafei #kafeicoffee #cuptote #matchacart #sacramento,1233,115,16,4,9,2026-08-02T19:20:55.000Z,https://p16-common-sign.tiktokcdn-us.com/tos-useast8-p-0068-tx2/osJ5ZDbJIAVVbIAEiEmEbCiAUEBRAAF5qvCf8f~tplv-tiktokx-origin.image?dr=9636&x-expires=1788555600&x-signature=BQf%2B0%2BxhA7smpEdxG40QeS8mjGQ%3D&t=4d5b0474&ps=13740610&shp=81f88b70&shcp=43f4a2f9&idc=useast5,,cafe tote bag,False,False,720,1280
7533514285960400146,https://www.tiktok.com/@istanatascantik/video/7533514285960400146,istanatascantik,ISTANATASCANTIK,Totebag Cafe Ukuran 30 x 24 cm  Klik link di bio untuk order✨  #supplierslingbagsurabaya #grosirtassurabaya #taswanita #tas #supplierslingbagmurah     ,#supplierslingbagsurabaya #grosirtassurabaya #taswanita #tas #supplierslingbagmurah,2463,25,0,3,22,2025-08-01T07:23:03.000Z,https://p16-common-sign.tiktokcdn-us.com/tos-alisg-p-0037/os1IZivHaCVYgZXExPzlAREAABA9IM26arAiB~tplv-tiktokx-origin.image?dr=9636&x-expires=1788555600&x-signature=x4vaa9qof9zSGzGxLrQXWgNCFQ4%3D&t=4d5b0474&ps=13740610&shp=81f88b70&shcp=43f4a2f9&idc=useast5,,cafe tote bag,False,False,576,1024
7662947503448378655,https://www.tiktok.com/@buckonmytick/video/7662947503448378655,buckonmytick,:3,another domo cafe haul!!! i visited on their one month anniversary and won a brown chef domo tote bag :3 and my dad got me the messenger bag for my birthday!!! #domo #domokun #domocafe #haul ,#domo #domokun #domocafe #haul,34800,8860,43,910,16,2026-07-16T02:30:14.000Z,https://p16-common-sign.tiktokcdn-us.com/tos-useast8-p-0068-tx2/ocdHwAa0DVJcaEQq6WFfEBAWOhfh80QUR4DhEy~tplv-tiktokx-origin.image?dr=9636&x-expires=1788555600&x-signature=6TskWzxHSyJFTNWYCRR8Kc0m53c%3D&t=4d5b0474&ps=13740610&shp=81f88b70&shcp=43f4a2f9&idc=useast5,,cafe tote bag,False,False,720,1280
7448771083508927790,https://www.tiktok.com/@dee_on_ah/video/7448771083508927790,dee_on_ah,Diana,Obsessed @Coach   #thecoachcoffeeshop #coachbag #treatyourself ,# #thecoachcoffeeshop #coachbag #treatyourself,2576,66,3,6,7,2024-12-15T22:36:10.000Z,https://p16-common-sign.tiktokcdn-us.com/tos-useast5-p-0068-tx/o8sjdvQVrTImMek7ILIdsIAQM8AfWHJoeCMOrg~tplv-tiktokx-origin.image?dr=9636&x-expires=1788555600&x-signature=ud1Gy8v81Em1dgmjCu4cJMkPjtU%3D&t=4d5b0474&ps=13740610&shp=81f88b70&shcp=43f4a2f9&idc=useast5,,cafe tote bag,False,False,576,1024
7605138885781327124,https://www.tiktok.com/@kayelytla/video/7605138885781327124,kayelytla,KAYLA,elevating all-black outfits with the arlet belted top handle bag from @CHARLESKEITHOFFICIAL 🖤  #CharlesKeithCommunity #ImwithCharlesKeith #allblackoutfits #littleblackbag #everydaybag,# #charleskeithcommunity #imwithcharleskeith #allblackoutfits #littleblackbag #everydaybag,27300,115,2,83,15,2026-02-10T07:43:15.000Z,https://p16-common-sign.tiktokcdn-eu.com/tos-alisg-p-0037/oojCFDjsAhAIzAZTfc4LIMaFEEfeAAFK4AG4Ix~tplv-tiktokx-dmt-logom:tos-alisg-i-0068/ooPiaAAYBHiABrCKAgEEI6TAAxVD4khAZ8Ynn.image?dr=10393&x-expires=1788555600&x-signature=bftw%2B6w4cG1nRwLUsNn1KxjICgw%3D&t=4d5b0474&ps=13740610&shp=81f88b70&shcp=43f4a2f9&idc=no1a,,handbag outfit,False,False,576,1024
7670924671566548246,https://www.tiktok.com/@ambermundy1/video/7670924671566548246,ambermundy1,ambs,My favourite bag EVER! 👜 @Coach #coachbag #brownbags #relatablevideos #girlyaesthetic #outfits ,# #coachbag #brownbags #relatablevideos #girlyaesthetic #outfits,5034,123,0,2,10,2026-08-06T14:25:34.000Z,https://p16-common-sign.tiktokcdn-eu.com/tos-no1a-p-0037-no/oE6YJDkDqBm7JK7FEJaJPAIeEFo0fdHg7RIWBM~tplv-tiktokx-origin.image?dr=10395&x-expires=1788555600&x-signature=CNENhEdypoRh%2FFj1gE0YIJxI0qw%3D&t=4d5b0474&ps=13740610&shp=81f88b70&shcp=43f4a2f9&idc=no1a,,handbag outfit,False,False,576,1024
7608553407170759958,https://www.tiktok.com/@alessiaprandini_/video/7608553407170759958,alessiaprandini_,alessiaprandini_,Maturing is realising bags are an essential part of the outfit #cleangirl #capsulewardrobe #comfychic #elegant #oldmoney ,#cleangirl #capsulewardrobe #comfychic #elegant #oldmoney,3409,167,4,2,15,2026-02-19T12:33:12.000Z,https://p16-common-sign.tiktokcdn-eu.com/tos-no1a-p-0037-no/oYuXCimwEZEZcBiBIwaiE0YIICztwHmKAAPBq~tplv-tiktokx-origin.image?dr=10395&x-expires=1788555600&x-signature=YaL30EeOeYz4lQNx6FbNA50Sbbc%3D&t=4d5b0474&ps=13740610&shp=81f88b70&shcp=43f4a2f9&idc=no1a,,handbag outfit,False,False,576,1024
7643519040236948749,https://www.tiktok.com/@christinaelezaj/video/7643519040236948749,christinaelezaj,Christina,Bag is the fit 🤏🏼💓🎀    #chanelbag #chanel25bag #outfitinspo #springfashion #pinkchanel ,#chanelbag #chanel25bag #outfitinspo #springfashion #pinkchanel,116400,7377,97,694,5,2026-05-24T17:58:01.000Z,https://p16-common-sign.tiktokcdn-eu.com/tos-useast5-p-0068-tx/oMnfkLGRjIHsgIFJNTIIjcCAPHiACN9JJUe2ew~tplv-tiktokx-origin.image?dr=10395&x-expires=1788555600&x-signature=m9y5RsvJDYeWlYsWV2hNnjMG%2FOw%3D&t=4d5b0474&ps=13740610&shp=81f88b70&shcp=43f4a2f9&idc=no1a,,handbag outfit,True,False,720,1280
7558400911911963926,https://www.tiktok.com/@everybody.loves.fia/video/7558400911911963926,everybody.loves.fia,fi,every girl needs one #coach #coachbag #designer #girls #fyp ,#coach #coachbag #designer #girls #fyp,245200,29500,96,1113,9,2025-10-07T08:55:55.000Z,https://p16-common-sign.tiktokcdn-eu.com/tos-no1a-p-0037-no/oAXEEq4zQs2EkJ5BsJuDfFARL5AFFzNgvbeoQA~tplv-tiktokx-origin.image?dr=10395&x-expires=1788555600&x-signature=VdZjV%2FAPESNRNvwcWnY0QHiXW1Q%3D&t=4d5b0474&ps=13740610&shp=81f88b70&shcp=43f4a2f9&idc=no1a,,handbag outfit,False,False,576,1024
7670834443535289633,https://www.tiktok.com/@.yourbro93/video/7670834443535289633,.yourbro93,.yourbro93,Everywhere I go #bag #handbag #outfitcheck ,#bag #handbag #outfitcheck,1030,82,0,2,12,2026-08-06T08:35:27.000Z,https://p16-common-sign.tiktokcdn-eu.com/tos-useast2a-p-0037-euttp/osfjqNR4pLNe4MeoGYugAuYPR0AGTUZQQh4eYR~tplv-tiktokx-origin.image?dr=10395&x-expires=1788555600&x-signature=Du1UkziNuE0F1B9UZPALGPKYUAo%3D&t=4d5b0474&ps=13740610&shp=81f88b70&shcp=43f4a2f9&idc=no1a,,handbag outfit,False,False,576,1024
7634823181068537110,https://www.tiktok.com/@natalia_112/video/7634823181068537110,natalia_112,NATALIA☆,"i keep reaching for this bag… and i get compliments on it every time A neutral bags like this one from @ISABEL MARANT just make every outfit look more put together. Proof that you don’t need a huge bag collection, just one that works with all your outfits!! 👜  #handbag #handbagcollection #isabelmarant #newbag ",# #handbag #handbagcollection #isabelmarant #newbag,8264,105,2,17,9,2026-05-01T07:33:27.000Z,https://p16-common-sign.tiktokcdn-eu.com/tos-no1a-p-0037-no/oAqCVFniBIX0i00cAPiCk0RejBf7pTFIiVgBE9~tplv-tiktokx-origin.image?dr=10395&x-expires=1788555600&x-signature=KihUnB1ni4KZdYYbUH5Rw1DBpJI%3D&t=4d5b0474&ps=13740610&shp=81f88b70&shcp=43f4a2f9&idc=no1a,,handbag outfit,True,False,576,1024
7620832032150555926,https://www.tiktok.com/@alexwelford/video/7620832032150555926,alexwelford,Alex Welford,The bag permanently attached to me in Spring/Summer 🍋 #casualoutfits #springlooks #whitejeans #outfitoftheday ,#casualoutfits #springlooks #whitejeans #outfitoftheday,21900,690,12,20,7,2026-03-24T14:40:36.000Z,https://p16-common-sign.tiktokcdn-eu.com/tos-no1a-p-0037-no/oMaFEQywgFrRAQdMpbQ2OfFyE9FFkqfRBjKSD2~tplv-tiktokx-origin.image?dr=10395&x-expires=1788555600&x-signature=jIt4YitNJm11JKf%2BWEIunbeeBDg%3D&t=4d5b0474&ps=13740610&shp=81f88b70&shcp=43f4a2f9&idc=no1a,,handbag outfit,True,False,576,1024
7653914285751422230,https://www.tiktok.com/@nova_ruta/video/7653914285751422230,nova_ruta,nova_ruta,#ugceuropecreator #ugcspain #ugc ,#ugceuropecreator #ugcspain #ugc,8433,187,1,5,39,2026-06-21T18:16:35.000Z,https://p16-common-sign.tiktokcdn-eu.com/tos-no1a-p-0037-no/osvAaCfiLwHo1AASRIBVILAuAREHiPCABxABK4~tplv-tiktokx-origin.image?dr=10395&x-expires=1788555600&x-signature=YY4rTW05HOjVVzoZw6Y8fsvLPDA%3D&t=4d5b0474&ps=13740610&shp=81f88b70&shcp=43f4a2f9&idc=no1a,,handbag outfit,False,False,576,1024
7615682282078129422,https://www.tiktok.com/@brisfavss/video/7615682282078129422,brisfavss,Bri's Favs,"#designerbag #affordablebag #purse #designerpurse #tiktokshopcreatorpicks  designer inspired bags, designer style bags, luxury inspired bags, high end inspired bags, affordable designer style bags, chic handbags, luxury style handbags, elegant handbags, trendy handbags, everyday handbags, timeless handbags, classic handbags, structured handbags, minimalist handbags, statement handbags, elevated accessories, fashion handbags, stylish purses, modern handbags, sophisticated handbags, polished accessories  ",#designerbag #affordablebag #purse #designerpurse #tiktokshopcreatorpicks,400200,4209,73,152,75,2026-03-10T20:00:00.000Z,https://p16-common-sign.tiktokcdn.com/tos-useast5-p-0068-tx/ooCsSETIDfkbFCVSgEftAOAAlFa6ApDEX8uRTw~tplv-tiktokx-origin.image?dr=14575&x-expires=1788555600&x-signature=IFn99hNU%2FrCY6BZM65PivRmHTsU%3D&t=4d5b0474&ps=13740610&shp=81f88b70&shcp=43f4a2f9&idc=my2,,designer inspired bag,False,False,720,1280
7665481241604394270,https://www.tiktok.com/@princesa.desiree/video/7665481241604394270,princesa.desiree,Desiree.Demetri,"Found GOYARD-inspired bags at Burlington and had to show y'all 👀👜 If you love a good designer look for less,run to Burlington. Which one would you grab? ✨#goyardbag #burlingtonfinds #goyardtotebag #goyard ",#goyardbag #burlingtonfinds #goyardtotebag #goyard,519100,22900,1170,9302,57,2026-07-22T22:22:32.000Z,https://p16-common-sign.tiktokcdn.com/tos-useast8-p-0068-tx2/oUweeAGwghjIVLjLU37DVJqIAQcCCfwQMaEoIo~tplv-tiktokx-origin.image?dr=14575&x-expires=1788555600&x-signature=mJwa7KDO8ZNIdceouZcHxPltG%2Fw%3D&t=4d5b0474&ps=13740610&shp=81f88b70&shcp=43f4a2f9&idc=my2,,designer inspired bag,True,False,720,1280
7491470744895982891,https://www.tiktok.com/@beluwinkler.ugc/video/7491470744895982891,beluwinkler.ugc,Belen Winkler | UGC Creator,Obsessed👜❤️ @POPSEWING DIY Bag Kit   #popsewing #wirkin #walmes #walmeswirkin #birkin ,# #popsewing #wirkin #walmes #walmeswirkin #birkin,92700,1452,63,94,17,2025-04-10T00:13:11.000Z,https://p16-common-sign.tiktokcdn.com/tos-useast5-p-0068-tx/o4E3IADARDe9AaDnoFDGfKvMj0lEWEAgSqwRC3~tplv-tiktokx-origin.image?dr=14575&x-expires=1788555600&x-signature=Tn1Y27hDnu5E1t8bWpGA9wfqtIk%3D&t=4d5b0474&ps=13740610&shp=81f88b70&shcp=43f4a2f9&idc=my2,,designer inspired bag,False,False,576,1024
7648447131182779679,https://www.tiktok.com/@399apparel/video/7648447131182779679,399apparel,399 Apparel,#fashiontiktok #fypシ #designerbags #dealsforyoudays #deals ,#fashiontiktok #fypシ #designerbags #dealsforyoudays #deals,85200,4063,57,1844,44,2026-06-07T00:41:24.000Z,https://p16-common-sign.tiktokcdn.com/tos-useast8-p-0068-tx2/oAjEEJrVWQALBMOjytv3kfRk2AEuOBD4qQ2ReF~tplv-tiktokx-origin.image?dr=14575&x-expires=1788555600&x-signature=NIvunOq6yoCe9IWSr6PRXQQqbmg%3D&t=4d5b0474&ps=13740610&shp=81f88b70&shcp=43f4a2f9&idc=my2,,designer inspired bag,False,False,720,1280
7655132396114742558,https://www.tiktok.com/@anne.michelle54/video/7655132396114742558,anne.michelle54,Anne Michelle 🌻💙🎶,"I KNEW I had seen a video showing how to do this, but I never found it. Thanks to the ladies in my main account who talked me through it in the comments for this bag! So fun!! #luxuryinspired #bagsandpurses #pursetok #chanelinspired #designerbags ",#luxuryinspired #bagsandpurses #pursetok #chanelinspired #designerbags,335800,5585,135,152,36,2026-06-25T01:03:41.000Z,https://p16-common-sign.tiktokcdn.com/tos-useast8-p-0068-tx2/okcRJ8Pj6AvGMezAbg8QAHFUeQeXBYe2ojmqnn~tplv-tiktokx-dmt-logom:tos-useast8-i-0068-tx2/oMAAEEmqVEsAARKQ5U4fCFfPBDyzMHItHpAo7A.image?dr=14573&x-expires=1788555600&x-signature=HOLN%2F30aGDlTS9dCDhQIxxvvvcE%3D&t=4d5b0474&ps=13740610&shp=81f88b70&shcp=43f4a2f9&idc=my2,,designer inspired bag,False,False,720,1280
7661985646084508935,https://www.tiktok.com/@iamrosseng/video/7661985646084508935,iamrosseng,R O S S,POV: You finally found the perfect everyday bag. Designer-inspired look without the designer price tag ✨ #seaglocabag #bag #musthave #classy #chanel ,#seaglocabag #bag #musthave #classy #chanel,94700,520,11,105,33,2026-07-13T12:17:36.000Z,https://p16-common-sign.tiktokcdn.com/tos-alisg-p-0037/o4UEIYBlXAKArXEiB1vadlAIA1HBBTi4vAE4C~tplv-tiktokx-origin.image?dr=14575&x-expires=1788555600&x-signature=D64RZ54IvjbpvEgRWdTm9tCxpuE%3D&t=4d5b0474&ps=13740610&shp=81f88b70&shcp=43f4a2f9&idc=my2,,designer inspired bag,True,False,576,1024
7666526168903847181,https://www.tiktok.com/@fancybagscollection/video/7666526168903847181,fancybagscollection,Fancy Collection,"The Gucci Brera Large Hobo Bag showcases the iconic GG monogram canvas with the signature green and red web stripe, offering a timeless designer-inspired look. A spacious and elegant handbag that's perfect for everyday style and special occasions. #GucciStyle  #LuxuryBag #DesignerInspired #HandbagCollection #FashionTok ",#guccistyle #luxurybag #designerinspired #handbagcollection #fashiontok,13600,87,12,26,26,2026-07-25T17:57:31.000Z,https://p16-common-sign.tiktokcdn.com/tos-useast5-p-0068-tx/oYLRmefJLAKGGBAQAeOIAlJIeOkLIKaQpkFqAD~tplv-tiktokx-origin.image?dr=14575&x-expires=1788555600&x-signature=u5rqgVljxFR5zEl1thuZGfCG51Y%3D&t=4d5b0474&ps=13740610&shp=81f88b70&shcp=43f4a2f9&idc=my2,,designer inspired bag,False,False,720,1280
7666496621009554701,https://www.tiktok.com/@luxury.spotlight1/video/7666496621009554701,luxury.spotlight1,luxuryspotlight1,"Unboxing the iconic Hermès Birkin Bag in a rich burgundy (Rouge H/Bordeaux-inspired) shade. Finished with elegant silver-tone palladium hardware, this timeless handbag blends exceptional craftsmanship with a sophisticated silhouette. #Hermes  #Birkin  #LuxuryBag  #DesignerBag  #LuxuryUnboxing ",#hermes #birkin #luxurybag #designerbag #luxuryunboxing,100700,1587,26,367,13,2026-07-25T16:03:00.000Z,https://p16-common-sign.tiktokcdn.com/tos-useast5-p-0068-tx/oAxyGe8HIIekQEvfaAUALEnJIyjbAArADHcAZk~tplv-tiktokx-dmt-logom:tos-useast5-i-0068-tx/o0CKsREwJIAi1im3BPIl1MfMA8BzBBAIpAi1Ik.image?dr=14573&x-expires=1788555600&x-signature=ywqrRgJeyfKQ8mtsT6yi%2FHxtF2I%3D&t=4d5b0474&ps=13740610&shp=81f88b70&shcp=43f4a2f9&idc=my2,,designer inspired bag,False,False,576,1024
7654818143482760466,https://www.tiktok.com/@velouettee/video/7654818143482760466,velouettee,Velouette,"El bolso que te acompaña del trabajo al café y del café al viaje. 👜✨ La 3 in 1 Tote Bag se adapta a cualquier momento de tu día. Úsala como tote, shoulder bag o crossbody y lleva todo organizado sin perder estilo. Porque tu bolso debería hacer más que solo verse bonito. Consíguelo en el link de nuestro perfil. #totebag #whatsinmybag #everydaycarry #bagstyle #workbag",,3466,58,0,5,9,2026-06-24T04:44:03.000Z,https://p19-common-sign.tiktokcdn-us.com/tos-alisg-p-0037/oIGEtieEAGJsULAEfzJFAXSMIdgDgQtArCDAfJ~tplv-tiktokx-origin.image?dr=9636&x-expires=1788555600&x-signature=Dw2oiZWSs3Lcr5au%2BbNekzmfHyQ%3D&t=4d5b0474&ps=13740610&shp=81f88b70&shcp=43f4a2f9&idc=useast5,,cafe tote bag,False,False,576,1024
7678554715218791701,https://www.tiktok.com/@alunata.id/video/7678554715218791701,alunata.id,ALUNATA,Match Outfit = Match Bag✨ #masukberanda #fypシ #taswanita #xyzbca #totebag ,#masukberanda #fypシ #taswanita #xyzbca #totebag,1266,25,0,5,21,2026-08-27T03:54:05.000Z,https://p16-common-sign.tiktokcdn-us.com/tos-alisg-p-0037/oEauSWrIQgIgAcHq2f8lkYtAj51fVM4eDLkbCL~tplv-tiktokx-origin.image?dr=9636&x-expires=1788555600&x-signature=upfp2kU3ZyjB7zc%2BzN5oeoaAmJI%3D&t=4d5b0474&ps=13740610&shp=81f88b70&shcp=43f4a2f9&idc=useast5,,cafe tote bag,False,False,576,1024
7678378993980149023,https://www.tiktok.com/@noorzlifestyle/video/7678378993980149023,noorzlifestyle,Noorzlifestyle,"POV: You just found your new cozy cafe spot in the DMV 🤎☕️  Habibi House Cafe is having their GRAND OPENING this Saturday, August 29! 🎉  📍 3400-B Washington Dr, Falls Church, VA 22041 ⏰ 10 AM–8 PM  🥤 First 100 → FREE drink 👜 Next 100 → FREE tote bag 🎉 25% OFF for the rest of the day!  The Habibi Iced + pistachio were my favorites 🤌🏼💚 Definitely adding this one to your weekend plans!  #HabibiHouseCafe #FallsChurchVA #DMVFoodie #DMVCoffee #dmveats ",#habibihousecafe #fallschurchva #dmvfoodie #dmvcoffee #dmveats,5323,238,15,176,16,2026-08-26T16:32:11.000Z,https://p19-common-sign.tiktokcdn-us.com/tos-useast8-p-0068-tx2/ooAAREx5qEAqFlK6ADC3C2DjFAUEVIfRQEeOPD~tplv-tiktokx-origin.image?dr=9636&x-expires=1788555600&x-signature=4YegkSMqsETsj%2FxbV9YTUXbKqZ4%3D&t=4d5b0474&ps=13740610&shp=81f88b70&shcp=43f4a2f9&idc=useast5,,cafe tote bag,False,False,720,1280
7616292051784617223,https://www.tiktok.com/@chichichss/video/7616292051784617223,chichichss,chichi <3,daily shoulder tote 🍞 secured !@Gentlewomanstore #gwdailyshoulderbag ,# #gwdailyshoulderbag,28300,344,1,137,24,2026-03-12T09:03:09.000Z,https://p16-common-sign.tiktokcdn.com/tos-alisg-p-0037/oIVYKECBPAgAIv6EAa6ATE0nRAyBiibwIuBUF~tplv-tiktokx-origin.image?dr=14575&x-expires=1788555600&x-signature=djbXDsXUYKGU3vGLaqC057RciBM%3D&t=4d5b0474&ps=13740610&shp=81f88b70&shcp=43f4a2f9&idc=my2,,shoulder tote outfit,False,False,576,1024
7470135616429116679,https://www.tiktok.com/@recosbysophia/video/7470135616429116679,recosbysophia,Sophia 𐙚 ࣪˖,looks very classy ✨ #bagrecos #leatherbag #largecapacitybag #schoolbag #trendingbags #highqualitybag #womensbag #bagsforwomen ,#bagrecos #leatherbag #largecapacitybag #schoolbag #trendingbags #highqualitybag #womensbag #bagsforwomen,394100,1619,79,1272,18,2025-02-11T12:21:27.000Z,https://p16-common-sign.tiktokcdn.com/tos-alisg-p-0037/oUrMAVGAbIP5LqpCBoeCjjJwMebcQoIfAID7UE~tplv-tiktokx-origin.image?dr=14575&x-expires=1788555600&x-signature=m7YJfTPFV6YDiWpijkjLV%2BuiUg0%3D&t=4d5b0474&ps=13740610&shp=81f88b70&shcp=43f4a2f9&idc=my2,,shoulder tote outfit,False,False,576,1024
7594384885448461576,https://www.tiktok.com/@leora_nepal/video/7594384885448461576,leora_nepal,LeoRa,One bag two ways to style it 🤌🏼 You can carry this sued bag as shoulder and backpack ways. Isn’t it great 🫶🏼 #foryou #suedebag #bagforwomen #deliveryallovernepal🇳🇵 ,#foryou #suedebag #bagforwomen #deliveryallovernepal🇳🇵,281700,6025,30,1406,16,2026-01-12T08:12:05.000Z,https://p16-common-sign.tiktokcdn.com/tos-alisg-p-0037/o0MwIUwqIDANrD8cCKFfBRpCVEPg6B2ZIAfzkE~tplv-tiktokx-origin.image?dr=14575&x-expires=1788555600&x-signature=kXNtAt7tguWETH6hHfqptf9%2FQME%3D&t=4d5b0474&ps=13740610&shp=81f88b70&shcp=43f4a2f9&idc=my2,,shoulder tote outfit,False,False,576,1024
7677031996169702664,https://www.tiktok.com/@..ems29/video/7677031996169702664,..ems29,Kimber,"Caption: Meet your new everyday favorite 🤎 This spacious brown shoulder tote is the perfect mix of style, comfort, and practicality. Pair it with your favorite tee, jeans, or office outfit for an effortless chic look. 👜✨ Perfect for everyday errands, work, school, shopping, and casual days out! #ToteBag #ShoulderBag #BrownBag #WomensBag #EverydayBag ",#totebag #shoulderbag #brownbag #womensbag #everydaybag,253,1,0,0,10,2026-08-23T01:25:08.000Z,https://p19-common-sign.tiktokcdn.com/tos-alisg-p-0037/oclkqBQkvADsgVAwIBEECaEUIcFfRiFEqANdfA~tplv-tiktokx-dmt-logom:tos-alisg-i-0068/oIU8DAiERQVAfcDf2EIA66DqAc4FEBwkCgZvli.image?dr=14573&x-expires=1788555600&x-signature=PCGYX%2Bd836YHsSgaHlJT0H68OgI%3D&t=4d5b0474&ps=13740610&shp=81f88b70&shcp=43f4a2f9&idc=my2,,shoulder tote outfit,False,False,576,1024
7518403603128700181,https://www.tiktok.com/@mollymolliee/video/7518403603128700181,mollymolliee,mollymolliee,the Lyla Tubular Slouchy Tote Bag from @CHARLES & KEITH SINGAPORE is the everyday essential you need 🤎  #ImwithCharlesKeith #CharlesKeithCommunity #outfitinspo #outfitideas #casualstyle #outfitdiaries #whatiwore #sgtiktok,# #imwithcharleskeith #charleskeithcommunity #outfitinspo #outfitideas #casualstyle #outfitdiaries #whatiwore #sgtiktok,46000,622,43,106,22,2025-06-21T14:05:57.000Z,https://p16-common-sign.tiktokcdn.com/tos-alisg-p-0037/owE1XRBooVWvwFKL3vZDEgBEUeBfAuhqFIv0Er~tplv-tiktokx-origin.image?dr=14575&x-expires=1788555600&x-signature=xyLNwVyv66gAY38MUQl5Adc9qO0%3D&t=4d5b0474&ps=13740610&shp=81f88b70&shcp=43f4a2f9&idc=my2,,shoulder tote outfit,False,False,576,1024
7643415540798622998,https://www.tiktok.com/@mackienicole/video/7643415540798622998,mackienicole,Mackie_Nicole,Add any initials to your bag🤎 I’m wearing size large in set 🩷🤎 #shoulderbag #totebags #airportoutfit #summerset #affordableclothes ,#shoulderbag #totebags #airportoutfit #summerset #affordableclothes,2194,5,0,0,29,2026-05-24T11:16:09.000Z,https://p16-common-sign.tiktokcdn.com/tos-no1a-p-0037-no/o0F3fAXqEArwFI3AEq4tARuCkdlfQbXAEX8gID~tplv-tiktokx-origin.image?dr=14575&x-expires=1788555600&x-signature=knMdhmdlbuFvSgFhiNdRtVtFufs%3D&t=4d5b0474&ps=13740610&shp=81f88b70&shcp=43f4a2f9&idc=my2,,shoulder tote outfit,False,False,576,1024
7665290580158663943,https://www.tiktok.com/@studiofabillar/video/7665290580158663943,studiofabillar,studiofabillar,office fit 🤎 @KNUE Studio #officeoutfit #chicoutfit #shoulderbag #totebag #wovenbag ,# #officeoutfit #chicoutfit #shoulderbag #totebag #wovenbag,5743,43,3,5,7,2026-07-22T10:02:28.000Z,https://p16-common-sign.tiktokcdn.com/tos-alisg-p-0037/ocQDqYLg6WJJEBCnfoSBZ4lAEbcmBO2Q7gfFRK~tplv-tiktokx-origin.image?dr=14575&x-expires=1788555600&x-signature=ZZTSzSnulH6Mf%2FY7uXVOPGKnWlc%3D&t=4d5b0474&ps=13740610&shp=81f88b70&shcp=43f4a2f9&idc=my2,,shoulder tote outfit,True,False,576,1024
7597109539544009985,https://www.tiktok.com/@tiraamiseu/video/7597109539544009985,tiraamiseu,tiramisu.・₊✧,need all six colours! Which one is your favourite? #ootd #outfitideas #durlapue ,#ootd #outfitideas #durlapue,131600,1462,19,313,24,2026-01-19T16:26:17.000Z,https://p16-common-sign.tiktokcdn.com/tos-alisg-p-0037/osuhhA2ERI6AyUiftBEAyfDpAK4FEBolCgJsWb~tplv-tiktokx-origin.image?dr=14575&x-expires=1788555600&x-signature=r76uDZQGlNFEIm%2FajXY4xARPIgI%3D&t=4d5b0474&ps=13740610&shp=81f88b70&shcp=43f4a2f9&idc=my2,,shoulder tote outfit,True,False,576,1024
7584518109202025748,https://www.tiktok.com/@tgifproject/video/7584518109202025748,tgifproject,tgifproject,Perfect match for your daily work bag 😗💅 #tgifproject #rekomendasitotebag #shoulderbag ,#tgifproject #rekomendasitotebag #shoulderbag,5214,28,2,5,21,2025-12-16T18:04:06.000Z,https://p16-common-sign.tiktokcdn.com/tos-alisg-p-0037/oUS9PZfnDQqiODx7APFCc8RHPBfgpzBQE7gDEQ~tplv-tiktokx-origin.image?dr=14575&x-expires=1788555600&x-signature=QbdE%2BTQrSnKXQTmPpgBkL9Y3JQw%3D&t=4d5b0474&ps=13740610&shp=81f88b70&shcp=43f4a2f9&idc=my2,,shoulder tote outfit,False,False,576,1024
7679293247432248607,https://www.tiktok.com/@shoppingwithsteph0417/video/7679293247432248607,shoppingwithsteph0417,Steph,Repost… but too good not to reshare !!! This beautiful LV monogram Diane 🔗 is in my bio 🔗 to reach @Jenny and info in comments. #bagtok #pursetok #affordableluxury #designerinspired #budgetfriendly ,# #bagtok #pursetok #affordableluxury #designerinspired #budgetfriendly,3335,238,18,6,204,2026-08-29T14:21:00.000Z,https://p16-common-sign.tiktokcdn-us.com/tos-useast8-p-0068-tx2/oMzVPwJeQI1Vy1KIKNVIUGPCJQAQqYeeAAuL2j~tplv-tiktokx-dmt-logom:tos-useast8-i-0068-tx2/oAEEUFqYDCAiEfDnIfyGAVAAENNHul652CTARP.image?dr=9634&x-expires=1788555600&x-signature=lCwWYGe9%2FYo5qSckUzMxfkbwGwM%3D&t=4d5b0474&ps=13740610&shp=81f88b70&shcp=43f4a2f9&idc=useast5,,designer inspired bag,False,False,720,1280
7676954603333733646,https://www.tiktok.com/@_iamsandy/video/7676954603333733646,_iamsandy,Sandy💋,Your DIGITAL CATALOG is here !!! #designerbags #handbag #affordablefashion #luxuryinspired #designer ,#designerbags #handbag #affordablefashion #luxuryinspired #designer,39500,2295,0,808,142,2026-08-22T20:25:13.000Z,https://p19-common-sign.tiktokcdn-us.com/tos-useast5-p-0068-tx/o4vahEB4p0AAAroBC4gIBik3ibKJaaZEcFoAi~tplv-tiktokx-origin.image?dr=9636&x-expires=1788555600&x-signature=eGrMvbqr3VCpgIXrlL9ItvY711I%3D&t=4d5b0474&ps=13740610&shp=81f88b70&shcp=43f4a2f9&idc=useast5,,designer inspired bag,False,False,720,1280
7678884869929176350,https://www.tiktok.com/@shoppingwithsteph0417/video/7678884869929176350,shoppingwithsteph0417,Steph,"Who’s ready for bag videos to start back up ???? I KNOW I AM !!! Tomorrow is GO TIME !! New me, new profile, new bags, new ways. We have Louis Vuitton, Hermes, Balenciaga, Gucci and more all coming in HOT ! LETS FUCKING GO !!  #bagtok #pursetok #affordableluxury #designerinspiredbags #shesback",#bagtok #pursetok #affordableluxury #designerinspiredbags #shesback,2953,391,59,13,6,2026-08-28T01:15:24.000Z,https://p16-common-sign.tiktokcdn-us.com/tos-useast8-p-0068-tx2/owEMQVmfNlmQ1UERowkqlEF8gKiD1kAEAa9ehB~tplv-tiktokx-origin.image?dr=9636&x-expires=1788555600&x-signature=9XDYCOQ11K%2Fzht%2FiOTvxErHiZdM%3D&t=4d5b0474&ps=13740610&shp=81f88b70&shcp=43f4a2f9&idc=useast5,,designer inspired bag,False,False,720,1280
7665600994272627999,https://www.tiktok.com/@canalstdeals/video/7665600994272627999,canalstdeals,Canal Street Deals,🚨 Designer Bag Deals Are Live! 👜🔥  Looking for affordable designer-inspired bags without paying luxury prices? Our newest bundle deals are here for a limited time:  👜 2 Bags • $100 👜 4 Bags • $180 👜 6 Bags • $250 ⭐ Best Value 👜 10 Bags • $400  ✨ Huge selection of styles 📦 Shipping available 📲 DM “DEALS” to order or get the latest catalog.  #canalstreet #canalstreetnyc #designerbags #fyp #nyc ,#canalstreet #canalstreetnyc #designerbags #fyp #nyc,20900,263,75,85,25,2026-07-23T06:07:20.000Z,https://p16-common-sign.tiktokcdn-us.com/tos-useast8-p-0068-tx2/oAI9hqcEsBa9rARfitIA9FEE8rD6AYCzbfph5V~tplv-tiktokx-origin.image?dr=9636&x-expires=1788555600&x-signature=jHeY9h2wkI45K0p8J5y1QXuclXc%3D&t=4d5b0474&ps=13740610&shp=81f88b70&shcp=43f4a2f9&idc=useast5,,designer inspired bag,False,False,720,1280
7669526773763263757,https://www.tiktok.com/@ashley_taylorxoxo/video/7669526773763263757,ashley_taylorxoxo,A S H L E Y 🎀🧸🍒,Can you tell what my fav bag is?! 🙈 LOL I had so much fun making this video! Check the 🔗 in my  B!0 to join my seller WA group where you can get these bags for yourself! 🥰💕  #fyp #speedysoft30 #designerinspired #affordableluxury #bagtok ,#fyp #speedysoft30 #designerinspired #affordableluxury #bagtok,29600,2379,267,91,415,2026-08-02T20:01:23.000Z,https://p19-common-sign.tiktokcdn-us.com/tos-useast5-p-0068-tx/oEvWoeEJNBBiS10EAIKA4AAKcwiwh18xBCIviB~tplv-tiktokx-dmt-logom:tos-useast5-i-0068-tx/o4EvIAHAjof3AEGU5LBaeM7MDQeIjIAAkv0hEQ.image?dr=9634&x-expires=1788555600&x-signature=Z4Go46lgaBbOic3SAUEe0n%2BIa8E%3D&t=4d5b0474&ps=13740610&shp=81f88b70&shcp=43f4a2f9&idc=useast5,,designer inspired bag,False,False,720,1280
7666631493195664670,https://www.tiktok.com/@lissa.found.it/video/7666631493195664670,lissa.found.it,Lissa Found it,"Let's do a bag review! This Neverfull is from the yellow app and I am veru impressed by the quality of this piece. This bag has high quality canvas, with genuine leather, with straps that will not break after one use! And to top it off, it is a budget find!   Comment ""I want it"" or message me for the deets.  #yellowapp #yellowappreview #dhgate #bagreview #affordableluxury ",#yellowapp #yellowappreview #dhgate #bagreview #affordableluxury,13900,322,193,29,47,2026-07-26T00:45:59.000Z,https://p19-common-sign.tiktokcdn-us.com/tos-useast8-p-0068-tx2/oMldgAHERI9ALV0fxBEAOCBqA9ViiEeVCALiWZ~tplv-tiktokx-origin.image?dr=9636&x-expires=1788555600&x-signature=wGndKuRLsaf9hVm7v7LSfEXtOJs%3D&t=4d5b0474&ps=13740610&shp=81f88b70&shcp=43f4a2f9&idc=useast5,,designer inspired bag,False,False,720,1280
7680025607211633933,https://www.tiktok.com/@yeseniiiaaa/video/7680025607211633933,yeseniiiaaa,Yesenia,my first ever dupe & I'm obsesseddd the details on this bag are perfect!!😍 #lvnanospeedy #nanospeedy #dhgate #yellowapp #affordablebags ,#lvnanospeedy #nanospeedy #dhgate #yellowapp #affordablebags,5751,169,7,13,109,2026-08-31T03:02:05.000Z,https://p16-common-sign.tiktokcdn-us.com/tos-useast5-p-0068-tx/oonEqHJEkAaiAgBTrgCGPj0aw47BUPHiAAIpu~tplv-tiktokx-origin.image?dr=9636&x-expires=1788555600&x-signature=iJ%2BXY9ELEr7bXW7w1xqLWPNoIhU%3D&t=4d5b0474&ps=13740610&shp=81f88b70&shcp=43f4a2f9&idc=useast5,,designer inspired bag,False,False,720,1280
7650936020103433486,https://www.tiktok.com/@tiffanyreed05/video/7650936020103433486,tiffanyreed05,Tiffany Reed,#pursetok #bagtok #fashion #inspired @lisatopbag ,#pursetok #bagtok #fashion #inspired #,36600,1318,85,71,250,2026-06-13T17:39:49.000Z,https://p19-common-sign.tiktokcdn-us.com/tos-useast5-p-0068-tx/ogq4SfbZ6BrQZAFRiDGQz9AKyLEzgUf59EKDEC~tplv-tiktokx-origin.image?dr=9636&x-expires=1788555600&x-signature=e5raFsDabMJMzYE1eT4yh2RhKgA%3D&t=4d5b0474&ps=13740610&shp=81f88b70&shcp=43f4a2f9&idc=useast5,,designer inspired bag,False,False,720,1280
7672744588867603745,https://www.tiktok.com/@vaxnessa.14/video/7672744588867603745,vaxnessa.14,vaxnessa.14,Get yours on @Apilla 🍒 #summer #hermes #summervibe #inspofashion #bag ,# #summer #hermes #summervibe #inspofashion #bag,5670,72,0,7,19,2026-08-11T12:07:45.000Z,https://p19-common-sign.tiktokcdn-us.com/tos-useast2a-p-0037-euttp/o4U99xNEIZiTDk5IIeN7kGANDjFJTMffUgpDCE~tplv-tiktokx-origin.image?dr=9636&x-expires=1788555600&x-signature=HEsH3JgmOqUpacH%2BJY70%2FnFMpME%3D&t=4d5b0474&ps=13740610&shp=81f88b70&shcp=43f4a2f9&idc=useast5,,designer inspired bag,False,False,576,1160
7676248489990393118,https://www.tiktok.com/@callielynnm/video/7676248489990393118,callielynnm,Callie | Workwear + Everyday🖤,"9 to 5 OOTD 🤎 Keeping it simple with tan trousers, a brown tank, and brown stilettos.  Pants: Nimin (Amazon) 🔗bio Belt: Steve Madden (TJ Maxx) Shoes: Jessica Simpson (TJ Maxx) Top: TJ Maxx Sunglasses: Amazon #WorkOOTD #OfficeOutfit #WorkWear #BusinessCasual #corporatestyleinspo  ",#workootd #officeoutfit #workwear #businesscasual #corporatestyleinspo,750,15,2,2,5,2026-08-20T22:44:47.000Z,https://p19-common-sign.tiktokcdn-us.com/tos-useast8-p-0068-tx2/oQVAqaHxeEcEwAFjkImIf16AADIaAMfCOagDEo~tplv-tiktokx-dmt-logom:tos-useast8-i-0068-tx2/ogIEPFqA4CAHEJDvQfflAVAAEHBdwhodZENARr.image?dr=9634&x-expires=1788555600&x-signature=HKy%2BfssUU%2FzxNt5H1sab5%2BRGwGc%3D&t=4d5b0474&ps=13740610&shp=81f88b70&shcp=43f4a2f9&idc=useast8,,shoulder tote outfit,False,False,720,1280
7671798347279174926,https://www.tiktok.com/@destinylenaee/video/7671798347279174926,destinylenaee,DESS,,,29200,1275,14,32,8,2026-08-08T22:56:11.000Z,https://p16-common-sign.tiktokcdn-us.com/tos-useast5-p-0068-tx/o4IRJSqA7GYA3SZ3DDIbddFR3wBBLgf2EtEceA~tplv-tiktokx-origin.image?dr=9636&x-expires=1788555600&x-signature=NUtfeufapbHtqbMPx65HT%2BBxHv4%3D&t=4d5b0474&ps=13740610&shp=81f88b70&shcp=43f4a2f9&idc=useast8,,shoulder tote outfit,False,False,720,1280
7677921117545254158,https://www.tiktok.com/@rainetheplanet/video/7677921117545254158,rainetheplanet,Raine the Planet,"Finally made it to the Eiffel Tower in Paris with my beautiful and handsome spouse and we put together this adorable complimentary pastel look for the occasion. This video is not sponsored or monetized. My top was Torrid, bottoms Woman Within, necklace from Jasmarscountrydoor on Etsy, purse from Hot Topic. My flower is from the bouquet my lovely partner gave me that morning. We had such a lovely day, and I even got a new beret to add to the fit! Thank you to my mighty strong love for pushing me around the park. #ParisFashion #Plussizefashion #internationalcouple #eiffeltower #luckyinlove ",#parisfashion #plussizefashion #internationalcouple #eiffeltower #luckyinlove,2000000,131900,4247,67300,81,2026-08-25T10:56:15.000Z,https://p16-common-sign.tiktokcdn-us.com/tos-useast5-p-0068-tx/oMRCTFDzAfMfCsjEMqyFAgSNWAEEIARJDXd3Eg~tplv-tiktokx-origin.image?dr=9636&x-expires=1788555600&x-signature=LHysgvNRGMgPXfGDvih1V4PdFFQ%3D&t=4d5b0474&ps=13740610&shp=81f88b70&shcp=43f4a2f9&idc=useast8,,shoulder tote outfit,False,False,720,1280
7669725690945654024,https://www.tiktok.com/@rainraingoawayway/video/7669725690945654024,rainraingoawayway,"lo, the virgo",#OOTD #fitcheck #cutetop ,#ootd #fitcheck #cutetop,334,30,0,0,18,2026-08-31T02:00:00.000Z,https://p19-common-sign.tiktokcdn-us.com/tos-alisg-p-0037/oc4AmEIKdfGAjZAc3uARLOgDev4ADUQIreITV4~tplv-tiktokx-origin.image?dr=9636&x-expires=1788555600&x-signature=psPLL1yf7l8jTXiwqigSjbeNmao%3D&t=4d5b0474&ps=13740610&shp=81f88b70&shcp=43f4a2f9&idc=useast8,,shoulder tote outfit,False,False,576,1024
7673969463955344671,https://www.tiktok.com/@juliiannalee/video/7673969463955344671,juliiannalee,juliannalee,link to my substack in bio! ✨ #styletips #styleguide #fashion #outfitinspo #fashiontips ,#styletips #styleguide #fashion #outfitinspo #fashiontips,7017,288,1,6,24,2026-08-14T19:21:13.000Z,https://p19-common-sign.tiktokcdn-us.com/tos-useast8-p-0068-tx2/oAHGMQAVQqpFL4RVgFey7UWJffYe1Q8tgZAOUx~tplv-tiktokx-origin.image?dr=9636&x-expires=1788555600&x-signature=OTyPi47apgSx3xjrimYKPmwBI4Q%3D&t=4d5b0474&ps=13740610&shp=81f88b70&shcp=43f4a2f9&idc=useast8,,shoulder tote outfit,False,False,720,1280
7660876151535029534,https://www.tiktok.com/@mckennalush/video/7660876151535029534,mckennalush,McKenna Lush,It just looks classier #elevatedtips #blacktiewedding #weddingguestdress #clutch #fashionadvice @macduggal @Givenchy @stevemadden @Amazon @Amazon Fashion ,#elevatedtips #blacktiewedding #weddingguestdress #clutch #fashionadvice # # # # #,273800,24700,124,144,9,2026-07-10T12:32:51.000Z,https://p19-common-sign.tiktokcdn-us.com/tos-useast8-p-0068-tx2/ogCtH4EAKHAiNiH5BHIM7KfOAMBziBAIGAn1yQ~tplv-tiktokx-dmt-logom:tos-useast8-i-0068-tx2/o0yJEAhERV8ftZC0zAAOLQAUIADqauDDfxOEFC.image?dr=9634&x-expires=1788555600&x-signature=Q6h2NKxXIJpT4bZj63D5GD2n3Ss%3D&t=4d5b0474&ps=13740610&shp=81f88b70&shcp=43f4a2f9&idc=useast5,,handbag outfit,False,False,720,1280
7665738126626737441,https://www.tiktok.com/@itsjasminaoder/video/7665738126626737441,itsjasminaoder,itsjasminaoder,Which you liked the most? 🩷  #outfit #outfitidea #styleinspo #outfitinspo #styletips ,#outfit #outfitidea #styleinspo #outfitinspo #styletips,163600,11800,179,110,19,2026-07-23T14:59:06.000Z,https://p16-common-sign.tiktokcdn-us.com/tos-useast2a-p-0037-euttp/osILDEV6qRDPxjwiByiiQuBeEYARB61IIDfbmi~tplv-tiktokx-origin.image?dr=9636&x-expires=1788555600&x-signature=hvnB3A%2Fe%2BwQ48rg5xtTdgW2IBNk%3D&t=4d5b0474&ps=13740610&shp=81f88b70&shcp=43f4a2f9&idc=useast5,,handbag outfit,False,False,576,1024
7680143791709277462,https://www.tiktok.com/@april.finds7/video/7680143791709277462,april.finds7,April.finds,A great bag is essential for every elegant girl. I.ink on bio #luxurybags #handbags #outfit #fyp #inspooutfit ,#luxurybags #handbags #outfit #fyp #inspooutfit,3,0,0,0,45,2026-08-31T10:40:30.000Z,https://p19-common-sign.tiktokcdn-us.com/tos-no1a-p-0037-no/ogolDfkQEEjkQhW4MCqgFB9VIcRVAlC0eF0SI8~tplv-tiktokx-origin.image?dr=9636&x-expires=1788555600&x-signature=Zd3wbudyaPVjFR1cDTnt%2BFvXR9I%3D&t=4d5b0474&ps=13740610&shp=81f88b70&shcp=43f4a2f9&idc=useast5,,handbag outfit,False,False,576,1024
7616100250964610318,https://www.tiktok.com/@jasiahle/video/7616100250964610318,jasiahle,Jasiah Le,How to style different bags  #fashion #outfit #handbag #totebag #satchel ,#fashion #outfit #handbag #totebag #satchel,6547,159,0,4,7,2026-03-11T20:39:22.000Z,https://p19-common-sign.tiktokcdn-us.com/tos-useast5-p-0068-tx/oQXkQAe4kYgAcSjLIzAIQWLI6JAsATHfGeH6Eh~tplv-tiktokx-origin.image?dr=9636&x-expires=1788555600&x-signature=uAWASCyr%2FakUhoaXUYwezTcCC7Y%3D&t=4d5b0474&ps=13740610&shp=81f88b70&shcp=43f4a2f9&idc=useast5,,handbag outfit,False,False,720,1280
7681034730401271071,https://www.tiktok.com/@branbran1997/video/7681034730401271071,branbran1997,Brandon Nguyen,#coachretailemployee  Coach bags for Euro summer! #coachny #coachbag #handbagtiktok #fypシ ,#coachretailemployee #coachny #coachbag #handbagtiktok #fypシ,2029,120,1,0,46,2026-09-02T20:17:59.000Z,https://p19-common-sign.tiktokcdn-us.com/tos-useast8-p-0068-tx2/oYihHCxeVeIdYhzYCrLIAhGBIMAjPjyQIEe4qQ~tplv-tiktokx-origin.image?dr=9636&x-expires=1788555600&x-signature=T45JQhGUqDnlIR4Dke%2FodIMkOjg%3D&t=4d5b0474&ps=13740610&shp=81f88b70&shcp=43f4a2f9&idc=useast5,,handbag outfit,False,False,720,1280
7676276065601342733,https://www.tiktok.com/@laura_jo69/video/7676276065601342733,laura_jo69,Laura | Bags and Baubles,"Denim bags are having a moment, but this one feels like it could work all year. Soft, slouchy, ridiculously comfortable to carry — basically the handbag version of your favorite broken-in jeans. 🤍  This one is from @moon and I’m really kind of digging it😉  #designerinspired #pursecollector #casualoutfit #luxuryforless #crossbodybag ",# #designerinspired #pursecollector #casualoutfit #luxuryforless #crossbodybag,684,42,8,6,130,2026-08-21T13:40:00.000Z,https://p19-common-sign.tiktokcdn-us.com/tos-useast5-p-0068-tx/oYAqAferDDCqFApE7HEn54EHhCSINi6g1vRzxA~tplv-tiktokx-dmt-logom:tos-useast5-i-0068-tx/oEEhSI6QDQfx5COVgEfPASAASF0DAqDE61URsP.image?dr=9634&x-expires=1788555600&x-signature=1PwhEyTjZjBiot7mrjMs7p%2BxTlg%3D&t=4d5b0474&ps=13740610&shp=81f88b70&shcp=43f4a2f9&idc=useast5,,handbag outfit,False,False,720,1280
7543689482466381078,https://www.tiktok.com/@elisemccaffertyx/video/7543689482466381078,elisemccaffertyx,EliseMccaffertyx,Styling my gorgeous @JW PEI bag🖤   #jwpei #jwpeibag #luxuryhandbags #styleinspo #outfitideas ,# #jwpei #jwpeibag #luxuryhandbags #styleinspo #outfitideas,24100,171,1,110,15,2025-08-28T17:28:01.000Z,https://p19-common-sign.tiktokcdn-us.com/tos-no1a-p-0037-no/o0PwNRaPKoByEYpAwCCPgXkBBiAALBaiIELAp~tplv-tiktokx-origin.image?dr=9636&x-expires=1788555600&x-signature=t4IE%2FqQUnjh8Z7%2FdfrRED3ydSWU%3D&t=4d5b0474&ps=13740610&shp=81f88b70&shcp=43f4a2f9&idc=useast5,,handbag outfit,False,False,576,1024
7670686165120339213,https://www.tiktok.com/@jansport/video/7670686165120339213,jansport,JanSport,the bag is the fit #jansportbags #fitchecks #bagistheoutfit,#jansportbags #fitchecks #bagistheoutfit,474600,27100,124,354,7,2026-08-05T23:00:00.000Z,https://p19-common-sign.tiktokcdn-us.com/tos-useast5-v-85c255-tx/okRvBicAPEBgHzrnAaRIIkYEAilwBBMAPL4A6~tplv-tiktokx-origin.image?dr=9636&x-expires=1788555600&x-signature=b4Gi6dSEKZdpbnMTqtgHuaAD7LU%3D&t=4d5b0474&ps=13740610&shp=81f88b70&shcp=43f4a2f9&idc=useast5,,handbag outfit,True,False,720,1280
7680410948405857549,https://www.tiktok.com/@evilysha.k/video/7680410948405857549,evilysha.k,evilina,the bag is the fit #fyp #ootd ,#fyp #ootd,35000,4944,36,271,13,2026-09-01T03:57:30.000Z,https://p19-common-sign.tiktokcdn-us.com/tos-useast5-p-0068-tx/oQCpjzGTLKJekQlrWYKekqJIBebLEIVoHIAASi~tplv-tiktokx-origin.image?dr=9636&x-expires=1788555600&x-signature=d09XRS9KWiij%2B8ohM6otcwBSyl0%3D&t=4d5b0474&ps=13740610&shp=81f88b70&shcp=43f4a2f9&idc=useast5,,handbag outfit,False,False,720,1280
7675180498469014806,https://www.tiktok.com/@sloanewolff/video/7675180498469014806,sloanewolff,Sloane,Replying to @rid ask and you shall receive… my city bag/ le cargole purse tour. I’m missing a few pieces but here’s a starter. Let me know if you guys want more purse vids   #citybag #balenciaga #pursetour #londonfashion ,# #citybag #balenciaga #pursetour #londonfashion,7710,681,38,35,120,2026-08-18T01:40:44.000Z,https://p16-common-sign.tiktokcdn-us.com/tos-no1a-p-0037-no/o4fO3KnQg4jCWgfggDWVA44MA0IR9LfH82BIJV~tplv-tiktokx-origin.image?dr=9636&x-expires=1788555600&x-signature=K1ObMV6Z8JHbTsbSRt%2FOawjyBl8%3D&t=4d5b0474&ps=13740610&shp=81f88b70&shcp=43f4a2f9&idc=useast8,,purse,False,False,576,1024
7678768578044300557,https://www.tiktok.com/@slowpartyco/video/7678768578044300557,slowpartyco,Emma,"Five reasons I will continue recommending a house purse to anyone who will listen. 😂   At this point, I genuinely don’t know how I lived without one.  House purse people: what’s the ONE thing that you love about yours? @alexmillny @paper republic @Esterbrook Pen Tok #housepurse #journaling #plannercommunity #organizedhome #cozyathome ",# # # #housepurse #journaling #plannercommunity #organizedhome #cozyathome,450800,24000,1211,2010,124,2026-08-27T17:44:06.000Z,https://p16-common-sign.tiktokcdn-us.com/tos-useast5-p-0068-tx/oQd8PFTEEQqIghkHHQfbkfAARhpZqDSrDF82Br~tplv-tiktokx-origin.image?dr=9636&x-expires=1788555600&x-signature=SA%2Bn0d8b1%2BydDJnEmiaw5aNXUs8%3D&t=4d5b0474&ps=13740610&shp=81f88b70&shcp=43f4a2f9&idc=useast8,,purse,False,False,720,1280
7669074252334648606,https://www.tiktok.com/@emilyfactory1/video/7669074252334648606,emilyfactory1,𝑬𝒎𝒊𝒍𝒚-𝒉𝒂𝒏𝒅𝒃𝒂𝒈𝒔,#handbags #unboxing #handbag2026 #bagtok #bagforwomen ,#handbags #unboxing #handbag2026 #bagtok #bagforwomen,14000,139,18,11,18,2026-08-01T14:45:18.000Z,https://p19-common-sign.tiktokcdn-us.com/tos-useast8-p-0068-tx2/owfuRgvzqEVAEAE8BCbFlBZEIwDAqtAE7AfWns~tplv-tiktokx-origin.image?dr=9636&x-expires=1788555600&x-signature=a0f8WHeZWsyvr76nI0d8hwh0Q3c%3D&t=4d5b0474&ps=13740610&shp=81f88b70&shcp=43f4a2f9&idc=useast8,,purse,False,False,720,1280
7677294063250345234,https://www.tiktok.com/@sandv_ela/video/7677294063250345234,sandv_ela,Sandvela,"Mi OOTD de SHEIN 🤎✨ Fall’s calling, answer with style & savings 🍂  Busca 【QCQ9N】 en la app de SHEIN y encuentra hasta un 85% de descuento. Usa mi cupón 【sandvela5578】 para ahorrar aún más.  ID del look:  👜 Bolsa: 38693256 🤎 Falda: 388232881 ✨ Top: 482290759 👡 Zapatillas: 422791628   @SHEIN CANADA @SHEIN  #SHEINFallsCalling #SHEINsaveinstyle #ad #fyp #ootd ",# # #sheinfallscalling #sheinsaveinstyle #ad #fyp #ootd,143000,7195,58,656,60,2026-08-23T18:22:09.000Z,https://p19-common-sign.tiktokcdn-us.com/tos-alisg-p-0037/oMVFefFOQvnwCJIIQv9LBDA6FjLlIoe8dArGOI~tplv-tiktokx-origin.image?dr=9636&x-expires=1788555600&x-signature=vMPUOm%2FVkMj35HrkKSxvP7B4%2FO8%3D&t=4d5b0474&ps=13740610&shp=81f88b70&shcp=43f4a2f9&idc=useast8,,handbag outfit,True,False,576,1024
7666325131748232462,https://www.tiktok.com/@polishgirloliwia20/video/7666325131748232462,polishgirloliwia20,Livy,I know you want it🤩 ##fyp##purse##lifestyle,#fyp #purse #lifestyle,7619,217,11,15,19,2026-07-25T04:57:08.000Z,https://p19-common-sign.tiktokcdn-us.com/tos-useast5-p-0068-tx/o8n6QibZBIpijkxCAAiBpMIdcAfX1kBIi4wtCM~tplv-tiktokx-origin.image?dr=9636&x-expires=1788555600&x-signature=ICW0yGR2sV6b7W2VbwaXkda69P8%3D&t=4d5b0474&ps=13740610&shp=81f88b70&shcp=43f4a2f9&idc=useast5,,purse,True,False,720,1280
7680427102461611277,https://www.tiktok.com/@sarahlilah26/video/7680427102461611277,sarahlilah26,Sarah L. 🌺,girls this bag is GORGEOUSS and it's ONLY $39 right now so RUNN before it's all SOLD OUT!! #koi #saddlebag #vintage #pursetok ,#koi #saddlebag #vintage #pursetok,764,65,1,1,19,2026-09-01T05:00:27.000Z,https://p19-common-sign.tiktokcdn-us.com/tos-useast5-p-0068-tx/o48DveDsFKMpltsSbRu6ABiEPmHIQSCfgqlG0E~tplv-tiktokx-origin.image?dr=9636&x-expires=1788555600&x-signature=0gRh3kca%2FNE0If9YROiVuwI0kTw%3D&t=4d5b0474&ps=13740610&shp=81f88b70&shcp=43f4a2f9&idc=useast5,,purse,True,False,720,1280
7678803447168191758,https://www.tiktok.com/@_loveadri/video/7678803447168191758,_loveadri,Adri,"Bought this purse specifically to wear that night, started my cute little unboxing and THAT’S when I noticed the SA left the sensor on it. Of course the store was already closed. 😭  CHANEL PLEASE EXPLAIN!   #fypシ #chanel #unboxingvideo #blackgirlluxury ",#fypシ #chanel #unboxingvideo #blackgirlluxury,129100,7826,141,161,27,2026-08-27T19:59:22.000Z,https://p19-common-sign.tiktokcdn-us.com/tos-useast5-p-0068-tx/osTLPG4QMfLSHQteIAEhAkVjL0j3IA5eIgtCFT~tplv-tiktokx-origin.image?dr=9636&x-expires=1788555600&x-signature=nau5WdOpufa%2FbqFteEk3VjjfpGw%3D&t=4d5b0474&ps=13740610&shp=81f88b70&shcp=43f4a2f9&idc=useast5,,purse,False,False,720,1280
7675037365911424287,https://www.tiktok.com/@makenna.kk/video/7675037365911424287,makenna.kk,makenna.kk,I love it! 🤍 @Michael Kors #purse #michaelkors #bag,# #purse #michaelkors #bag,24200,449,2,9,14,2026-08-17T16:25:12.000Z,https://p19-common-sign.tiktokcdn-us.com/tos-useast8-p-0068-tx2/ooqDvirixgIoHIcIyAi1ANGBAkqxAiojfZQCC2~tplv-tiktokx-origin.image?dr=9636&x-expires=1788555600&x-signature=XJNOfvpv2qERVLH4SmozQzfjg8k%3D&t=4d5b0474&ps=13740610&shp=81f88b70&shcp=43f4a2f9&idc=useast5,,purse,False,False,720,1280
7678784988455783693,https://www.tiktok.com/@canyougetafollwbck_/video/7678784988455783693,canyougetafollwbck_,Trenchbbyshikeannprt2,Js be wearing shi for no reason 😭💀#fyp #purses #smallpurse #girls #viral ,#fyp #purses #smallpurse #girls #viral,402500,60200,1978,1096,5,2026-08-27T18:47:46.000Z,https://p16-common-sign.tiktokcdn-us.com/tos-useast5-p-0068-tx/oMFZlrvqkAAlDnPCEvvIeRhBSJQfQXWPEQSgID~tplv-tiktokx-origin.image?dr=9636&x-expires=1788555600&x-signature=VhNZIXWIyL1W%2FJ5AQUbWkg70384%3D&t=4d5b0474&ps=13740610&shp=81f88b70&shcp=43f4a2f9&idc=useast5,,purse,False,False,720,1280
7643831412319210783,https://www.tiktok.com/@raebaby790/video/7643831412319210783,raebaby790,Rae,Omg this bag is beautiful! @Emma65787 did not disappoint! I’ll have her WA in my linktree! #speedy #affordableluxury #bougieonabudget #pursetok ,# #speedy #affordableluxury #bougieonabudget #pursetok,409900,20600,796,1469,164,2026-05-25T14:10:20.000Z,https://p16-common-sign.tiktokcdn-us.com/tos-useast8-p-0068-tx2/o8RUw1saiuwiAiLAhAKEAAiW6lACBFB4CIEfID~tplv-tiktokx-dmt-logom:tos-useast8-i-0068-tx2/okhFDf1KEERVQJsuEAqAFCpoIeRFAADQAETAnm.image?dr=9634&x-expires=1788555600&x-signature=VNG%2FaJDwzu3nkKdysxPkHpweBLE%3D&t=4d5b0474&ps=13740610&shp=81f88b70&shcp=43f4a2f9&idc=useast5,,purse,False,False,720,1280
7606383800469327125,https://www.tiktok.com/@purse_1/video/7606383800469327125,purse_1,PURSE.,Timeless beauty in rose gold ✨ #CoachGreyson Classy never goes out of style 🤍 Rose gold moments with Coach Greyson Quartz 🌸 🏷️ P900 ☎️ +267 76401048,#coachgreyson,5432,246,0,18,12,2026-02-13T16:14:00.000Z,https://p19-common-sign.tiktokcdn-us.com/tos-alisg-p-0037/oAjCtLDpBCxeK3HEcT9tAe4PNVIIIkufGpTAIA~tplv-tiktokx-origin.image?dr=9636&x-expires=1788555600&x-signature=4cfRmP2PZxMtVd1lpD0yDDsqlAg%3D&t=4d5b0474&ps=13740610&shp=81f88b70&shcp=43f4a2f9&idc=useast5,,purse,False,False,576,1024
7652484538651675917,https://www.tiktok.com/@_gabanais/video/7652484538651675917,_gabanais,gabby ☆,everything that fits in my Coach pink denim evelyn bag 🎀🩰 she really fits my entire life in here!! LOVE #coachpinkdenim #coachevelyn #whatfitsinmybag #whatsinmybag ,#coachpinkdenim #coachevelyn #whatfitsinmybag #whatsinmybag,71100,7541,176,171,90,2026-06-17T21:48:49.000Z,https://p16-common-sign.tiktokcdn-us.com/tos-useast5-p-0068-tx/ooAHAHQmfzUQfEjAuBDiNIf5kZLjExFAAFoImS~tplv-tiktokx-dmt-logom:tos-useast5-i-0068-tx/oQAsAf70BDAqiAREfziFxHEjMCSISFdg09RSYA.image?dr=9634&x-expires=1788555600&x-signature=dk7brqn1yEtLUuhhJjgAGfCls34%3D&t=4d5b0474&ps=13740610&shp=81f88b70&shcp=43f4a2f9&idc=useast5,,purse,False,False,720,1280
7668784715331112214,https://www.tiktok.com/@ujual/video/7668784715331112214,ujual,ujual,Discover new coffee work bag design made for Swiss designers cool creative lifestyle 😎 #ujual ,#ujual,89700,1598,10,182,14,2026-07-31T20:01:28.000Z,https://p16-common-sign.tiktokcdn-us.com/tos-no1a-p-0037-no/oo4ABFEN9oDAj2ANfEAiFwwLfxIABUIIbfEcS8~tplv-tiktokx-origin.image?dr=9636&x-expires=1788555600&x-signature=GaBk9b7K4eO4wQWmt50%2BidmH7dM%3D&t=4d5b0474&ps=13740610&shp=81f88b70&shcp=43f4a2f9&idc=useast5,,cafe tote bag,False,False,576,1024
7677751066246614286,https://www.tiktok.com/@trizzajover/video/7677751066246614286,trizzajover,Trizza 🪽,And my gorgeous new coach tote #maggietote #coach #bsu #college #ballstate ,#maggietote #coach #bsu #college #ballstate,4645,223,5,1,8,2026-08-24T23:55:40.000Z,https://p16-common-sign.tiktokcdn-us.com/tos-useast5-p-0068-tx/oMfIHGrksQAaphcyVUszZeE8iAIfzCG0VQZjKL~tplv-tiktokx-origin.image?dr=9636&x-expires=1788555600&x-signature=XYvCBIdh5%2FFzZSpVQJZc390guoc%3D&t=4d5b0474&ps=13740610&shp=81f88b70&shcp=43f4a2f9&idc=useast5,,cafe tote bag,False,False,720,1280
7672898533091003678,https://www.tiktok.com/@brookes_buys/video/7672898533091003678,brookes_buys,Brookes Buys,"Stay organized and ready for anything with this work tote designed to keep “all the things” in place! Perfect for the office, commuting or travel, it combines practical organization with a classic look.  Use the search bar in my AMZ Store under Idea List: Work Tote Favorites",,10400,327,4,24,15,2026-08-22T14:00:00.000Z,https://p19-common-sign.tiktokcdn-us.com/tos-useast8-p-0068-tx2/oEDIxKDeFACXeO3JAr0uAEvEam3IQqAfAU5sYE~tplv-tiktokx-origin.image?dr=9636&x-expires=1788555600&x-signature=l2gw6lSpUy3Hcn4uHkiLwXYk%2BU0%3D&t=4d5b0474&ps=13740610&shp=81f88b70&shcp=43f4a2f9&idc=useast5,,cafe tote bag,False,False,720,1280
7655638037732330766,https://www.tiktok.com/@luna.jie/video/7655638037732330766,luna.jie,Luna Jie,"Coach Station Mini Tote 🤎 Vintage Brown, super pretty#coachbag #coachbags #bagged #hangbag #fyv ",#coachbag #coachbags #bagged #hangbag #fyv,3716,71,3,16,22,2026-06-26T09:47:04.000Z,https://p19-common-sign.tiktokcdn-us.com/tos-useast5-p-0068-tx/ooL3SkcaDQxpue8pAwFCSHR4MBfYqSDIEsgpEP~tplv-tiktokx-origin.image?dr=9636&x-expires=1788555600&x-signature=2XPz%2FmttJbznH41%2Fwe9PFydqUlI%3D&t=4d5b0474&ps=13740610&shp=81f88b70&shcp=43f4a2f9&idc=useast5,,cafe tote bag,False,False,720,1280
7616941285349346567,https://www.tiktok.com/@majo.story/video/7616941285349346567,majo.story,Majo.story,มันจะมีกระเป๋าอยู่ใบนึงที่คิดอะไรไม่ออกก็จะหยิบตลอดดด FAVE TOTE คือคำตอบของเรื่องนี้ค่ะ! 💼✨ @MONOMEBKK  #monomebkk #กระเป๋าแบรนด์ไทย #Totebag #รีวิวกระเป๋า #เที่ยวราชบุรี ,# #monomebkk #กระเป๋าแบรนด์ไทย #totebag #รีวิวกระเป๋า #เที่ยวราชบุรี,19600,632,17,31,55,2026-03-14T03:02:36.000Z,https://p16-common-sign.tiktokcdn-us.com/tos-alisg-p-0037/o4oIw2iCtAARc0KHCcg70jwEBfAdiAAWFBA0mI~tplv-tiktokx-origin.image?dr=9636&x-expires=1788555600&x-signature=pGpIWLJLyVRt%2Bo4yc2m88dEujos%3D&t=4d5b0474&ps=13740610&shp=81f88b70&shcp=43f4a2f9&idc=useast5,,cafe tote bag,False,False,576,1024
7575368526198754615,https://www.tiktok.com/@unu.cafe/video/7575368526198754615,unu.cafe,UNUCAFE,"💚🍵 FREE MATCHA-THEMED TOTE BAGS 🍵💚 We’re excited to introduce our limited-edition matcha tote bags — available for two days only! 👜✨  How to receive a tote bag: ✔️ Purchase 1 drink from our Matcha Series ✔️ Purchase 1 drink from our regular menu ✔️ Valid on November 28 & 29, starting 4PM until all 200 tote bags per day are claimed ✔️ Limit one tote bag per customer  Designs: — Nov 28: Cat version 🐱💚 — Nov 29: Dog version 🐶💚  ⏰ Line begins forming at 3:30 PM 📍 Due to limited indoor space, the line will be formed outside.  We look forward to seeing you and sharing these special tote bags with yo",#unucafe,7947,115,0,97,16,2025-11-22T02:19:12.000Z,https://p19-common-sign.tiktokcdn-us.com/tos-useast5-p-0068-tx/oo07Q8FW4uS3fvmCDXDAQ1IuRZpgOBpE5REwfO~tplv-tiktokx-origin.image?dr=9636&x-expires=1788555600&x-signature=neXuUKrFdz4wghsxGhNXQvdAoFY%3D&t=4d5b0474&ps=13740610&shp=81f88b70&shcp=43f4a2f9&idc=useast5,,cafe tote bag,False,False,720,1280
7669596639971118367,https://www.tiktok.com/@pimpinp1/video/7669596639971118367,pimpinp1,Mama P ❤️,Can’t tell me shit my new @BERRY-T 😍💕. She’s literally the cutest purse.   Keep killing it @T-Todd 😘 #contentcreator #berrytbag ,# # #contentcreator #berrytbag,2200000,134000,948,709,15,2026-08-03T00:32:21.000Z,https://p16-common-sign.tiktokcdn-us.com/tos-useast8-p-0068-tx2/oUWIvpF3MIDNNfCAB1wAflEIUvIjjDnIqyZe4C~tplv-tiktokx-origin.image?dr=9636&x-expires=1788555600&x-signature=iHOVYT6lFwqSVyTyz8a6Ovlbv88%3D&t=4d5b0474&ps=13740610&shp=81f88b70&shcp=43f4a2f9&idc=useast5,,purse,False,False,720,1280
7660174102694530335,https://www.tiktok.com/@taymonique/video/7660174102694530335,taymonique,tayy ❤︎,Finally checked her off my wishlist. Happy early birthday to me 🖤  @Coach #coachbag #coachmaggietote #totebag #purse #fyp ,# #coachbag #coachmaggietote #totebag #purse #fyp,46600,3026,62,650,22,2026-07-08T15:07:57.000Z,https://p19-common-sign.tiktokcdn-us.com/tos-useast8-p-0068-tx2/o8BEqIZOAAfvI3fAjFf6MUDEzAnCWEI18AbMAO~tplv-tiktokx-origin.image?dr=9636&x-expires=1788555600&x-signature=5nAGV7u7W75M35Tn8htngIXOTcI%3D&t=4d5b0474&ps=13740610&shp=81f88b70&shcp=43f4a2f9&idc=useast5,,purse,True,False,720,1280
7661332417004834061,https://www.tiktok.com/@sweetlifeofbre2/video/7661332417004834061,sweetlifeofbre2,Bresha,#foryoupage #viralvideo #fyp ,#foryoupage #viralvideo #fyp,16300,2094,16,49,15,2026-07-11T18:03:09.000Z,https://p19-common-sign.tiktokcdn-us.com/tos-useast5-p-0068-tx/oEYNG7DcIFAUIxBULDESwhERDeoYfRQSqkWtgr~tplv-tiktokx-origin.image?dr=9636&x-expires=1788555600&x-signature=f8E140%2FZedRpswsGvVdDP2YxH%2BA%3D&t=4d5b0474&ps=13740610&shp=81f88b70&shcp=43f4a2f9&idc=useast5,,purse,False,False,720,1280
7657909934893387030,https://www.tiktok.com/@notting_hill_shoppingbag/video/7657909934893387030,notting_hill_shoppingbag,The Notting Hill Shopping Bag,Another bag found its owner. 💗  Come and find yours in store. ✨  #TheNottingHillShoppingBag #nottinghill #LondonStyle #ToteBag,#thenottinghillshoppingbag #nottinghill #londonstyle #totebag,197100,10200,31,1601,27,2026-07-02T12:41:47.000Z,https://p19-common-sign.tiktokcdn-us.com/tos-no1a-p-0037-no/ocDlJEhEwQuRVFHCCkffSKxQvaVSBVgDMqIlAF~tplv-tiktokx-origin.image?dr=9636&x-expires=1788555600&x-signature=Lq7RyCSghZQCr%2BnNaD%2FtqiYkOxA%3D&t=4d5b0474&ps=13740610&shp=81f88b70&shcp=43f4a2f9&idc=useast5,,cafe tote bag,False,False,576,1024
7615487761822387477,https://www.tiktok.com/@luxsherryonlineshop/video/7615487761822387477,luxsherryonlineshop,Luxsherryonlineshop,"Vintage coach gallery tote bag for only 3,800 #coachvintage #coachvintagebags #onlinebusiness #y2kvintagebags #coachvintagetotebag ",#coachvintage #coachvintagebags #onlinebusiness #y2kvintagebags #coachvintagetotebag,21300,136,20,15,269,2026-03-10T05:02:07.000Z,https://p16-common-sign.tiktokcdn-us.com/tos-alisg-p-0037/oUCRDEgCEDpAylEcICvAQcFABrzppBf6eWA5XO~tplv-tiktokx-origin.image?dr=9636&x-expires=1788555600&x-signature=O84tGdbk%2FthavvzOJUOO1E%2BT%2BM0%3D&t=4d5b0474&ps=13740610&shp=81f88b70&shcp=43f4a2f9&idc=useast5,,cafe tote bag,False,False,576,1024
7668767409217555726,https://www.tiktok.com/@made_by_beeee/video/7668767409217555726,made_by_beeee,Made_by_Beeee,"Cafecito, conchitas, y un chismecito sabroso 😆   Esta bolsita encontró a su conchita perfecta con Janet de @conchitasdeamor  I hope you love it amiga 🫶🏽 #minitotebag #traderjoes #custom ",# #minitotebag #traderjoes #custom,1707,77,18,19,36,2026-07-31T18:54:37.000Z,https://p16-common-sign.tiktokcdn-us.com/tos-useast5-p-0068-tx/oAGlQINJ7Q32BL1IbkPer5eu2hleCjAUZUQdAH~tplv-tiktokx-origin.image?dr=9636&x-expires=1788555600&x-signature=Cn1SUpQAWGcSsGWZldpaNgJ1WIs%3D&t=4d5b0474&ps=13740610&shp=81f88b70&shcp=43f4a2f9&idc=useast5,,cafe tote bag,False,False,720,1280
7652216720660172040,https://www.tiktok.com/@elaandearth/video/7652216720660172040,elaandearth,Ela & Earth,Shop our Odyssey Insulated Tote Bag now in Cocoa🤎,,2000000,3540,52,451,16,2026-06-17T04:29:19.000Z,https://p19-common-sign.tiktokcdn-us.com/tos-alisg-p-0037/oIUsQSFPrtUan9HkBLDAQKMxRAqgRB5EHiEnfe~tplv-tiktokx-origin.image?dr=9636&x-expires=1788555600&x-signature=zgaL8Ww4Dik9EBy47chIuBOIYQA%3D&t=4d5b0474&ps=13740610&shp=81f88b70&shcp=43f4a2f9&idc=useast5,,cafe tote bag,True,False,576,1024
7660255881572928776,https://www.tiktok.com/@noufonline_/video/7660255881572928776,noufonline_,Nouf Online🪄,#بيرسونال_شوبر #totebag #القبول #christyng ,#بيرسونال_شوبر #totebag #القبول #christyng,141900,2839,44,1743,7,2026-07-08T20:25:17.000Z,https://p16-common-sign.tiktokcdn-us.com/tos-alisg-p-0037/ogZqCWHZSAFsBRNegQFsTZcDrfr6EGrEBEBqdQ~tplv-tiktokx-origin.image?dr=9636&x-expires=1788555600&x-signature=f3L4DDNdlC3DRhUqOAFR5qofYgs%3D&t=4d5b0474&ps=13740610&shp=81f88b70&shcp=43f4a2f9&idc=useast5,,cafe tote bag,False,False,576,1024
