platform,topic,comment,author,engagement,source,sentiment
YouTube,liquid_medicine_taste,With all of the technology we have in 2018 you would think they would have better tasting meds now,@314BROWNIE,321,How to Help Your Child Swallow Bad-Tasting Medicine,
YouTube,liquid_medicine_taste,I wish they could have medicines without flavor,@shaynahall6064,17,How to Help Your Child Swallow Bad-Tasting Medicine,
YouTube,liquid_medicine_taste,I’m literally 13 and watching this cause I gag every time I take those sinus infection meds ugh,@oliviabrown1458,64,How to Help Your Child Swallow Bad-Tasting Medicine,
YouTube,liquid_medicine_taste,I’m Dying I Can’t Take It I Would Rather Get Punched In The Face Then Take My Medicine,@nat-qw8wu,100,How to Help Your Child Swallow Bad-Tasting Medicine,
YouTube,liquid_medicine_taste,We have  come soo far \nYet we can't make better testing medicine for CHILDREN 👶,@GamingFoxHollow,23,How to Help Your Child Swallow Bad-Tasting Medicine,
YouTube,liquid_medicine_taste,When your 17 years old and you gag on Nasty and discusting medicine and try everything to drink it and your mom won’t let you pour it out😂,@alicemoon5030,58,How to Help Your Child Swallow Bad-Tasting Medicine,
YouTube,liquid_medicine_taste,Me : takes medicine and drinks it\nAlso me : pukes\nMom : makes me take medicine again\nMe : pukes again\nMom : bRuH,@aira6980,48,How to Help Your Child Swallow Bad-Tasting Medicine,
YouTube,liquid_medicine_taste,"this is handy to know, as a kid my parents were against drinking something right after taking liq medicines because they thought it would disrupt the medication so you'd just have to sit there and deal but im glad to know we can give kids something right after to help with the taste",@percyperanamus7432,4,How to Help Your Child Swallow Bad-Tasting Medicine,
YouTube,liquid_medicine_taste,"Watching this in 2019, I feel how the rest of the comment section feels about medicine. 😭 Feels bad...\nAlso, I have this bubble gum medicine liquid...",@tallnecked,26,How to Help Your Child Swallow Bad-Tasting Medicine,
YouTube,liquid_medicine_taste,I searched this up so I know what my Mom would trick me with medicine..,@DenzDenzz,4,How to Help Your Child Swallow Bad-Tasting Medicine,
YouTube,liquid_medicine_taste,I have the flu and my medicine is so nasty I throw up every time I drink it,@potatochickencurry5750,13,How to Help Your Child Swallow Bad-Tasting Medicine,
YouTube,liquid_medicine_taste,ANYTHING that is flavored grape cherry etc. I'm out the cough medicine I just took tastes like SUPER better grape and cherry soda,@alejandramejia483,26,How to Help Your Child Swallow Bad-Tasting Medicine,
YouTube,liquid_medicine_taste,"I’m 11, and I need to take this medicine, and today.. I legit threw up because it’s so bad",@dant3641,3,How to Help Your Child Swallow Bad-Tasting Medicine,
YouTube,liquid_medicine_taste,This dosent mention when the kid pushes all the medicine back out of their mouth and spits it on the floor,@chocolatechipslime,13,How to Help Your Child Swallow Bad-Tasting Medicine,
YouTube,liquid_medicine_taste,I love how he ignores the fact that just getting the dang medicine in my kids mouth is a battle. Looking for a gag line and telling my kid to be still and stop freaking out just doesn’t work realistically,@jlb9133,1,How to Help Your Child Swallow Bad-Tasting Medicine,
YouTube,liquid_medicine_taste,Who’s here cause their mom is forcing you to drink a medicine tea but u don’t wanna😭,@peaknata,6,How to Help Your Child Swallow Bad-Tasting Medicine,
YouTube,liquid_medicine_taste,My 2 year old son has 0 problem taking liquid tylenol or motrin but his antibiotics hes will fight not to take it it's so sad having to hold him down and close his mouth trying to swallow it,@Mamayesseniaa,4,How to Help Your Child Swallow Bad-Tasting Medicine,
YouTube,liquid_medicine_taste,tastes buds don't mean shit... ur reflex will still activate,@syke452,91,How to Take Bad-Tasting Medicine,
YouTube,liquid_medicine_taste,I ate my food AFTER I took my disgusting medicine.. \nnow everything tastes like medicine.,@d_raserblx7815,204,How to Take Bad-Tasting Medicine,
YouTube,liquid_medicine_taste,My medicine is soo nasty I can’t I’m finna cry,@taliahgoodwin7618,94,How to Take Bad-Tasting Medicine,
YouTube,liquid_medicine_taste,Lmao I still vomited,@dandymations9586,318,How to Take Bad-Tasting Medicine,
YouTube,liquid_medicine_taste,I deadass think someone pissed in my medicine,@Script_showcasing,9,How to Take Bad-Tasting Medicine,
YouTube,liquid_medicine_taste,"Here’s what my mom did when she wanted me to take vitamins.\nGet the tablets, crush it up as much as you can (doesn’t have to be perfect) & mix the powder in with a tablespoon of peanut butter & honey (whatever ratio of each to your liking). Then enjoy. The peanut butter sticks to my mouth so even the aftertaste is still masked by it. Hope this helps. :)",@hazel9490,41,How to Take Bad-Tasting Medicine,
YouTube,liquid_medicine_taste,"i have anxiety and i have \what if.\"" and \""this is gonna happen.\"" or \""im gonna puke.\"" and i remeber the feeling of my growling stomach and wet mouth and omg...i dont miss it"," and now that i have anxiety its gonna be worst...""",@florabombshell660,12,
YouTube,liquid_medicine_taste,"Tip: If your way too scared to drink your medicine,Get cold/fresh milk and cover your nose.Then do a 3-Second countdown then drink it,Then drink your milk and i think the strong taste will go away.(You will still taste a little of it though)",@leiluvlatte,42,How to Take Bad-Tasting Medicine,
YouTube,liquid_medicine_taste,"I read \How to make Bad-Tasting Medicine\"".""",@xTsukeo,65,How to Take Bad-Tasting Medicine,
YouTube,liquid_medicine_taste,"Omg thank you, I'm about to use the applesauce hack. I have nasty pills I need to take and I was about to try wrapping them in a little bit of cheese like you would for a dog.",@NessaOfDorthonion,13,How to Take Bad-Tasting Medicine,
YouTube,liquid_medicine_taste,cherry is the strongest type of flavor for medicine...I like it in flavors but not for medicine it makes medicine x10 stronger,@wood8588,27,How to Take Bad-Tasting Medicine,
YouTube,liquid_medicine_taste,i close my eyes & think about cola Then i imagine the medicine is a cola then i drink it up  \r\n,@missumileycyrus,36,How to Take Bad-Tasting Medicine,
YouTube,liquid_medicine_taste,pinch your nose and quickly take the medicine...i learned that when my nose is stuffy or blocked i can't taste a damn thing.,@TonniCee,21,How to Take Bad-Tasting Medicine,
YouTube,liquid_medicine_taste,"My mum put my medicine into chocolate syrup, and that scarred me from chocolate syrup.",@tassodemo2316,15,How to Take Bad-Tasting Medicine,
YouTube,liquid_medicine_taste,The ones which taste bad are the ones which actually work.,@H.K.5,7,How to Take Bad-Tasting Medicine,
YouTube,liquid_medicine_taste,Step 1. Wait til you almost throw up\n\nStep 2. Saliva covers your tongue\n\nStep 3. It might taste better,@FittestintheG,19,How to Take Bad-Tasting Medicine,
YouTube,liquid_medicine_taste,Mom: it’s a f-ing pill JUST TAKE IT! ITS NOT THAT HARD! \nMe: crying,@libs1843,4,How to Help Your Child Swallow Bad-Tasting Medicine,
YouTube,liquid_medicine_taste,I’ve been successful mixing the medicine with juice to mask the flavor,@chocolatechipslime,0,How to Help Your Child Swallow Bad-Tasting Medicine,
YouTube,liquid_medicine_taste,"Grape is the most tolerable flavor i've had to deal with, \nbut it still sucked",@francescolombardi3438,0,How to Help Your Child Swallow Bad-Tasting Medicine,
YouTube,liquid_medicine_taste,Bubblegum for me,@manikins3283,0,How to Help Your Child Swallow Bad-Tasting Medicine,
YouTube,liquid_medicine_taste,Same grape just overpowers it! But depends cause some brands have weird textures and it’s weird but some brands taste like the grape sucker,@libs1843,0,How to Help Your Child Swallow Bad-Tasting Medicine,
YouTube,liquid_medicine_taste,"@crazyfish9523 so.. brushing your teeth tastes horrible…. this medicine taste ABSOLUTELY AWFUL, AND YOUR SAYING TO BRUSH YOUR TEETH  (WHICH IS AWFUL) IS GONNA HELP?!?!???!",@thing.mp5,0,How to Take Bad-Tasting Medicine,
YouTube,liquid_medicine_taste,Literally same happened and since I have drunk any medicine except for sweet,@volcanoheadshot5003,0,How to Take Bad-Tasting Medicine,
YouTube,liquid_medicine_taste,Same i cry and puke,@madden_ace,13,How to Take Bad-Tasting Medicine,
YouTube,liquid_medicine_taste,I only like 2 medicines I can’t bare any other medicine lmao I use sugar and cold water to lose the taste of the medicine or in other cases I just puke,@DhuriSamit,3,How to Take Bad-Tasting Medicine,
YouTube,liquid_medicine_taste,Im taking this white medicine rn and im literally crying\n\ni might vomit,@wsaturnz,2,How to Take Bad-Tasting Medicine,
YouTube,liquid_medicine_taste,@wsaturnz I’m taking a rlly nasty white one to 😢😢,@Laneysfyp,0,How to Take Bad-Tasting Medicine,
YouTube,liquid_medicine_taste,i literally throw up every time,@nintentunes9789,1,How to Take Bad-Tasting Medicine,
YouTube,liquid_medicine_taste,I’m taking a herbal one and the capsule was too big to swallow but I can’t do this bro 😭,@keribere244,1,How to Take Bad-Tasting Medicine,
YouTube,liquid_medicine_taste,YALL I DID IT I RLLY HATE MEDICINE LIKE rlly bad… BUT OF U TAKE Minute maid (strawberry lemonade) WITH THE SOUR SKITTLES U CAN BARLEY TASTE IT OMG IM SO HAPPY I CAN FINALLY TAKE MEDICINE WITHOUT VOMITING,@padame1234,3,How to Take Bad-Tasting Medicine,
YouTube,liquid_medicine_taste,"Imagine like- if u take the medicine,u'll become the most beautiful or richest human on earth,or b the most powerful one. works for me😂(beauty)",@foreignerJas_Gaming,0,How to Take Bad-Tasting Medicine,
YouTube,liquid_medicine_taste,A little? What but l tried drinking water and lots of orange juice but it’s still in my mouth 🤢,@joeljanssen8631,2,How to Take Bad-Tasting Medicine,
YouTube,liquid_medicine_taste,@joeljanssen8631 im so happy i found this way since i rlly hate medicine like super bad. So first u drink minute maid (strawberry lemonade) drink it after u take the medicine like right away and then eat sour skittles but if u cant find then eat anything sour but then spit the sour candy out if u cant handle it.,@padame1234,5,How to Take Bad-Tasting Medicine,
YouTube,liquid_medicine_taste,help\n\n\nI drank pinworm medicine and then I gagged and then I threw it up\nI'M TWELVE OKAY\nWHY\nWHYYYY,@importanceofbeingfernest,30,How to Help Your Child Swallow Bad-Tasting Medicine,
YouTube,liquid_medicine_taste,"Omg I need to take my least favourite medicine, it’s literally like the amount of a huge cup of water and I need to drink the whole thing, it tastes like salt water and I can’t drink it without gagging, what do\nI do?",@hannahv1593,14,How to Help Your Child Swallow Bad-Tasting Medicine,
YouTube,liquid_medicine_taste,Me:Having Yellow medicine\nMe:*Pukes*,@JesusChristLovesYou111,0,How to Help Your Child Swallow Bad-Tasting Medicine,
YouTube,liquid_medicine_taste,I have to take white med and it taste nasty 😭😭😭😭😭😭😭,@brandy1670,3,How to Help Your Child Swallow Bad-Tasting Medicine,
YouTube,liquid_medicine_taste,I have this red medicine and when it’s in your mouth your like “Oh this tastes actually not bad...” then you swallow it and it tastes like rubbing alcohol decided to punch you in the face.,@TheGalaxyGacha,3,How to Help Your Child Swallow Bad-Tasting Medicine,
YouTube,liquid_medicine_taste,My ten year old throws up her antibiotics because it taste so bad and she mixing it with food isn't helping. She has been having a panic attack for th last 2 hours because she can't seem to gst it abd hold it down without throwing it back up,@gelflingfay,2,How to Help Your Child Swallow Bad-Tasting Medicine,
YouTube,liquid_medicine_taste,I used to be fine with medicine but I’ve had to take a lot right now because my fever is getting really high and I’ve missed 3 days of school,@brisketbeer,1,How to Help Your Child Swallow Bad-Tasting Medicine,
YouTube,liquid_medicine_taste,I have….Medicine with dark honey and and grape- lord have mercy on my self,@greatclutz8336,1,How to Help Your Child Swallow Bad-Tasting Medicine,
YouTube,liquid_medicine_taste,the cherry medicine that’s the worst,@imaclown6496,2,How to Help Your Child Swallow Bad-Tasting Medicine,
YouTube,liquid_medicine_taste,"A method I would like to call “The Trickster” is when you take a liquid treat (Ex. \nTummy Yummy, mango tango, etc.)that looks at least close to or exactly like the medicine before and after you or your child take the real medicine . Also, smell the good liquid while you or your child is taking the real thing to trick your mind or your child’s mind thinking that the real medicine is the sweet liquid.",@crona2798,8,How to Help Your Child Swallow Bad-Tasting Medicine,
YouTube,liquid_medicine_taste,Im gonna drink a bad tasting medicine rn irl,@youdontknowme603,1,How to Help Your Child Swallow Bad-Tasting Medicine,
YouTube,liquid_medicine_taste,"I fight it so much my mom gets so upset, I’m 10 and it’s so gross",@cassie.on.stage03,1,How to Help Your Child Swallow Bad-Tasting Medicine,
YouTube,liquid_medicine_taste,Blaze Assault I have cherry medicin,@scarletlockwood3608,1,How to Take Bad-Tasting Medicine,
YouTube,liquid_medicine_taste,Teens medicine does look like cola but with bitter taste,@4nge112,1,How to Take Bad-Tasting Medicine,
YouTube,liquid_medicine_taste,"Some medical cannot be consumed crushed, some may need to be absorbed only in the intestines and not before it reaches there…",@hithisisme2009,5,How to Take Bad-Tasting Medicine,
YouTube,liquid_medicine_taste,​ @hithisisme2009 can this method be used for fever medicine and antibiotics also??,@ctfuser0,2,How to Take Bad-Tasting Medicine,
YouTube,liquid_medicine_taste,"My daughter is 3 & it’s always been near impossible to get her to swallow medicine when sick. Your Mum’s remedy just worked after trying EVERYTHING else, thank you!!!",@jeccamaygod,5,How to Take Bad-Tasting Medicine,
YouTube,liquid_medicine_taste,Okay today I got some cough medicine and for real I almost threw up,@preppychristians4066,2,How to Take Bad-Tasting Medicine,
YouTube,liquid_medicine_taste,i thought dark chocolate was disgusting until i had to take bitter antibiotics im in tears and panic,@Vanilla644,3,How to Take Bad-Tasting Medicine,
YouTube,liquid_medicine_taste,"The trick is not to hold it in your mouth... the longer you hold it, the worse it tastes x0",@TheANiMeCrAzY21,35,How to Take Bad-Tasting Medicine,
YouTube,liquid_medicine_taste,Title should be how to suffer before taking the medication,@Islamdztravel,4,How to Take Bad-Tasting Medicine,
YouTube,liquid_medicine_taste,I had to take medicine this morning and it tasted like putty 😂,@howpqthetic,9,How to Take Bad-Tasting Medicine,
YouTube,liquid_medicine_taste,I tried the ice numbing trick for cough medicine and I threw it up like I was sick.,@nickolehogan,2,How to Take Bad-Tasting Medicine,
YouTube,liquid_medicine_taste,"For anyone who has to take liquid Nitrofurantoin (Antibiotic for UTI), mix it up with orange juice or milk. I prefer orange juice, because it's such a strong flavour that it overcomes the medicine. You will still taste it, but way less / it will be way easier than just swallowing it whole.\n\nI usually put around half a cup mixed with the medicine, and just drink it as fast as I can.\nYou can put more juice/milk to lessen the taste, but be aware that the more you pour the more you'll have to drink",@creekaura,25,How to Take Bad-Tasting Medicine,
YouTube,liquid_medicine_taste,My tip is when you drank you medicine quickly eat something you love and drink a lot of water,@4vr1l57,5,How to Take Bad-Tasting Medicine,
YouTube,liquid_medicine_taste,Does anyone else have the issue with dayquil where even plugging your nose still can make you gag? I've tried everything but my body just HATES dayquil and I feel so nauseous when it's smelt or touching me.,@AndrewTheOxbrid,20,How to Take Bad-Tasting Medicine,
YouTube,liquid_medicine_taste,U know it's really disgusting when you realized that you drank it and there is still a little left and it taste SO INSANELY BAD,@yoongfoongyit9818,3,How to Take Bad-Tasting Medicine,
YouTube,liquid_medicine_taste,What I did was crush the pill and mix it with some sugar and drink cola immediately after,@shivanshsikka,2,How to Take Bad-Tasting Medicine,
YouTube,liquid_medicine_taste,my freaking syrup medicine smells like the pink putty that everyone used to buy (fart putty) at the dollar tree and it taste like ear wax and bubblegum,@ok-tw6st,6,How to Take Bad-Tasting Medicine,
YouTube,liquid_medicine_taste,last night I got sick and tomorrow I recovered but my mom said that I still need to take the medicine it smells bad then I take two spoon I have mentos so when I take medicine I will eat the mentos wish me luck.,@pla1_N1,1,How to Help Your Child Swallow Bad-Tasting Medicine,
YouTube,liquid_medicine_taste,I held my childs nose and she could breathe through her mouth as soon as I got the dropper in it cut her cause she bit it and it became sharp and then she projectile vomited. I absolutely cannot handle giving her the iron supplement it breaks my heart and she really needs it she is so pale!! I tried so many times same outcome except I don’t hold her nose. I got lucky once and just slipped it in her mouth and she swallowed it without realizing it. Dear GOD I need to give this to her but HOW,@memyself4431,1,How to Help Your Child Swallow Bad-Tasting Medicine,
YouTube,liquid_medicine_taste,All medicine chilling with me \n\n\n*White medicine has joined the chat\n\n*Me has left the chat\n\n\nI don't know what to call myself so I said me,@xxdarkwarriorxxgaming5894,1,How to Help Your Child Swallow Bad-Tasting Medicine,
YouTube,liquid_medicine_taste,What kinda helped me is sucking on ice for like 1-2 minutes to numb my taste buds. I still get the after taste in the back of my throat but it helps a little.,@randomanime2403,2,How to Help Your Child Swallow Bad-Tasting Medicine,
YouTube,liquid_medicine_taste,I have this white-pinkish medicine. Help.,@valeria6529,1,How to Help Your Child Swallow Bad-Tasting Medicine,
YouTube,liquid_medicine_taste,I have to take white medicine with granules in it.,@fishmania1012,2,How to Help Your Child Swallow Bad-Tasting Medicine,
YouTube,liquid_medicine_taste,"Crushed ice in the mouth can help to not taste the medicine, or try eating ice cream before taking the liquid medicine, but check if you can have milk with the medicine.",@Jibbie49,1,How to Help Your Child Swallow Bad-Tasting Medicine,
YouTube,liquid_medicine_taste,Robitussin is my worst NIGHTMARE OMF-,@carrotcheese3918,2,How to Help Your Child Swallow Bad-Tasting Medicine,
YouTube,liquid_medicine_taste,Any type of raspberry flavored medicine makes me puke with blood because of how much it makes me puke,@okipullup8428,4,How to Help Your Child Swallow Bad-Tasting Medicine,
YouTube,liquid_medicine_taste,Me an adult watching this…,@Dayanaserrano-j9k,0,How to Help Your Child Swallow Bad-Tasting Medicine,
YouTube,liquid_medicine_taste,My throat keeps burning when I drink my DISGUSTING THANOS PURPLE medicine,@edryan1981,0,How to Help Your Child Swallow Bad-Tasting Medicine,
YouTube,liquid_medicine_taste,Paracetamol taste so bad especially the white or red or pink version,@_buses,0,How to Help Your Child Swallow Bad-Tasting Medicine,
YouTube,liquid_medicine_taste,I have these yellow tablets for my water infection they nasty I have them 4 times a day idk how to reduce the bad taste,@livvy8116,3,How to Help Your Child Swallow Bad-Tasting Medicine,
YouTube,liquid_medicine_taste,I’m ten and I have to take bad medicine for my throat infection. I had an ice lolly and that worked,@potterpotato9985,2,How to Help Your Child Swallow Bad-Tasting Medicine,
YouTube,liquid_medicine_taste,I have a nose problem and my medicine smells like onions and it’s banana yogurt flavored,@melissanorthway3193,0,How to Help Your Child Swallow Bad-Tasting Medicine,
YouTube,liquid_medicine_taste,My medicine is nasty🤢,@chrisestrada6024,2,How to Help Your Child Swallow Bad-Tasting Medicine,
YouTube,liquid_medicine_taste,Why can’t they just make liquid medicine into pills? Like it sounds simple and it is way easier for people to take,@movedaccounts3361,2,How to Help Your Child Swallow Bad-Tasting Medicine,
YouTube,liquid_medicine_taste,I gagged,@sofiashrimp8672,0,How to Help Your Child Swallow Bad-Tasting Medicine,
YouTube,liquid_medicine_taste,K3ńž24 OMG EXACTLYYY When I first saw “strawberry cream” I thought it was going to taste good cuz strawberry cream does sound pretty good right? So when I first drank it I kept gagging I couldn’t help it 😂,@itziyaaa6844,1,How to Help Your Child Swallow Bad-Tasting Medicine,
YouTube,liquid_medicine_taste,"i nearly vomited , it was white and it has horrible taste, OH NO I HAVE TO DRINK IT IN 1 Hour , F%^&ing S%^& :( :( :(",@GhosteYoutube,0,How to Help Your Child Swallow Bad-Tasting Medicine,
YouTube,liquid_medicine_taste,K3ńž24 mines black cherry 🍒 yuck,@livqvn,0,How to Help Your Child Swallow Bad-Tasting Medicine,
YouTube,liquid_medicine_taste,K3ńž24 help I drank banana flavor medicine,@hiyori9724,0,How to Help Your Child Swallow Bad-Tasting Medicine,
YouTube,liquid_medicine_taste,I threw up my gross med... I have the croup... my parents yelled at me,@alpacuz,0,How to Help Your Child Swallow Bad-Tasting Medicine,
YouTube,liquid_medicine_taste,@livvy8116  that is the hard part swallowing it,@Shikoyyan,0,How to Help Your Child Swallow Bad-Tasting Medicine,
YouTube,liquid_medicine_taste,@Shikoyyan  Mine tasted disgusting but my UTI is gone so I don't need them anymore,@livvy8116,0,How to Help Your Child Swallow Bad-Tasting Medicine,
YouTube,liquid_medicine_taste,I did to and am sick 😂,@AlyciaDelaney,0,How to Take Bad-Tasting Medicine,
YouTube,liquid_medicine_taste,I have to drink 26 ml of cleocin every 6 hrs 3 times a day and it’s so bad,@Idkwhattodo24,0,How to Take Bad-Tasting Medicine,
YouTube,liquid_medicine_taste,Salt water thats better than other medicines,@randomelephant9077,4,How to Help Your Child Swallow Bad-Tasting Medicine,
YouTube,liquid_medicine_taste,Mine tastes like pure chemical,@butteredpastareal,3,How to Help Your Child Swallow Bad-Tasting Medicine,
YouTube,liquid_medicine_taste,Mines taste worst,@ihavenoideawhatimdoing4,0,How to Help Your Child Swallow Bad-Tasting Medicine,
YouTube,liquid_medicine_taste,OMG I LOVE YOU!  It completely nullified the nasty taste the liquid anti biotic I had to take! Thank you so much dude you have no idea how much o appreciate you 😊 👍👍👍👍 orange juice has such a strong flavor indeed.,@metasprite5648,3,How to Take Bad-Tasting Medicine,
YouTube,liquid_medicine_taste,Omg thx I got that medicine,@randomacc19202,2,How to Take Bad-Tasting Medicine,
YouTube,liquid_medicine_taste,This is why I’m here lol. The taste is disgusting and makes me want to throw up. I have no idea what to take it with and I’m scared to take it again right now lol.,@kote7su,1,How to Take Bad-Tasting Medicine,
YouTube,liquid_medicine_taste,"@kote7su   DUDE, same. I would suggest to just take the pill version. I had to do that instead of liquid. Since no matter what I did I would almost throw up anytime I tried to drink that stuff. The pill helped a lot, but make sure to just have a cup of something you like after, cause having the pill too long in your mouth can give you the same taste the liquid one does, its not as extreme but it's still a bad taste.",@AndrewTheOxbrid,1,How to Take Bad-Tasting Medicine,
YouTube,liquid_medicine_taste,YES!! the liquid makes me vomit every time even if I had a fever w no nausea before taking it. it gives my body the worst feeling imaginable plus the guaranteed discomfort from the fever already 🤦‍♀️,@squtnik,1,How to Take Bad-Tasting Medicine,
YouTube,liquid_medicine_taste,i ran out of the pill today took me half an hour to finally get the guts to drink it and it was DISGUSTING i started chugging lemonade and ate a yogurt in less than a min and i have puked in the past after drinking it bc of how bad it is so praying it doesn’t happen this time 🙏,@your_fyp21,0,How to Take Bad-Tasting Medicine,
YouTube,liquid_medicine_taste,"Here’s the thing. My throat just refuses it, like it doesn’t swallow no matter how hard I try😭",@silllygooober,9,How to Take Bad-Tasting Medicine,
YouTube,liquid_medicine_taste,@silllygooober  SAME like i literally hold it in my mouth until my throat is okay w swallowing it 😭,@yut4ai,8,How to Take Bad-Tasting Medicine,
YouTube,liquid_medicine_taste,Thanks I'm about to take some disgusting medicine!! 🤢🤢🤢,@peanutbutterdelight8101,1,How to Take Bad-Tasting Medicine,
YouTube,liquid_medicine_taste,My medicine has powder tastes like sand 💀💀,@cheesecat_0,1,How to Take Bad-Tasting Medicine,
YouTube,liquid_medicine_taste,I will DRINK 3 water bottles before that darn medicine touches my tongue.,@Jemmitza,13,How to Take Bad-Tasting Medicine,
YouTube,liquid_medicine_taste,"I have to drink a huge glass of tamiflu twice a day and it tastes horrible. My mom didn't even ask me if I wanted capsules or liquid. But thanks, I will try the ice cube and having a lemon slice",@laurenm162,10,How to Take Bad-Tasting Medicine,
YouTube,liquid_medicine_taste,"You could also try using edible film pouches. Imagine a thin edible film that turns into gel, letting you swallow multiple grams at once very easily without tasting anything. They hold multiples more than a capsule, they're quicker/easier to use, and they dissolve 25x quicker after swallowing as well.",@getblated,3,How to Take Bad-Tasting Medicine,
YouTube,liquid_medicine_taste,how do u know the medicines bad if your trying all these ways to desrcibe it?,@jasminepaigewilliams,2,How to Take Bad-Tasting Medicine,
YouTube,liquid_medicine_taste,Best way I found is to mix it with milk then eat some chips with a spice to remove the taste completely,@ogdeadxd,2,How to Take Bad-Tasting Medicine,
YouTube,liquid_medicine_taste,I can’t even take the medicine I get too grossed out,@simonelofton7686,0,How to Take Bad-Tasting Medicine,
YouTube,liquid_medicine_taste,Im ok with tasting the first medicine but the second one is so gross but both of them make my stomach puke for no reason,@neptunehiro7091,3,How to Take Bad-Tasting Medicine,
YouTube,liquid_medicine_taste,"If it is a liquid, get it very cold, swallow it,  and then chug coca cola after.  It really works.  Cold things have less taste and all the carbonation and sugar confuses your taste buds.  This is why strong liquors are mixed in cold sweet sodas and you taste them less.  I've been teaching this to my pediatric cancer patients for over a decade.",@bko2613,3,How to Take Bad-Tasting Medicine,
YouTube,liquid_medicine_taste,Ew why does my antibiotic smell like air freshener UGGGHHH,@cronchhe,3,How to Take Bad-Tasting Medicine,
YouTube,liquid_medicine_taste,I tried to use mustard instead to take my dayquil and it made it so much worse 💔,@BooSillyyy,1,How to Take Bad-Tasting Medicine,
YouTube,liquid_medicine_taste,I just read the comments while taking my medicine\nI feel nothing,@Dtomper,1,How to Take Bad-Tasting Medicine,
YouTube,liquid_medicine_taste,I have to take medicine every day it's so disgusting someone help,@FPotato.,1,How to Take Bad-Tasting Medicine,
YouTube,liquid_medicine_taste,Just ready some food to taste the flavor out; Also ready some water and block your nose.(just don't keep it in your mouth for like 5 seconds or else you'll puke like what happens to me all the time) I SUFFER DRINKING 3 MEDICINES WITH SOUR ONION AND GOOEY ORANGE FLAVOR!,@reapd2576,9,How to Take Bad-Tasting Medicine,
YouTube,liquid_medicine_taste,Milk helps it over powers the taste the most(oop this was a year ago 👁👄👁,@libs1843,0,How to Help Your Child Swallow Bad-Tasting Medicine,
YouTube,liquid_medicine_taste,Antibiotics is mine,@Tubers-ze9nj,0,How to Help Your Child Swallow Bad-Tasting Medicine,
YouTube,liquid_medicine_taste,not all small children can swallow pills,@tinabastarache2674,1,How to Help Your Child Swallow Bad-Tasting Medicine,
YouTube,liquid_medicine_taste,Angel Beauty I had to have penicillin and honestly it was gross!!! Get well soon x,@potterpotato9985,0,How to Help Your Child Swallow Bad-Tasting Medicine,
YouTube,liquid_medicine_taste,I have this ry disgusting medicine and I have been taking it but in scared rn,@peanutbutterdelight8101,1,How to Help Your Child Swallow Bad-Tasting Medicine,
YouTube,liquid_medicine_taste,I had to take liquid Tamiflu and none of this works I tried but I swallow my Tamiflu but after I threw up and I'm lucky my windows have those net things ugh,@Xxxx-ds9ty,0,How to Help Your Child Swallow Bad-Tasting Medicine,
YouTube,liquid_medicine_taste,No cap that bee medicine was the worst(I forgot the name but the medicine had a bee logo),@impasta1252,0,How to Help Your Child Swallow Bad-Tasting Medicine,
YouTube,liquid_medicine_taste,"ever heard of \prednisone\"" medicine for cough?\n\ni am not going to drink that medicine\n\nnever\n\never""",@ssvrn,1,How to Help Your Child Swallow Bad-Tasting Medicine,
YouTube,liquid_medicine_taste,Or just put a straw in the medicine then put the medicine behind a coke can,@anotomestan9035,4,How to Help Your Child Swallow Bad-Tasting Medicine,
YouTube,liquid_medicine_taste,"I'm struggling to give my 2 year old steroids (prescribed for his Croup cough), I try to tell him it's fine but I'd be lying if I didn't say it tastes absolutely disgusting and smells disgusting too. It's so damn strong.",@fiestyfox2207,2,How to Help Your Child Swallow Bad-Tasting Medicine,
YouTube,liquid_medicine_taste,Mine taste and smells like gasoline but I have to take it 3 times a day day for 10 daysssss,@Squeakys_Yarn,0,How to Help Your Child Swallow Bad-Tasting Medicine,
YouTube,liquid_medicine_taste,I have bright yellow.medicine horrible,@patriciabrooks2120,2,How to Help Your Child Swallow Bad-Tasting Medicine,
YouTube,liquid_medicine_taste,i cant drink tamiflu. that stuff is absolutely disgusting. id rather drink amoxicillin all day,@ava-ks3ql,3,How to Help Your Child Swallow Bad-Tasting Medicine,
YouTube,liquid_medicine_taste,I'm watching this in 2018 lmao since I have such a gross antibiotic and I have to take a larger dose and for so long and I also gag so hard and almost vomit every time. like I cant do it it's so gross. even the thought of it makes me want to vomit,@Sabrina-id4lc,18,How to Help Your Child Swallow Bad-Tasting Medicine,
YouTube,liquid_medicine_taste,The medicine in those brown bottles are nasty asf,@nleyi,4,How to Help Your Child Swallow Bad-Tasting Medicine,
YouTube,liquid_medicine_taste,I wish we never had taste buds,@jeferlygiraffe8408,5,How to Help Your Child Swallow Bad-Tasting Medicine,
YouTube,liquid_medicine_taste,"Little story:as a kid like 4-5 year old,my dad held my hands back closed my nose and shoved the medicine  down my mouth.bad right",@klol2124,1,How to Help Your Child Swallow Bad-Tasting Medicine,
YouTube,liquid_medicine_taste,UGH MY MEDICINE IS A,@daniaal-shakerchi7912,1,How to Help Your Child Swallow Bad-Tasting Medicine,
YouTube,liquid_medicine_taste,2025 and im a nurse.. still nasty af children's meds. Id rather give a child a shot than to measure the liquid give to kid to either spit it back out or worse throw it up and have to do it again.,@Ashley-td7ih,0,How to Help Your Child Swallow Bad-Tasting Medicine,
YouTube,liquid_medicine_taste,I’m watching dis bc I can’t drink dis bubble gum medicine bubble gum medicine is gross as ever,@myahbolden5655,1,How to Help Your Child Swallow Bad-Tasting Medicine,
YouTube,liquid_medicine_taste,I did once throw Up.     But it was a year Ago.   Now this day i had to take antibiotics.   I didnt want to.  Beacause od previus experience.  I dont want to swallow it.    And my parents.  They tried to force my mouth open.   I was  streaming           But they failed.   In the end I swallowed it  and it was not that Bad    beacause it didnt touch my taste buds,@Shikoyyan,3,How to Help Your Child Swallow Bad-Tasting Medicine,
YouTube,liquid_medicine_taste,I swallow five tik taks at a time WHOLE,@alpacuz,2,How to Help Your Child Swallow Bad-Tasting Medicine,
YouTube,liquid_medicine_taste,I throw up 🤢 😭,@alpacuz,2,How to Help Your Child Swallow Bad-Tasting Medicine,
YouTube,liquid_medicine_taste,"My UTI meds taste like shit, If I take too long I will apparently be \sent to the hospital\"" one time"," I was close to that""",@cmcphotography1,1,
YouTube,liquid_medicine_taste,it’s good that it tastes bad so that they don’t want to eat it,@natashasromanoff,7,How to Help Your Child Swallow Bad-Tasting Medicine,
YouTube,liquid_medicine_taste,@klimentvorshilov6383  it's impossible due to the medicine having superior bitter level than the sugar can ever do. They say the strong will rise and that just shows the ones that can't go forward will fall unless you give them a helping hand to continue surviving.,@EnchantedSmellyWolf,1,How to Help Your Child Swallow Bad-Tasting Medicine,
YouTube,liquid_medicine_taste,Even in 2022 it’s bad if an adult can’t stand the taste of a certain medication I don’t know how they expect me to give my son it it’s a fucking battle field when he’s to take it and he’s only two poor baba,@pixiesanchez9195,5,How to Help Your Child Swallow Bad-Tasting Medicine,
YouTube,liquid_medicine_taste,banana yogurt tastes decent compared to others 💀,@abdeljalillui,0,How to Help Your Child Swallow Bad-Tasting Medicine,
YouTube,liquid_medicine_taste,"same here dawg i have flu rn tamiflu is the most retchid thing bro, i would pick raw sewage over that. amoxicillin all dsy",@ngracc,0,How to Help Your Child Swallow Bad-Tasting Medicine,
YouTube,liquid_medicine_taste,"We can send men to the moon, but making good tasting medicine … noooo",@dbrammall66,3,How to Help Your Child Swallow Bad-Tasting Medicine,
YouTube,liquid_medicine_taste,Me trying to find tips on making it taste good so that I can down an entire bottle of cough medicine 💀💀💀,@rainingwhenidie,1,How to Help Your Child Swallow Bad-Tasting Medicine,
YouTube,liquid_medicine_taste,nyquil is gross,@idkhowbutthebanditosfoundm9022,0,How to Help Your Child Swallow Bad-Tasting Medicine,
YouTube,liquid_medicine_taste,Orange liquid medicine = hell,@MegaRayan2006,2,How to Help Your Child Swallow Bad-Tasting Medicine,
YouTube,liquid_medicine_taste,"Nope.All the red,black,purple medicine is omg Bitter",@Jivelity_,4,How to Help Your Child Swallow Bad-Tasting Medicine,
YouTube,liquid_medicine_taste,"A child? I am over 18, and here I am complaining about living in the 21st century, an we we still have to inject people with needles and give them criminally strong-awful-tasting medicines🤮",@CCCRecap,0,How to Help Your Child Swallow Bad-Tasting Medicine,
YouTube,liquid_medicine_taste,I nearly vomit 🤮 😭😭😭,@Yejin0326,2,How to Help Your Child Swallow Bad-Tasting Medicine,
YouTube,liquid_medicine_taste,My 3 year old spits meds out all the time.  Can you put liquid antibiotics in apple juice? I would say no. But the other grand parents say that is the only way she will take it. Someone please help.,@wasblind4835,3,How to Help Your Child Swallow Bad-Tasting Medicine,
YouTube,liquid_medicine_taste,With all the technology we have in 2023 I would think the meds to taste better,@Fnaccfor250,1,How to Help Your Child Swallow Bad-Tasting Medicine,
YouTube,liquid_medicine_taste,its too avoid others being addicted to it and overdose i think,@liztaylorgirl,1,How to Help Your Child Swallow Bad-Tasting Medicine,
YouTube,liquid_medicine_taste,"It’s to prevent overdose, I agree though, wish they tasted better",@mistuco2089,1,How to Help Your Child Swallow Bad-Tasting Medicine,
YouTube,liquid_medicine_taste,"Now, with the technology we have in 2024, we still don’t have better tastes medicine",@brybry_.,1,How to Help Your Child Swallow Bad-Tasting Medicine,
YouTube,liquid_medicine_taste,Tbh I know it sounds bad but when kids are young trust me it’s a nightmare and if they really really need to take it you’d do about anything to get them feeling better I guarantee it hurt your dad just as much doing it. I know giving my son his medication atm is a nightmare. When you’ve kids and to give them medication you’ll understand like don’t get me wrong it does sound bad but back then that was normal when giving medication,@pixiesanchez9195,1,How to Help Your Child Swallow Bad-Tasting Medicine,
YouTube,liquid_medicine_taste,I have to take this stuff that litterally tastes like I'm puking up water,@peanutbutterdelight8101,4,How to Help Your Child Swallow Bad-Tasting Medicine,
YouTube,liquid_medicine_taste,"sabrina garvonsabe same :(, I have to take flagyl and it made me vomit twice and now I can’t take it...",@sofiewilliamson9216,2,How to Help Your Child Swallow Bad-Tasting Medicine,
YouTube,liquid_medicine_taste,"DUDE SAMEEEE, i nearly vomited , i did like blaaah and good that i didnt vomit :) nothing came out i just did like, you know BLLLLLLLLLLLAAAAAH but with no sound :) just opened the mouth :D, and pray for me cuz i gotta drink white medicine at 8:30 PM :D EVERY 24 Hour like 8:30 PM , 8:30 AM",@GhosteYoutube,0,How to Help Your Child Swallow Bad-Tasting Medicine,
YouTube,liquid_medicine_taste,I have to drink a medicine that tastes like lemon and fish. It might sound good but when its a liquid its not good at all.,@cathrynavilda5394,1,How to Take Bad-Tasting Medicine,
YouTube,liquid_medicine_taste,Bro make sure there's no pain meds and just dxm otherwise you're gonna really mess your liver up,@_Pyroon_,6,That NyQuil taste good,
YouTube,liquid_medicine_taste,He really drink that much NyQuil,@JMarrionBostwick,0,That NyQuil taste good,
YouTube,liquid_medicine_taste,my useless talent is i can throw up at anytime...i don't have to use anything...if i say i throw up...i throw it up...but it's not completely useless coz if i ate something bad that could get me sick i just throw it up....,@yanaku4868,5,That NyQuil taste good,
YouTube,liquid_medicine_taste,NyQuil is absolutely awful. It tastes so bad and bitter. I’m sensitive to tastes so that was a nightmare.,@Sophia_trickster,2,That NyQuil taste good,
YouTube,liquid_medicine_taste,Completley useless?? Nah u tripping I need that talent that junk taste nasty-,@unbreakableabyss1235,5,That NyQuil taste good,
YouTube,liquid_medicine_taste,Oh yea btw medicine is a drug so that’s why you want to take only 2 pills or 1shot not the whole bottle,@BLURR_PRODUCTOINS,0,That NyQuil taste good,
YouTube,liquid_medicine_taste,i can't eat or drink anything 2 hours before I have my medicine,@charlismithy03,0,How to Take Bad-Tasting Medicine,
YouTube,liquid_medicine_taste,"i just used a antibiotics cefuroxime 500 mg and still feel bitter in my mouth even i drank so much water, what should i do ? :'(",@hanoi97,9,How to Take Bad-Tasting Medicine,
YouTube,liquid_medicine_taste,If it's disgusting paracetamol just drink water after taking it,@jajajaja-ok7go,1,How to Take Bad-Tasting Medicine,
YouTube,liquid_medicine_taste,"Haha I still can’t do it , the medicine litterally taste like the scented cat litter mixed with chalk and cardboard",@Squeakys_Yarn,1,How to Take Bad-Tasting Medicine,
YouTube,liquid_medicine_taste,"yo they have vanilla, butterscotch, AND PEPPERMINT FLAVORS?!? 💳💥💳💥💳",@luvlieh,0,How to Take Bad-Tasting Medicine,
YouTube,liquid_medicine_taste,I drink something else like antibiotics mixed with chocolate milk,@gojouftw5323,1,How to Take Bad-Tasting Medicine,
YouTube,liquid_medicine_taste,"Chowing the skin of the lemon made it worse, and I will not chow an orange because the medicine taste like orange and I hate orange sooooo bad",@blackpearl2776,1,How to Take Bad-Tasting Medicine,
YouTube,liquid_medicine_taste,i had to take 2 tablespoons of vicks day quil and it sucked,@kitten123t,1,How to Take Bad-Tasting Medicine,
YouTube,liquid_medicine_taste,Worst medicine ever bromfed cough syrup,@mattb4886,7,How to Take Bad-Tasting Medicine,
YouTube,liquid_medicine_taste,"Typically, i buy pills but plugging your nose kinda helps... till u stop\n",@BrunoThePup93,4,How to Take Bad-Tasting Medicine,
YouTube,liquid_medicine_taste,"I hate liquid medicine, pills are much better. Pills have no taste and is easy to swallow. I literally have a mental breakdown whenever I have to drink liquid medicine!!! \n\nAlso the most infuriating thing about them is that they don’t taste like the flavor the medicine is giving. Worst one is cherry, it ain’t cherry to me. Ofc, medicine helps you but it tastes so bad that I never want to take it, I’m pretty sure there are some medicines that actually have some sweet flavor to them like orange or apple.",@ZeeroTwoNone,4,How to Take Bad-Tasting Medicine,
YouTube,liquid_medicine_taste,Me with medicine:,@zizomido7328,0,How to Take Bad-Tasting Medicine,
YouTube,liquid_medicine_taste,What I would do is take a piece of hood tasting gum and after you take the medicine start put the gum in your mouth and start chewing and if you need more fast just get another piece,@hoboman2581,0,How to Take Bad-Tasting Medicine,
YouTube,liquid_medicine_taste,It didn’t taste good,@FittestintheG,2,How to Take Bad-Tasting Medicine,
YouTube,liquid_medicine_taste,eat chocolate paste after eating pill,@LuthfiViBritannia,0,How to Take Bad-Tasting Medicine,
YouTube,liquid_medicine_taste,What i do is i get a piece of milk/white/dark chocolate and eat it after taking the medication ( medicine tasted like dark chocolate),@nathanplayzzyt7670,0,How to Take Bad-Tasting Medicine,
YouTube,liquid_medicine_taste,"EATING ICE WORKSSS,\nYOU CANT TASTE ANYTHING FOR A FEW SECONDS AFTER YOU DO THE ICE METHOD😂",@Rinn03.,1,How to Take Bad-Tasting Medicine,
YouTube,liquid_medicine_taste,OP Paladin ughhh I have the same problem. Everything tastes like the flu medicine I had to take. It almost made me throw up,@Elainapenrod,1,How to Take Bad-Tasting Medicine,
YouTube,liquid_medicine_taste,You don't get high from NyQuil,@Sivone-h2c,1,That NyQuil taste good,
YouTube,liquid_medicine_taste,"I have to take liquid antibiotics and omg its disgusting \nI have uti (urinary tracking infection) and i have to urinate like every 2 minutes and i have to take it\nI tried it today and i was like \whyyyyyyyyyyyy-\""\nOne more day to take it and im done aaaaa""",@nativegranny4730,0,How to Take Bad-Tasting Medicine,
YouTube,liquid_medicine_taste,ITS RASPBERRY FLAVOR BATCH THE WORST FLAVOR BATCH ITS NOT KNOW ORANGE FLAVOR BATCH,@moonl1ghtclouds925,1,How to Take Bad-Tasting Medicine,
YouTube,liquid_medicine_taste,my medicine is SPICY and i gotta spray it right in my throat\ni can't bring myself to push the button on the top,@andimelko,1,How to Take Bad-Tasting Medicine,
YouTube,liquid_medicine_taste,Who else came here to wash away the NyQuil taste so they can jug a bottle,@andrewbringas4551,0,How to Take Bad-Tasting Medicine,
YouTube,liquid_medicine_taste,I’m just gonna accept my fate just to eat my medicine 😭💀,@Maxinemxsked,0,How to Take Bad-Tasting Medicine,
YouTube,liquid_medicine_taste,"Just plug your nose so you can’t taste anything, then drink water immediately after you take the medicine",@retro2323,1,How to Take Bad-Tasting Medicine,
YouTube,liquid_medicine_taste,Ugh i hate medicine,@lukeskywalkerjediknight2125,11,How to Take Bad-Tasting Medicine,
YouTube,liquid_medicine_taste,OK I have to take a really bad Advil because my leg hurts as if Satan stomped on it like 1 million times but the problem is the medicine is bubblegum flavour and I hate bubblegum flavour and it’s not a good bubblegum flavour it’s the one that sucks even smelling it in my hand right now I feel like I’m gonna 🤢,@mcphoto55160,1,How to Take Bad-Tasting Medicine,
YouTube,liquid_medicine_taste,I have to eat this powder medicine with water and it's so bitter \nHopefully lemon will work ;-;,@lunalinedigital_1733,2,How to Take Bad-Tasting Medicine,
YouTube,liquid_medicine_taste,You came here cause your sick:,@CaptAInobviouS457,1,How to Take Bad-Tasting Medicine,
YouTube,liquid_medicine_taste,NAH YOU CAPPING NOW THAT SHIT NASTY,@allanabecerra7259,0,That NyQuil taste good,
YouTube,liquid_medicine_taste,"Bro, there’s no way that that taste good",@Hownice1,0,That NyQuil taste good,
YouTube,liquid_medicine_taste,It is so good😅 I love the taste,@steffbeth1945,0,That NyQuil taste good,
YouTube,liquid_medicine_taste,That makes ME puke,@ArchxGames,0,That NyQuil taste good,
YouTube,liquid_medicine_taste,No talent here i see addiction or just a tolerance to bad tasting medicine.,@fizvx3893,0,That NyQuil taste good,
YouTube,liquid_medicine_taste,bro have you had cherry dayquil before it tastes like vomit if vomit vomited,@notrotary,0,That NyQuil taste good,
YouTube,liquid_medicine_taste,@notrotary  i drink bottom shelf vodka neat i aint the guy to ask about bad flavors,@zestamaster,0,That NyQuil taste good,
YouTube,liquid_medicine_taste,I only like sweet medicine,@LivinglifewithKaren,1,How to Take Bad-Tasting Medicine,
YouTube,liquid_medicine_taste,Guess what when I take medicine I act like a extraterrestrial creature \nAnd drooling everywhere,@juzo1453,0,How to Take Bad-Tasting Medicine,
YouTube,liquid_medicine_taste,"I have to take 8 medicines for i think 2 or MORE days! Even 3 times a day... Morning, evening and night!💀💀\nPlox a moment of silence for meh🐶 and comment R.I.P....",@dsgaming5261,2,How to Take Bad-Tasting Medicine,
YouTube,liquid_medicine_taste,The ice cube worked but it didn't numb the back of my tongue so it still tasted horrible,@Boulderpusher,4,How to Take Bad-Tasting Medicine,
YouTube,liquid_medicine_taste,Liquid ibuprofen 😪,@scrub7457,3,How to Take Bad-Tasting Medicine,
YouTube,liquid_medicine_taste,mucinex with no special flavor... smells just how it tastes.... HORRIBLE! makes me puke,@syke452,23,How to Take Bad-Tasting Medicine,
YouTube,liquid_medicine_taste,god i hate antibiotics,@scarymanlegs7578,1,How to Take Bad-Tasting Medicine,
YouTube,liquid_medicine_taste,"Have to take Mucinex, I throw up as soon as it gets in my mouth",@hwqh,6,How to Take Bad-Tasting Medicine,
YouTube,liquid_medicine_taste,No remind me I am taking robtissun DM ugh nasty,@marquelcherry3127,0,How to Take Bad-Tasting Medicine,
YouTube,liquid_medicine_taste,People complaining bout ‘Mucinex’ while I’m over here taking tamiflu which tastes disgusting and it makes you want to throw uppppp,@aiden3080,3,How to Take Bad-Tasting Medicine,
YouTube,liquid_medicine_taste,There is vomit on the carpet now,@theetarnished2784,0,How to Take Bad-Tasting Medicine,
YouTube,liquid_medicine_taste,Lmao me and my friends think all medicine tastes good. Our other friend called us drug addicts i-,@epicambie7013,1,How to Take Bad-Tasting Medicine,
YouTube,liquid_medicine_taste,Dayquil is so nasty 🤮,@BananaNova,1,How to Take Bad-Tasting Medicine,
YouTube,liquid_medicine_taste,ew amoxicillin 🤮,@lourdesreyes2178,1,How to Take Bad-Tasting Medicine,
YouTube,liquid_medicine_taste,Lili Plays that’s my problem too rn it’s so gross,@kiyioci3912,1,How to Take Bad-Tasting Medicine,
YouTube,liquid_medicine_taste,"no you don't have to , if you sick then just use normal natural things like Ginger or if you need to take medicine then use antibiotics pills , it's always better to stay away from medicine especially if you having cold or anything similar because within few days you will be better",@KingDarkHacks,0,How to Take Bad-Tasting Medicine,
YouTube,liquid_medicine_taste,Have you ever tasted medicine... ?,@blackblueyellowwhite6931,3,How to Take Bad-Tasting Medicine,
YouTube,liquid_medicine_taste,This medicine taste so bad 🤮🤮🤮,@aymansal5962,2,How to Take Bad-Tasting Medicine,
YouTube,liquid_medicine_taste,I am takking my meds and worst there strawbarry medicine 🤮🤮🤮🤮🤢🤢🤢i vomited,@melodypheobe4187,0,How to Take Bad-Tasting Medicine,
YouTube,liquid_medicine_taste,the cherry kind is a little more palatable,@tinabastarache2674,0,How to Help Your Child Swallow Bad-Tasting Medicine,
YouTube,liquid_medicine_taste,"I was supposed to take 28 antibiotics for my infected ingrown toenail, but I could only swallow 3 as they were disguisted, made me feel sick and were really squishy and hard to swallow",@MrRailways2017,2,How to Help Your Child Swallow Bad-Tasting Medicine,
YouTube,liquid_medicine_taste,"I got both.\nI took to much time to drink my medicine, so my dad beat the shit out of me.",@Ein333,2,How to Help Your Child Swallow Bad-Tasting Medicine,
YouTube,liquid_medicine_taste,lily tan hey I had a ear infectenion like 6 months ago I said no mommy it's coming up she said go to the toeliet nothing happen so I went back to eat my lunch I puked on my lunch I am also 12 LOL,@idkimalwaysconfused,2,How to Help Your Child Swallow Bad-Tasting Medicine,
YouTube,liquid_medicine_taste,"trash wow I'm about to take pinworm medicine so I'm watching this, thanks for the encouragment😭😂",@niamhcarney135,2,How to Help Your Child Swallow Bad-Tasting Medicine,
YouTube,liquid_medicine_taste,Maybe try to hold you breathe while drinking it so you don't taste it.,@xIsabellYayx,0,How to Help Your Child Swallow Bad-Tasting Medicine,
YouTube,liquid_medicine_taste,Trubbish omg same I'm so scared I have this antibiotic I need to take and I'm terrified I'll throw up I got bubble gum flavoring in it but I'm still scared I have all this grape juice and Ima get some pretzels. I'm twelve and I know it's kinda pathetic but still,@hankinses,0,How to Help Your Child Swallow Bad-Tasting Medicine,
YouTube,liquid_medicine_taste,"Same just i didnt throw up, im 12 now and u are 13 , i think so",@GhosteYoutube,0,How to Help Your Child Swallow Bad-Tasting Medicine,
TikTok,liquid_medicine_taste,me with ceelin syrup,ikennydotcom,77,https://www.tiktok.com/@jikamarie/video/7051831141409803546,
TikTok,liquid_medicine_taste,Celine chewables ba yon? Yung vitamins. Ginawa kong candy yung dalawang banig. HAHAHAHA,shivaniiskyy,6949,https://www.tiktok.com/@jikamarie/video/7051831141409803546,
TikTok,liquid_medicine_taste,robitussin po ung nilaklak ko😔🙏,jikamarie,433,https://www.tiktok.com/@jikamarie/video/7051831141409803546,
TikTok,liquid_medicine_taste,me with lagundi syrup,poutanginamouo,722,https://www.tiktok.com/@jikamarie/video/7051831141409803546,
TikTok,liquid_medicine_taste,Me sa Celine na vitamins ng kapatid ko na nilaklak ko😭,kjwfiles,11,https://www.tiktok.com/@jikamarie/video/7051831141409803546,
TikTok,liquid_medicine_taste,yung strawberry syrup flavor na pangubo 😭😭😭 pinapapak namin ng kuya ko HAHAHHA,napipopeta._o,5,https://www.tiktok.com/@jikamarie/video/7051831141409803546,
TikTok,liquid_medicine_taste,Loviscol!!! best tasting medicine ever. kapartner ng Dimetapp na lasang grapes.,muchachadiaries,22,https://www.tiktok.com/@jikamarie/video/7051831141409803546,
TikTok,liquid_medicine_taste,cough syrups taste so good idk why,saintdesanctus,56,https://www.tiktok.com/@jikamarie/video/7051831141409803546,
TikTok,liquid_medicine_taste,what cough syrup?,ottopung,5,https://www.tiktok.com/@jikamarie/video/7051831141409803546,
TikTok,liquid_medicine_taste,me but yung orange flavor kapag may singaw ka hshdgrh,_astraea777,2,https://www.tiktok.com/@jikamarie/video/7051831141409803546,
TikTok,liquid_medicine_taste,help i did that a week ago it taste sweet so i chugged the bottle 😨😭,lunettequii,1,https://www.tiktok.com/@jikamarie/video/7051831141409803546,
TikTok,liquid_medicine_taste,What does it taste like?,leslie.zavalaa,4,https://www.tiktok.com/@ericzavala101/video/7291391863058091295,
TikTok,liquid_medicine_taste,It tastes how old people smell,transgamerhalo,3,https://www.tiktok.com/@ericzavala101/video/7291391863058091295,
TikTok,liquid_medicine_taste,Robitussin vs NyQuil taste test.,therealnickz23,3,https://www.tiktok.com/@ericzavala101/video/7291391863058091295,
TikTok,liquid_medicine_taste,Do rhino tablets next,thereallebronjames236,8,https://www.tiktok.com/@ericzavala101/video/7291391863058091295,
TikTok,liquid_medicine_taste,What syrup i think i did the same. Is it the red one? 😳,arkeeeen0,4,https://www.tiktok.com/@jikamarie/video/7051831141409803546,
TikTok,liquid_medicine_taste,me with the celine chewables 😭,aria.n0t.grande,4,https://www.tiktok.com/@jikamarie/video/7051831141409803546,
TikTok,liquid_medicine_taste,I drank a whole bottle of that children's panadol syrup I was vomiting a lot my mum thought I had gastro,alanasmith123456,3,https://www.tiktok.com/@jikamarie/video/7051831141409803546,
TikTok,liquid_medicine_taste,lol i did this with plemex😭😭😭😭 i hid from my mom :'> and also celine chewables sa school ༎ຶ‿༎ຶ,gyuwons_,1,https://www.tiktok.com/@jikamarie/video/7051831141409803546,
TikTok,liquid_medicine_taste,basta yung cherry and strawberry flavor na gamot masarap,_arrriee,1,https://www.tiktok.com/@jikamarie/video/7051831141409803546,
TikTok,liquid_medicine_taste,overdose😋,raponli,1,https://www.tiktok.com/@jikamarie/video/7051831141409803546,
TikTok,liquid_medicine_taste,"omg kayu i remember when I'm 2 yr old? and may pina inom sakin na gamot si papa and it's syrup, tas non ansarap HAHAHAHA tas tinago niya, tas ayun na",_kiyv,1,https://www.tiktok.com/@jikamarie/video/7051831141409803546,
TikTok,liquid_medicine_taste,"HELP NEVER KO NAGUSTUHAN YUNG MGA SYRUP NA GAMOT 😭 KAYA PAHIRAPAN PAG PINAPAINOM AKO, GUSTO KO YUNG TABLETS LANG💀",diortatiana,1,https://www.tiktok.com/@jikamarie/video/7051831141409803546,
TikTok,liquid_medicine_taste,me but with cherifer syrup,partygetsmewetterxxx,1,https://www.tiktok.com/@jikamarie/video/7051831141409803546,
TikTok,liquid_medicine_taste,@enhypemeupjungwon the gummies and gummy bears na vitamin 😭😭😭😭😭 halos pinapak ko na lods,sngaez,1,https://www.tiktok.com/@jikamarie/video/7051831141409803546,
TikTok,liquid_medicine_taste,"ceelin chewables,my mom didn't know i start eating them like a candy i will eat them like Everytime i want to. She even argue to the pharmacy employe",chinnchiniee,0,https://www.tiktok.com/@jikamarie/video/7051831141409803546,
TikTok,liquid_medicine_taste,Yung gummies na vitamins naubos ko tatlong pack isang araw lg😭,qqksvv,1,https://www.tiktok.com/@jikamarie/video/7051831141409803546,
TikTok,liquid_medicine_taste,me but with toothache syrup,kylarchivei,1,https://www.tiktok.com/@jikamarie/video/7051831141409803546,
TikTok,liquid_medicine_taste,same but with scotts vitamins- I can finish the whole bottle in just 1 day...,cloudheii,1,https://www.tiktok.com/@jikamarie/video/7051831141409803546,
TikTok,liquid_medicine_taste,One time I drank a whole bottle of cough syrup and do just full on tweaked out and starting hallucinating,zarag457,2,https://www.tiktok.com/@jikamarie/video/7051831141409803546,
TikTok,liquid_medicine_taste,Me with tempra or ceelin pills,pinkchoco.yippe,1,https://www.tiktok.com/@jikamarie/video/7051831141409803546,
TikTok,liquid_medicine_taste,celin tastes soo good,nekoneul,1,https://www.tiktok.com/@jikamarie/video/7051831141409803546,
TikTok,liquid_medicine_taste,Ibuprofen 😍,imansh3tty,1,https://www.tiktok.com/@jikamarie/video/7051831141409803546,
TikTok,liquid_medicine_taste,yung apol na flavor basta yung yun paborito ko yun whahahahahahahaha,hyouenzie,1,https://www.tiktok.com/@jikamarie/video/7051831141409803546,
TikTok,liquid_medicine_taste,ako na inubos ung laman ng gummy bear na vitamins dati 👁️👄👁️,yourmascgf6789,1,https://www.tiktok.com/@jikamarie/video/7051831141409803546,
TikTok,liquid_medicine_taste,COUGH SYRUP IS SO GOODD I LIKE THE HONEY ONES,majlindaelezi1,0,https://www.tiktok.com/@jikamarie/video/7051831141409803546,
TikTok,liquid_medicine_taste,me with orange flavored celine,sherixo.o,0,https://www.tiktok.com/@jikamarie/video/7051831141409803546,
TikTok,liquid_medicine_taste,"me with ceelin chewables. hanep, lasang candy e.",augn_0,0,https://www.tiktok.com/@jikamarie/video/7051831141409803546,
TikTok,liquid_medicine_taste,"i always hated cough syrups, they were always bitter taste",dinamo_zagreb_010,0,https://www.tiktok.com/@jikamarie/video/7051831141409803546,
TikTok,liquid_medicine_taste,me with Scotts vitamins:,tsaikovzky,0,https://www.tiktok.com/@jikamarie/video/7051831141409803546,
TikTok,liquid_medicine_taste,ako na lahat ng cough syrup di ko bet,perd_6769,0,https://www.tiktok.com/@jikamarie/video/7051831141409803546,
TikTok,liquid_medicine_taste,Yung tempra kung madali lang buksan yon baka naoverdose na ako dati,user127457689,0,https://www.tiktok.com/@jikamarie/video/7051831141409803546,
TikTok,liquid_medicine_taste,Me with Scotts vitamins:,leeminbzm,0,https://www.tiktok.com/@jikamarie/video/7051831141409803546,
TikTok,liquid_medicine_taste,me and my cousin but with celine chewable,kei.kaye,1,https://www.tiktok.com/@jikamarie/video/7051831141409803546,
TikTok,liquid_medicine_taste,me woth ceelin chewable and syrup\n(. ❛ ᴗ ❛.),user7284673031546,1,https://www.tiktok.com/@jikamarie/video/7051831141409803546,
TikTok,liquid_medicine_taste,Since I'm kid I liked all med syrup,mokasunuzume0,1,https://www.tiktok.com/@jikamarie/video/7051831141409803546,
TikTok,liquid_medicine_taste,Disudrin best cough syrup,clamwell,2,https://www.tiktok.com/@jikamarie/video/7051831141409803546,
TikTok,liquid_medicine_taste,it tastes good...I'm allergic to it,starmoon_thefreak,0,https://www.tiktok.com/@jikamarie/video/7051831141409803546,
TikTok,liquid_medicine_taste,I think cough syrup had alcohol in it(The drink),picklemaster42069,0,https://www.tiktok.com/@jikamarie/video/7051831141409803546,
TikTok,liquid_medicine_taste,me with scotts vitamins😭😭,itsneverchloever,0,https://www.tiktok.com/@jikamarie/video/7051831141409803546,
TikTok,liquid_medicine_taste,Sakin ung iniendorse dti na anne na parang candy but its actually a vitamins😭idk what the name is,ashwhyxcs,0,https://www.tiktok.com/@jikamarie/video/7051831141409803546,
TikTok,liquid_medicine_taste,i once drank a whole bottle of cough syrup,idkindra,0,https://www.tiktok.com/@jikamarie/video/7051831141409803546,
TikTok,liquid_medicine_taste,my dad side family holding me when I have fever cause I'm not drinking the syrup paracetamol strawberry bruh,k_edits1031,0,https://www.tiktok.com/@jikamarie/video/7051831141409803546,
TikTok,liquid_medicine_taste,me with neozep syrup yummm,xryk.k,2,https://www.tiktok.com/@jikamarie/video/7051831141409803546,
TikTok,liquid_medicine_taste,Especially the lagundi syrup.Yum.,gushygoshy,2,https://www.tiktok.com/@jikamarie/video/7051831141409803546,
TikTok,liquid_medicine_taste,CALPOL TASTES SO FINEE 😩🍓,douxamormoncheri,1,https://www.tiktok.com/@jikamarie/video/7051831141409803546,
TikTok,liquid_medicine_taste,worst syrup? any syrup with iron💀💀,soupsrx_,0,https://www.tiktok.com/@jikamarie/video/7051831141409803546,
TikTok,liquid_medicine_taste,LMAOO I THOUGHT IT IS JUST ME AND CAP IBU DAN ANAK COUGH SYRUP,fortytwo0_,0,https://www.tiktok.com/@jikamarie/video/7051831141409803546,
TikTok,liquid_medicine_taste,"guys, as a Nursing student, cough syrup is one of the medications that causes addiction and drug abuse.",kisugaming,2,https://www.tiktok.com/@jikamarie/video/7051831141409803546,
TikTok,liquid_medicine_taste,@hiiiiiiiiiiiiiiiitsmj @aisplh HAHAGSHAHHAHAHHAHAHHAHAHAHAHHA ANG CEELIN CHEWABLES AHAGGSHAHAHAHAHAHAHAHHAHAHAHAHAHAHHSGSGAGSGGAHAHAHAHAHAHAHAHHAHA,idrkysoshooo,2,https://www.tiktok.com/@jikamarie/video/7051831141409803546,
TikTok,liquid_medicine_taste,salbutamol orange syrup peeps where y'all at,chrome_mono,0,https://www.tiktok.com/@jikamarie/video/7051831141409803546,
TikTok,liquid_medicine_taste,Cough syrup makes me gag😭,ur.in..luv.with.me,0,https://www.tiktok.com/@jikamarie/video/7051831141409803546,
TikTok,liquid_medicine_taste,"i like the violet one that taste like grapes, im sorry but ive always thought when i was the juice that church gives like the juice that comes with",zephaniahcatibog,0,https://www.tiktok.com/@jikamarie/video/7051831141409803546,
TikTok,liquid_medicine_taste,"me but with scotts, WHY IS IT SO GOOD JUST TO BE VITAMINS",yzm1nll,1,https://www.tiktok.com/@jikamarie/video/7051831141409803546,
TikTok,liquid_medicine_taste,Yung gamot ko sa ubo ma cherry flavor,synekdokie,1,https://www.tiktok.com/@jikamarie/video/7051831141409803546,
TikTok,liquid_medicine_taste,cough syrups ain't good 🙁,mvxiot,0,https://www.tiktok.com/@jikamarie/video/7051831141409803546,
TikTok,liquid_medicine_taste,"Solmux syrup, ceeline chewables, tsaka tempra na orange pinaka da best ang lasa, pero hated ko is yung lagundi for kids kasing pait ng nakaraan 😂😳",unofficialjmarcos,0,https://www.tiktok.com/@jikamarie/video/7051831141409803546,
TikTok,liquid_medicine_taste,GAGI I REMEMBER KAMING TATLONG MAGKAKAPATID NAGPAPATAYAN LANG PARA LAKLAKIN YUNG ISANG BOTE NG CEELIN SYRUP😭😭😭😭😭,ginger_eil,0,https://www.tiktok.com/@jikamarie/video/7051831141409803546,
TikTok,liquid_medicine_taste,"y'all, i drank every medicine we got in the house when i was a child, i even drank a sleeping peel almost fell down the stairs 😊😊😊😊",cherry_banban,0,https://www.tiktok.com/@jikamarie/video/7051831141409803546,
TikTok,liquid_medicine_taste,me with ceelin syrup apple flavored,jyce.chng,0,https://www.tiktok.com/@jikamarie/video/7051831141409803546,
TikTok,liquid_medicine_taste,not cough syrup but PANCAKE MAPLE SYRUP.,yanjaei,0,https://www.tiktok.com/@jikamarie/video/7051831141409803546,
TikTok,liquid_medicine_taste,me with chewables,beomqluvr,0,https://www.tiktok.com/@jikamarie/video/7051831141409803546,
TikTok,liquid_medicine_taste,"OMG THIS IS ME WITH MY VITAMINS HAHAHAHAHA SECOND LIFE KO NA 'TO, SALUTE KAY DOC",dehinsaqjera,0,https://www.tiktok.com/@jikamarie/video/7051831141409803546,
TikTok,liquid_medicine_taste,@kmdagojo @nekzzs @raineanglie gago naalala q kapatid ko nag tago pa sa may gilid ng kama tas nakita q nilaklak yung vitamins😭😭😭😭😭,kvre.rian_,1,https://www.tiktok.com/@jikamarie/video/7051831141409803546,
TikTok,liquid_medicine_taste,CELINE SYRUP 😩😩😩😩😩😩😩😩😩😩,_rororjeypipino,1,https://www.tiktok.com/@jikamarie/video/7051831141409803546,
TikTok,liquid_medicine_taste,nah this is LITERALLY me! I once drank the whole bottle of medicine cuz it's so sweet and my parents got mad at me and I'm just laughing cuz I kinda+,cheese_0h,1,https://www.tiktok.com/@jikamarie/video/7051831141409803546,
TikTok,liquid_medicine_taste,@riz_rue @theacprno Sa ref namin may space na puro gamot lng na liquid and dati when I’m bored I do a taste test.,ezuko9,1,https://www.tiktok.com/@jikamarie/video/7051831141409803546,
TikTok,liquid_medicine_taste,masarap yung pink na cough syrup lasang strawberry juice gustong gusto kong inumin pero sabi ni mama mag kakasakit aq,kv0xko,1,https://www.tiktok.com/@jikamarie/video/7051831141409803546,
TikTok,liquid_medicine_taste,@pao_sickomode,.czfj6z,1,https://www.tiktok.com/@jikamarie/video/7051831141409803546,
TikTok,liquid_medicine_taste,BEH OVERDOSE,sbcselene,0,https://www.tiktok.com/@jikamarie/video/7051831141409803546,
TikTok,liquid_medicine_taste,me woth biogesic orange flavor,korierukkuma,0,https://www.tiktok.com/@jikamarie/video/7051831141409803546,
TikTok,liquid_medicine_taste,Ceelin syrup 😍,miko_xc,0,https://www.tiktok.com/@jikamarie/video/7051831141409803546,
TikTok,liquid_medicine_taste,pinaka hate ko talaga yung banana flavor.. nasusuka ako pag umiinom ako nyan😭,aj_aranas,0,https://www.tiktok.com/@jikamarie/video/7051831141409803546,
TikTok,liquid_medicine_taste,"me w ceelin syrup and cherifer syrup 🤧 gusto ko pagkaasim and tamis ng ceelin, tas cherifer ang sarap 😭",icedtcoffee,0,https://www.tiktok.com/@jikamarie/video/7051831141409803546,
TikTok,liquid_medicine_taste,me with panadol I ate like 3 pills when Im 11 and faint 4 hours after that lol,yeonlobs,0,https://www.tiktok.com/@jikamarie/video/7051831141409803546,
TikTok,liquid_medicine_taste,its that dark syrup thingy isn't it? 🤩🤩,liekgrrah,0,https://www.tiktok.com/@jikamarie/video/7051831141409803546,
TikTok,liquid_medicine_taste,robitussin syrup nilaklak ko nung grade 1,shelly_plays2,0,https://www.tiktok.com/@jikamarie/video/7051831141409803546,
TikTok,liquid_medicine_taste,lol tinungga ko dati yung vitamins na malaki😭😭😭 HWHSHWHSHWHAHSHWHSHW,yvoiir,0,https://www.tiktok.com/@jikamarie/video/7051831141409803546,
TikTok,liquid_medicine_taste,yung tempra na strawberry flavor ba yun😭😭😭,levibgdck,0,https://www.tiktok.com/@jikamarie/video/7051831141409803546,
TikTok,liquid_medicine_taste,i wish they made everything in a liquid i have trouble swallowing pills why don’t they??,karenm7917,0,https://www.tiktok.com/@millennialrx/video/7570040276010487053,
TikTok,liquid_medicine_taste,why do meds always have orange as a flavor it's never good😭😭😭,farah_the_ujung,0,https://www.tiktok.com/@millennialrx/video/7570040276010487053,
TikTok,liquid_medicine_taste,The generics of other stores don’t taste as bad!,rxlynnebid,0,https://www.tiktok.com/@millennialrx/video/7570040276010487053,
TikTok,liquid_medicine_taste,I will die on your side with the generic of this tasting horrible and I tried good neighbor brand 🤣😂,kitamae07,2,https://www.tiktok.com/@millennialrx/video/7570040276010487053,
TikTok,liquid_medicine_taste,my store's grape generic tastes like candy. like it actually tastes a little TOO good.,piznarski,0,https://www.tiktok.com/@millennialrx/video/7570040276010487053,
TikTok,liquid_medicine_taste,I don’t think I’ve ever hated a medication I’ve had to take like this in a long time,millennialrx,16,https://www.tiktok.com/@millennialrx/video/7570040276010487053,
TikTok,liquid_medicine_taste,"I’m the worst when it comes to liquid medicine, a total baby! I have a whole ritual including holding my nose as I drink it down, spitting out any excess in my mouth while still holding my nose, and then rinsing my mouth with water 😂🤷🏻‍♀️",neenzie19,4,https://www.tiktok.com/@millennialrx/video/7570040276010487053,
TikTok,liquid_medicine_taste,My wife and I prefer the dextromethophan cough gels made by Ribitussin or Walgreens. It works longer and you don’t have to worry about taste b,susanwensel100,5,https://www.tiktok.com/@millennialrx/video/7570040276010487053,
TikTok,liquid_medicine_taste,"I personally think Mucinex syrup tastes awful, but it works so well, I just put up with it, lol.",melissaflick72,5,https://www.tiktok.com/@millennialrx/video/7570040276010487053,
TikTok,liquid_medicine_taste,"I will never take cough syrup ever again. Ughhhhh. I will take it in a capsule or pill form, only.",specneedsmom4,8,https://www.tiktok.com/@millennialrx/video/7570040276010487053,
TikTok,liquid_medicine_taste,Your description of it alone may make me vomit.. 😭,ultimategoddessmilk,0,https://www.tiktok.com/@millennialrx/video/7570040276010487053,
TikTok,liquid_medicine_taste,I beg your finest pardon! I loved grape Tylenol. 😂,exclusivelyandrew,0,https://www.tiktok.com/@millennialrx/video/7570040276010487053,
TikTok,liquid_medicine_taste,So did everybody projectile vomit the flavored Tylenol? It was the cherry flavored Tylenol for me 😂,paola5934,0,https://www.tiktok.com/@millennialrx/video/7570040276010487053,
TikTok,liquid_medicine_taste,Oh man - grape - reminds me of Dimetapp back in the day,heymissdawne,0,https://www.tiktok.com/@millennialrx/video/7570040276010487053,
TikTok,liquid_medicine_taste,"I buy the equate, and it’s not as good as brand but it’s not terrible. I definitely prefer orange over grape though!",thecountertruth,0,https://www.tiktok.com/@millennialrx/video/7570040276010487053,
TikTok,liquid_medicine_taste,My daughter would vomit up grape flavored medicine when she was little,chrissie12230,0,https://www.tiktok.com/@millennialrx/video/7570040276010487053,
TikTok,liquid_medicine_taste,Delsym tastes like candy to me 😂,aliciakunkle0,0,https://www.tiktok.com/@millennialrx/video/7570040276010487053,
TikTok,liquid_medicine_taste,"My adult son is autistic, non-speaking and has refractory epilepsy. I can’t tell you the number of times I’ve had to tell his doctors do not prescribe liquid meds. He will refuse all of them and yet the he will take all his pills at once to control his seizures. Go figure. I’d rather swallow a pill myself. Liquids are all nasty.",at_st4,0,https://www.tiktok.com/@millennialrx/video/7570040276010487053,
TikTok,liquid_medicine_taste,so\npill form=generic\nliquid medication=brand name\ngot it,withering.rose.backup,1,https://www.tiktok.com/@millennialrx/video/7570040276010487053,
TikTok,liquid_medicine_taste,Kaya pala di masarap yung paracetamol HAHAHA iwas sa mga batang ginagawang snack tas juice,yeeaahhhhhhhhhh,0,https://www.tiktok.com/@jikamarie/video/7051831141409803546,
TikTok,liquid_medicine_taste,yung hello kitty vitamin c 😭😭😭😭😭😭😭,oddstari,0,https://www.tiktok.com/@jikamarie/video/7051831141409803546,
TikTok,liquid_medicine_taste,Me with ceelin chewables,alirrrss,0,https://www.tiktok.com/@jikamarie/video/7051831141409803546,
TikTok,liquid_medicine_taste,yung pills ni mama noon inubos ko isang banig. akala ko candy. 😂😂,historia.snk,0,https://www.tiktok.com/@jikamarie/video/7051831141409803546,
TikTok,liquid_medicine_taste,i did this cuz it tastes like royal and i was immediately sent to hospital,cleotzm,0,https://www.tiktok.com/@jikamarie/video/7051831141409803546,
TikTok,liquid_medicine_taste,Huhu same with Robitussin. 🥺 Sarap shuta. 😩🤣,majibrlnn,0,https://www.tiktok.com/@jikamarie/video/7051831141409803546,
TikTok,liquid_medicine_taste,no but I drank one and that shit taste buds in like lollipop.,karlyleterally,0,https://www.tiktok.com/@jikamarie/video/7051831141409803546,
TikTok,liquid_medicine_taste,ang sarap ng growie at yung mga cough syrup sana magkasakit ako palagi,signoras_toes,0,https://www.tiktok.com/@jikamarie/video/7051831141409803546,
TikTok,liquid_medicine_taste,Hala ako nung bata ipang bote yung naubos ko na vitamins kasi ang sarap hahaha pinapak ko talaga lol,lesteraceroportuguez,0,https://www.tiktok.com/@jikamarie/video/7051831141409803546,
TikTok,liquid_medicine_taste,lagundi syrup needs to have candy,.......____w_j_m,0,https://www.tiktok.com/@jikamarie/video/7051831141409803546,
TikTok,liquid_medicine_taste,me but with celine syrup😳,driasfugg,0,https://www.tiktok.com/@jikamarie/video/7051831141409803546,
TikTok,liquid_medicine_taste,me but Vicks liquid yes mlamig sa lalamunan so inshort overdose ako 😂,ebjonuredz,0,https://www.tiktok.com/@jikamarie/video/7051831141409803546,
TikTok,liquid_medicine_taste,haha sabutamol strawberry flavor lol,pia_navv_,0,https://www.tiktok.com/@jikamarie/video/7051831141409803546,
TikTok,liquid_medicine_taste,Me pero sa pill ng mama kinain ko kasi kala ko nakatagong candy sa drawer nya,dinosaurnamint,0,https://www.tiktok.com/@jikamarie/video/7051831141409803546,
TikTok,liquid_medicine_taste,is this loviscol syrup? kasi that shit is bomb,marionnjordann,0,https://www.tiktok.com/@jikamarie/video/7051831141409803546,
TikTok,liquid_medicine_taste,gagawin ko to sa cherifer,luviepattie,0,https://www.tiktok.com/@jikamarie/video/7051831141409803546,
TikTok,liquid_medicine_taste,me but paracetamol n strawberry flavor😋,anllejjjj,0,https://www.tiktok.com/@jikamarie/video/7051831141409803546,
TikTok,liquid_medicine_taste,yung para sa ubo na syrup😭 yung red tsaka may tiger na character😂,ohsgqiqhsjkwo,0,https://www.tiktok.com/@jikamarie/video/7051831141409803546,
TikTok,liquid_medicine_taste,"but also, I know people get second opinions in medicine, but if your doctor says \get vaccinated\"" and you say no"," why would you then want more of their medical advice. can't pick and choose.""",dylanwinestone06,3429,
TikTok,liquid_medicine_taste,"It's about keeping the bonuses, and the pharmacy taught me that🥰",yappero0,12,https://www.tiktok.com/@millennialrx/video/7656797598853909773,
TikTok,liquid_medicine_taste,The suggested search being “what happened with titi at the pharmacy” is sending me 😭,cassiekloss,135,https://www.tiktok.com/@millennialrx/video/7656649556897041677,
TikTok,liquid_medicine_taste,I don’t even watch this show but just seeing the clip of her needing to announce her name gave me flashbacks to retail pharmacy when people would be screaming their nicknames at me like I should know who they are 🫠,millennialrx,111,https://www.tiktok.com/@millennialrx/video/7656649556897041677,
TikTok,liquid_medicine_taste,I worked at a pharmacy and the way this isn't an exaggeration at all.,kt05141,16,https://www.tiktok.com/@millennialrx/video/7656649556897041677,
TikTok,liquid_medicine_taste,"I'm a pharmacy student and love, Love island, this made my day😂😂❤️",thee_qtpi,1,https://www.tiktok.com/@millennialrx/video/7656649556897041677,
TikTok,liquid_medicine_taste,I had no idea you went to URI! I am also a URI pharmacy alum (2017-2023)!!!,jamiemarie162,15,https://www.tiktok.com/@millennialrx/video/7609072749113380109,
TikTok,liquid_medicine_taste,"If you aren't working in the role of a pharmacist, do you need to do anything extra to maintain your license?",wtloo_tutor,4,https://www.tiktok.com/@millennialrx/video/7609072749113380109,
TikTok,liquid_medicine_taste,Do you have to do any continued training/classes to maintain your pharmacy license?,jelliebean1,6,https://www.tiktok.com/@millennialrx/video/7609072749113380109,
TikTok,liquid_medicine_taste,I work in the ADAP pharmacy in Mississippi. I have learned so much about HIV meds and wish I had a big platform to inform others about the stigma associated with HIV.,mississippiauntnana,12,https://www.tiktok.com/@millennialrx/video/7609072749113380109,
TikTok,liquid_medicine_taste,"Wow, what an incredible and diverse experience in pharmacy. Thanks for sharing!",dolcelyz,6,https://www.tiktok.com/@millennialrx/video/7609072749113380109,
TikTok,liquid_medicine_taste,Pharmacists are soo under appreciated!!,yvettealonso43,6,https://www.tiktok.com/@millennialrx/video/7609072749113380109,
TikTok,liquid_medicine_taste,I’ve followed you for a while now:) I’m an aspiring pharmacist and would like to be a pharmaceutical scientist or something. I love your work!,whitexbutterfly96,0,https://www.tiktok.com/@millennialrx/video/7609072749113380109,
TikTok,liquid_medicine_taste,"Pharmacy technician here for 15 years. I have done retail, mail order, hospital. I’ve done it all.",amandacole3289,4,https://www.tiktok.com/@millennialrx/video/7609072749113380109,
TikTok,liquid_medicine_taste,I wish we could go back to the days when pharmacist are pharmacist 😞,dedrienelson,2,https://www.tiktok.com/@millennialrx/video/7609072749113380109,
TikTok,liquid_medicine_taste,"In pharmacy, we’re all fam! Pharmacists and pharmacy technicians truly care about helping patients as we bridge the gap between leaving the providers office and treatment.",familydrugmartrx,4,https://www.tiktok.com/@millennialrx/video/7609072749113380109,
TikTok,liquid_medicine_taste,"I agree with what you’re saying, but you kind of contradict yourself saying I wasn’t doing this for the money but $100,000 is very low for pharmacist… that doesn’t add up",ebazzwmez0w,4,https://www.tiktok.com/@millennialrx/video/7609072749113380109,
TikTok,liquid_medicine_taste,Love your story! Fellow pharmacist here 🙂,aferrzz,4,https://www.tiktok.com/@millennialrx/video/7609072749113380109,
TikTok,liquid_medicine_taste,Question I have a pharmacy technician license in Massachusetts but I live in Rhode Island and want to get my technician license in Rhode Island how do I do that ?,accosta32572,3,https://www.tiktok.com/@millennialrx/video/7609072749113380109,
TikTok,liquid_medicine_taste,"My pharmacist is honestly the best! I switched from Walgreens to a small, family owned compound pharmacy and it’s been amazing!!!",halfbakedcrescentroll,0,https://www.tiktok.com/@millennialrx/video/7609072749113380109,
TikTok,liquid_medicine_taste,What’s a specialty pharmacy? Are they open to the public? Or are they inside hospitals?,iamjordan45,0,https://www.tiktok.com/@millennialrx/video/7609072749113380109,
TikTok,liquid_medicine_taste,"Medicine is calling it’s not something you go into because you want status or money. I used to work for a major teacher in hospital and I saw a lot of residents and other medical professionals who entered the medical field for all the wrong reasons. However, I also saw a lot professionals who entered the medical field for the correct reasons. You are one of the good ones who takes the time, cares about the patient, and their well-being.",sully2280,0,https://www.tiktok.com/@millennialrx/video/7609072749113380109,
TikTok,liquid_medicine_taste,Such a cool story! I had no idea L’Oréal would have a pharmacist!!! Do you have to reapply for you license every so often and what does that take since you’re not practicing?,chelseawright1288,1,https://www.tiktok.com/@millennialrx/video/7609072749113380109,
TikTok,liquid_medicine_taste,Hi Ethan. I’ve followed you for a while but didn’t know you were from RI. I’m a retired pharmacist and a URI alum. Worked for some years in retail but most of my career was spent consulting in LTC. Enjoy your content!,hmk4501,2,https://www.tiktok.com/@millennialrx/video/7609072749113380109,
TikTok,liquid_medicine_taste,"Love you man, keep up the good fight for evidence based medicine.",chapotime69,4,https://www.tiktok.com/@millennialrx/video/7609072749113380109,
TikTok,liquid_medicine_taste,active nationally and MA state certified pharmacy technician with CVS and I've followed Kati and Ethan both for a long time! you both have taught me so much and I love your channels!!! <3,thepokepadawan,2,https://www.tiktok.com/@millennialrx/video/7609072749113380109,
TikTok,liquid_medicine_taste,specialty pharmacy field is where its at now 🫡,kvsip28,4,https://www.tiktok.com/@millennialrx/video/7609072749113380109,
TikTok,liquid_medicine_taste,I’ve been a CPht for 24 years. 7 years with CVS and now at a different retail I’ve been 17 years with the same Pharmacy manager . I give my 100% because I love my job and my customers. I will deal with one customer at a time. Each customer with get the same vibe with me..,ktech081,4,https://www.tiktok.com/@millennialrx/video/7609072749113380109,
TikTok,liquid_medicine_taste,I guess the commenter acknowledges types of pharmacy. I like your content but I assume you are not up to date on the latest guidelines in an ICU. I don’t expect an endocrinologist to know the latest guidelines in stroke thrombolytics.,pharmacistjudge,3,https://www.tiktok.com/@millennialrx/video/7609072749113380109,
TikTok,liquid_medicine_taste,"Literally, the beef is manufactured by Indeed and LinkedIn to title job descriptions. All pharmacists are clinical",kindleuser771,8,https://www.tiktok.com/@millennialrx/video/7656990296474963213,
TikTok,liquid_medicine_taste,I thought a clinical pharmacist could prescribe medication through a collaborative agreement with a medical doctor.,tamaraaguilar52,1,https://www.tiktok.com/@millennialrx/video/7656990296474963213,
TikTok,liquid_medicine_taste,"In my country there's a specialty degree you can study to become a clinical pharmacist. There's also publica health, forensic and a few other speciatly areas",soa.perry,1,https://www.tiktok.com/@millennialrx/video/7656990296474963213,
TikTok,liquid_medicine_taste,"I think anybody who by default tells people they are a clinical pharmacist needs to reflect a bit on why they believe the \clinical\"" is necessary to add. They may not even mean anything bad by it but it absolutely is there to drive a wedge in the profession and separate themselves from \""other\"" pharmacists. If you have additional certificates or training", by all means, flex those letters after your name," but if you just happened upon a hospital job.... ehhh....""",
TikTok,liquid_medicine_taste,"IV tech. both are hard as hell, “clinical pharmacist” is kind of ignorant as a general but let’s not disregard clinical pharmacist specialists or pharmacists who specialize in particular fields. that typically requires residency and a totally different knowledge set than just “pharmacy” as a broad spectrum.",adhdidiot,2,https://www.tiktok.com/@millennialrx/video/7656990296474963213,
TikTok,liquid_medicine_taste,PLEASEEE 🤣🤣🤣 not TiTi coming to the pharmacy 😭,misss.miyaaa,39,https://www.tiktok.com/@millennialrx/video/7656649556897041677,
TikTok,liquid_medicine_taste,I take Tylenol pm every night for sleep,cubanita400,2,https://www.tiktok.com/@millennialrx/video/7656973913989205261,
TikTok,liquid_medicine_taste,What medication should I do next?,millennialrx,2,https://www.tiktok.com/@millennialrx/video/7656973913989205261,
TikTok,liquid_medicine_taste,Just had an ITE question: most common cause of acute liver failure is acetaminophen overdose!,thzs2988,0,https://www.tiktok.com/@millennialrx/video/7656973913989205261,
TikTok,liquid_medicine_taste,Can you talk to me about Ajovy? Because I just randomly got sporadic hemiplegic migraines two months ago and my neurologist is making me go on it (from Qulipta) and all I see is videos about how painful it is 😂😭,_dachsbun_,3,https://www.tiktok.com/@millennialrx/video/7656973913989205261,
TikTok,liquid_medicine_taste,I have Gilbert’s and I refuse to take Tylenol. I know it probably is fine but I’m not taking something that affects the liver when my liver already isn’t normal.,liftingonaprayer,0,https://www.tiktok.com/@millennialrx/video/7656973913989205261,
TikTok,liquid_medicine_taste,Love your content. I think they decreased the max daily dose to 3g a day,jrdoc1,0,https://www.tiktok.com/@millennialrx/video/7656973913989205261,
TikTok,liquid_medicine_taste,Two of my family members had severe reactions to overdosing of acetaminophen. One ended up in a coma for a week another had liver/kidney issues. I'm surprised how many people aren't aware of these side effects,poopseymcg,0,https://www.tiktok.com/@millennialrx/video/7656973913989205261,
TikTok,liquid_medicine_taste,People that don’t know not to much Tylenol and alcohol are so stupid,spongebobsqaurepa90,0,https://www.tiktok.com/@millennialrx/video/7656973913989205261,
TikTok,liquid_medicine_taste,20mg definitely helped me better than the lower doses. 🤷‍♀️,panmommie365,58,https://www.tiktok.com/@millennialrx/video/7656196284851801358,
TikTok,liquid_medicine_taste,im on 30 mg I had to get 2 ecg's in order to be on that dose,ariannastpierrehamelin,7,https://www.tiktok.com/@millennialrx/video/7656196284851801358,
TikTok,liquid_medicine_taste,It’s so important to realize higher doses do not mean better!,thepolishedprescription,5,https://www.tiktok.com/@millennialrx/video/7656196284851801358,
TikTok,liquid_medicine_taste,what about weight gain?\nDoes high dose cause more of a weight gain?,kathleensieber2,1,https://www.tiktok.com/@millennialrx/video/7656196284851801358,
TikTok,liquid_medicine_taste,"Now I’m wondering if I’m not a metabolizer, bc I hear people not being able to miss a dose or two, but I have no issues (unfortunately)",fabchallenge,2,https://www.tiktok.com/@millennialrx/video/7656196284851801358,
TikTok,liquid_medicine_taste,"I was told if lexapro wasn’t working, add another medicine to help it work better!",tracylacombe,1,https://www.tiktok.com/@millennialrx/video/7656196284851801358,
TikTok,liquid_medicine_taste,"If I recall, the liquid tastes nasty though!",betsy_123456789,1,https://www.tiktok.com/@millennialrx/video/7656196284851801358,
TikTok,liquid_medicine_taste,20mgs made me physically ill if I missed a dose by any more than like an hour 🙃,_.tiffany_,0,https://www.tiktok.com/@millennialrx/video/7656196284851801358,
TikTok,liquid_medicine_taste,"Also, and very importantly.....you should not take Ibuprofen while taking Lexapro",isa_da92,0,https://www.tiktok.com/@millennialrx/video/7656196284851801358,
TikTok,liquid_medicine_taste,my dermatologist perscribed me accutane but she don’t me not to take it every day but every other day is that ok? i really don’t know how the pill works,._.dimitraa._0,0,https://www.tiktok.com/@millennialrx/video/7656196284851801358,
TikTok,liquid_medicine_taste,well no one ever told me to throw it away.. why do pharmacists never say it,egy3027,1,https://www.tiktok.com/@millennialrx/video/7656057187810266382,
TikTok,liquid_medicine_taste,I’ve seen more and more pill bottles without a box around them and a lid that can be taken off before purchasing and I fear we are getting further and further away from the Tylenol murders and people don’t seem to worry anymore…,sleepyspacecadet,0,https://www.tiktok.com/@millennialrx/video/7656057187810266382,
TikTok,liquid_medicine_taste,Do you have a rec for lip spf thst doesn’t taste horrible?,abbyruok,1,https://www.tiktok.com/@millennialrx/video/7655665236527123726,
TikTok,liquid_medicine_taste,"I've been absolutely panicking because our insurance paperwork has been delayed and bc of that, our son couldn't have his 2m visit and get his vaccines. Absolutely terrified of my baby getting sick until his insurance gets processed properly and all we've been doing is staying home",chaotic_fae_,10,https://www.tiktok.com/@millennialrx/video/7656797598853909773,
TikTok,liquid_medicine_taste,Then when said baby gets sick they take them to the doctors and expect them to help — but what can they do at that point. Especially if we have things that help prevent or lessen the symptoms of certain diseases/illnesses.,therayvenchanel,11,https://www.tiktok.com/@millennialrx/video/7656797598853909773,
TikTok,liquid_medicine_taste,"I started in Specialty, that prepared me for every pharmacy situation because it was a lot more complex.",cleoatore,2,https://www.tiktok.com/@millennialrx/video/7609072749113380109,
TikTok,liquid_medicine_taste,I remember the community pharmacy days!,mountainstateglassworks,1,https://www.tiktok.com/@millennialrx/video/7609072749113380109,
TikTok,liquid_medicine_taste,"I called my pharmacy for help, and let them know how amazing they have been. That they truly have made my life easier 💖 she told me thank we are oftened forgotten about and we needed that today.",linnzi07,5,https://www.tiktok.com/@millennialrx/video/7609072749113380109,
TikTok,liquid_medicine_taste,"Thanks for the explanation for all, Ethan. There aee so many people who think pharmacists just fill prescriptions. There is so much more a pharmacist can do with their education! I am a Dean's Assistant at a College of Pharmacy and Health Sciences and am so proud of all our pharmacy grads and the many ways they are using their education! Including how you are currently using your degree!! You are my go-to on this app for all the info I need!!",sarakwade,2,https://www.tiktok.com/@millennialrx/video/7609072749113380109,
TikTok,liquid_medicine_taste,Keep advocating for us! Love seeing you on my page and speaking up for pharmacists 🫶,emilyhanft,2,https://www.tiktok.com/@millennialrx/video/7609072749113380109,
TikTok,liquid_medicine_taste,I started the same! Started up front at WAGS then worked up to Pharmacist.,kphpharmd,1,https://www.tiktok.com/@millennialrx/video/7609072749113380109,
TikTok,liquid_medicine_taste,"You've worked so many areas of pharmacy, that's amazing!",labgirl16,1,https://www.tiktok.com/@millennialrx/video/7609072749113380109,
TikTok,liquid_medicine_taste,Ethan is my guy when it comes to pharmacy.,eazy..i,1,https://www.tiktok.com/@millennialrx/video/7609072749113380109,
TikTok,liquid_medicine_taste,Wait. Pharmacists can actually recommend things? Maybe I’m dumb here. But I thought they just filled my prescriptions,bbrandon081,0,https://www.tiktok.com/@millennialrx/video/7609072749113380109,
TikTok,liquid_medicine_taste,you've taught me so many random things about meds that I didn't realize would be helpful to know. I'm a Dr. Ethan stan fr,kittentoni,0,https://www.tiktok.com/@millennialrx/video/7609072749113380109,
TikTok,liquid_medicine_taste,Omg didn’t know L’Oreal employs pharmacists 🤩 Sign me up 🥰,bouncy.mcchuckle.pants,1,https://www.tiktok.com/@millennialrx/video/7609072749113380109,
TikTok,liquid_medicine_taste,Can you take ibuprofen on lexapro?,mollymagnis,0,https://www.tiktok.com/@millennialrx/video/7656196284851801358,
TikTok,liquid_medicine_taste,"when I was on 20mg of Lexapro I would have to take it and in 30 minutes I would be asleep, then I would wake up 12 hours later and still need sleep. when I would miss a dose I couldn't sleep for the life of me. I would sleep for 3 hours and then be awake for 3 then sleep for 3. it was horrible.",all..bran89,0,https://www.tiktok.com/@millennialrx/video/7656196284851801358,
TikTok,liquid_medicine_taste,They started me on 60mg. The pharmacy questioned that. Now im on 40 mg. On it 15 years.,eileenstack361,0,https://www.tiktok.com/@millennialrx/video/7656196284851801358,
TikTok,liquid_medicine_taste,I take liquid because I don’t like to swallow pills.,u_lee_17,0,https://www.tiktok.com/@millennialrx/video/7656196284851801358,
TikTok,liquid_medicine_taste,I never knew this was a syrup. Good to know when I want off again.,kiathebia1208,0,https://www.tiktok.com/@millennialrx/video/7656196284851801358,
TikTok,liquid_medicine_taste,I'm on 2.5 mg. My doctor calls it the baby dose and it's been life changing! It actually lowered my heart rate from 100 to 70 when at rest. The only side effect is that I run so hot now BUT I'm also on Wellbutrin and I'm perimenopausal ... so who knows which of those 3 is making me a sweatbox.,jaynecote,3,https://www.tiktok.com/@millennialrx/video/7656196284851801358,
TikTok,liquid_medicine_taste,I’m drinking the liquid 45mg,vickig0902,0,https://www.tiktok.com/@millennialrx/video/7656196284851801358,
TikTok,liquid_medicine_taste,"Yep, sometime I pay my copay thinking surely I’ll get a prescription. They’re like nope. That’s their right as trained professional. Not even a big deal.",tandyran3,7,https://www.tiktok.com/@millennialrx/video/7656797598853909773,
TikTok,liquid_medicine_taste,"I absolutely adore you Ethan, you are such an extremely talented pharmacist. I loved this video and hearing about the portfolio career and expertise you have. A brilliant addition to the pharmacist community globally!!! Keep shining 👏🏽👏🏽👏🏽👏🏽",_clara.ag,1,https://www.tiktok.com/@millennialrx/video/7609072749113380109,
TikTok,liquid_medicine_taste,Hie are there any pills that help with loosing face fat,duhhh893,0,https://www.tiktok.com/@millennialrx/video/7609072749113380109,
TikTok,liquid_medicine_taste,I didn’t realize all you did. I’m transitioning on Monday to in office dispensing from being a RXOM at Walgreens. I’ve been blessed to have a varied background. People forget there is so much to do in pharmacy besides sling pills to pay the bills.,gretchenalleman,0,https://www.tiktok.com/@millennialrx/video/7609072749113380109,
TikTok,liquid_medicine_taste,"I prefer pharmacists who don’t tell me to snort MiraLAX, but that’s just me. 😂",gemini_nerd,36,https://www.tiktok.com/@millennialrx/video/7609072749113380109,
TikTok,liquid_medicine_taste,I really hate when other pharmacists or people in pharmacy crap on other people that work in pharmacy.,misskelsey_rx,4,https://www.tiktok.com/@millennialrx/video/7609072749113380109,
TikTok,liquid_medicine_taste,You are wonderful! And THANK YOU for what you do and the information you share! People just don't understand how incredibly important pharmacist are and the simple fact that PHARMACIST KNOW MORE ABOUT MEDICINES YOU ARE PRESCRIBED THAN THE DOCTOR WHO PRESCRIBED THEM! PHARMACISTS ARE OUR LAST LINE OF DEFENSE WHEN IT COMES TO TAKING NEW MEDICATIONS! THEY ARE THE ONES WHO PROTECT US FROM POTENTIALLY TAKING HARMFUL MEDICATION OR NEW MEDICATION THAT COULD POTENTIALLY BE TOXIC COMBINATIONS WITH THE MEDICINE WE ALREADY ARE TAKING! THEY SAVE LIVES! THEY SAVED MINE A FEW TIMES WITH MEDICINE SCREW UPS FROM MY FREAKING GENERAL PRACTITIONER! And people need to understand that simple fact!!,martymcdie88mphr,3,https://www.tiktok.com/@millennialrx/video/7609072749113380109,
TikTok,liquid_medicine_taste,I’m a dietetic tech in rural New England- the idea that some diabetic patients have access to care of a pharmacist at top of practice helping them makes be both happy & low key verklempt. They fall in a crack in the system so easily even when they’re motivated to manage it well if they’re only seeing PCPs. Also I just gotta say a pharmacist is important for pat regardless of whether they’re public facing or not and anyone who says otherwise is ignorant,greycella802,1,https://www.tiktok.com/@millennialrx/video/7609072749113380109,
TikTok,liquid_medicine_taste,"I told a pharmacist I work with (I'm a tech) about this drama, she almost did a spit take on me",alyshahanners,1,https://www.tiktok.com/@millennialrx/video/7609072749113380109,
TikTok,liquid_medicine_taste,People who have never been pharmacists should not be allowed to say who’s a pharmacist and who isn’t lol,pharmy2012,0,https://www.tiktok.com/@millennialrx/video/7609072749113380109,
Reddit,liquid_medicine_taste,"https://preview.redd.it/1zmvftaad5sf1.png?width=400&format=png&auto=webp&s=90c1b251e1cd763ee42865c93417ec2258bbdd6e\n\nsince companies dont really seem to care that much anymore, if you were to create a stranger things themed snack, treat, etc. what would you make it? could be a whole new food or could be a variation of something that already exists. like black cheetos (that would be disgusting oh god) \n\n\n\nanyways heres why theyre horrible haha. \n\nbought them bc i saw the words stranger things and didnt think it through (i hate chips ahoy already) \n\nbut these were worse than i thought. the filling (which i didnt know was strawberry) tasted like nyquil, it was horrible. the cookie itself was alright, but the texture was gross. someone else described it as kinetic sand, which is very true haha. i mean, its an upside down cookie. so, i shouldve expected it to taste horrible lmao. no one in their right mind would buy cookies from the upside down. thank you treat companies for creating another limited edition abomination. cant people make good limited edition food items?? haven’t tried the doritos but wow so original with the “stranger pizza” chips… i do like that they made it the 80’s bag and did cool commercials though, but they couldve done something else cool for the food. and for the cookies they literally could’ve just dyed the cream red, the strawberry was NOT necessary.",Status-Low-9280,24,StrangerThings,positive
Reddit,liquid_medicine_taste,"And Vecna survived on these things for four years in Dimension X. No wonder he wants to destroy the world. \n\nMore seriously, as soon as someone posted a picture of this bag, I said it looked terrible and got a bunch of downvotes. \n\nTheoretically, chocolate and strawberry are a winning combination. Then again, in theory, theory and practice are the same, but in practice, they're not.",byharryconnolly,25,StrangerThings,mixed
Reddit,liquid_medicine_taste,"they were terrible XD i just pretended they'd spent some time in the upside down. it took my household of three two weeks to eat them, which is not normal with cookies",tyshalae,5,StrangerThings,negative
Reddit,liquid_medicine_taste,"I’d probably make it something recognizable from the show. There is/was ST themed Eggos at some point apparently, but I’m not seeing any ST themed 3 musketeers. Get on it, Mars.\n\nOr maybe like a gummy that’s shaped like the larva Will coughed up",FauxTeal,4,StrangerThings,positive
Reddit,liquid_medicine_taste,Blood flavoured. I had the maxibon and it also tastes like blood i almost puked!\nMy son wanted it and wouldn't eat it so I took a bite thinking oh it's just white chocolate with red dye... no its blood flavoured,Smellhound2019,1,StrangerThings,uncertain
Reddit,liquid_medicine_taste,"**TW: Fucking Linda story. You can't get more specific than that, she's just that fucking horrible. This one isn't so bad but Fucking Linda is known to drive pacificts to wall-punching rages, and the emotionally jaded weep.** \n\nHello my lovelies, I am taking a break from the utter shit modding I do (honestly it's mostly posting flair for people on mobile, approving or dissaproving comments filtered by auto mod, and being a **horrible slacker**. I am, however, in my LAST SEMESTER at college, working full time, managing a divorce in my marriage, and currently- SICK AS A DOG. I got tested and its influenza A, not corona, but the 103 degree fever and inability to do anything more strenuous than cough and pee at the same time is just as shitty, regardless of the source of infection. [This](https://gph.is/217xISR) is a good visual representation of my life right now. However, this leads to a whopper of an email from [Fucking Linda](https://media.giphy.com/media/edKXlWPDsiGOI/giphy.gif) and everyone's favorite way for Bippy to post- *fucked up on Nyquil!*\n\nThe best part is at the end of this long ass letter. Sorry, not sorry.\n\nFor those unfamiliar with the Fucking Linda saga (check the Bot for more)- she's Satan's least favorite concubine, which is why she still roams the earth. She's my narcissistic, undiagnosed borderline personality disorder, **massively** unplesant tantruming elderly child of an egg donor. She's an emotional and financial vampire, beat me severely enough that my bones have a network of scars along them and my spine had permanent damage before I was 13, stole thousands from me, forced me into prostitution as a child while my Dad was in the hospital fighting for his life because she was \too stressed\"" to get a job", and is still completely and utterly confused as to why I've gone no contact for the last four blissful years. \n\nShe a *bitch*. K?\n\nSo my AwesomeBrother, the GC who gets it, got a whopper of an email from her. He replied with kindness and grace (basically he said HELL NO but really nicely), from the mouth of the she-viper herself. Fuck her privacy
Reddit,liquid_medicine_taste,"Laughed because that’s the first time in my life I’ve ever heard Stumptown related to literally anything in the Midwest. I also live just SW of Santa Clara County and you are exactly correct on people in poverty making six figure salaries. And while fucking Linda might be able to afford her mortgage, the real price comes with the $1,000 mandatory HOA fees every month. Man, you should have your brother give his blessing just to watch her burn.",[deleted],15,JUSTNOMIL,mixed
Reddit,liquid_medicine_taste,"I have a grown step kid, I think I did an OK job with some room for improvement. I care a lot and I try really hard.",madpiratebippy,4,JUSTNOMIL,mixed
Reddit,liquid_medicine_taste,"Fellow wisconsinite here!(eau Claire!) Gotta say you're awesome and I love your references haha (especially the labyrinth trash lady!!)\n\n\nFucking Linda sounds terrible. Good for you with NC for that long that's awesome!! She sounds like a terrible hag, but hey if she wants to move and waste all her money, and then crash and burn from debt on a trailer home let her do it. That's her problem not yours lol. Just grab some popcorn and watch the show haha.",FailureCloud,2,JUSTNOMIL,mixed
Reddit,liquid_medicine_taste,"I don’t think Linda cares about grandkids as much as she cares that grandkids give her an excuse/opportunity to worm her way into some adult’s household, live off of them, ask for spending money/financial help, etc under the guise of being there to be “grandma”.\n\nLike, if she moved to CA, she would try to guilt her son/DIL into financially carrying her because she moved there to be closer to them/to care for (grandkid), and she would blame them for “deceiving” her or getting her to move there under false pretenses. That’s why she is even asking for their input in the first place. She is trying to burden them with the responsibility of her moving to CA. If they say yes, in her mind, they are saying yes to taking care of her.",ivegotaqueso,2,JUSTNOMIL,uncertain
Reddit,liquid_medicine_taste,"Long read but I want to talk about my entire experience with what I’ve been dealing with for over 4 years.\n\n*Feel free to throw this in CHATGPT and ask it to summarize for you if you don’t have the head to read this all. If you do, the last 4 years have been a nightmare hopefully up until today, Friday, March 14th 2025. I’d love to know if anyone experienced the same thing as me*\n\n\nFor the last 4 years I’ve been experiencing breathing issues through my nose.\n\nIn the beginning I realized I couldn’t breathe so well and also every so often had a cough attack that I couldn’t control.\n\nI want to a local nose doctor in NJ and found out I had a deviated septum.\n\nThe doctor never gave me a CT scan, he just physically saw it using some kind of tool he put in my nose.\n\nI went through the surgery in hopes of fixing my surgery.\n\nRecovery was tough. Very. Painful and it felt like the yanked the tube out of my throat during anesthesia with force. My doctor was rude also and I felt as if I was just a dollar sign. I was hesitant to do the surgery but kind of wanted a better quality of life.\n\nMy breathing, coughing, sickness at the time before the surgery was like a 2/10. Not so bad, but I always wanted to fix my septum. I didn’t get a nose job. Just a straight deviated septum surgery.\n\nTook a few weeks to feel a little normal again. And a few months to finally recover kind of fully.\n\nAgain this was 4 years ago.\n\nI ended up recovering and my breathing through nose was a little better but I remember not realizing much a difference. The surgery was kinda pointless, mainly because I felt the same after and he didn’t get to the root problem.\n\nLet’s fast forward a year.\n\nI meet a girl. I get married to her. \n\nOn day 1 of my marriage after our wedding, we go to Mexico to a beautiful resort. \n\nFor some reason I’m uncontrollably coughing the entire time. I keep coughing up phlegm too. I’m a little confused because I didn’t feel sick. I was able to breathe thro",Correct_Cup4946,41,Sinusitis,negative
Reddit,liquid_medicine_taste,"I am so happy for you!!!\n\nSounds a lot like me, except it's been 10 years and I just had FESS (and I did have turbinate reduction, septoplasty and all that as well - my sphenoids were the worst and I had pansinusitis and polyps) one week ago today. \n\nThe first couple days were REALLY rough but overall it's been a lot better than I was anticipating!\n\nI'm so excited to get some qualify of life back and not be literally sick and tired and congested and miserable ALL THE TIME. Like you I can't drink or be around smoke or strong smells. I've seen multiple allergists. I'm allergic to nickel and shrimp and that is it. Which don't cause respiratory issues. I basically had no sense of smell left. Which affects how well you taste things also.\n\n\nI tried so many medications, I even went to the natural doctor and spent all this money and tried everything. \n\nI never had a Dr listen to me until now. I saw him at the end of 2024, he immediately ordered a CT. Asked about my QUALITY OF LIFE and given I've tried literally every medication and some helps but I still get flare ups where I can literally do nothing but lay in bed and wait for it to go away.\n\nI researched who I wanted to see and made sure to go to a really good ENT. He has been amazing. Very kind and caring and explained everything well including risks. But like you I had researched it and diagnosed myself and was going to do for surgery anyways. Bc at this point what do I have to lose?\n\nI hear 3-6 months is when you start to really feel the full benefits. I can't wait.",jennylala707,5,Sinusitis,positive
Reddit,liquid_medicine_taste,"OMG! Sounds like we went through the same exact thing.\n\nI’m so happy you read all this.\n\nIt’s been miserable. \n\nI genuinely hope this works. \n\nI’m sitting in bed right now upright with bloody gauze..\n\nI feel like such a warrior right now.\n\nI would react same way to perfumes and strange smells. Wow. I’m so proud of you and myself.\n\nSo you got FESS? How long ago and what does recovery look like?\n\nI’ll admit it’s rough now but I’m so excited for the future. To travels and not a slave to nose sprays, navage nose cleaners and supplements.",Correct_Cup4946,3,Sinusitis,positive
Reddit,liquid_medicine_taste,"Literally a week ago, March 7th. So I'm in the same boat as you! I got my splints out on Wednesday, and it wasn't as bad as I thought it would be but I did get nauseous and throw up on the way home. But I can breathe gently through my nose and the Dr said this is WITH all the swelling which will go down in the coming weeks and months.\n\nThe first day was absolutely the worst. The next couple days were ok so long as I took pain pills and used ice packs. Those migraine ones that wrap around your head are the best invention ever. I overdid it yesterday bc I was feeling better and my husband came down with a fever (we have 4 kids) and then I felt like crap today again. \n\nThe nasal rinses are so much easier now with the splints out.",jennylala707,2,Sinusitis,mixed
Reddit,liquid_medicine_taste,If you have any questions ask away. \n\nI know exactly what it’s like.\n\nReddit was the only place to find people that experienced the same thing as me.\n\nI’m an open book.\n\nIt’s been a horrendous 4 years. I tried many many things. Been to 10+ doctors. Spent thousands on supplements.,Correct_Cup4946,2,Sinusitis,uncertain
Reddit,liquid_medicine_taste,"Thank you for typing this out. \nDude. I literally started on an SSRI this week and ~24 hours after my first dose of generic lexapro I started to experience some relief along the same lines that you describe. I have childhood trauma (addict parents, mental, emotional abuse) and was prescribed by a psychiatrist. \n\nI am encouraged and hope this is the beginning of the end of this ‘illness’. I keep reading more about symptoms and ‘long COVID’ and now believe I likely have some form of it. \n\nI wonder if the issue could be neurological?",trappinaintded,4,Sinusitis,uncertain
Reddit,liquid_medicine_taste,A lot of the stuff you mention is similar to my story. I had fess back in 2007. It didn't completely cure me but my quality of life is much better and doing sinus rinses each day really helps. I still take a nasal spray from time to time and allergy pills almost every day since but quality of life is much more improved. Good luck to you.,UltraCynar,2,Sinusitis,positive
Reddit,liquid_medicine_taste,I guess as you can see there are literally thousands of people in the same boat as you are!Everyone thinks like you they are the only one going through this.I have had 2 sugerys and like you I really researched the teaching doc I picked.But even though I don't want to burst your bubble I need to explain to you that your not done.A disease is a disease!It doesn't care how good or bad you feel and you have to take that into consideration if you're serious.Its no different if it was heart trouble!If you had open heart sugery you wouldn't say glad that's over.Thats the things we talk about on here.Im allergic to dust mites and dust also.I bought a clean air machine that has ozone capability's .It kills dust mites and removes dust.Ive tryed everything everyone puts on here.Im a nurse so I can tell you the doc is right about biophilm.But all that is not enough.There are special bugs we've opened ourselfs up to with steroids and antibiotics.So you need to build your amune system up.You might even need to do iv gammagobulin.But definately the food and over the counter regemine.I had let mine go so long that I developed septic arthritis.So I work on that too!And the most important part is prayer and meditation!Your hand could not even move or raise with out your mind telling it to!And the lord is the creator of your whole body.By your stripes I am healed!This is only a small portion of things to do.You were chosen for this journey because the lord knew you could handle it and would help other people or you wouldn't be on it with the rest of us!I hope this helps!,Advisor-of-SOS-1,2,Sinusitis,negative
Reddit,liquid_medicine_taste,"Wow, you’ve been through it! I so relate to your story since my sinusitis started with coughing, completely out of the blue. I mean coughing all day & night for months. I thought I broke a rib from it. I went to the ER twice because of wheezing & trouble breathing. I also lost my appetite & often couldn’t taste or smell. This lasted months & was terrible. Turns out post nasal drip was going down my throat & making me cough. I went to an ENT & my sinuses were a mess despite zero congestion or pressure. I had surgery last September & have had only one infection since. I also get allergy shots & take Dupixent (which you should look into if have more issues). And I do sinus rinses with Budesinide and other meds. I have my sinusitis managed now, but it was quite a journey. I hope you continue to heal and are able to fully enjoy your new marriage!",DrPudy808,2,Sinusitis,negative
Reddit,liquid_medicine_taste,Wow seems we experienced the same thing with the coughing and wheezing.. it’s horrible. \n\nWatching everyone live a normal life.. and you’re sick as a dog.\n\nI’m gonna navage daily once I can\n\nIts been 24 hours since surgery resting in bed since \n\nI can’t wait to recover I’m so excited,Correct_Cup4946,1,Sinusitis,mixed
Reddit,liquid_medicine_taste,"Yeah we definitely did! You’re right, it was awful last summer when everyone was outside & I could barely breathe. Much better now. I wish you a speedy recovery & healthy future!",DrPudy808,2,Sinusitis,mixed
Reddit,liquid_medicine_taste,"How insane is that! \nIf you’re a walk-in, most doctors just consider you as a paycheck\n\nYou need to either establish a trusting relationship with your doctor or just get a CT scan and find a notable doctor.\n\nOtherwise, you’re just a walking pay-check.\n\nThey say you have things when you know you don’t.\n\nThey prescribe you medicine like it’s their job, wait it is their job 😂 \n\nThey get paid the more they operate on you.\n\nThat’s literally their hustle. \n\nLike imagine you own a cake shop and you want to maximize as much sales as possible, selling as much cake as possible. \n\nThese doctors need to maximize each customer that goes in. This is their job, their livelihood. How they’re able to go on vacation with their family and build homes.\n\nIt’s all a hustle. \n\nIt’s current. \n\nDoctors should just have a set pay and no commissions for what they prescribe to you or surgeries they charge your insurance for.\n\nI’m also dosed up on the pain killers, I might sound super lit right now.",Correct_Cup4946,1,Sinusitis,mixed
Reddit,liquid_medicine_taste,Thank you.\n\nI’m 4 days in.\n\nI keep waking up like a train hit me.\n\nI’ll take Tylenol feel really good for a few hours\n\nThen pain kicks in again.\n\nI think I just need time.\n\nAnd it’s going really slow.\n\nI’m just being real.. this shits not fun \n\nBut I’m recovering \n\nWas balls deep in surgery last Friday and I’m grateful I can even type and look at my phone \n\nI do have a consistent headache since surgery and pain\n\nI’m trying to take as little pain meds and Tylenol as possible but I can’t sleep \n\nI took 3 tremadols already and 2 Xanax to sleep.\n\nI’m done with all that .. just on Tylenol..\n\nNo better feeling than when it kicks in.\n\nOtherwise today I felt more determined to get shit done.\n\nI been in my apartment in bed most of the time.\n\nI don’t even want to start a show or anything I don’t have the head for it.\n\nI just wait as time passes and mess around on my phone scrolling through reels and Twitter.\n\nToday I woke up ready to go out for a walk and buy groceries.. right before I left I got hit with a massive headache and tons of pain. Felt like I was going to pass out.\n\n\nChilling in bed now.\n\nI also woke up with tons of blood clots in my throat and my nose was all messed up and stuffed.\n\nThe blood stuff is so nasty.\n\nBut today I sinus rinsed and got a lot out.. maybe that’s why I have a headache? Idk.\n\nEither way.. this is a timing thing \n\nJust need the time to pass,Correct_Cup4946,2,Sinusitis,negative
Reddit,liquid_medicine_taste,I can imagine that it is not fun. It's the first weak that puts the fear of God into me. I think I'll have to take my pain medication or I don't know how I will cope!\n\nMake sure you're resting as much as you can and staying hydrated. \n\nYou've got this. The time will pass in no time and you'll be living your best life ✨️,Business-Long8781,2,Sinusitis,mixed
Reddit,liquid_medicine_taste,"**What’s something that’s completely edible but tastes horribleV**\n\n**Chart Grid:**\n\n|   | Completely edible | Somewhat edible | Completely inedible | Might kill you |\n|---|---|---|---|---|\n| **Tastes amazing ** | Yogurt [🖼️](https://i.redd.it/undgvaa0w3sg1.jpeg) | — | Flavored lip... [🖼️](https://i.redd.it/tluwl5rv3lug1.jpeg) | Antifreeze [🖼️](https://i.redd.it/a4h42weod6sg1.jpeg) |\n| **Tastes okay** | — | — | — | — |\n| **Tastes horrible** | — | Nyquil [🖼️](https://i.redd.it/nmp5xnqroztg1.jpeg) | Nintendo car... [🖼️](https://i.redd.it/wo1unh9138sg1.jpeg) | — |\n\n**Cell Details:**\n\n**Tastes amazing  / Completely edible:**\n- Yogurt\n- [View Image](https://i.redd.it/undgvaa0w3sg1.jpeg)\n\n**Tastes amazing  / Completely inedible:**\n- Flavored lip gloss\n- [View Image](https://i.redd.it/tluwl5rv3lug1.jpeg)\n\n**Tastes amazing  / Might kill you:**\n- Antifreeze\n- [View Image](https://i.redd.it/a4h42weod6sg1.jpeg)\n\n**Tastes horrible / Somewhat edible:**\n- Nyquil\n- [View Image](https://i.redd.it/nmp5xnqroztg1.jpeg)\n\n**Tastes horrible / Completely inedible:**\n- Nintendo cartridges\n- [View Image](https://i.redd.it/wo1unh9138sg1.jpeg)\n\n---\n\n🎮 **To view the interactive chart, switch to new Reddit or use the official Reddit app!**\n\n*This is an interactive alignment chart. For the full experience with images and interactivity, please view on new Reddit or the official Reddit app.*\n\n*Created with Alignment Chart Creator*\n\n* * *\nThis post contains content not supported on old Reddit. [Click here to view the full post](https://sh.reddit.com/r/AlignmentChartFills/comments/1simz8h)",someonestolemytoe,12,AlignmentChartFills,uncertain
Reddit,liquid_medicine_taste,As a male I can tell you it has a pretty neutral taste,future_pirate,1,AlignmentChartFills,neutral
Reddit,liquid_medicine_taste,"Oh yeah, I remember it having that. Then I guess it would go in \tastes ok\""""",purracane,1,AlignmentChartFills,neutral
Reddit,liquid_medicine_taste,"Water squeezed from Elephant poop.  Can be consumed, tastes like shit\n\nSource: Bear Grylls.",aerfgadf,1,AlignmentChartFills,mixed
Reddit,liquid_medicine_taste,"Powder drink mixes\n\nNot mixed into anything, just the powder. I nearly threw up when I decided to just dump a packet into my mouth.\n\nTechnically it TASTES fine I guess, but the experience is HORRIBLEE you cannot get that shit off your tongue easily either",KCooper815,1,AlignmentChartFills,positive
Reddit,liquid_medicine_taste,"This is part 3 of the series.      \n[Part One](https://www.reddit.com/r/nosleep/comments/5k78ih/i_used_to_work_at_a_pill_mill_in_florida_ive_saw/)                      \n[Part Two](https://www.reddit.com/r/nosleep/comments/5kdjpq/do_you_know_how_many_people_went_missing_in_the/)    \n\n[Part Four](https://www.reddit.com/r/nosleep/comments/5l82dk/judgement_from_on_high_the_pill_mills_part_4/)\n    \n[Part Five](https://www.reddit.com/r/nosleep/comments/5n82vn/the_perils_of_birdwatching_the_pill_mills_of/)   \n\n[Part Six](https://www.reddit.com/r/nosleep/comments/5nft0d/friends_in_low_places_the_pill_mills_of_florida/)   \n\n[Part Seven](https://www.reddit.com/r/nosleep/comments/5nsk6f/unfair_employment_practices_the_pill_mills_of/)      \n  \n[Parts Eight and Nine](https://www.reddit.com/r/nosleep/comments/5pkr62/swan_song_the_pill_mills_of_florida_parts_8_9/)      \n____________________________________________________________________________________\n\n\nI was mainly stunned for about a week after that. Once and again, a gigantic mute bruiser in nuclear green and purple handed me a bag with money and drugs and said to let them know when I felt good to come back. Dave did not respond to my texts during this time and Debbie just told me to rest up and to tell her when I could come in because she didn’t want to talk about it over the phone.  I began to rack my mind for experiences of situations that I could at least Google. It was difficult to tell which parts were Floridian junkie mythologies and which came from people reacting to something genuinely weird, whether they had their facts straight or not.               \n\nEveryone used to say that the area that is now Bryant Park and the expanse of Lake Worth was deeply haunted. Bryant Park is an increasingly beautiful suburban park on the intercoastal waterway. It borders Lake Worth, a formerly poor neighborhood that still has really bad parts and rough roads, but has been increasing in value thanks to the older home"," uneducated frequently mentally ill \""White trash\"". The \""runners\"" usually came from trailers that were little more than thin tin shacks for homes", or dilapidated homes left over from an era where people in that area could afford to build them. At home, it wasn't rare for them to go without electricity and sometimes even running water, who
Reddit,liquid_medicine_taste,"So, Id like to preface this by saying this is more of an off my chest post rather than an advice post, and its a really long story so Mods, feel free to remove my post if this isn’t allowed. Also, my apologies for any formatting issues, Im on mobile. \n\nTRIGGER WARNING: Mentions of death, cancer, difficult pregnancy \n\nTo give some context, Ill start with some background. I am the youngest of 5, Helga(F40ish?), Brain(M34), Jessi(F32), Sammy(F30), and me, F23. This whole fiasco is centered around Helga, and the torment she’s brought upon my family over the years. For some backstory, my family immigrated from a war torn country in the late 90s, before I was born. I never knew Helga for most of my early life because she decided to run away as a teen(TWICE btw) around the time I was due to be born, which caused many issues for me and my mom.\n\n I was born 3 months premature, and my mom and I would have died if there wasn’t an emergency C-Section. The stress my mom was under at the time also caused her to develop diabetes, on top of which she had to care for a premie in the NICU for 4 months. I genuinely wouldn’t consider Helga a sister to me, since I never knew her until I was maybe 8-10 years old. She had wormed her way back into our lives at some point, my memories of her are really fuzzy of this time, but since she came back, she began to weasel her way into swindling so much money from my parents. Not to get too deep into it, I would estimate she probably stole thousands and thousands from my parents within just my teen years alone. \n\nI don’t remember exactly how old I was, or how old her son was at the time, but I vividly remember her making me help her hold her son down as she poured NyQuil down his throat to make him go to sleep. The man she had that son with, she only used him for his insurance to get a gastric bypass, left him promptly after her recovery post surgery. She’s always been a terrible and manipulative person, and typically the only person on he",Throwawaydestruct,7,okstorytime,negative
Reddit,liquid_medicine_taste,"On day 5 of some sort of strange virus/flu. It’s not Covid; I’ve tested negative twice (2 days ago and today).  It’s mainly in my sinuses.  Horrific congestion, especially when I lay down at night where I literally cannot breathe.  It’s like my sinuses are swollen shut. Very scary.  I’ve also completely lost my sense of taste and smell today.  I mean zero, nothing can I smell and I can only taste sweet, salty and spicy but not flavors. I lost my taste and smell in the past with Covid and it took a year and a half to return.  I hope this isn’t the case again! It was miserable.  I was trying to just use more natural methods to treat this like my\nNeti Pot, Vapo rub etc. minimally helping. Today I’m breaking down and using DayQuil and tonight I’ll use NyQuil.  I’ve had a very low grade fever off and on not higher than 100.1.  My normal body temperature is around 97 so that’s a bit of a fever for me.  I have a slight cough and today I coughed up a little bit of thick colored mucus.  The nose mucus is all clear but oh so copious.  I am constantly needing to blow my nose and it’s coming out. I can’t believe I could have that much mucus coming from my nose!  I also feel generally weak, tired and a little woozy most likely from all the congestion around my sinuses and ears.  Never felt this horrible before, except for when I had Covid the 2nd time in 2021.  Anyone out there going through something similar or have any advice on how to treat this?",Smooth_Comedian4403,210,newjersey,negative
Reddit,liquid_medicine_taste,"Yes, it was horrible. Took 3 weeks to get back to normal.",EntildaDesigns,112,newjersey,mixed
Reddit,liquid_medicine_taste,"I can confirm, took me three weeks to get back to normal. Flu A… it was horrible.",PassTheLettuce420,28,newjersey,negative
Reddit,liquid_medicine_taste,Ugh this is awful 😞 those poor boys.,twocatsandaloom,16,newjersey,negative
Reddit,liquid_medicine_taste,There is a combo COVID/flu a/flu b test available over the counter now. Just if you want to know for sure.,souperred,54,newjersey,mixed
Reddit,liquid_medicine_taste,"Yes, I already have the bed blocks because I have acid reflux from menopause but I also added an extra pillow.  I may have to fight the cat for the recliner tonight (lol).",Smooth_Comedian4403,20,newjersey,positive
Reddit,liquid_medicine_taste,"We've been getting the Puffs Plus Vick/Lotion tissues, so that's helped with the skin irritation. Sucking down lots of Theraflu.\n\nMore puzzled where it came from, as she doesn't work and no where in public have we come into contact with anyone who seemed sick. And I haven't been sick as all (knock on wood). Pretty much leaves surface contact. She never had COVID so nothing to compare it to, but I had it twice (original flavor and whatever variant was around last year) and symptoms are different than mine.",vey323,8,newjersey,mixed
Reddit,liquid_medicine_taste,"Same here with the sinus issues, but no fever/loss of smell, a few weeks ago.  I went through 2 boxes of tissues in 1 day. I felt like I was drowning in all the clear, watery stuff. Dayquil did not touch this. Caved and used OTC nasal spray for severe congestion - 1 spray each nostril - 12 hours apart.  What a difference.  Also, nose strips for sleeping. Kept those sinus cavities open all night.\n\nFor the cough, I did nothing as everything drained down anyway. Not too bad (no pain).  Though it is lingering and as we all know, the cough can linger for a while.  I did have to use lozenges (good old Sucrets in the tin!) for a day, but that was it.\n\nFeel better!",pborg312,9,newjersey,positive
Reddit,liquid_medicine_taste,Flu A was horrendous.  Had it for 2-3 weeks.  I have NEVER been as sick as I was that first week of Flu A.  Could barely move,losingthefarm,7,newjersey,negative
Reddit,liquid_medicine_taste,I 1000% agree I literally couldn’t move for about 5 days once I got tamiflu it helped but holy lord it took me for a loop. I don’t think I’ve been that sick in about 5-6years it was excruciating I slept for basically 20 hours straight most days without eat only drinking.,[deleted],6,newjersey,uncertain
Reddit,liquid_medicine_taste,"As of about 30 minutes ago, my face feels like it is a solid rock, and I cannot stop sneezing. I actually came to this sub to see what people are talking about in terms of sickness. I really hope I am not one of you!",[deleted],5,newjersey,mixed
Reddit,liquid_medicine_taste,"Yes I have this right now. I also tested negative for Covid, had my flu shot and Covid booster in the Fall. Started with a sore throat last weekend, horrible congestion/migraine headache Monday morning where I could not even keep down a glass of water I was so nauseous. Fever, chills, body aches. Constant post nasal drip/nausea/upset stomach. Used up boxes of tissues and still sick today 🤧",Yerdonsh,4,newjersey,negative
Reddit,liquid_medicine_taste,Have you done an at-home flu test? I had flu A in January and it was awful. Mucinex was very helpful in treating the symptoms.,ser_pez,3,newjersey,mixed
Reddit,liquid_medicine_taste,"I’m in NJ. Had a stuffed nose, and very yellow mucus indicating sinusitis . Amoxicillin did not clear it up but Augmentin finally did after four days.",rancocas1,3,newjersey,neutral
Reddit,liquid_medicine_taste,"You should get checked at a rapid med for flu strain type and maybe a sinus infection. If it's more than the flu virus with a secondary bacterial infection in your sinuses, then they will give you an antibiotic.",Beginning-Piglet-234,3,newjersey,negative
Reddit,liquid_medicine_taste,"**I am not The OOP, OOP is u/weddingwhistleblower** \n\n**Me [30F] wondering whether I should tell a close friend [30M] that he shouldn't marry his fiancee [27F]** \n\n[Original Post](https://www.reddit.com/r/relationships/s/N8WskCCdOd)  **Aug 11, 2014** \n\nApologies in advance for the wall of text.\n\n\nI have known my friend, we'll call him Mark, since college.  We're very close and hang out together pretty regularly.\n\n\nMark has been with his fiancee, let's call her Laura, since grad school (about 6-7 years).  Mark and Laura have been engaged for two years, and will be married in a month (I know, I know, not much time here).\n\n\nFor the first few years of the relationship, I had zero problems with Laura. She seemed a bit shy and reserved, which is unusual for our group of friends, but otherwise seemed like a fine partner for Mark. Indeed, my only reservation was actually that Mark, having a strong personality and being an overly rational/intellectual/argumentative person, sometimes seemed to run roughshod over Laura.  \n\n\nOver the last two or three years, Laura has opened up a bit more, and initially that was really great.  My girlfriend, Julie, and Laura became closer and started hanging out, and the four of us would go out regularly (either just us, or with other friends). It was actually pretty great.  \n\n\nRecently, however, we started noticing that there are some key issues with their relationship that make us (and other friends, actually) wonder whether they should be together at all.  Now that we know Laura better, we've realized she's insanely insecure and anxious.  She is constantly complaining about minor things about the wedding, including his parents' small requests, and even the nice things they do for her.  We've watched them argue about pretty personal stuff, and she is pretty happy to air their dirty laundry and complain incessantly about things that it's clear he'd rather discuss in private.  She also has been somewhat cruel and unfair to ", I want to do this," and I need a partner who will at least consider it\"" camp"," and her being in the \""I am saying I'll consider it", and so I don't want to give more details for fear of identifying them.)\n\n\nIn addition
Reddit,liquid_medicine_taste,"Yeah I really can’t believe OP and her\\* gf went in so hard on Laura being awful while Mark has an uncomfortably close female friendship, does not pull his weight at home, and wants to fuck other people.\n\nMark SUCKS, everyone else *might* also suck, but Mark definitely sucks",Sea_Pie24,2883,BestofRedditorUpdates,negative
Reddit,liquid_medicine_taste,"So Mark was super busy and didn't have time to do chores or to spend quality time with his fiance but he had plenty of free time to spend with many female friends, and he wanted to have an open relationship. And I'm supposed to see him as the victim. Right.\n\nListen, Laura might be immature and shitty, but for once, I think she had plenty of reasons to be bitter, to complain openly, and to find someone that actually gave a shit about being with her.",BooksCatsnStuff,2428,BestofRedditorUpdates,negative
Reddit,liquid_medicine_taste,"Somehow Mark is super rational and yet he sees logic in not spending time with his partner, not taking care of his home, and yet wanting to fuck additional people. OP and the gf are horrible.",BooksCatsnStuff,614,BestofRedditorUpdates,negative
Reddit,liquid_medicine_taste,That soda tasted like NyQuil. Absolutely horrible,yaboiblackcheeseboi,7,hellofresh,mixed
Reddit,liquid_medicine_taste,"Watch out, they have a taste for blood now",ICantKnowThat,72,Volumeeating,neutral
Reddit,liquid_medicine_taste,"Wow I feel this. I bought cauliflower hash browns to put in my meal prep breakfast burritos and oof... Never again. They were way more expensive, more calories, and tasted horrible. Don't know what I was thinking.",jonagoldappleblossom,193,Volumeeating,uncertain
Reddit,liquid_medicine_taste,"Hey, I tried the vegan \frosting\"" using chickpea water... Whole bowl was gonna be like 20 calories. Tasted the bastrd after 30 mins of whisking to get it fluffed and about threw up in my mouth. Kept trying hoping it would somehow hit a different taste bud. Nah. Couldn't get rid of it easily either and my kitchen sink looked like I'd murdered the marshmallow man from ghost busters.""",30breakhorsepower,111,Volumeeating,mixed
Reddit,liquid_medicine_taste,I actually use beans & aquafaba all the time for dessert recipes. But never canned. NEVER. I don’t know why the saltiness/canned taste doesn’t bother other people.\n\nBut I’ve also never made a low calorie / sugar free version of aquafaba stuff.,callalilykeith,18,Volumeeating,positive
Reddit,liquid_medicine_taste,And probably taste the same.,Niboomy,66,Volumeeating,neutral
Reddit,liquid_medicine_taste,"I don't know what I was thinking. Perhaps it was the video I saw of a woman making noodles with flour and cucumber, perhaps it was just lack of expertise. The worst part is that I LIKE the ghost fart taste of cauliflower. And this buns don't even have that, they are just disappointing hard yet gooey balls of theoretically cooked dough.",Niboomy,261,Volumeeating,negative
Reddit,liquid_medicine_taste,"> they are just disappointing hard yet gooey balls of theoretically cooked dough\n\nGod, this sounds like the sweet potato gnocchi I once made. They were a horrible mixture of concrete and rubber... And looked worse than your cauliflower balls...",Myrialle,71,Volumeeating,mixed
Reddit,liquid_medicine_taste,“ghost fart” is the most accurate description of cauliflower flavor ever,gutters1ut,102,Volumeeating,neutral
Reddit,liquid_medicine_taste,Dammit I liked cauliflower until you likened them to ghost farts and totally knew what you meant. Now I’m sitting here thinking “Have I liked the taste of farts this whole time???”,t0rt01s3,53,Volumeeating,mixed
Reddit,liquid_medicine_taste,"\I like the taste of ghost farts?\""\n\n*Points gun*\n\n\""Always have.\""""",NovelTAcct,16,Volumeeating,uncertain
Reddit,liquid_medicine_taste,"They don't look THAT bad eheh, it is like a mix of bread and meringue :) I would love to taste one out of sheer curiosity",ElectraUnderTheSea,10,Volumeeating,positive
Reddit,liquid_medicine_taste,"**What’s something that tastes amazing but is completely inedible?**\n\n**Chart Grid:**\n\n|   | Completely edible | Somewhat edible | Completely inedible | Might kill you |\n|---|---|---|---|---|\n| **Tastes amazing ** | Yogurt [🖼️](https://i.redd.it/undgvaa0w3sg1.jpeg) | — | — | Antifreeze [🖼️](https://i.redd.it/a4h42weod6sg1.jpeg) |\n| **Tastes okay** | — | — | — | — |\n| **Tastes horrible** | — | Nyquil [🖼️](https://i.redd.it/nmp5xnqroztg1.jpeg) | Nintendo car... [🖼️](https://i.redd.it/wo1unh9138sg1.jpeg) | — |\n\n**Cell Details:**\n\n**Tastes amazing  / Completely edible:**\n- Yogurt\n- [View Image](https://i.redd.it/undgvaa0w3sg1.jpeg)\n\n**Tastes amazing  / Might kill you:**\n- Antifreeze\n- [View Image](https://i.redd.it/a4h42weod6sg1.jpeg)\n\n**Tastes horrible / Somewhat edible:**\n- Nyquil\n- [View Image](https://i.redd.it/nmp5xnqroztg1.jpeg)\n\n**Tastes horrible / Completely inedible:**\n- Nintendo cartridges\n- [View Image](https://i.redd.it/wo1unh9138sg1.jpeg)\n\n---\n\n🎮 **To view the interactive chart, switch to new Reddit or use the official Reddit app!**\n\n*This is an interactive alignment chart. For the full experience with images and interactivity, please view on new Reddit or the official Reddit app.*\n\n*Created with Alignment Chart Creator*\n\n* * *\nThis post contains content not supported on old Reddit. [Click here to view the full post](https://sh.reddit.com/r/AlignmentChartFills/comments/1shw2pf)",someonestolemytoe,5,AlignmentChartFills,positive
Reddit,liquid_medicine_taste,Flavored lip gloss,grandpa_milk,8,AlignmentChartFills,neutral
Reddit,liquid_medicine_taste,Lip flavored glass,maiduwu,1,AlignmentChartFills,neutral
Reddit,liquid_medicine_taste,The cartridges are laced with a substance that tastes horrible so kids wouldn't eat them,mandariini10,3,AlignmentChartFills,negative
Reddit,liquid_medicine_taste,How do we know what anti freeze tastes like..,ElectricMouse787,1,AlignmentChartFills,neutral
Reddit,liquid_medicine_taste,Flavored condoms,piefacepro,1,AlignmentChartFills,neutral
Reddit,liquid_medicine_taste,"[Part One](https://www.reddit.com/r/nosleep/comments/5k78ih/i_used_to_work_at_a_pill_mill_in_florida_ive_saw/)               \n\n[Part Two.](https://www.reddit.com/r/nosleep/comments/5kdjpq/do_you_know_how_many_people_went_missing_in_the/)         \n \n[Part Three](https://www.reddit.com/r/nosleep/comments/5kl02r/alive_and_well_and_living_in_hell_the_pill_mills/)                \n \n[Part Four](https://www.reddit.com/r/nosleep/comments/5l82dk/judgement_from_on_high_the_pill_mills_part_4/)\n\n[Part Five](https://www.reddit.com/r/nosleep/comments/5n82vn/the_perils_of_birdwatching_the_pill_mills_of/)\n\n[Part Six](https://www.reddit.com/r/nosleep/comments/5nft0d/friends_in_low_places_the_pill_mills_of_florida/)                  \n\n[Part Seven](https://www.reddit.com/r/nosleep/comments/5nsk6f/unfair_employment_practices_the_pill_mills_of/)\n\nI felt even better when I woke up in the morning. The tiny, dingy hotel room seemed like a small palace with its ancient tile floors and high ceiling. It somehow felt better, clearer, to know that George was, in fact, my enemy. I wondered if I could survive as an informant.  Considering the fact that I was very worried that my boss might want me tied up to avoid loose ends, it might not be a horrible idea at all. Besides, the good times were killing me.  I felt pretty anxious, and for once it had little to do with supernatural threats.  I was about to spent the day working with someone who wanted me dead in the middle of a room filled with people willing to do it for nothing. The patients were wretches who were easy to laugh at, but even the most pathetic person alive can pull a trigger.               \n\n\nThey weren’t the only ones with a certain nihilistic strength though. I wondered why Chris hadn’t been exposed to anything “weird” even after the close encounter with something trying to kill his friend. I was guessing, at the time, that it was almost certainly the lack of narcotics in his system, something I had not even yet c", but slightly happy voice. I wondered if it was just another meeting, which wouldn’t be atypical, or if I was about to die. Or maybe Chris would kill me before I even got there. I nodded and sat down at my desk without a word. She went to chat with Aaron about some guy who hit on her while she was on a gambling boat with Chris. Patients began to poor in when Aaron finally flipped the lock and I was safely filing useless paper.        \n\n\n It occurred to me that it might be possible to discretely contact authorities and maybe get some help. I remembered the name of the detective who I had read were investigating a pill mill they managed to close down south. After an hour or so I Googled the name on my phone and brought up a number. While sitting on the toilet, my phone rang. It was Chris. I stared at it
Reddit,liquid_medicine_taste,"Jessica, the pretty girl from the clinic, had two friends: Chris and Grace. She told OP to contact them.\n\nOP got a hold of Chris first, so didn't follow up with Grace.\n\nChris informed OP that Grace went missing, while also informing him about the wierdness that had been going on.\n\nAnd in this post, Jessica stated that she had gone shopping with Grace just recently. OP wasn't sure which one was lying, or ignorant of the facts, but Chris being one of the Bird-Brains sort of confirms he's been lying. But it also seems he's attempting to protect OP, which either makes Chris unique among them, or OP's intentions to derail the Pill Mills has made the supernatural have a change of heart. Or, it just wasn't convenient to kill him yet. Lots of questions still.",Drakesyn,40,nosleep,mixed
Reddit,liquid_medicine_taste,When Jessica told me that Grace was still alive and well. I had never pressed further when Chris told me that I should avoid her and something horrible had happened to her.,IEscapedFromALab,36,nosleep,negative
Reddit,liquid_medicine_taste,Thank you for sharing your story. I’m really glad you’re doing better. It sounds like it was quite a scary experience. I’m disappointed that your hospital visit was so terrible. You deserve better than the way you were treated and the system failed you. I’m so sorry that happened to you.,Carmen315,6,COVID19positive,mixed
Reddit,liquid_medicine_taste,"Yeah so glad, someone else knows what I'm talking about. Because I shared that with others, and they didn't have this issue. People just didn't understand.  \nI just didn't think about food. And when I tried to eat, it was a huge ordeal, because my body was like stop eating, I'm not hungry. And I couldn't taste or smell the food... yeah covid19 is no joke, lol.",adbarads,2,COVID19positive,mixed
Reddit,liquid_medicine_taste,thank you for sharing. i’m really glad that you are doing better! question/ do you know where you got it? and we’re you social distancing/masking when you got sick? no judgement. just curious.,mjones5018,2,COVID19positive,mixed
Reddit,liquid_medicine_taste,"Thank you for sharing! I am in the exact same boat - except I am extremely sad and the stabbing in my throat, fatigue and dizziness/inability to not be winded after the simplest task has not subsided. I also have not been able to sleep AT ALL. I am a person who easily goes to bed at night and for the latter part of this thing I have not slept. The lack of sleep plus feeling awful and not knowing if it will ever end just really makes one feel down... best of luck to you! Thanks again.",AntwaniqueAdele,2,COVID19positive,mixed
Reddit,liquid_medicine_taste,"Yeah, see what I mean? haha. covid19 makes you rethink your life. Those sad nights when you can't sleep, and feel like dying. And thinking about the things that actually matter in life, you start promising yourself you'll start doing if you can just recover. Like talking to so and so and saying sorry finally. Or trying to better your relationship with loved ones. And me regretting why I was so engrossed with making money or doing things in life that impacts no one for the better.\n\nAnyways, I highly recommend the melatonin. It should definitely help you sleep. And you need to try to get rest. Make sure you drink lots of liquids and sleep. 2 key things in fighting this for sure.",adbarads,1,COVID19positive,mixed
Reddit,liquid_medicine_taste,"Congratulations on making it through. It sounds like you got churned through healthcare and deposited outside with nothing to rely on but OTC meds. \n\nI want to leave this note here for those who must follow.\n\nSleep is indeed important but of your three sleep-inducing (or cough-suppressing) choices, only melatonin is advised.\n\nThe others are contraindicated. Dextromethorphan (xQuils, TheraFlu) is proviral. Diphenhydramine (Benedryl) is a respiratory and CNS depressant.",chesoroche,2,COVID19positive,positive
Reddit,liquid_medicine_taste,Glad to hear you’re recovering.How long was it before you got your taste and smell back?,Turn_Actual,1,COVID19positive,positive
Reddit,liquid_medicine_taste,"I would say around day 15 or 16? from first day of covid19. It was definitely after the fever, and my body was on the mend. It was a gradual return, so it wasn't as noticeable as how it went away. I felt it was pretty sudden when I loss the sense of smell and taste.  \nI just remember eating a burger from shake shack and going... wow this taste like a good burger, and it hit me at that moment, I got the majority of my taste and smell back. A happy moment for sure, because of how much I love food, lol.",adbarads,3,COVID19positive,mixed
Reddit,liquid_medicine_taste,Thank you for sharing your experience. This was really thorough and well-written. It gives everyone a very clear picture of what it’s like to go through this terrible disease. Sending you wishes of good health from now on.,ReasonableArugula,1,COVID19positive,mixed
Reddit,liquid_medicine_taste,"Yeah, the doctors are generally gonna say it isn't bad, unless it's really bad. You'll have to self manage the shortness of breath basically. Like what I had to do. I noticed I also had some trouble sleeping because of shortness of breath. I fell asleep once, only to wake up around 3 am, sweating and panting for air, while coughing all at the same time. And then after that, had a really hard time going back to sleep.\n\nMaybe this will help for you as well, but it helped for me, providing some temporary relief. Take a super steaming hot shower, as hot as you can bear, before you go to sleep. I noticed it helps somewhat, for the first leg of the night, before SOB wakes you back up again for the 2nd leg of the night.\n\nI also read somewhere, sleeping on your stomach or side is better than sleeping on back with covid19 SOB. I'm more of a side sleeper, so it wasn't hard for me to make sure I don't sleep on my back.\n\nBut yeah, I totally get you, there were definitely 1 or 2 nights where I didn't sleep at all, just couldn't, because of this. Or I would sleep 3 hours, and have to try to nap a little the next day to make sure I still get some of my hours in of sleep.",adbarads,1,COVID19positive,positive
Reddit,liquid_medicine_taste,It's still going to taste horrible.  Acetaminophen tastes like burning plastic smells.,Ghigs,3,NoStupidQuestions,uncertain
Reddit,liquid_medicine_taste,"Yes, but personally I'd just buy the cherry flavored NyQuil.",Curmudgy,1,NoStupidQuestions,positive
Reddit,liquid_medicine_taste,"**What is something that tastes okay but might kill you?**\n\n**Chart Grid:**\n\n|   | Completely edible | Somewhat edible | Completely inedible | Might kill you |\n|---|---|---|---|---|\n| **Tastes amazing ** | Yogurt [🖼️](https://i.redd.it/undgvaa0w3sg1.jpeg) | — | Flavored lip... [🖼️](https://i.redd.it/tluwl5rv3lug1.jpeg) | Antifreeze [🖼️](https://i.redd.it/a4h42weod6sg1.jpeg) |\n| **Tastes okay** | — | — | — | — |\n| **Tastes horrible** | u/ShotAd5298... [🖼️](https://i.redd.it/2vf930itemug1.jpeg) | Nyquil [🖼️](https://i.redd.it/nmp5xnqroztg1.jpeg) | Nintendo car... [🖼️](https://i.redd.it/wo1unh9138sg1.jpeg) | — |\n\n**Cell Details:**\n\n**Tastes amazing  / Completely edible:**\n- Yogurt\n- [View Image](https://i.redd.it/undgvaa0w3sg1.jpeg)\n\n**Tastes amazing  / Completely inedible:**\n- Flavored lip gloss\n- [View Image](https://i.redd.it/tluwl5rv3lug1.jpeg)\n\n**Tastes amazing  / Might kill you:**\n- Antifreeze\n- [View Image](https://i.redd.it/a4h42weod6sg1.jpeg)\n\n**Tastes horrible / Completely edible:**\n- u/ShotAd5298’s suggestion\n- [View Image](https://i.redd.it/2vf930itemug1.jpeg)\n\n**Tastes horrible / Somewhat edible:**\n- Nyquil\n- [View Image](https://i.redd.it/nmp5xnqroztg1.jpeg)\n\n**Tastes horrible / Completely inedible:**\n- Nintendo cartridges\n- [View Image](https://i.redd.it/wo1unh9138sg1.jpeg)\n\n---\n\n🎮 **To view the interactive chart, switch to new Reddit or use the official Reddit app!**\n\n*This is an interactive alignment chart. For the full experience with images and interactivity, please view on new Reddit or the official Reddit app.*\n\n*Created with Alignment Chart Creator*\n\n* * *\nThis post contains content not supported on old Reddit. [Click here to view the full post](https://sh.reddit.com/r/AlignmentChartFills/comments/1sityox)",someonestolemytoe,1,AlignmentChartFills,negative
Reddit,liquid_medicine_taste,"Speaking from experience, water contaminated with lead, it has a sort of sweet taste to it and if you just ignore the gray color you would have no idea that it’s full of heavy metals",llikestarwars,3,AlignmentChartFills,negative
Reddit,liquid_medicine_taste,"Lead - tastes sweet (apparently), which is why a bunch of kids lick lead paint. But yeah, not great for you health wise.",quoth_teh_raven,2,AlignmentChartFills,mixed
Reddit,liquid_medicine_taste,"Death caps are supposed to be very pleasantly flavored without the bitterness frequently associated with deadly poisons.  Of course, those are more of a “will definitely kill you” than a “might kill you.”",LiveEverDieNvr,1,AlignmentChartFills,negative
Reddit,liquid_medicine_taste,I am absolutely terrified for you and Lily...and I'm a grown man. I'm pretty sure I would have already gotten out by now. Be careful!\n\nEdit: phrasing,BADoVLAD,4,nosleep,mixed
Reddit,liquid_medicine_taste,When I was a wee lad I had this pink bubble bath that smelled exactly like a strawberry milkshake.  It did not taste like a strawberry milkshake.,BoomerQuest,630,AskReddit,uncertain
Reddit,liquid_medicine_taste,I’ll never forget the smell after my brother got drunk off it when we were kids. The entire bathroom smelled like it for days after he threw it all back up. \n\nTo this day he says it’s the worst thing he’s ever tasted.,KinkyPTDoc,712,AskReddit,mixed
Reddit,liquid_medicine_taste,Smells like the tears of Jesus. Tastes like the ball sweat of Satan.,[deleted],49,AskReddit,mixed
Reddit,liquid_medicine_taste,Did you see the video of the mom recording her son taking a spoonful because he “knew” it was sweet and didn’t want to believe her? The little cloud of cocoa dust that came out of his mouth was the cherry of it all. He found out the hard way.,kimmytwoshoes,26,AskReddit,uncertain
Reddit,liquid_medicine_taste,"Other way round, but ants, smell horrible, taste like lemon",Unlikely-Dance-6272,470,AskReddit,negative
Reddit,liquid_medicine_taste,"Don't be too sad, they smell awful.",_humanracing_,115,AskReddit,negative
Reddit,liquid_medicine_taste,"Roses. They smell great, but I tried to eat some roses jam and it was awful.",icsulescu98,74,AskReddit,negative
Reddit,liquid_medicine_taste,\Unleaded tastes a little tangy. Supreme is kinda sour," and diesel tastes pretty good.\"" -Ricky""",The_old_number_six,143,NyQuil taste horrible
Reddit,liquid_medicine_taste,Coffee is delicious BUT coffee grinds smell much better than they taste,rmcintyrm,275,AskReddit,positive
Reddit,liquid_medicine_taste,Non-coffee drinker here. I *love* the smell of coffee. Can't stand the taste of that shit.,justalittleparanoia,65,AskReddit,mixed
Reddit,liquid_medicine_taste,"Weird. I really like the smell, don’t like the taste.",[deleted],57,AskReddit,mixed
Reddit,liquid_medicine_taste,I’m in the opposite camp. Smells nice but tastes vile.,[deleted],26,AskReddit,negative
Reddit,liquid_medicine_taste,"Limoncello. Smells like lemon, tastes like lemon-scented cleaning products",Cardinal338,311,AskReddit,positive
Reddit,liquid_medicine_taste,"I wanted to post this to give everyone a comprehensive list of what my timeline has been like. As stated in previous posts, I have no major health problems besides PCOS and I am significantly overweight. I have recovered fairly quickly and while I don't want to diminish the fact that a lot of people have had a much rougher time recovering than I have, I thought it might offer some hope that it can genuinely take a very mild course as well. If you have tested positive, hang in there. My previous posts will show you that the fear/anxiety/depression are some of the hardest things to deal with while recovering from COVID. \n\nMy brother started having symptoms on December 9, and his test came back positive on December 14th. I was tested that same day and my test came back negative on December 16th. I thought I was in the clear since my brother was already feeling better by then. Not so.\n\n**Evening of December 23rd, Day 1:**  I notice a tickle in my throat, similar to post-nasal drip. I often get post-nasal drip because of my allergies so this wasn't immediately alarming.\n\n**December 24th, Day 2:** throat feeling is worse with an occasional cough. \n\n**December 25th, Day 3:** throat feels even worse today, it definitely feels like I might be coming down with a cold.\n\n**December 26th, Day 4:** I can't sleep at all the previous night and by 4:30am it's obvious I have a fever. I'm at 100.9, and my cold symptoms are worse. Stuffy/runny nose and severe congestion, but not much of a cough. I take a rapid antigen test and it comes back positive. Fever drops a little with the help of NyQuil but still lingers at a 99.5 all day. (My baseline body temp is usually in the 97s, so this is too high for me). I also come down with a case of diarrhea. Overall feels similar to a nasty cold. I spend the day angry, anxious, and shivering in bed.\n\n**December 27th, Day 5:** In the morning I seem to be feeling a bit better, though my symptoms are still bad. Sinuses and chest are severe",MinuteLibrarian,39,COVID19positive,uncertain
Reddit,liquid_medicine_taste,"Hi guys! I originally posted this in /Covid19Positive but it was REMOVED and I can't imagine why lmao...DISCLAIMER: this is NOT medical advice, it's just my experience... and I am neither pro vaxx or anti vaxx, i don't care about politics, and none of this is meant to sway you one way or another. This is simply information and a badly written story.\n\nso I got COVID twice.. once in September and again about a week ago. I would like to preface this story by saying I am 29/F and healthy. No health complications, not overweight, work out 4 times a week, eat pretty healthy with the occasional In and Out burger, do not smoke cigarettes (i do smoke weed a couple times a week though), and don't drink..\n\nthe first time, I got this thing did all the things - I went to the doc, got on a BUNCH of treatments that I am now responsible for paying lol (breathing treatments, inhaler, antibiotics, steroids, random xrays, and an MRI), i got a HEFTY (12k) emergency room bill and spent like 500 bucks out of pocket at doctors offices and specialists over the course of 2 weeks.. anyway, nothing at all worked or even remedied my symptoms.  I went through 3 full round of antibiotics (Zpack), 2 courses of prednisone, around of ivermectin (human doses folks), remdesvir, all the OTC/DIY stuff (Delsym, Robitussin, Nyquil, Tylenol, every vitamin, black seed oil, turmeric, cinnamon, blah blah, etc. you name it, I housed it). i tried the vitamin infusion shit too. kind of worked but im certain that it was placebo and its no different than just taking some vitamins.\n\nDuring this time in Sept, I had a fever that would not break for about 2 weeks.. the fourteen days of having the virus obliterated my body.. my hair is (still) falling out in clumps (telogen effluvium - I lost more than 50% of my hair) and I was fatigued with aches and pains for a full month after. I lost my sense of taste and smell, 15 pounds, all my gym gains, and I gained horrible sciatica (still kickin today). This is the shi", he's no Fauci... but the man seemed adamant about it, and I could barely breathe without a piercing pain in my chest or without coughing up a lung and triggering excruciating sciatica pain so.. I figured, what the hell.\n\nToday I tested negative for antigens. I really cannot stress the impact of this and how much it helped me.  I know this sounds insane but don't knock it till you try it. I know it sounds like an old wives tale but I did two tours of this garbage ass virus and both times," I know everyone is suddenly a medical professional in \""these trying times\"" and anecdotal evidence means fuck all .... and this isn't a vax vs unvax convo so please leave that shit in the lobby. This is a me paying homage to Random Uber Guy... he asked me to pay it forward and here I am. Random Uber Guy said it was very important to complete 10 days even if you feel better but once the severity of symptoms subsides"
Reddit,liquid_medicine_taste,"I’m not going to say that garlic is a cure for Covid, however eating a clove or two of raw garlic a day has tremendous health benefits.\n\n“Numerous modern studies confirm that garlic has definite antibiotic properties and is effective against a wide spectrum of bacteria, fungi and viruses. In addition, the antimicrobial activities of garlic are linked to the presence of some bioactive compounds. Moreover, many studies have demonstrated that garlic can be more effective as a broad-spectrum antibiotic compared with conventional antibiotics.”\n\n[Just Another Study on Garlic’s Health Benefits](https://www.ncbi.nlm.nih.gov/pmc/articles/PMC4458355/#sec91743title)",MyLifeIsPlaid,9,conspiracy,positive
Reddit,liquid_medicine_taste,"Oh it’s an incredible plant. There have been studies to suggest that raw garlic with a little lemon juice lowers cholesterol. Eating raw garlic isn’t for the faint of heart, it’ll almost feel like it’s burning your tongue, it’s the sulfur in garlic reacting to your taste buds. There are even some natural remedies that show that putting garlic on a wound as a poultice can help with wound healing, especially if it looks as if it is getting infected. \n\n“Allicin, the active component of garlic, has been shown to have antimicrobial and anti-inflammatory properties. Garlic has also been used historically by many cultures to heal wounds. Several animal studies have shown that garlic extracts increase the rate of wound healing and decrease the rate of infection.”\n\nRaw garlic is super cheap and you can even grow it yourself. It also lasts for a very long time before going bad.  Wonderful little plant.",MyLifeIsPlaid,3,conspiracy,mixed
Reddit,liquid_medicine_taste,"My Grandfather lived to 96 (passed from Alzheimer’s) When I was growing up he always told us about two things he swore by for good health which were garlic (he took whole cloves and a supplement pill Kyolic) and a chewable papaya enzyme tablet. He wasn’t prescribed any prescription meds until his late 80’s and it was a pill for Alzheimer’s (a new drug that had come to the market to slow memory loss). When my household had Covid we all used the natural route and all of us recovered within a week. Making a Fire Cider and taking a few tablespoons a day is great to boost immunity as it has garlic, lemon, turmeric.",dotts9288,3,conspiracy,mixed
Reddit,liquid_medicine_taste,"For years when I get sick I make garlic tea, absolutely horrible to get down but it works wonders.",lex_D1am0nd,3,conspiracy,negative
Reddit,liquid_medicine_taste,ahh! noted! def goes does a tiny bit easier when it’s cold lolol like a shot… a chewable spicy shot hahaha,lonesauce,1,conspiracy,positive
Reddit,liquid_medicine_taste,I put it in my hand and swallow the pieces like a pill lol,crysrose80,2,conspiracy,positive
Reddit,liquid_medicine_taste,This holds true till this day. I protected myself from covid as a mediterranean who uses garlic for every flu while my husband who refuses to eat garlic cuz “he cant stand the smell” is currently isolated and sick with covid downstairs the last 4 days… Its so disgusting to taste after the allicin comes out but I mix it with some yoghurt and add mint before swallowing ( kinda like a tzatziki ;)  Cheers to the uber driver!,Unlucky_Mistake1412,2,conspiracy,negative
Reddit,liquid_medicine_taste,"Thank you. \n\nAs for my mom, she is able to retain short term memory, just unable to remember/recall any of my childhood honestly. She remembers certain ways time frames made her feel, but no recollection as to why. This has led her to believe she was a horrible/neglectful mother. I suppose what i hope to accomplish in this is to give her an explanation as to why she has those looming feelings, and that no matter what there was nothing she could have done differently. So perhaps my goal is t give her peace of mind?\n\nas of right now, the only family member that knows anything happend at all, would be mom mom. I finally had a chance to see her and have a dinner where we talked. It wasnt a very detailed account, and more so of.... \this vague sexual trauma happened at this time\"". I feel this gave her a feeling of greater guilt", and I feel its important she realizes, there was literally nothing she could have done diffferently. Sometimes life just sucks....S\n\n\nAs for my stepdad.. Yes. I want him to also know and understand why I was such a demonic child growing up. I asked my mom to not really discuss it with him, until I have had the chance myself, for completely unrelated reasons. \n\nI have been seeking treatment
Reddit,liquid_medicine_taste,"I have to admit I was not able to read all your story because I also have childhood sexual trauma, I just wanted to say you are not alone. I was raped by my male cousin (15 years my senior) starting at about 6 years old. My mom forced this to happen so that he would give her drugs. The words Munchausen by Proxy has also been floated by ever psychologist I have seen, my mother had me on ADHD medication when I was 2 because \I was just a handful.\""\n\nMy mother is a compulsive liar", and therefore I can never expect to have closure of my own issues. I have some understanding of the pain you have gone through in your life and just wanted to say I am sorry you went through it," and I hope you are able to find some help/closure.""",TheTacHam,comment
Reddit,liquid_medicine_taste,"I am very sorry to hear of your experiences. I can't begin to imagine having someone I was supposed to be able to trust unconditionally do such things to me. I will never understand how a parent can cause such harm... \n\nI have been able to get some closure at this point. But I think a lot of that closure came from within, rather than from external influences. A lot of closure and accepting what happened came through spirituality/self reflection. In my teen years, I shunned western religion entirely, and started to practice Buddhism, though I can't say I started to understand the practices and deeper meanings until recent years. But it helped calm my rage at the world in a time when I was very angry. No, it has never made me believe that what happened was good in any ways, but it gave me the tools to make myself good. I am appreciative of the good experiences in life so much more now. I am better equiped to handle hardship. I know that I literally survived the worst I will go through in my life, and rather than turn me into a horrible hateful person, I became a compassionate and empathetic individual. \n\nSorry, in short I thank you for also sharing your experience. I hope now in life you are able to know you are a beautiful individual, regardless of the ugly things that have been done to you in the past.",oldskewtrypp,2,ptsd,positive
Reddit,liquid_medicine_taste,Anyone else had this strange headache after reading this? Kinda feel like how they described it... Also been getting nauseous as well...,tankgirl987,6,nosleep,mixed
Reddit,liquid_medicine_taste,"Thank you, I hate it, I wish I had never read it. I would say I'm going to go throw up now but I can't even do that. 10/10",Throwaway44775588,14,nosleep,uncertain
Reddit,liquid_medicine_taste,"Truly the taste of the maidenless, deleting any women in its vinicity",T-pellyam,3,Eldenring,neutral
Reddit,liquid_medicine_taste,"I really need help. What happened was agonizing, painful, and gutwrenching. It's a wild, long story but I'll shorten it the best I can. \n\nI'll preface this... I have never used drugs in my life. I rarely even take advil. I had never ever been stoned in my life before, not even off of medication as I never even had any type of surgery.\n\nI (30F) became very sick and I went to the doctor's at a health clinic. They told me that it's probably a cold. I was congested with mucus, I had a dry cough, my head hurt, my mouth and throat felt swollen, and I couldn't breathe. They gave me a steroid(!) nasal spray, told me to take mucinex, and gave me cough medication. (A few months before this, I had an open wound on my ear and it still didn't heal so she recommended an ENT - Ears Nose and Throat doctor.)\n\nA week goes by. I don't improve. I go back to the doctor's. I once again tell them I'm really stuffed up and can't breathe. They gave me prednisone(!) (which is a steroid) and a steroid(!) inhaler. Within hours of taking the prednisone, I started feeling less stuffed and within two days, I no longer had that problem. But I STILL could not breathe. The inhaler did not help at all. My bf (Tom) made sure I used it correctly. The doctor said I could use it every 4-6 hours. And I did. It didn't help!! \n\nI went to the doctor's again a few days later and told them once again I can't breathe. The doctor didn't seem considered until I lengthy talked about it... which took me a while in between the gasps for air and labor breathing. She ordered an x-ray. The x-ray came out fine. She recommended me to a lung doctor. \n\nI had cancelled my ENT appointment as they said they'd only look at my wound on the ear and not anything else. But when I was waiting for a lung doctor, I kept telling my bf that my breathing problem seems more related to my throat than my lungs. So, we called the clinic and told them to get us that ENT appointment and forget the lung doctor. \n\nIn-between the las", Tom told me. So, I took it. I quickly spiraled. I couldn't sit still. My face hurt really, really badly again. I felt more and more weak. I started becoming paranoid. \n\nAt some point, standing in front of a stove as the mucus was stuck in me again really badly. I started patting myself with a wash cloth. It was turning yellow. I started panicking. Decided to take more medication. Spiraled even harder into a panic and took audafed again. I spiraled even harder. I had forgot my promise with my bf that I wouldn't drink too much. I drank like 6-7 Gatorade bottles and 14 water bottles in a span of like 2 - 1/2 hours. \n\nHis mom woke up and came out and saw all the water bottles. I was sitting on the couch crying. She came and sat next to me. She has a master's degree as she teaches kids with very specific special needs
Reddit,liquid_medicine_taste,"Steroids are what is generally prescribed for an upper respiratory infection or the same symptoms.  You swallowed a small hard ball from your head? What in the world does that mean? And you took medical advice from someone that teaches children with special needs? Where is this giant whole you speak of? It sounds like the doctor(s) did what is considered reasonable or standard medical care in giving you steroids as a first defense. You told the dr you had no allergies so they didnt consider that and couldnt have considered that. Are you seriously saying that you and your boyfriend have PTSD from this? You need a doctor to make that diagnosis. You also need damages from the situation and is doesnt sound like anyone acted under the standard of care for someone presenting with your symptoms (especially because more than 2 doctors had the same opinion). You had a cold/upper respiratory condition (unconfirmed on xray) and was treated with the standard cocktail of steroids and antibiotics. Its possible you had an allergic reaction or you took too much. Just my two cents. I’m a lawyer, but not your lawyer, thankfully.",ollie8375,3,legal,mixed
Reddit,liquid_medicine_taste,"Thank you for the advice. \n\nJust to clarify, I didn't have a cold. They at first gave me that diagnosis. I actually had sinusitis. And I became stoned out of my mind from the medication and having severe side effects and made it worse by prescribing me more medication. The psych hospital gave me medication to reverse the medication effects. \n\nI have PTSD from being stoned out of my mind and not knowing what was happening and the incredible pain that I was in and the doctors dismissing me. My organs felt like they were rotting. My face felt like it was melting. I could feel the nerves in my face and thought my left facial nerves were drooping and disappearing. I could barely sit up. I could barely walk. I was screaming in and out of consciousness on my bf's couch. It was bad. \n\nI can't find a medical trauma therapist. But I will continue searching and get one as soon as possible. I'll try to reach out to a doctor and a pharmacist. I just don't know really what to say to get help.... it just feels like they'll also think \oh yeah"," she had a cold and now she's overreacting...\"" which is not at all what happened. \n\nAgain"," I appreciate it.""",Constant_Emu3592,comment
Reddit,liquid_medicine_taste,"I think there's a misunderstanding here. They prescribed me steroids at first because they didn't do any tests and just said I had an upper respiratory infection. The x-ray clearly showed I didn't have one — and I had 3 x-rays. Each time the doctors said the x-ray confirmed my lungs were fine. \n\n2 doctors said I had sinitus, which is an infection of the sinuses in the face. And both doctors (ER 1 and ENT) said I had a severe bacterial infection. My white blood count and something else were extremely high, which confirmed the bacterial infection from the ENT.\n\nThe first ER doctor said I shouldn't take corticosteroids (which sudafed is) under any circumstances. For two reasons: I had a severe infection and it'll mess me up psychologically. The second ER doctor prescribed me Sudafed and when I took it, especially along with the nasal spray and inhaler, I spiraled heavily.... just like how the first ER doctor warned.\n\nWe didn't take medical advice from his mom. We called a pharmacist. We took advice from the pharmacist, who confirmed the suspicions from his mom. The pharmacist at first was worried that I was just crazy. He asked my bf how long he had known me and what I'm normally like and what I'm like now (at that moment) and the medications and how much I was taking. He came to the same conclusion as my bf's mom. I was extremely stoned out of my mind and was tripping really badly.\n\nTo quickly address the thing I swallowed... it came down from my nasal cavity. I immediately told my bf when it happened (twice). I went from labored breathing to breathing fine for a while until my face was stuffed up again. All my doctors have ignored this part...\n\nWhich brings me to my main point. The doctors ignored me and what I was telling them and my symptoms. I went to the health clinic 4 times. I went to the ER 3 times.  They dismissed me each time. My eyes were dilated where my eyes were so black that my bf could barely see any blue. I brought in my medications each tim"," it's easy for you to not show empathy. I know what happened to me was not standard or normal by any means. It's a crazy story but it is 100% true and the experience was absolutely frightening.""",Constant_Emu3592,1,NyQuil taste horrible
Reddit,liquid_medicine_taste,"Did you take the information you have and had a consult with a malpractice attorney?  What did they advise?\n\nYou should have a sense that medicine is a “practice,” it’s not an exact process and every situation is just different enough that there is only a really good idea of how things should play out.\n\nIf you want peace of mind, invest some time and money to talk with an attorney.  See what they say regarding what your options are and what the likely outcomes would be.\nAsk questions and try to get an understanding of why you do or don’t have a winnable case.",MathematicianFar6557,2,legal,positive
Reddit,liquid_medicine_taste,"Oh my good Lord! This has me freaked to another level, I have a horrible fear of something falling or landing in my drink, which I drink coffee or dr.pepper often, dark drinks! Where I may not see something in it OMG 😰 I'm completely freaked out right now! Ugh you did it for me!",Brown-mama79,1,scarystories,mixed
Reddit,liquid_medicine_taste,"It went downhill fast, I guess,\nMy girlfriend just got back from Paris and was carrying unknowingly, I have caught it, within 24 hours I went from “allergies” to projectile vomit and the inability to move. Muscle tension and locking, sneezing, runny nose, throwing up, coughing, and I haven’t exactly lost my taste but anything with any kind of sugar just tastes suuuper yucky. Brushing my teeth sucks too, because of how sweet toothpaste usually is regardless of the type. Does this mean I’m GOING to lose my taste or is this common? I’m a very anxious person so anything helps. Thank you guys so much. NyQuil / DayQuil and baths are my best friend right now. My fevers are ranging around 100.0-101.4 unless I have freshly taken medication to lower it. I have vasovagal, and half the time as I’m throwing up I’m losing consciousness a little. It hasn’t been horrible yet, but truly any words of advice of comfort are so greatly appreciated. I have lost a few family members to Covid.",goreyote,1,COVID19positive,mixed
Reddit,liquid_medicine_taste,Paxlovid if you can get your hands on it. Sure the taste is trash for 5 days but I feel back to normal on day 7 and even managed a light workout.,Double_Fabulous,2,COVID19positive,negative
Reddit,liquid_medicine_taste,"**Here is my third one, I will prob go back on specific instances & expand on them in other posts.**\n\n\\(this is proving to be very therapeutic for me, thank you reddit peeps\\)\n\n\\(probably  should put somewhere in here my little GC bro is high functioning  autistic & my nmom brainwashed our entire family into thinking that  if anyone ever found out he would be taken into foster care & that  he would lose all of his country rights. That he would be treated like a  leper & no one would hire him, no one would ever love him, he could  never own a car, get a license, get a loan, if he had kids the  government would take them at birth, etc, ect. She made us feel like  keeping it secret was to protect him. In & of itself it was a  horrible, insane level of abuse that my bro has not yet acknowledged or  has just ignored because it is too much for him to think of. When we  talked about it he told me that he has trouble remembering anything from  when he was younger than 14.\\)\n\n\\(Hubs is  also ADD & possible a bit autistic & my nmom has mocked him  behind his back about his ADD. Called him lazy, No good, etc.\\)\n\nReasons why the police or APS has not yet been involved:\n\nHubs  grew up in a narc & abuse filled home where the police were around  very very frequently. He does not want this here in his \rebirth\"".\n\nMy  dad is a hillbilly", he respects the heck out of our boys & gals in  blue, but does not want to involve them in family matters. Same thing  with lawyers, he has a closely related lawyer in his family he has been  NC with for 25 years so has a very sour taste in his mouth for them.\n\nBro  is still lingering with the brain washing about people of authority  finding out about him & taking his rights away. He gets very angry  defensive about this no matter how much I try to reassure him.\n\nSo  it has been an uphill battle to convince all three men that it is  needed \\(they all agree if she is being physical again to call without a  second thought\\). They still do not like it, but does  not like it. So it is still a bit of shaky ground for now but it is  stabling out.\n\n**Anyway
Reddit,liquid_medicine_taste,"The part that makes me so\\-so\\-so\\-so mad is she does not \\*need\\* any of it. She just \\*\\*refuses\\*\\* to do it herself & lies saying that she can't do it. Then makes people feel bad for her with her sick\\-sweet\\-lil\\-ol\\-middled\\-aged\\-lady crap.  \n\nThank you, I truly appreciate it & it is nice to fill my lungs with fog free air",Twinkie_Face_1991,8,u_Twinkie_Face_1991,mixed
Reddit,liquid_medicine_taste,"LONG POST (Sorry)\n\nHey guys!  I'm on Day 10 of Symptoms (Day 2 since testing Positive) and surviving!!  Here's my timeline/symptoms with hopes of helping others...giving hope & encouragement that you WILL get through this!  WE GOT THIS!  I'm female, 44yrs old.  Healthy.  Non-smoker.  No health problems, no regular medications. I wear a mask EVERYWHERE and wash hands/sanitize.\n\n* **Jan 4:**  Extreme fatigue.  Arms & legs felt like they had weights on them.  Tightness in chest, felt like someone sitting on my chest.  No other symptoms.  I laid down for about an hour and felt some better.  I thought maybe I had just pushed too much over the weekend.\n* **Jan 5:**  Felt better.  Still some tightness in chest - felt like chest congestion, but no coughing.  No fever.  No other symptoms.\n* **Jan 6-7-8:**  (Extreme) Fatigue seemed to be gone, but now feeling like I'm getting a cold.  Gradually more nasal congestion each day.  I thought maybe it was a sinus infection.  I'm prone to those & usually get them this time of year.  No fever.  No cough.  I did have a sore throat for about 2 days & also noted that one of my lymph nodes was swollen.  No other symptoms.  I started taking Mucinex D on Friday the 8th.\n* **Jan 9:**  Woke up to loss of smell/taste.  I knew right then I had Covid.  I scheduled a test, but couldn't get in until Tuesday the 12th.  Sinus congestion and pain/pressure is severe now.  No fever.\n* **Jan 10:**  Still no taste/smell.  Sinus pain/pressure & congestion.  I wasn't prepared for the mental battle with losing my taste/smell senses.  I cried off & on most of the day.  You don't realize how much you take something for granted until its gone.  Simple smells like body wash, lotion and even toothpaste....gone.  You can still distinguish between sweet/salty/bitter... but savory senses are gone.  And just to be clear, its the smell sense that is actually (temporarily) gone.  Tastebuds are still active.  Google it if you want to know how it all works.  lo", woke up to a sinus headache and sinus pain/pressure.  Congestion is random - it switches from side to side and then opens up completely.  Very weird.  Still have some upset stomach, but I also have been hydrating like crazy and having a lot of soups/broths/teas.  A little tightness in chest but not as bad.  Again, not well yet - but feeling much better than I was a few days ago.\n* **Jan 14:**  Gradually feeling a little better each day.  Still weak & I can still feel a little tightness in my chest that makes me want to cough.  My nose is still a little congested, a little itchy.  No new soap
Reddit,liquid_medicine_taste,"Thanks for sharing! I tested positive today. Cough, really bad body aches, fever, congestion. The DayQuil is helping me feel better. Tons of tea with lemon and some honey. I also have having some diarrhea too.",heathermcconochie,3,COVID19positive,mixed
Reddit,liquid_medicine_taste,"Hope if you feel better quickly!!  I did green tea with lemon & honey too, I think it helped for sure.  I haven’t had diarrhea since eating more normally.  I think it was from all the liquids previously.  I still don’t have my normal appetite, but at least I can smell/taste again.  I’ve lot 5 lbs since getting sick, how crazy is that?",shelleymak6376,1,COVID19positive,negative
Reddit,liquid_medicine_taste,"Similar to my timeline as well, but different symptoms:\n\nJanuary 1st or 2nd started to experience some congestion, chalked it up to allergies as I have them year round. \n\n6th&7th: Same congestion still and slight cough, \nSlight pressure in chest? Got tested PCR on the 7th.\n\n8th woke up still congested, and sense of smell distorted, could only smell intense things like hot sauce. Mild random headaches that would seemingly only last a minute or two. \n\n9th sense of smell basically gone, sense of taste okay for the most part. Same weird headaches on and off. Tested positive. \n\n9th-Today: very mild congestion, mainly just when sitting or laying down. Sense of taste basically okay, sense of smell still pretty much gone. I can smell hot sauce if I hold the bottle like right up against my nose. \n\nHave been taking 500mg Vitamin C, 50mg zinc and 2000iuds of vitamin D since March 2020. Continuing to take that, and upped the vitamin V  to 1000 (2 pills) when I tested positive. Hoping my sense of smell returns soon.",LastSwordSaint,2,COVID19positive,positive
Reddit,liquid_medicine_taste,"Gotcha, I'm trying to see if it has anything to do with blood type like they say cause I'm A- and fulloffear! Lol",curtainsofbeef69,2,COVID19positive,positive
Reddit,liquid_medicine_taste,"Horrible take, but not a surprising one coming from the average redditor",spyzyroz,61,hoi4,negative
Reddit,liquid_medicine_taste,Yea I tried getting into mp a while back and I quickly realized that as a grown ass man I should not be there with those people lol,FrostyBeaver,116,hoi4,uncertain
Reddit,liquid_medicine_taste,"Hi there. I’ve been a dm for almost 10 years now and had plenty of horror stories throughout my experience. I’ve always been too nervous to post them out of concern the players from the respective stories might see them, but I finally decided to relive one of the most awful player stories I’ve had to date. Trigger warning for attempted SA in the game. (Long post, TL;DR at end.)\n\nThis story took place about 4 years ago. I remember Eberron Rising just recently came out, which is relevant because problem player’s class came from this sourcebook, in the form of Alchemist Artificer. I was running a paid campaign for a group of friends that took place in the forgotten realms. It was a homebrew story that I wrote after getting a general idea from the party on what theme they wanted it. \n\nI ended up making the campaign about the lich Vecna enlisting the help of the party to stop another powerful lich, Acererak, who was once a pupil of the former that now sought to overthrow him. The campaign starts with Vecna resurrecting a group of four renowned warriors from different ages and worlds. They arrive in Faerun in order to be his champions and slay Acererak before he can succeed. \n\nThe hook of the campaign is that the four warriors have been resurrected with psuedo-lichdom. They don’t appear undead and seem mortal by all means, but they still have phylacteries housing their souls which are all kept under lock and key in Vecna’s domain. He promises the party that if and when they stop Acererak, he will reward them by fully returning them to life and letting them have a second lease in Faerun to accomplish whatever goals they wish to afterwards. \n\nThe player/friends seemed very excited by the premise of the campaign and eagerly worked with me to create their characters. One was a changeling rogue with amnesia, the second was a “chosen one” Paladin that failed to fulfill their destiny, third we had a warlock that now drew his power directly from Vecna in this new pact the",Ashamed-Agency,130,rpghorrorstories,negative
Reddit,liquid_medicine_taste,"That guy was awful. I would have dealt with it as a player problem, though, not a character problem.",Curious-One4595,24,rpghorrorstories,negative
Reddit,liquid_medicine_taste,"First, gross! Who tf even thinks to do that, as a joke? Secondly, “forever sleep” really? Points for creativity, should’ve could’ve called it “Elixir of Ever Rest” or “The False Death” also, why use it as a roofie? It could have so many other uses! Got somebody you need to get rid of but can’t kill? Blam, nap time. Problematic player?(I would so love to see it turned against him) Blam, nap time. \nAlso, just what a terrible person to play with, ruining the experience for everyone.",terracottagecore,6,rpghorrorstories,negative
Reddit,liquid_medicine_taste,"“Hey, we’re going to need you to head out, buddy. Sorry, but we’re going to need the area.”       \n\nDave said this quickly and turned around to face me and his friends. He scowled angrily. I doubted he liked being seen with me at the time, but before he could turn around to say something else, he noticed the odd look on his friends face as Chris moved closer.      \n\n\n“Let’s just go to the other pier.”      \n\nThe skinhead in the tanktop growled to Dave.      \n\n“Shit…yeah”     \n\nThe other skinhead sounded disappointed. Dave looked at me with deep consideration.      \n     \n\n“The fuck is he doing, anyways?”      \n  \n\nDave turned around to see what the two were staring at, only to see Chris within about ten yards. What looked like a mask seemed to be melting into his skin. I could hear a faint ripping sound coming from him. At first I thought it was from his mask, but he doubled over, involuntarily, and it became clear that Chris’s entire body was making horrible cracking and gurgling noises.  Blood poured down his neck as the edges of the mask seemed to eat into his skin.  All at once a hundred small changes seemed to work together, starting and finishing in slightly more than the blink of an eye.            \n\n\nHis jet black skin was becoming mottled, like a plucked chicken, but stayed its dark hue. Tears in his skin were visible here and there as it stretched to cover what seemed like much longer arms, showing bones and viscera. The mouth of the mask seemed to invade his own, the beak suddenly moving, first crudely like an animatronic. His eyes were still visible, but the skin around them was stretched, and moving. His eyes were larger than they should have been, massive orbs that seemed to move slightly away from each other. His knees snapped and popped with a horrific sound, bending backwards. The flesh underneath his mask where his nose had been emitted a sickening wet crack. The beak began to move more gracefully. The three men were stunned; wi",IEscapedFromALab,212,nosleep,negative
Reddit,liquid_medicine_taste,I feel like that would taste better than what I actually tasted,calmeda1,611,whatisit,positive
Reddit,liquid_medicine_taste,"Swedish dad ate them growing up. Also ate lakerol, I would not identify it as candy, more of a I hate my taste buds so they must be punished sort of thing. Now lakritsbatar are the way to go, they are delicious.",Due_Mongoose9409,149,whatisit,mixed
Reddit,liquid_medicine_taste,"As a Swede I can tell you that here in Sweden, we have this fantastic tradition when it comes to candy. When everyone else in the world is like, “Hey, let’s have something sweet and delicious!” But us Swedes? Nah, we’re like, “You know what would make this cozy candy moment better? Pure, unfiltered suffering.” So we reach for the weirdest, saltiest, most aggressively salmiak-filled candy we can find, pop it in our mouths, and go, “Ah, yes. Delightful. Tastes like licking a road sign during a blizzard. Exactly what I needed.”",Cepheiofsweden,455,whatisit,positive
Reddit,liquid_medicine_taste,"Right? I actually bought something like that once in Sweden without realizing what it was. I honestly thought I’d been poisoned. Later, when I was sure I was fine, I gave it another try, thinking maybe it was just a bad first impression. Nope, they really are just that horrible.",Ok-Adhesiveness-7789,84,whatisit,mixed
Reddit,liquid_medicine_taste,You're not a true nordic if your candy doesn't taste like the salty arsehole of Neptune himself.,Valoneria,116,whatisit,negative
Reddit,liquid_medicine_taste,"I need to try Swedish candy. Sweet is fine, but \astringent\"" describes my favorite flavors. Salt and sour are king. Like I'd regularly snack on pure citric acid if it didn't fuck up my teeth and make my mouth bleed.""",DemadaTrim,16,whatisit,positive
Reddit,liquid_medicine_taste,"Tried these from my friends universal yums box, it's so much worse when you bite into it, it's filled with powdered salt. I popped it in, didn't like the initial taste so I bit down to EVERYONES horror, I guess I was the only one that didn't immediately spit it back out but when that salt hit like a fizzy candy I was OUT",Express_Film311,20,whatisit,negative
Reddit,liquid_medicine_taste,Are they hard candies or have softer centers? What did they taste like?,MaleficentRise7231,109,whatisit,mixed
Reddit,liquid_medicine_taste,They were hard. Tasted how trash smells like (best description I can give),calmeda1,92,whatisit,mixed
Reddit,liquid_medicine_taste,"This is the actually correct answer, though I am thoroughly enjoying the other guesses, and frankly, my step kids would agree that most of the other answers most correctly describe the taste. 😂 It’s basically a salty black licorice flavor.",Seelywabbit,50,whatisit,positive
Reddit,liquid_medicine_taste,"I'm an American who used to work for a Swedish company, and was often offered Swedish candies with that description. I love black licorice and salty foods. This is not a sufficient description of salmiakki! The chemical flavor of the salt is so overwhelming. I eat all sorts of \weird/gross\"" foods but that's where I draw the line. No salty monkeys for me 👎""",DiamondbackArmadillo,19,whatisit,negative
Reddit,liquid_medicine_taste,"BRYNILD\nThundersalt\nDundersalt tastes pretty much as it sounds, thanks to its high content of salmiakk and licorice. It has been loved by Norwegian palates for years, and returned to the market in 2015 after a short absence. The reunion was great, because this is a popular candy that many have strong feelings for.\n\n\nYeah, I think I'll pass.",[deleted],6,whatisit,positive
Reddit,liquid_medicine_taste,"Tyrkisk Peber?  They come up on amazon.  Looks very similar.  \n\nIngredients:  sugar, glucose syrup, ammonium chloride, liquorice extract, salt, flavourings, vegetable oil (rapeseed), colour (E153).\n\nReading the reviews, it's black licorice and has a peppery taste.",ConflictNo5518,23,whatisit,neutral
Reddit,liquid_medicine_taste,My brother popped one of those fuzzy Caterpillars in his mouth as a kid.,ChrisLS8,24,whatisit,neutral
Reddit,liquid_medicine_taste,Reminds me of my niece. \n\nDid you just eat that worm?\n\nNo!\n\n...did it taste good?\n\nYeah! \n\nFucking kids 🤢😂,pineapples-42,28,whatisit,mixed
Reddit,liquid_medicine_taste,"If it makes you feel any better, maybe they did what I do and twisted it apart and just ate the side the filling stuck to lol\n\n^(Oh wait no it was both sides, just without the filing wasn't it)\n\n^(Maybe they used their finger, or just peeled it off)\n\n^(Those are also both things I'd do before just straight up licking it off)\n\nWell if that didn't make you feel any better, I once ate a purple skittle off the floor because I assumed it was one of the purple ones out of the purple bag that I had in my hand, except then the realization sunk in that it was definitely 100% certainly one of the original flavor purple ones and not a berry one\n\nSo I just ate someone else's random skittle off the floor that had been chilling there for who knows how long",Traditional-Ad2409,10,whatisit,positive
Reddit,liquid_medicine_taste,"We always called rabbit poop smart pills when we were growing up.  Might not be smart to eat one, but you will be smarter after.",Rich_One8093,15,whatisit,positive
Reddit,liquid_medicine_taste,Last year grandpa almost swallowed a prepackaged hand towel that was compressed to the size of a butterscotch and in a similar wrapping,OneThousand-Bees,23,whatisit,neutral
Reddit,liquid_medicine_taste,"Buttons are shaped like that. Medicine is shaped like that. Honestly, they don't look unlike the flea pills we gave our dog when I was a kid.",[deleted],12,whatisit,positive
Reddit,liquid_medicine_taste,"As I wrote in a response to another comment; These are Dundersalt, from the Scandinavian candy brand Brynild. They have a tendency to stick together like this when exposed to humidity. [product website](https://www.brynild.no/brynild/produkter/dundersalt/113005)\n\nTo quote [seriouseats.com](https://www.seriouseats.com/a-guide-to-norwegian-and-some-swedish-candy) \Dunder Salt sort of tastes what it looks like: poisonous moldy-green pebbles. With extra salt.\"" I personally don't agree"," but I respect foreigners lack of appreciation for salty licorice and find the description pretty funny.\n\nFun fact: In the 90's there was one time a drawing competition where you could win your own weight of this candy in the weekly Donald Duck comic book. You had to draw your own version of the troll on the package. I didn't win.""",Posan,44,NyQuil taste horrible
Reddit,liquid_medicine_taste,"Similar to the liquorice candy from Ikea, they taste like several other people have eaten them first.",Born_Grumpie,120,whatisit,positive
Reddit,liquid_medicine_taste,"Hey all, I had such horrible anxiety the first few days and reading other people's symptoms on here kinda helped me calm down, so hoping I can pass that off to others whose symptoms will may be similar to mine. I kept a journal of how I was feeling each day.  \n\n\nI am 35/f, avg weight and in OK shape. I have moderate asthma which I maintain with a Ventolin inhaler 95% of the time, and a Flovent steroidal inhaler when it flares up really badly. I am double-vaccinated with Pfizer but no booster as they were not available where I live prior to my infection (though they are available now).\n\n  \n\nDay 1 (December 21): Woke up with sore throat, sinus congestion, but not too bad. Lymph nodes in neck swollen and sore. No fever. Rapid test result = positive, so isolation begins. Hard time sleeping. \n\nDay 2: Same symptoms but worse. Still no fever but definitely feel awful. Managed to get in for a PCR test. Insomnia bad - sweet lady Nyquil helped. \n\nDay 3: PCR test confirmed. Bit of a fever now. Sinus congestion terrible & painful but throat suddenly feels fine. Slight burning sensation in chest and slight shortness of breath (this is not out of the norm for me, chest colds usually bug my asthma). Sense of taste and smell completely gone, and it happened so fast, lunch tasted fine and by dinner it was gone. Used Ventolin inhaler before bed just in case. \n\nDay 4: Finally got a decent sleep. Still super congested. Energy levels back up a bit, did some housework. Pain in lymph nodes easing up. Dry cough starts and shortness of breath persists. Used Ventolin before bed again. \n\nDay 5: All symptoms improving but fever is worse now (so sweaty), and feeling very fatigued. Slept most of the day. Dry cough worsens but isn't too bad.\n\nDay 6: Same as yesterday but slightly less fatigued. Dry cough mostly gone. Breathing easier.\n\nDay 7: Feeling much better. Congestion finally clearing up. Cough is gone.\n\nDay 8: Even better than yesterday but still fatigued. Sense of tas",aqualung86,9,COVID19positive,negative
Reddit,liquid_medicine_taste,Thanks for this! When did your lymph nodes stop hurting? I’m on day 6 and swallowing is so painful from the awellingZ,jiftar,1,COVID19positive,mixed
Reddit,liquid_medicine_taste,I saw them announced often in TikTok shop at a very low price and with an small electric kettle included. That already gave me the feeling that the quality wouldn’t be good 🤣\nDoes it taste at least cheesy?,faris_minamino,33,InstantRamen,mixed
Reddit,liquid_medicine_taste,"I don’t know if they came defective or what, but they literally tasted like horrible burnt plastic",princes_little,15,InstantRamen,negative
Reddit,liquid_medicine_taste,Badluk authentic taste!,simagus,8,InstantRamen,neutral
Reddit,liquid_medicine_taste,I tried the Nissin geki ones and it was awful too in case I can save you from that disappointment.,xjellifysh,3,InstantRamen,negative
Reddit,liquid_medicine_taste,I've never seen this dupe EVER omg... ngl the other dupes really don't taste that bad like the Bulramen and paldo ones,Lotta-Bank-3035,2,InstantRamen,positive
Reddit,liquid_medicine_taste,"Even the Buldak one is gross IMO, too sweet.  Adding parm, meat and veg makes it barely tolerable.",Any-Effective2565,5,InstantRamen,uncertain
Reddit,liquid_medicine_taste,"Both the carbonara and the cheese flavour taste like vomit to me, it’s rancid",Disastrous_Alarm_719,2,InstantRamen,neutral
Reddit,liquid_medicine_taste,"Covid hit me very hard (high fever, pounding headache, horrible throat pain, lots of coughs, runny nose, chest pain, leg pain.) Symptoms started last Friday and ended Wednesday. Yesterday it gave me a break and I was fine. Today, my constant cough is back (along with a scratchy throat) and I also have to clear my throat every few seconds because of all the phlegm I have. I can even taste it (if that makes sense.) I have been taking cough medicine (Robitussin and Nyquil) twice DAILY since last last friday. What else can I do to make the cough stop and the phlegm go away?",pinkabyss45,1,COVID19positive,mixed
Reddit,liquid_medicine_taste,"Questions at the bottom!\n\n**Lab result came in:** Component- Culture: Yeast. Result: Rare Candida Albicans: Abnormal.\n\n**I am a 33 year old female, caucasian, 5'4, 115lbs.** \n\n**4 weeks of these symptoms** after following a dental appointment with new dentist (may or may not be relevant): extreme dry mouth, difficultly swallowing, sores on roof of mouth, tongue painful/cracked, yellow carpet tongue, some sores on tongue, swollen taste buds/lack of taste. (I will comment a photo of mouth, if I can figure it out. warning in advance, it is gross).\n\n**This started with** a night time cough, sore throat, and intense dry mouth. I had assumed that I was getting sick so I was using nyquil and mucinex, sometimes a 24 allergy pill but it wasn't helping AT all. \n\nSince starting nystatin mouth rinse and biotene after visiting primary and waiting on a yeast culture from my tongue, my mouth has improved. But what's followed is uncomfortable stinging eyes and nose. Dry eyes are being treated with lubricating eye drops although it hasn't been helpful. When I cry I'm not producing tears very well, if at all. Fatigue and headaches as well. I expected this was oral thrush but with my nose/eyes burning and other symptoms I wonder if the thrush was caused by something else.\n\n**Active diagnoses/problems:** ADHD, Idiopathic Hypersomnia, (adderall treating both conditions), Anxiety (xanax as needed), Cold Sores on mouth (haven't had one in a while), Numbness, Tingling, weakness in forearms and hands (comes and goes), tension headaches, mild astigmatism, Factor V Leiden heterozygous mutation\n\n  \n**Past diagnoses/challenges:** Horrible Interstitial Cystitis (sometimes have flares), Constipation, Heartburn, Recurrent yeast infections, blurred vision\n\n  \nWhen I get sick, I get SICK, and I struggle to get over it for several weeks (4-6 weeks typical) and almost always have to go into the doctor for help after 3 weeks of common cold. Even got hand foot and mouth disease this su", **do you suspect my symptoms (dry mouth, stinging nose, dry eyes) are just related to oral thrush  or do you suggest Sjogrens or other autoimmune diagnosis**? **Would you say rheumatology is the best route to go next or should I advocate for further testing or specialist referral via primary care**?\n\n  \n3) I have a scheduled appointment to remove my paragard IUD in 3 weeks upon return of my honeymoon to begin trying for a baby. **Should I be concerned at all trying for conception/ fetal health?**\n\n  \nThank you so much for reviewing. I have seen so many doctors through the years. I'm hoping for piece of mind with my honeymoon and family planning. And of course,1
Reddit,liquid_medicine_taste,holy shit your taste IS ass\n\nhttps://i.redd.it/k5sw5fcsoukg1.gif\n\n,Enough_Fig6972,10,GenAlpha,negative
Reddit,liquid_medicine_taste,America's most blunted-Madvillany,Bat-O,2,GenAlpha,neutral
Reddit,liquid_medicine_taste,Just had my first float ever (Dr Pepper my favorite soda) thinking it was going to be amazing like everyone says and I reacted like I’d just taken NyQuil medicine. Nasty,cambone_,0,unpopularopinion,mixed
Reddit,liquid_medicine_taste,Literally just Dr Pepper and vanilla ice cream. Nasty af,cambone_,1,unpopularopinion,negative
Reddit,liquid_medicine_taste,"Like actual Dr pepper or am off brand? Also off brand Ice cream? \n\nAgain, Root beer (A&W if you want to be ultra specific, though Amy brand works), Coke or orange soda (in that order) are the top 3 pop flavors to use, especially for first timers.",TidalLion,2,unpopularopinion,positive
Reddit,liquid_medicine_taste,"Never was quite a fan of Dr Pepper myself, but I agree on the off brands. \n\nIt's a shame because floats are friggin awesome. I can see some people not liking them but they wouldn't taste like NyQuil",TidalLion,1,unpopularopinion,mixed
Reddit,liquid_medicine_taste,You could try making one with a shot of root beer next time you have that drink.  And an equally small amount of ice cream.  Then you can taste it without wasting either if you don't like it.,Eve-3,1,unpopularopinion,negative
Reddit,liquid_medicine_taste,"Most floats taste like rusty butthole, but Fanta and sherbet is okay. Sherbet doesn't seem to have the same weird chemical reaction with soda as regular ice cream does.",Justice_Prince,0,unpopularopinion,uncertain
Reddit,liquid_medicine_taste,I sort of get this. I love root beer floats very much. The soda already has vanilla flavor in it so it works well with the ice cream.\n\nI thought dr pepper would be really good too since it has cherry in it as well as vanilla but no. It really wasn't.\n\nI also think it might have something to do with different sugars used in the items. The ice cream is super duper sweet which sometimes makes the soda taste bitter. Idk this is just speculation.,ewewhatisthat,1,unpopularopinion,positive
Reddit,liquid_medicine_taste,"Chocolate soda with vanilla ice cream is nice. You can make your own chocolate soda with seltzer, chocolate syrup and a little milk, but if you don't like ice cream sodas you probably won't be taking the time to do that.",[deleted],1,unpopularopinion,uncertain
