clip_id,filename,category,colorway,shot_description,camera_height,camera_angle,camera_distance,camera_movement,environment,lighting,product_orientation,product_action,human_action,duration,engine,keyframe,generation_prompt,motion_prompt,tiktok_pattern_reference,product_accuracy_score,product_consistency_score,photorealism_score,organic_score,iphone_realism_score,human_motion_score,product_motion_score,ad_usefulness_score,uniqueness_score,ai_artifact_score,final_QA_score,text_added,product_morphed,construction_changed,extra_hardware,missing_hardware,extra_handles,added_logo,gemini_verdict,gemini_reason,human_review,usable_window,notes
COL-001,01_Product_Angles/COL-001-caramel-the-bag-stands-on-the-edge-of-a-bed-on-a.mp4,01_Product_Angles,caramel,"The bag stands on the edge of a bed on a rumpled white duvet, seen straight on from waist height, filling most of the frame width. A bedside lamp and a stack of books blur behind it. Soft grey window light from the left, slightly underexposed, framing a touch crooked.",waist,front,full product,handheld,bedroom,window light,front,resting,none,8.0,kenburns,keyframes/COL-001/v1.png,"Use the attached product photos ONLY as the reference for the bag's shape, proportions, materials, colours, stitching and hardware. Do NOT copy their lighting, plain background, clean edges or catalogue look; those are studio images and the picture you produce must not resemble one. Create the following real photograph instead.

The bag stands on the edge of a bed on a rumpled white duvet, seen straight on from waist height, filling most of the frame width. A bedside lamp and a stack of books blur behind it. Soft grey window light from the left, slightly underexposed, framing a touch crooked.

PRODUCT TRUTH, follow exactly. The bag is an oatmeal greige brushed wool felt east west tote, about twice as wide as it is tall, softly structured and standing on its own, with a flat base. It measures about 50 centimetres wide, 26 centimetres tall and 18 centimetres deep, a wide low landscape shape, never boxy or square. The felt is smooth brushed felt with fine visible fibres, NOT knitted, no knit ribs, no yarn loops. Two wide vertical felt straps run down the front face from the top rim to the base. A slim warm cognac tan leather belt about half an inch wide crosses the front horizontally, passing through a felt loop on each vertical strap, and each of its two ends extends past the straps and curves outward and downward, hanging free, finished with a small round aged gold metal disc cap. The back face is identical. Two rolled top handles, one on the front and one on the back, wrapped in warm cognac tan leather on the grip with felt below, with a short handle drop so the bag hangs from the hand or forearm, never the shoulder. The top is open with no flap and no zipper. The side gussets are clean felt with a single vertical centre seam and nothing attached to them. The only metal on the bag is aged gold. There are no logos, no embossing, no lettering and no tags anywhere on the bag.

CRITICAL RENDERING INSTRUCTION. This is a single frame from a real video casually shot on an iPhone 15 Pro by an ordinary person, handheld, with no lighting equipment, no tripod and no styling. It is NOT a 3D render, NOT CGI, NOT a product visualisation, NOT a catalogue or commercial photograph, NOT retouched, NOT studio lit. Photographic evidence that must be present: visible sensor noise through the shadows, highlights slightly blown where the light source hits, mild chromatic aberration on contrast edges, phone sharpening, focus slightly imperfect, a trace of handheld motion blur, and framing that is a little crooked and off centre the way a real snapshot is. One dominant available light source with mixed colour temperature and uneven exposure. The wool felt shows individual brushed fibres and small lint, the leather trim is softly creased where it has been handled, ordinary dust and fingerprints exist. The setting is a real lived in place with ordinary clutter, not a set. Any human skin shows real texture and pores, never retouched, and no face is visible. Any laptop or phone in the scene is plain matte dark grey with no logo. No on screen text, no captions, no lettering, no signage, no graphics, no watermarks and no other branded products anywhere. Vertical 9:16 portrait framing.","Handheld phone footage with a gentle natural sway and tiny hand shake, slight focus breathing. The scene holds, small natural movements only.","front-on full product at waist height in a bedroom, the single most common product framing (48% of shots front, bedroom 28% of environments)",7,7,7,6,6,7,7,6,5,7,6.5,False,False,False,False,False,False,False,PASS,"Bag geometry, felt texture, and hardware details accurately match the reference.",PASS,0-8,kenburns fallback after Omni belt drift
COL-002,01_Product_Angles/COL-002-caramel-the-back-face-of-the-bag-as-it-sits-on-t.mp4,01_Product_Angles,caramel,"The back face of the bag as it sits on top of a wooden dresser, filmed from chest height, a little off centre. A jewellery dish and a half-open drawer are in frame, a lamp glows warm to the right. Evening indoor light, some grain.",chest,behind subject,full product,handheld,bedroom,warm indoor,back,resting,none,8.0,omni-flash-preview,keyframes/COL-002/v2.png,"Use the attached product photos ONLY as the reference for the bag's shape, proportions, materials, colours, stitching and hardware. Do NOT copy their lighting, plain background, clean edges or catalogue look; those are studio images and the picture you produce must not resemble one. Create the following real photograph instead.

The back face of the bag as it sits on top of a wooden dresser, filmed from chest height, a little off centre. A jewellery dish and a half-open drawer are in frame, a lamp glows warm to the right. Evening indoor light, some grain.

PRODUCT TRUTH, follow exactly. The bag is an oatmeal greige brushed wool felt east west tote, about twice as wide as it is tall, softly structured and standing on its own, with a flat base. It measures about 50 centimetres wide, 26 centimetres tall and 18 centimetres deep, a wide low landscape shape, never boxy or square. The felt is smooth brushed felt with fine visible fibres, NOT knitted, no knit ribs, no yarn loops. Two wide vertical felt straps run down the front face from the top rim to the base. A slim warm cognac tan leather belt about half an inch wide crosses the front horizontally, passing through a felt loop on each vertical strap, and each of its two ends extends past the straps and curves outward and downward, hanging free, finished with a small round aged gold metal disc cap. The back face is identical. Two rolled top handles, one on the front and one on the back, wrapped in warm cognac tan leather on the grip with felt below, with a short handle drop so the bag hangs from the hand or forearm, never the shoulder. The top is open with no flap and no zipper. The side gussets are clean felt with a single vertical centre seam and nothing attached to them. The only metal on the bag is aged gold. There are no logos, no embossing, no lettering and no tags anywhere on the bag.

CRITICAL RENDERING INSTRUCTION. This is a single frame from a real video casually shot on an iPhone 15 Pro by an ordinary person, handheld, with no lighting equipment, no tripod and no styling. It is NOT a 3D render, NOT CGI, NOT a product visualisation, NOT a catalogue or commercial photograph, NOT retouched, NOT studio lit. Photographic evidence that must be present: visible sensor noise through the shadows, highlights slightly blown where the light source hits, mild chromatic aberration on contrast edges, phone sharpening, focus slightly imperfect, a trace of handheld motion blur, and framing that is a little crooked and off centre the way a real snapshot is. One dominant available light source with mixed colour temperature and uneven exposure. The wool felt shows individual brushed fibres and small lint, the leather trim is softly creased where it has been handled, ordinary dust and fingerprints exist. The setting is a real lived in place with ordinary clutter, not a set. Any human skin shows real texture and pores, never retouched, and no face is visible. Any laptop or phone in the scene is plain matte dark grey with no logo. No on screen text, no captions, no lettering, no signage, no graphics, no watermarks and no other branded products anywhere. Vertical 9:16 portrait framing.","Handheld phone footage with a gentle natural sway and tiny hand shake, slight focus breathing. The scene holds, small natural movements only.","back orientation appears in only 2% of organic shots, added so an editor has the rear face",7,7,7,7,7,7,7,7,6,7,6.9,False,False,False,False,False,False,False,PASS,"Bag structure, materials, and hardware accurately match ground truth references across the clip.",PASS,0-8,
COL-003,01_Product_Angles/COL-003-espresso-a-true-side-profile-of-the-bag-standing-.mp4,01_Product_Angles,espresso,"A true side profile of the bag standing on a wooden entry bench in a hallway, the clean felt gusset toward camera, belt ends and their gold disc caps visible curving on the faces beyond. A coat hangs on a hook above, keys beside the bag. Daylight from a door glass, slightly cool.",waist,side profile,full product,handheld,hallway,window light,right side,resting,none,8.0,kenburns,keyframes/COL-003/v1.png,"Use the attached product photos ONLY as the reference for the bag's shape, proportions, materials, colours, stitching and hardware. Do NOT copy their lighting, plain background, clean edges or catalogue look; those are studio images and the picture you produce must not resemble one. Create the following real photograph instead.

A true side profile of the bag standing on a wooden entry bench in a hallway, the clean felt gusset toward camera, belt ends and their gold disc caps visible curving on the faces beyond. A coat hangs on a hook above, keys beside the bag. Daylight from a door glass, slightly cool.

PRODUCT TRUTH, follow exactly. The bag is an oatmeal greige brushed wool felt east west tote, about twice as wide as it is tall, softly structured and standing on its own, with a flat base. It measures about 50 centimetres wide, 26 centimetres tall and 18 centimetres deep, a wide low landscape shape, never boxy or square. The felt is smooth brushed felt with fine visible fibres, NOT knitted, no knit ribs, no yarn loops. Two wide vertical felt straps run down the front face from the top rim to the base. A slim dark espresso brown leather belt about half an inch wide crosses the front horizontally, passing through a felt loop on each vertical strap, and each of its two ends extends past the straps and curves outward and downward, hanging free, finished with a small round aged gold metal disc cap. The back face is identical. Two rolled top handles, one on the front and one on the back, wrapped in dark espresso brown leather on the grip with felt below, with a short handle drop so the bag hangs from the hand or forearm, never the shoulder. The top is open with no flap and no zipper. The side gussets are clean felt with a single vertical centre seam and nothing attached to them. The only metal on the bag is aged gold. There are no logos, no embossing, no lettering and no tags anywhere on the bag.

CRITICAL RENDERING INSTRUCTION. This is a single frame from a real video casually shot on an iPhone 15 Pro by an ordinary person, handheld, with no lighting equipment, no tripod and no styling. It is NOT a 3D render, NOT CGI, NOT a product visualisation, NOT a catalogue or commercial photograph, NOT retouched, NOT studio lit. Photographic evidence that must be present: visible sensor noise through the shadows, highlights slightly blown where the light source hits, mild chromatic aberration on contrast edges, phone sharpening, focus slightly imperfect, a trace of handheld motion blur, and framing that is a little crooked and off centre the way a real snapshot is. One dominant available light source with mixed colour temperature and uneven exposure. The wool felt shows individual brushed fibres and small lint, the leather trim is softly creased where it has been handled, ordinary dust and fingerprints exist. The setting is a real lived in place with ordinary clutter, not a set. Any human skin shows real texture and pores, never retouched, and no face is visible. Any laptop or phone in the scene is plain matte dark grey with no logo. No on screen text, no captions, no lettering, no signage, no graphics, no watermarks and no other branded products anywhere. Vertical 9:16 portrait framing.",Slow handheld drift sideways across the scene with slight wobble and one small refocus.,side profile is rare (under 1%) but needed for construction; entry-bench set-down moment,7,7,7,7,7,7,7,6,5,7,6.7,False,False,False,False,False,False,False,PASS,"Accurate side-profile construction, materials, and hardware matching ground truth references.",PASS,0-8,kenburns fallback after Omni invented front hardware on reveal
COL-004,01_Product_Angles/COL-004-caramel-three-quarter-view-of-the-bag-sitting-on.mp4,01_Product_Angles,caramel,"Three-quarter view of the bag sitting on the seat of a linen armchair, handles standing up, a throw blanket half over the armrest. Afternoon window light raking across the felt, showing the brushed fibres. Casual framing with the chair cut off at the left.",chest,three-quarter,full product,handheld,living room,window light,three-quarter,resting,none,6.0,omni-flash-preview,keyframes/COL-004/v1.png,"Use the attached product photos ONLY as the reference for the bag's shape, proportions, materials, colours, stitching and hardware. Do NOT copy their lighting, plain background, clean edges or catalogue look; those are studio images and the picture you produce must not resemble one. Create the following real photograph instead.

Three-quarter view of the bag sitting on the seat of a linen armchair, handles standing up, a throw blanket half over the armrest. Afternoon window light raking across the felt, showing the brushed fibres. Casual framing with the chair cut off at the left.

PRODUCT TRUTH, follow exactly. The bag is an oatmeal greige brushed wool felt east west tote, about twice as wide as it is tall, softly structured and standing on its own, with a flat base. It measures about 50 centimetres wide, 26 centimetres tall and 18 centimetres deep, a wide low landscape shape, never boxy or square. The felt is smooth brushed felt with fine visible fibres, NOT knitted, no knit ribs, no yarn loops. Two wide vertical felt straps run down the front face from the top rim to the base. A slim warm cognac tan leather belt about half an inch wide crosses the front horizontally, passing through a felt loop on each vertical strap, and each of its two ends extends past the straps and curves outward and downward, hanging free, finished with a small round aged gold metal disc cap. The back face is identical. Two rolled top handles, one on the front and one on the back, wrapped in warm cognac tan leather on the grip with felt below, with a short handle drop so the bag hangs from the hand or forearm, never the shoulder. The top is open with no flap and no zipper. The side gussets are clean felt with a single vertical centre seam and nothing attached to them. The only metal on the bag is aged gold. There are no logos, no embossing, no lettering and no tags anywhere on the bag.

CRITICAL RENDERING INSTRUCTION. This is a single frame from a real video casually shot on an iPhone 15 Pro by an ordinary person, handheld, with no lighting equipment, no tripod and no styling. It is NOT a 3D render, NOT CGI, NOT a product visualisation, NOT a catalogue or commercial photograph, NOT retouched, NOT studio lit. Photographic evidence that must be present: visible sensor noise through the shadows, highlights slightly blown where the light source hits, mild chromatic aberration on contrast edges, phone sharpening, focus slightly imperfect, a trace of handheld motion blur, and framing that is a little crooked and off centre the way a real snapshot is. One dominant available light source with mixed colour temperature and uneven exposure. The wool felt shows individual brushed fibres and small lint, the leather trim is softly creased where it has been handled, ordinary dust and fingerprints exist. The setting is a real lived in place with ordinary clutter, not a set. Any human skin shows real texture and pores, never retouched, and no face is visible. Any laptop or phone in the scene is plain matte dark grey with no logo. No on screen text, no captions, no lettering, no signage, no graphics, no watermarks and no other branded products anywhere. Vertical 9:16 portrait framing.","Slow handheld push in toward the bag with natural hand shake, as if the person filming steps a little closer, slight focus breathing.","three-quarter product view (9% of shots), bag resting on a chair seat",7,7,7,7,7,7,7,7,6,7,6.9,False,False,False,False,False,False,False,PASS,Accurate structure and materials with consistent motion.,PASS,0-6,
COL-005,01_Product_Angles/COL-005-caramel-looking-straight-down-at-the-bag-lying-o.mp4,01_Product_Angles,caramel,"Looking straight down at the bag lying on its back on a wrinkled cream duvet, the front face up, handles fallen to the sides, the belt with its curved ends and gold discs fully visible. A phone and a hair claw clip lie beside it. Flat overcast window light.",top-down,top-down,full product,static,bedroom,window light,top,resting,none,8.0,omni-flash-preview,keyframes/COL-005/v1.png,"Use the attached product photos ONLY as the reference for the bag's shape, proportions, materials, colours, stitching and hardware. Do NOT copy their lighting, plain background, clean edges or catalogue look; those are studio images and the picture you produce must not resemble one. Create the following real photograph instead.

Looking straight down at the bag lying on its back on a wrinkled cream duvet, the front face up, handles fallen to the sides, the belt with its curved ends and gold discs fully visible. A phone and a hair claw clip lie beside it. Flat overcast window light.

PRODUCT TRUTH, follow exactly. The bag is an oatmeal greige brushed wool felt east west tote, about twice as wide as it is tall, softly structured and standing on its own, with a flat base. It measures about 50 centimetres wide, 26 centimetres tall and 18 centimetres deep, a wide low landscape shape, never boxy or square. The felt is smooth brushed felt with fine visible fibres, NOT knitted, no knit ribs, no yarn loops. Two wide vertical felt straps run down the front face from the top rim to the base. A slim warm cognac tan leather belt about half an inch wide crosses the front horizontally, passing through a felt loop on each vertical strap, and each of its two ends extends past the straps and curves outward and downward, hanging free, finished with a small round aged gold metal disc cap. The back face is identical. Two rolled top handles, one on the front and one on the back, wrapped in warm cognac tan leather on the grip with felt below, with a short handle drop so the bag hangs from the hand or forearm, never the shoulder. The top is open with no flap and no zipper. The side gussets are clean felt with a single vertical centre seam and nothing attached to them. The only metal on the bag is aged gold. There are no logos, no embossing, no lettering and no tags anywhere on the bag.

CRITICAL RENDERING INSTRUCTION. This is a single frame from a real video casually shot on an iPhone 15 Pro by an ordinary person, handheld, with no lighting equipment, no tripod and no styling. It is NOT a 3D render, NOT CGI, NOT a product visualisation, NOT a catalogue or commercial photograph, NOT retouched, NOT studio lit. Photographic evidence that must be present: visible sensor noise through the shadows, highlights slightly blown where the light source hits, mild chromatic aberration on contrast edges, phone sharpening, focus slightly imperfect, a trace of handheld motion blur, and framing that is a little crooked and off centre the way a real snapshot is. One dominant available light source with mixed colour temperature and uneven exposure. The wool felt shows individual brushed fibres and small lint, the leather trim is softly creased where it has been handled, ordinary dust and fingerprints exist. The setting is a real lived in place with ordinary clutter, not a set. Any human skin shows real texture and pores, never retouched, and no face is visible. Any laptop or phone in the scene is plain matte dark grey with no logo. No on screen text, no captions, no lettering, no signage, no graphics, no watermarks and no other branded products anywhere. Vertical 9:16 portrait framing.","Very slight handheld hover from directly above with a tiny drift and a soft refocus, nothing in the scene moves.",top-down framing is 15% of organic bag shots,7,7,7,7,7,7,7,6,5,7,6.7,False,False,False,False,False,False,False,PASS,"Bag maintains correct structure, materials, and hardware with stable motion.",PASS,0-8,
COL-006,01_Product_Angles/COL-006-espresso-a-low-angle-from-near-floor-level-lookin.mp4,01_Product_Angles,espresso,"A low angle from near floor level looking slightly up at the bag standing on the carpeted floor of a walk-in closet at home, rows of shoes and hanging coats behind it. Warm ceiling light, a little dim, heavy grain.",floor,low angle,full product,handheld,closet,warm indoor,front,resting,none,6.0,omni-flash-preview,keyframes/COL-006/v2.png,"Use the attached product photos ONLY as the reference for the bag's shape, proportions, materials, colours, stitching and hardware. Do NOT copy their lighting, plain background, clean edges or catalogue look; those are studio images and the picture you produce must not resemble one. Create the following real photograph instead.

A low angle from near floor level looking slightly up at the bag standing on the carpeted floor of a walk-in closet at home, rows of shoes and hanging coats behind it. Warm ceiling light, a little dim, heavy grain.

PRODUCT TRUTH, follow exactly. The bag is an oatmeal greige brushed wool felt east west tote, about twice as wide as it is tall, softly structured and standing on its own, with a flat base. It measures about 50 centimetres wide, 26 centimetres tall and 18 centimetres deep, a wide low landscape shape, never boxy or square. The felt is smooth brushed felt with fine visible fibres, NOT knitted, no knit ribs, no yarn loops. Two wide vertical felt straps run down the front face from the top rim to the base. A slim dark espresso brown leather belt about half an inch wide crosses the front horizontally, passing through a felt loop on each vertical strap, and each of its two ends extends past the straps and curves outward and downward, hanging free, finished with a small round aged gold metal disc cap. The back face is identical. Two rolled top handles, one on the front and one on the back, wrapped in dark espresso brown leather on the grip with felt below, with a short handle drop so the bag hangs from the hand or forearm, never the shoulder. The top is open with no flap and no zipper. The side gussets are clean felt with a single vertical centre seam and nothing attached to them. The only metal on the bag is aged gold. There are no logos, no embossing, no lettering and no tags anywhere on the bag.

CRITICAL RENDERING INSTRUCTION. This is a single frame from a real video casually shot on an iPhone 15 Pro by an ordinary person, handheld, with no lighting equipment, no tripod and no styling. It is NOT a 3D render, NOT CGI, NOT a product visualisation, NOT a catalogue or commercial photograph, NOT retouched, NOT studio lit. Photographic evidence that must be present: visible sensor noise through the shadows, highlights slightly blown where the light source hits, mild chromatic aberration on contrast edges, phone sharpening, focus slightly imperfect, a trace of handheld motion blur, and framing that is a little crooked and off centre the way a real snapshot is. One dominant available light source with mixed colour temperature and uneven exposure. The wool felt shows individual brushed fibres and small lint, the leather trim is softly creased where it has been handled, ordinary dust and fingerprints exist. The setting is a real lived in place with ordinary clutter, not a set. Any human skin shows real texture and pores, never retouched, and no face is visible. Any laptop or phone in the scene is plain matte dark grey with no logo. No on screen text, no captions, no lettering, no signage, no graphics, no watermarks and no other branded products anywhere. Vertical 9:16 portrait framing.","Slow handheld push in toward the bag with natural hand shake, as if the person filming steps a little closer, slight focus breathing.","low angle is under 1% of organic shots, a deliberate uncommon test; closet backdrop (3%)",7,7,7,7,7,7,7,7,6,7,6.9,False,False,False,False,False,False,False,PASS,"Accurate construction, materials, and hardware matching ground truth throughout camera push-in.",PASS,0-6,
COL-007,01_Product_Angles/COL-007-caramel-a-slight-overhead-angle-looking-down-at-.mp4,01_Product_Angles,caramel,"A slight overhead angle looking down at the bag standing on a marble kitchen counter beside a coffee machine, a mug and a bowl of lemons. Morning window light, a bright hot spot on the counter, the frame tilted a couple of degrees.",high angle,high angle,full product,handheld,kitchen,window light,three-quarter,resting,none,8.0,omni-flash-preview,keyframes/COL-007/v1.png,"Use the attached product photos ONLY as the reference for the bag's shape, proportions, materials, colours, stitching and hardware. Do NOT copy their lighting, plain background, clean edges or catalogue look; those are studio images and the picture you produce must not resemble one. Create the following real photograph instead.

A slight overhead angle looking down at the bag standing on a marble kitchen counter beside a coffee machine, a mug and a bowl of lemons. Morning window light, a bright hot spot on the counter, the frame tilted a couple of degrees.

PRODUCT TRUTH, follow exactly. The bag is an oatmeal greige brushed wool felt east west tote, about twice as wide as it is tall, softly structured and standing on its own, with a flat base. It measures about 50 centimetres wide, 26 centimetres tall and 18 centimetres deep, a wide low landscape shape, never boxy or square. The felt is smooth brushed felt with fine visible fibres, NOT knitted, no knit ribs, no yarn loops. Two wide vertical felt straps run down the front face from the top rim to the base. A slim warm cognac tan leather belt about half an inch wide crosses the front horizontally, passing through a felt loop on each vertical strap, and each of its two ends extends past the straps and curves outward and downward, hanging free, finished with a small round aged gold metal disc cap. The back face is identical. Two rolled top handles, one on the front and one on the back, wrapped in warm cognac tan leather on the grip with felt below, with a short handle drop so the bag hangs from the hand or forearm, never the shoulder. The top is open with no flap and no zipper. The side gussets are clean felt with a single vertical centre seam and nothing attached to them. The only metal on the bag is aged gold. There are no logos, no embossing, no lettering and no tags anywhere on the bag.

CRITICAL RENDERING INSTRUCTION. This is a single frame from a real video casually shot on an iPhone 15 Pro by an ordinary person, handheld, with no lighting equipment, no tripod and no styling. It is NOT a 3D render, NOT CGI, NOT a product visualisation, NOT a catalogue or commercial photograph, NOT retouched, NOT studio lit. Photographic evidence that must be present: visible sensor noise through the shadows, highlights slightly blown where the light source hits, mild chromatic aberration on contrast edges, phone sharpening, focus slightly imperfect, a trace of handheld motion blur, and framing that is a little crooked and off centre the way a real snapshot is. One dominant available light source with mixed colour temperature and uneven exposure. The wool felt shows individual brushed fibres and small lint, the leather trim is softly creased where it has been handled, ordinary dust and fingerprints exist. The setting is a real lived in place with ordinary clutter, not a set. Any human skin shows real texture and pores, never retouched, and no face is visible. Any laptop or phone in the scene is plain matte dark grey with no logo. No on screen text, no captions, no lettering, no signage, no graphics, no watermarks and no other branded products anywhere. Vertical 9:16 portrait framing.","Handheld phone footage with a gentle natural sway and tiny hand shake, slight focus breathing. The scene holds, small natural movements only.","high angle counter shot; kitchen is 4% of environments, morning routine moment",7,7,7,7,7,7,7,6,5,7,6.7,False,False,False,False,False,False,False,PASS,"Bag construction, hardware, and materials accurately align with the reference images throughout the clip.",PASS,0-8,
COL-008,01_Product_Angles/COL-008-espresso-the-bag-standing-on-a-console-table-by-t.mp4,01_Product_Angles,espresso,"The bag standing on a console table by the front door, a bowl of keys and a stack of mail beside it, a mirror on the wall above reflecting a blurred hallway. Daylight from a window to the side, natural shadows, slightly soft focus.",chest,front,full product,handheld,apartment other,window light,front,resting,none,8.0,omni-flash-preview,keyframes/COL-008/v2.png,"Use the attached product photos ONLY as the reference for the bag's shape, proportions, materials, colours, stitching and hardware. Do NOT copy their lighting, plain background, clean edges or catalogue look; those are studio images and the picture you produce must not resemble one. Create the following real photograph instead.

The bag standing on a console table by the front door, a bowl of keys and a stack of mail beside it, a mirror on the wall above reflecting a blurred hallway. Daylight from a window to the side, natural shadows, slightly soft focus.

PRODUCT TRUTH, follow exactly. The bag is an oatmeal greige brushed wool felt east west tote, about twice as wide as it is tall, softly structured and standing on its own, with a flat base. It measures about 50 centimetres wide, 26 centimetres tall and 18 centimetres deep, a wide low landscape shape, never boxy or square. The felt is smooth brushed felt with fine visible fibres, NOT knitted, no knit ribs, no yarn loops. Two wide vertical felt straps run down the front face from the top rim to the base. A slim dark espresso brown leather belt about half an inch wide crosses the front horizontally, passing through a felt loop on each vertical strap, and each of its two ends extends past the straps and curves outward and downward, hanging free, finished with a small round aged gold metal disc cap. The back face is identical. Two rolled top handles, one on the front and one on the back, wrapped in dark espresso brown leather on the grip with felt below, with a short handle drop so the bag hangs from the hand or forearm, never the shoulder. The top is open with no flap and no zipper. The side gussets are clean felt with a single vertical centre seam and nothing attached to them. The only metal on the bag is aged gold. There are no logos, no embossing, no lettering and no tags anywhere on the bag.

CRITICAL RENDERING INSTRUCTION. This is a single frame from a real video casually shot on an iPhone 15 Pro by an ordinary person, handheld, with no lighting equipment, no tripod and no styling. It is NOT a 3D render, NOT CGI, NOT a product visualisation, NOT a catalogue or commercial photograph, NOT retouched, NOT studio lit. Photographic evidence that must be present: visible sensor noise through the shadows, highlights slightly blown where the light source hits, mild chromatic aberration on contrast edges, phone sharpening, focus slightly imperfect, a trace of handheld motion blur, and framing that is a little crooked and off centre the way a real snapshot is. One dominant available light source with mixed colour temperature and uneven exposure. The wool felt shows individual brushed fibres and small lint, the leather trim is softly creased where it has been handled, ordinary dust and fingerprints exist. The setting is a real lived in place with ordinary clutter, not a set. Any human skin shows real texture and pores, never retouched, and no face is visible. Any laptop or phone in the scene is plain matte dark grey with no logo. No on screen text, no captions, no lettering, no signage, no graphics, no watermarks and no other branded products anywhere. Vertical 9:16 portrait framing.",Slow handheld drift sideways across the scene with slight wobble and one small refocus.,"entryway set-down, the 'grab it on the way out' moment",7,7,7,7,7,7,7,7,6,7,6.9,False,False,False,False,False,False,False,PASS,Accurate structural features and stable presentation matching references.,PASS,0-8,
COL-009,02_Details/COL-009-caramel-extreme-close-up-of-one-rolled-top-handl.mp4,02_Details,caramel,"Extreme close-up of one rolled top handle, the smooth cognac leather wrap on the grip meeting the felt below, a woman's fingers with a thin gold ring resting on it. Shallow phone focus, window light from the side, the felt fibres and leather creases sharp.",chest,front,macro,static,bedroom,window light,top,resting,touching,8.0,kenburns,keyframes/COL-009/v2.png,"Use the attached product photos ONLY as the reference for the bag's shape, proportions, materials, colours, stitching and hardware. Do NOT copy their lighting, plain background, clean edges or catalogue look; those are studio images and the picture you produce must not resemble one. Create the following real photograph instead.

Extreme close-up of one rolled top handle, the smooth cognac leather wrap on the grip meeting the felt below, a woman's fingers with a thin gold ring resting on it. Shallow phone focus, window light from the side, the felt fibres and leather creases sharp. The woman in the scene is a woman in her early 30s with long dark brown hair, natural short nails and a thin gold ring.

PRODUCT TRUTH, follow exactly. The bag is an oatmeal greige brushed wool felt east west tote, about twice as wide as it is tall, softly structured and standing on its own, with a flat base. It measures about 50 centimetres wide, 26 centimetres tall and 18 centimetres deep, a wide low landscape shape, never boxy or square. The felt is smooth brushed felt with fine visible fibres, NOT knitted, no knit ribs, no yarn loops. Two wide vertical felt straps run down the front face from the top rim to the base. A slim warm cognac tan leather belt about half an inch wide crosses the front horizontally, passing through a felt loop on each vertical strap, and each of its two ends extends past the straps and curves outward and downward, hanging free, finished with a small round aged gold metal disc cap. The back face is identical. Two rolled top handles, one on the front and one on the back, wrapped in warm cognac tan leather on the grip with felt below, with a short handle drop so the bag hangs from the hand or forearm, never the shoulder. The top is open with no flap and no zipper. The side gussets are clean felt with a single vertical centre seam and nothing attached to them. The only metal on the bag is aged gold. There are no logos, no embossing, no lettering and no tags anywhere on the bag.

CRITICAL RENDERING INSTRUCTION. This is a single frame from a real video casually shot on an iPhone 15 Pro by an ordinary person, handheld, with no lighting equipment, no tripod and no styling. It is NOT a 3D render, NOT CGI, NOT a product visualisation, NOT a catalogue or commercial photograph, NOT retouched, NOT studio lit. Photographic evidence that must be present: visible sensor noise through the shadows, highlights slightly blown where the light source hits, mild chromatic aberration on contrast edges, phone sharpening, focus slightly imperfect, a trace of handheld motion blur, and framing that is a little crooked and off centre the way a real snapshot is. One dominant available light source with mixed colour temperature and uneven exposure. The wool felt shows individual brushed fibres and small lint, the leather trim is softly creased where it has been handled, ordinary dust and fingerprints exist. The setting is a real lived in place with ordinary clutter, not a set. Any human skin shows real texture and pores, never retouched, and no face is visible. Any laptop or phone in the scene is plain matte dark grey with no logo. No on screen text, no captions, no lettering, no signage, no graphics, no watermarks and no other branded products anywhere. Vertical 9:16 portrait framing.",,macro detail shots are 3% of organic shots but carry the texture story; fingers entering frame with rings is the convention,7,7,7,7,7,6,6,6,5,7,6.5,False,False,False,False,False,False,False,PASS,Accurate close-up detail with consistent materials and natural hand placement.,PASS,0-8,kenburns by law: hardware/texture macro never goes to i2v
COL-010,02_Details/COL-010-caramel-extreme-close-up-of-one-belt-end-curving.mp4,02_Details,caramel,"Extreme close-up of one belt end curving away from the felt face and its small round aged gold disc cap, the leather softly creased, fine felt fibres around it. Raking afternoon window light, phone macro softness, the rest of the bag falls out of focus.",waist,front,macro,static,living room,window light,front,resting,none,8.0,kenburns,keyframes/COL-010/v1.png,"Use the attached product photos ONLY as the reference for the bag's shape, proportions, materials, colours, stitching and hardware. Do NOT copy their lighting, plain background, clean edges or catalogue look; those are studio images and the picture you produce must not resemble one. Create the following real photograph instead.

Extreme close-up of one belt end curving away from the felt face and its small round aged gold disc cap, the leather softly creased, fine felt fibres around it. Raking afternoon window light, phone macro softness, the rest of the bag falls out of focus.

PRODUCT TRUTH, follow exactly. The bag is an oatmeal greige brushed wool felt east west tote, about twice as wide as it is tall, softly structured and standing on its own, with a flat base. It measures about 50 centimetres wide, 26 centimetres tall and 18 centimetres deep, a wide low landscape shape, never boxy or square. The felt is smooth brushed felt with fine visible fibres, NOT knitted, no knit ribs, no yarn loops. Two wide vertical felt straps run down the front face from the top rim to the base. A slim warm cognac tan leather belt about half an inch wide crosses the front horizontally, passing through a felt loop on each vertical strap, and each of its two ends extends past the straps and curves outward and downward, hanging free, finished with a small round aged gold metal disc cap. The back face is identical. Two rolled top handles, one on the front and one on the back, wrapped in warm cognac tan leather on the grip with felt below, with a short handle drop so the bag hangs from the hand or forearm, never the shoulder. The top is open with no flap and no zipper. The side gussets are clean felt with a single vertical centre seam and nothing attached to them. The only metal on the bag is aged gold. There are no logos, no embossing, no lettering and no tags anywhere on the bag.

CRITICAL RENDERING INSTRUCTION. This is a single frame from a real video casually shot on an iPhone 15 Pro by an ordinary person, handheld, with no lighting equipment, no tripod and no styling. It is NOT a 3D render, NOT CGI, NOT a product visualisation, NOT a catalogue or commercial photograph, NOT retouched, NOT studio lit. Photographic evidence that must be present: visible sensor noise through the shadows, highlights slightly blown where the light source hits, mild chromatic aberration on contrast edges, phone sharpening, focus slightly imperfect, a trace of handheld motion blur, and framing that is a little crooked and off centre the way a real snapshot is. One dominant available light source with mixed colour temperature and uneven exposure. The wool felt shows individual brushed fibres and small lint, the leather trim is softly creased where it has been handled, ordinary dust and fingerprints exist. The setting is a real lived in place with ordinary clutter, not a set. Any human skin shows real texture and pores, never retouched, and no face is visible. Any laptop or phone in the scene is plain matte dark grey with no logo. No on screen text, no captions, no lettering, no signage, no graphics, no watermarks and no other branded products anywhere. Vertical 9:16 portrait framing.",,hardware macro in raking light,7,7,7,7,7,7,7,6,5,7,6.7,False,False,False,False,False,False,False,PASS,Accurate detail framing consistent with reference hardware and materials.,PASS,0-8,kenburns by law: hardware/texture macro never goes to i2v
COL-011,02_Details/COL-011-espresso-close-up-where-the-slim-dark-espresso-le.mp4,02_Details,espresso,"Close-up where the slim dark espresso leather belt passes through the felt loop of one vertical felt strap, the edge stitching on the strap visible. Soft window light, slightly off centre, natural phone sharpening.",waist,three-quarter,macro,static,bedroom,window light,front,resting,none,8.0,kenburns,keyframes/COL-011/v1.png,"Use the attached product photos ONLY as the reference for the bag's shape, proportions, materials, colours, stitching and hardware. Do NOT copy their lighting, plain background, clean edges or catalogue look; those are studio images and the picture you produce must not resemble one. Create the following real photograph instead.

Close-up where the slim dark espresso leather belt passes through the felt loop of one vertical felt strap, the edge stitching on the strap visible. Soft window light, slightly off centre, natural phone sharpening.

PRODUCT TRUTH, follow exactly. The bag is an oatmeal greige brushed wool felt east west tote, about twice as wide as it is tall, softly structured and standing on its own, with a flat base. It measures about 50 centimetres wide, 26 centimetres tall and 18 centimetres deep, a wide low landscape shape, never boxy or square. The felt is smooth brushed felt with fine visible fibres, NOT knitted, no knit ribs, no yarn loops. Two wide vertical felt straps run down the front face from the top rim to the base. A slim dark espresso brown leather belt about half an inch wide crosses the front horizontally, passing through a felt loop on each vertical strap, and each of its two ends extends past the straps and curves outward and downward, hanging free, finished with a small round aged gold metal disc cap. The back face is identical. Two rolled top handles, one on the front and one on the back, wrapped in dark espresso brown leather on the grip with felt below, with a short handle drop so the bag hangs from the hand or forearm, never the shoulder. The top is open with no flap and no zipper. The side gussets are clean felt with a single vertical centre seam and nothing attached to them. The only metal on the bag is aged gold. There are no logos, no embossing, no lettering and no tags anywhere on the bag.

CRITICAL RENDERING INSTRUCTION. This is a single frame from a real video casually shot on an iPhone 15 Pro by an ordinary person, handheld, with no lighting equipment, no tripod and no styling. It is NOT a 3D render, NOT CGI, NOT a product visualisation, NOT a catalogue or commercial photograph, NOT retouched, NOT studio lit. Photographic evidence that must be present: visible sensor noise through the shadows, highlights slightly blown where the light source hits, mild chromatic aberration on contrast edges, phone sharpening, focus slightly imperfect, a trace of handheld motion blur, and framing that is a little crooked and off centre the way a real snapshot is. One dominant available light source with mixed colour temperature and uneven exposure. The wool felt shows individual brushed fibres and small lint, the leather trim is softly creased where it has been handled, ordinary dust and fingerprints exist. The setting is a real lived in place with ordinary clutter, not a set. Any human skin shows real texture and pores, never retouched, and no face is visible. Any laptop or phone in the scene is plain matte dark grey with no logo. No on screen text, no captions, no lettering, no signage, no graphics, no watermarks and no other branded products anywhere. Vertical 9:16 portrait framing.",,belt-through-strap construction detail,7,7,7,7,7,7,7,6,5,7,6.7,False,False,False,False,False,False,False,PASS,"Accurate construction, material texture, and hardware alignment matching the ground truth.",PASS,0-8,kenburns by law: hardware/texture macro never goes to i2v
COL-012,02_Details/COL-012-caramel-macro-of-the-brushed-wool-felt-surface-i.mp4,02_Details,caramel,"Macro of the brushed wool felt surface itself, a patch of the front face in a hard shaft of low sun through a window, every fibre and a little lint visible, the shadow of the belt across it. Nothing else in frame.",chest,front,macro,static,bedroom,direct sunlight,front,resting,none,8.0,kenburns,keyframes/COL-012/v1.png,"Use the attached product photos ONLY as the reference for the bag's shape, proportions, materials, colours, stitching and hardware. Do NOT copy their lighting, plain background, clean edges or catalogue look; those are studio images and the picture you produce must not resemble one. Create the following real photograph instead.

Macro of the brushed wool felt surface itself, a patch of the front face in a hard shaft of low sun through a window, every fibre and a little lint visible, the shadow of the belt across it. Nothing else in frame.

PRODUCT TRUTH, follow exactly. The bag is an oatmeal greige brushed wool felt east west tote, about twice as wide as it is tall, softly structured and standing on its own, with a flat base. It measures about 50 centimetres wide, 26 centimetres tall and 18 centimetres deep, a wide low landscape shape, never boxy or square. The felt is smooth brushed felt with fine visible fibres, NOT knitted, no knit ribs, no yarn loops. Two wide vertical felt straps run down the front face from the top rim to the base. A slim warm cognac tan leather belt about half an inch wide crosses the front horizontally, passing through a felt loop on each vertical strap, and each of its two ends extends past the straps and curves outward and downward, hanging free, finished with a small round aged gold metal disc cap. The back face is identical. Two rolled top handles, one on the front and one on the back, wrapped in warm cognac tan leather on the grip with felt below, with a short handle drop so the bag hangs from the hand or forearm, never the shoulder. The top is open with no flap and no zipper. The side gussets are clean felt with a single vertical centre seam and nothing attached to them. The only metal on the bag is aged gold. There are no logos, no embossing, no lettering and no tags anywhere on the bag.

CRITICAL RENDERING INSTRUCTION. This is a single frame from a real video casually shot on an iPhone 15 Pro by an ordinary person, handheld, with no lighting equipment, no tripod and no styling. It is NOT a 3D render, NOT CGI, NOT a product visualisation, NOT a catalogue or commercial photograph, NOT retouched, NOT studio lit. Photographic evidence that must be present: visible sensor noise through the shadows, highlights slightly blown where the light source hits, mild chromatic aberration on contrast edges, phone sharpening, focus slightly imperfect, a trace of handheld motion blur, and framing that is a little crooked and off centre the way a real snapshot is. One dominant available light source with mixed colour temperature and uneven exposure. The wool felt shows individual brushed fibres and small lint, the leather trim is softly creased where it has been handled, ordinary dust and fingerprints exist. The setting is a real lived in place with ordinary clutter, not a set. Any human skin shows real texture and pores, never retouched, and no face is visible. Any laptop or phone in the scene is plain matte dark grey with no logo. No on screen text, no captions, no lettering, no signage, no graphics, no watermarks and no other branded products anywhere. Vertical 9:16 portrait framing.",,texture macro; fibre-level surface shots appear in review videos that emphasise material,7,7,7,7,7,7,7,6,6,7,6.8,False,False,False,False,False,False,False,PASS,"Material texture, stitching, and lighting dynamics remain consistent with product reference.",PASS,0-8,kenburns by law: hardware/texture macro never goes to i2v
COL-013,02_Details/COL-013-caramel-close-up-of-the-bag-s-bottom-corner-wher.mp4,02_Details,caramel,"Close-up of the bag's bottom corner where the flat felt base meets the side gusset, sitting on a wooden side table, the corner slightly softened with wear. Window light, phone close focus, background blurred.",waist,side profile,close-up,static,living room,window light,right side,resting,none,8.0,kenburns,keyframes/COL-013/v2.png,"Use the attached product photos ONLY as the reference for the bag's shape, proportions, materials, colours, stitching and hardware. Do NOT copy their lighting, plain background, clean edges or catalogue look; those are studio images and the picture you produce must not resemble one. Create the following real photograph instead.

Close-up of the bag's bottom corner where the flat felt base meets the side gusset, sitting on a wooden side table, the corner slightly softened with wear. Window light, phone close focus, background blurred.

PRODUCT TRUTH, follow exactly. The bag is an oatmeal greige brushed wool felt east west tote, about twice as wide as it is tall, softly structured and standing on its own, with a flat base. It measures about 50 centimetres wide, 26 centimetres tall and 18 centimetres deep, a wide low landscape shape, never boxy or square. The felt is smooth brushed felt with fine visible fibres, NOT knitted, no knit ribs, no yarn loops. Two wide vertical felt straps run down the front face from the top rim to the base. A slim warm cognac tan leather belt about half an inch wide crosses the front horizontally, passing through a felt loop on each vertical strap, and each of its two ends extends past the straps and curves outward and downward, hanging free, finished with a small round aged gold metal disc cap. The back face is identical. Two rolled top handles, one on the front and one on the back, wrapped in warm cognac tan leather on the grip with felt below, with a short handle drop so the bag hangs from the hand or forearm, never the shoulder. The top is open with no flap and no zipper. The side gussets are clean felt with a single vertical centre seam and nothing attached to them. The only metal on the bag is aged gold. There are no logos, no embossing, no lettering and no tags anywhere on the bag.

CRITICAL RENDERING INSTRUCTION. This is a single frame from a real video casually shot on an iPhone 15 Pro by an ordinary person, handheld, with no lighting equipment, no tripod and no styling. It is NOT a 3D render, NOT CGI, NOT a product visualisation, NOT a catalogue or commercial photograph, NOT retouched, NOT studio lit. Photographic evidence that must be present: visible sensor noise through the shadows, highlights slightly blown where the light source hits, mild chromatic aberration on contrast edges, phone sharpening, focus slightly imperfect, a trace of handheld motion blur, and framing that is a little crooked and off centre the way a real snapshot is. One dominant available light source with mixed colour temperature and uneven exposure. The wool felt shows individual brushed fibres and small lint, the leather trim is softly creased where it has been handled, ordinary dust and fingerprints exist. The setting is a real lived in place with ordinary clutter, not a set. Any human skin shows real texture and pores, never retouched, and no face is visible. Any laptop or phone in the scene is plain matte dark grey with no logo. No on screen text, no captions, no lettering, no signage, no graphics, no watermarks and no other branded products anywhere. Vertical 9:16 portrait framing.",,corner and base construction detail,7,7,7,7,7,7,7,6,5,7,6.7,False,False,False,False,False,False,False,PASS,"Accurate construction, correct materials, and consistent structure throughout.",PASS,0-8,kenburns by law: hardware/texture macro never goes to i2v
COL-014,02_Details/COL-014-espresso-close-up-looking-down-at-the-top-centre-.mp4,02_Details,espresso,"Close-up looking down at the top centre of the open mouth where the small felt tab with its tiny gold snap stud sits on the inner rim, a woman's thumb resting beside it. The same oatmeal felt inside. Window light, phone macro softness.",high angle,high angle,close-up,static,bedroom,window light,interior,open,touching,8.0,kenburns,keyframes/COL-014/v2.png,"Use the attached product photos ONLY as the reference for the bag's shape, proportions, materials, colours, stitching and hardware. Do NOT copy their lighting, plain background, clean edges or catalogue look; those are studio images and the picture you produce must not resemble one. Create the following real photograph instead.

Close-up looking down at the top centre of the open mouth where the small felt tab with its tiny gold snap stud sits on the inner rim, a woman's thumb resting beside it. The same oatmeal felt inside. Window light, phone macro softness. The woman in the scene is a woman in her late 20s with a blonde bob, pale skin and a silver watch.

PRODUCT TRUTH, follow exactly. The bag is an oatmeal greige brushed wool felt east west tote, about twice as wide as it is tall, softly structured and standing on its own, with a flat base. It measures about 50 centimetres wide, 26 centimetres tall and 18 centimetres deep, a wide low landscape shape, never boxy or square. The felt is smooth brushed felt with fine visible fibres, NOT knitted, no knit ribs, no yarn loops. Two wide vertical felt straps run down the front face from the top rim to the base. A slim dark espresso brown leather belt about half an inch wide crosses the front horizontally, passing through a felt loop on each vertical strap, and each of its two ends extends past the straps and curves outward and downward, hanging free, finished with a small round aged gold metal disc cap. The back face is identical. Two rolled top handles, one on the front and one on the back, wrapped in dark espresso brown leather on the grip with felt below, with a short handle drop so the bag hangs from the hand or forearm, never the shoulder. The top is open with no flap and no zipper. The side gussets are clean felt with a single vertical centre seam and nothing attached to them. The only metal on the bag is aged gold. There are no logos, no embossing, no lettering and no tags anywhere on the bag. The bag stands open and the mouth is a wide oval. Inside, the same oatmeal felt continues with no lining pattern and no pockets; there is one small felt tab with a tiny gold snap stud at the top centre of the front inner rim and one on the back inner rim. Contents sit directly on the felt.

CRITICAL RENDERING INSTRUCTION. This is a single frame from a real video casually shot on an iPhone 15 Pro by an ordinary person, handheld, with no lighting equipment, no tripod and no styling. It is NOT a 3D render, NOT CGI, NOT a product visualisation, NOT a catalogue or commercial photograph, NOT retouched, NOT studio lit. Photographic evidence that must be present: visible sensor noise through the shadows, highlights slightly blown where the light source hits, mild chromatic aberration on contrast edges, phone sharpening, focus slightly imperfect, a trace of handheld motion blur, and framing that is a little crooked and off centre the way a real snapshot is. One dominant available light source with mixed colour temperature and uneven exposure. The wool felt shows individual brushed fibres and small lint, the leather trim is softly creased where it has been handled, ordinary dust and fingerprints exist. The setting is a real lived in place with ordinary clutter, not a set. Any human skin shows real texture and pores, never retouched, and no face is visible. Any laptop or phone in the scene is plain matte dark grey with no logo. No on screen text, no captions, no lettering, no signage, no graphics, no watermarks and no other branded products anywhere. Vertical 9:16 portrait framing.",,closure demonstration is a standard review beat (opening 8% of interactions),7,7,7,7,7,6,6,6,6,7,6.6,False,False,False,False,False,False,False,PASS,"Interior snap detail, felt texture, and hand interaction closely match ground truth.",PASS,0-8,kenburns by law: hardware/texture macro never goes to i2v
COL-015,02_Details/COL-015-caramel-close-up-of-the-clean-felt-side-gusset-w.mp4,02_Details,caramel,"Close-up of the clean felt side gusset with its single vertical centre seam, the bag standing on an entry bench, one handle rising out of the top of the frame. Cool daylight from a door, slightly grainy.",chest,side profile,close-up,static,hallway,window light,left side,resting,none,8.0,kenburns,keyframes/COL-015/v2.png,"Use the attached product photos ONLY as the reference for the bag's shape, proportions, materials, colours, stitching and hardware. Do NOT copy their lighting, plain background, clean edges or catalogue look; those are studio images and the picture you produce must not resemble one. Create the following real photograph instead.

Close-up of the clean felt side gusset with its single vertical centre seam, the bag standing on an entry bench, one handle rising out of the top of the frame. Cool daylight from a door, slightly grainy.

PRODUCT TRUTH, follow exactly. The bag is an oatmeal greige brushed wool felt east west tote, about twice as wide as it is tall, softly structured and standing on its own, with a flat base. It measures about 50 centimetres wide, 26 centimetres tall and 18 centimetres deep, a wide low landscape shape, never boxy or square. The felt is smooth brushed felt with fine visible fibres, NOT knitted, no knit ribs, no yarn loops. Two wide vertical felt straps run down the front face from the top rim to the base. A slim warm cognac tan leather belt about half an inch wide crosses the front horizontally, passing through a felt loop on each vertical strap, and each of its two ends extends past the straps and curves outward and downward, hanging free, finished with a small round aged gold metal disc cap. The back face is identical. Two rolled top handles, one on the front and one on the back, wrapped in warm cognac tan leather on the grip with felt below, with a short handle drop so the bag hangs from the hand or forearm, never the shoulder. The top is open with no flap and no zipper. The side gussets are clean felt with a single vertical centre seam and nothing attached to them. The only metal on the bag is aged gold. There are no logos, no embossing, no lettering and no tags anywhere on the bag.

CRITICAL RENDERING INSTRUCTION. This is a single frame from a real video casually shot on an iPhone 15 Pro by an ordinary person, handheld, with no lighting equipment, no tripod and no styling. It is NOT a 3D render, NOT CGI, NOT a product visualisation, NOT a catalogue or commercial photograph, NOT retouched, NOT studio lit. Photographic evidence that must be present: visible sensor noise through the shadows, highlights slightly blown where the light source hits, mild chromatic aberration on contrast edges, phone sharpening, focus slightly imperfect, a trace of handheld motion blur, and framing that is a little crooked and off centre the way a real snapshot is. One dominant available light source with mixed colour temperature and uneven exposure. The wool felt shows individual brushed fibres and small lint, the leather trim is softly creased where it has been handled, ordinary dust and fingerprints exist. The setting is a real lived in place with ordinary clutter, not a set. Any human skin shows real texture and pores, never retouched, and no face is visible. Any laptop or phone in the scene is plain matte dark grey with no logo. No on screen text, no captions, no lettering, no signage, no graphics, no watermarks and no other branded products anywhere. Vertical 9:16 portrait framing.",,side seam detail,7,7,7,7,7,7,7,6,5,7,6.7,False,False,False,False,False,False,False,PASS,Accurate side profile matching reference construction and materials.,PASS,0-8,kenburns by law: hardware/texture macro never goes to i2v
COL-016,02_Details/COL-016-caramel-close-up-of-the-base-of-one-top-handle-w.mp4,02_Details,caramel,"Close-up of the base of one top handle where the felt strap widens into the loop of the handle, the felt stitching and the start of the leather wrap above. Warm lamp light in a bedroom at night, heavy grain.",waist,front,close-up,static,bedroom,warm indoor,front,resting,none,8.0,kenburns,keyframes/COL-016/v1.png,"Use the attached product photos ONLY as the reference for the bag's shape, proportions, materials, colours, stitching and hardware. Do NOT copy their lighting, plain background, clean edges or catalogue look; those are studio images and the picture you produce must not resemble one. Create the following real photograph instead.

Close-up of the base of one top handle where the felt strap widens into the loop of the handle, the felt stitching and the start of the leather wrap above. Warm lamp light in a bedroom at night, heavy grain.

PRODUCT TRUTH, follow exactly. The bag is an oatmeal greige brushed wool felt east west tote, about twice as wide as it is tall, softly structured and standing on its own, with a flat base. It measures about 50 centimetres wide, 26 centimetres tall and 18 centimetres deep, a wide low landscape shape, never boxy or square. The felt is smooth brushed felt with fine visible fibres, NOT knitted, no knit ribs, no yarn loops. Two wide vertical felt straps run down the front face from the top rim to the base. A slim warm cognac tan leather belt about half an inch wide crosses the front horizontally, passing through a felt loop on each vertical strap, and each of its two ends extends past the straps and curves outward and downward, hanging free, finished with a small round aged gold metal disc cap. The back face is identical. Two rolled top handles, one on the front and one on the back, wrapped in warm cognac tan leather on the grip with felt below, with a short handle drop so the bag hangs from the hand or forearm, never the shoulder. The top is open with no flap and no zipper. The side gussets are clean felt with a single vertical centre seam and nothing attached to them. The only metal on the bag is aged gold. There are no logos, no embossing, no lettering and no tags anywhere on the bag.

CRITICAL RENDERING INSTRUCTION. This is a single frame from a real video casually shot on an iPhone 15 Pro by an ordinary person, handheld, with no lighting equipment, no tripod and no styling. It is NOT a 3D render, NOT CGI, NOT a product visualisation, NOT a catalogue or commercial photograph, NOT retouched, NOT studio lit. Photographic evidence that must be present: visible sensor noise through the shadows, highlights slightly blown where the light source hits, mild chromatic aberration on contrast edges, phone sharpening, focus slightly imperfect, a trace of handheld motion blur, and framing that is a little crooked and off centre the way a real snapshot is. One dominant available light source with mixed colour temperature and uneven exposure. The wool felt shows individual brushed fibres and small lint, the leather trim is softly creased where it has been handled, ordinary dust and fingerprints exist. The setting is a real lived in place with ordinary clutter, not a set. Any human skin shows real texture and pores, never retouched, and no face is visible. Any laptop or phone in the scene is plain matte dark grey with no logo. No on screen text, no captions, no lettering, no signage, no graphics, no watermarks and no other branded products anywhere. Vertical 9:16 portrait framing.",,"handle base construction, low light night register",7,7,7,7,7,7,7,6,5,7,6.7,False,False,False,False,False,False,False,PASS,"Accurate close-up detailing texture, stitching, and materials consistent with reference.",PASS,0-8,kenburns by law: hardware/texture macro never goes to i2v
COL-017,02_Details/COL-017-espresso-close-up-of-the-two-belt-ends-and-their-.mp4,02_Details,espresso,"Close-up of the two belt ends and their gold discs where they hang free below the belt line, both discs in frame, the felt face behind, slightly crooked framing. Grey window light.",chest,front,close-up,static,living room,window light,front,resting,none,8.0,kenburns,keyframes/COL-017/v1.png,"Use the attached product photos ONLY as the reference for the bag's shape, proportions, materials, colours, stitching and hardware. Do NOT copy their lighting, plain background, clean edges or catalogue look; those are studio images and the picture you produce must not resemble one. Create the following real photograph instead.

Close-up of the two belt ends and their gold discs where they hang free below the belt line, both discs in frame, the felt face behind, slightly crooked framing. Grey window light.

PRODUCT TRUTH, follow exactly. The bag is an oatmeal greige brushed wool felt east west tote, about twice as wide as it is tall, softly structured and standing on its own, with a flat base. It measures about 50 centimetres wide, 26 centimetres tall and 18 centimetres deep, a wide low landscape shape, never boxy or square. The felt is smooth brushed felt with fine visible fibres, NOT knitted, no knit ribs, no yarn loops. Two wide vertical felt straps run down the front face from the top rim to the base. A slim dark espresso brown leather belt about half an inch wide crosses the front horizontally, passing through a felt loop on each vertical strap, and each of its two ends extends past the straps and curves outward and downward, hanging free, finished with a small round aged gold metal disc cap. The back face is identical. Two rolled top handles, one on the front and one on the back, wrapped in dark espresso brown leather on the grip with felt below, with a short handle drop so the bag hangs from the hand or forearm, never the shoulder. The top is open with no flap and no zipper. The side gussets are clean felt with a single vertical centre seam and nothing attached to them. The only metal on the bag is aged gold. There are no logos, no embossing, no lettering and no tags anywhere on the bag.

CRITICAL RENDERING INSTRUCTION. This is a single frame from a real video casually shot on an iPhone 15 Pro by an ordinary person, handheld, with no lighting equipment, no tripod and no styling. It is NOT a 3D render, NOT CGI, NOT a product visualisation, NOT a catalogue or commercial photograph, NOT retouched, NOT studio lit. Photographic evidence that must be present: visible sensor noise through the shadows, highlights slightly blown where the light source hits, mild chromatic aberration on contrast edges, phone sharpening, focus slightly imperfect, a trace of handheld motion blur, and framing that is a little crooked and off centre the way a real snapshot is. One dominant available light source with mixed colour temperature and uneven exposure. The wool felt shows individual brushed fibres and small lint, the leather trim is softly creased where it has been handled, ordinary dust and fingerprints exist. The setting is a real lived in place with ordinary clutter, not a set. Any human skin shows real texture and pores, never retouched, and no face is visible. Any laptop or phone in the scene is plain matte dark grey with no logo. No on screen text, no captions, no lettering, no signage, no graphics, no watermarks and no other branded products anywhere. Vertical 9:16 portrait framing.",,paired hardware detail,7,7,7,7,7,7,7,6,5,7,6.7,False,False,False,False,False,False,False,PASS,"Product structure, hardware details, and felt texture remain consistent and accurate.",PASS,0-8,kenburns by law: hardware/texture macro never goes to i2v
COL-018,02_Details/COL-018-caramel-close-up-of-a-woman-s-hand-gripping-both.mp4,02_Details,caramel,"Close-up of a woman's hand gripping both leather-wrapped handles together, the short handle drop visible, gold bracelet at her wrist, the top of the bag below. Kitchen window light, natural skin texture.",chest,front,close-up,static,kitchen,window light,top,held,holding handles,8.0,kenburns,keyframes/COL-018/v1.png,"Use the attached product photos ONLY as the reference for the bag's shape, proportions, materials, colours, stitching and hardware. Do NOT copy their lighting, plain background, clean edges or catalogue look; those are studio images and the picture you produce must not resemble one. Create the following real photograph instead.

Close-up of a woman's hand gripping both leather-wrapped handles together, the short handle drop visible, gold bracelet at her wrist, the top of the bag below. Kitchen window light, natural skin texture. The woman in the scene is a woman in her mid 30s with dark blonde waves and a gold chain bracelet.

PRODUCT TRUTH, follow exactly. The bag is an oatmeal greige brushed wool felt east west tote, about twice as wide as it is tall, softly structured and standing on its own, with a flat base. It measures about 50 centimetres wide, 26 centimetres tall and 18 centimetres deep, a wide low landscape shape, never boxy or square. The felt is smooth brushed felt with fine visible fibres, NOT knitted, no knit ribs, no yarn loops. Two wide vertical felt straps run down the front face from the top rim to the base. A slim warm cognac tan leather belt about half an inch wide crosses the front horizontally, passing through a felt loop on each vertical strap, and each of its two ends extends past the straps and curves outward and downward, hanging free, finished with a small round aged gold metal disc cap. The back face is identical. Two rolled top handles, one on the front and one on the back, wrapped in warm cognac tan leather on the grip with felt below, with a short handle drop so the bag hangs from the hand or forearm, never the shoulder. The top is open with no flap and no zipper. The side gussets are clean felt with a single vertical centre seam and nothing attached to them. The only metal on the bag is aged gold. There are no logos, no embossing, no lettering and no tags anywhere on the bag.

CRITICAL RENDERING INSTRUCTION. This is a single frame from a real video casually shot on an iPhone 15 Pro by an ordinary person, handheld, with no lighting equipment, no tripod and no styling. It is NOT a 3D render, NOT CGI, NOT a product visualisation, NOT a catalogue or commercial photograph, NOT retouched, NOT studio lit. Photographic evidence that must be present: visible sensor noise through the shadows, highlights slightly blown where the light source hits, mild chromatic aberration on contrast edges, phone sharpening, focus slightly imperfect, a trace of handheld motion blur, and framing that is a little crooked and off centre the way a real snapshot is. One dominant available light source with mixed colour temperature and uneven exposure. The wool felt shows individual brushed fibres and small lint, the leather trim is softly creased where it has been handled, ordinary dust and fingerprints exist. The setting is a real lived in place with ordinary clutter, not a set. Any human skin shows real texture and pores, never retouched, and no face is visible. Any laptop or phone in the scene is plain matte dark grey with no logo. No on screen text, no captions, no lettering, no signage, no graphics, no watermarks and no other branded products anywhere. Vertical 9:16 portrait framing.",,hand on handles is 7% of interactions,7,7,7,7,7,7,7,7,6,7,6.9,False,False,False,False,False,False,False,PASS,"Bag construction, hardware, and materials accurately match ground truth references.",PASS,0-8,kenburns by law: hardware/texture macro never goes to i2v
COL-019,03_Hand_Interaction/COL-019-caramel-a-woman-s-hand-has-just-closed-around-bo.mp4,03_Hand_Interaction,caramel,"A woman's hand has just closed around both handles of the bag as it sits on the edge of a bed, her arm entering from the right, the bag beginning to lift. Rumpled duvet, morning window light, slight motion blur on the hand. Her face is out of the frame, cropped away by the top edge of the picture, and she is not holding a phone; someone else is filming her.",chest,front,medium,handheld,bedroom,window light,three-quarter,being picked up,picking up,6.0,omni-flash-preview,keyframes/COL-019/v1.png,"Use the attached product photos ONLY as the reference for the bag's shape, proportions, materials, colours, stitching and hardware. Do NOT copy their lighting, plain background, clean edges or catalogue look; those are studio images and the picture you produce must not resemble one. Create the following real photograph instead.

A woman's hand has just closed around both handles of the bag as it sits on the edge of a bed, her arm entering from the right, the bag beginning to lift. Rumpled duvet, morning window light, slight motion blur on the hand. Her face is out of the frame, cropped away by the top edge of the picture, and she is not holding a phone; someone else is filming her. The woman in the scene is a woman in her early 30s with long dark brown hair, natural short nails and a thin gold ring.

PRODUCT TRUTH, follow exactly. The bag is an oatmeal greige brushed wool felt east west tote, about twice as wide as it is tall, softly structured and standing on its own, with a flat base. It measures about 50 centimetres wide, 26 centimetres tall and 18 centimetres deep, a wide low landscape shape, never boxy or square. The felt is smooth brushed felt with fine visible fibres, NOT knitted, no knit ribs, no yarn loops. Two wide vertical felt straps run down the front face from the top rim to the base. A slim warm cognac tan leather belt about half an inch wide crosses the front horizontally, passing through a felt loop on each vertical strap, and each of its two ends extends past the straps and curves outward and downward, hanging free, finished with a small round aged gold metal disc cap. The back face is identical. Two rolled top handles, one on the front and one on the back, wrapped in warm cognac tan leather on the grip with felt below, with a short handle drop so the bag hangs from the hand or forearm, never the shoulder. The top is open with no flap and no zipper. The side gussets are clean felt with a single vertical centre seam and nothing attached to them. The only metal on the bag is aged gold. There are no logos, no embossing, no lettering and no tags anywhere on the bag.

CRITICAL RENDERING INSTRUCTION. This is a single frame from a real video casually shot on an iPhone 15 Pro by an ordinary person, handheld, with no lighting equipment, no tripod and no styling. It is NOT a 3D render, NOT CGI, NOT a product visualisation, NOT a catalogue or commercial photograph, NOT retouched, NOT studio lit. Photographic evidence that must be present: visible sensor noise through the shadows, highlights slightly blown where the light source hits, mild chromatic aberration on contrast edges, phone sharpening, focus slightly imperfect, a trace of handheld motion blur, and framing that is a little crooked and off centre the way a real snapshot is. One dominant available light source with mixed colour temperature and uneven exposure. The wool felt shows individual brushed fibres and small lint, the leather trim is softly creased where it has been handled, ordinary dust and fingerprints exist. The setting is a real lived in place with ordinary clutter, not a set. Any human skin shows real texture and pores, never retouched, and no face is visible. Any laptop or phone in the scene is plain matte dark grey with no logo. No on screen text, no captions, no lettering, no signage, no graphics, no watermarks and no other branded products anywhere. Vertical 9:16 portrait framing.","Her hand lifts the bag off the bed by both handles and carries it up out of the frame, the bag swaying slightly. Handheld camera follows a little.",picking up is 3% of interactions and a common first-second hook,7,7,7,7,7,7,7,7,6,7,6.9,False,False,False,False,False,False,False,PASS,"Bag structure, materials, and hardware accurately match reference specifications throughout the motion.",PASS,0-6,
COL-020,03_Hand_Interaction/COL-020-espresso-a-woman-s-hand-lowering-the-bag-onto-a-k.mp4,03_Hand_Interaction,espresso,"A woman's hand lowering the bag onto a kitchen counter by its handles, the base an inch above the marble, a coffee mug and keys nearby. Window light, slightly overexposed on the counter. Her face is out of the frame, cropped away by the top edge of the picture, and she is not holding a phone; someone else is filming her.",waist,front,medium,handheld,kitchen,window light,front,being set down,putting down,8.0,kenburns,keyframes/COL-020/v1.png,"Use the attached product photos ONLY as the reference for the bag's shape, proportions, materials, colours, stitching and hardware. Do NOT copy their lighting, plain background, clean edges or catalogue look; those are studio images and the picture you produce must not resemble one. Create the following real photograph instead.

A woman's hand lowering the bag onto a kitchen counter by its handles, the base an inch above the marble, a coffee mug and keys nearby. Window light, slightly overexposed on the counter. Her face is out of the frame, cropped away by the top edge of the picture, and she is not holding a phone; someone else is filming her. The woman in the scene is a woman in her late 20s with a blonde bob, pale skin and a silver watch.

PRODUCT TRUTH, follow exactly. The bag is an oatmeal greige brushed wool felt east west tote, about twice as wide as it is tall, softly structured and standing on its own, with a flat base. It measures about 50 centimetres wide, 26 centimetres tall and 18 centimetres deep, a wide low landscape shape, never boxy or square. The felt is smooth brushed felt with fine visible fibres, NOT knitted, no knit ribs, no yarn loops. Two wide vertical felt straps run down the front face from the top rim to the base. A slim dark espresso brown leather belt about half an inch wide crosses the front horizontally, passing through a felt loop on each vertical strap, and each of its two ends extends past the straps and curves outward and downward, hanging free, finished with a small round aged gold metal disc cap. The back face is identical. Two rolled top handles, one on the front and one on the back, wrapped in dark espresso brown leather on the grip with felt below, with a short handle drop so the bag hangs from the hand or forearm, never the shoulder. The top is open with no flap and no zipper. The side gussets are clean felt with a single vertical centre seam and nothing attached to them. The only metal on the bag is aged gold. There are no logos, no embossing, no lettering and no tags anywhere on the bag.

CRITICAL RENDERING INSTRUCTION. This is a single frame from a real video casually shot on an iPhone 15 Pro by an ordinary person, handheld, with no lighting equipment, no tripod and no styling. It is NOT a 3D render, NOT CGI, NOT a product visualisation, NOT a catalogue or commercial photograph, NOT retouched, NOT studio lit. Photographic evidence that must be present: visible sensor noise through the shadows, highlights slightly blown where the light source hits, mild chromatic aberration on contrast edges, phone sharpening, focus slightly imperfect, a trace of handheld motion blur, and framing that is a little crooked and off centre the way a real snapshot is. One dominant available light source with mixed colour temperature and uneven exposure. The wool felt shows individual brushed fibres and small lint, the leather trim is softly creased where it has been handled, ordinary dust and fingerprints exist. The setting is a real lived in place with ordinary clutter, not a set. Any human skin shows real texture and pores, never retouched, and no face is visible. Any laptop or phone in the scene is plain matte dark grey with no logo. No on screen text, no captions, no lettering, no signage, no graphics, no watermarks and no other branded products anywhere. Vertical 9:16 portrait framing.","She sets the bag down onto the counter, lets go of the handles and they fall open to either side, her hand withdraws. Small handheld shake.",set-down moments are a core organic beat,7,7,7,7,7,7,7,6,5,7,6.7,False,False,False,False,False,False,False,PASS,Product structure matches reference images accurately.,PASS,0-8,kenburns fallback: Omni knotted the belt on both attempts
COL-021,03_Hand_Interaction/COL-021-caramel-the-bag-hangs-from-the-back-of-a-wooden-.mp4,03_Hand_Interaction,caramel,"The bag hangs from the back of a wooden dining chair by its handles and a woman's hand is reaching in to grab them, seen from chest height. A table with a laptop behind, warm evening lamps. Her face is out of the frame, cropped away by the top edge of the picture, and she is not holding a phone; someone else is filming her.",chest,three-quarter,medium,handheld,living room,warm indoor,three-quarter,hanging,grabbing handle,4.0,omni-flash-preview,keyframes/COL-021/v1.png,"Use the attached product photos ONLY as the reference for the bag's shape, proportions, materials, colours, stitching and hardware. Do NOT copy their lighting, plain background, clean edges or catalogue look; those are studio images and the picture you produce must not resemble one. Create the following real photograph instead.

The bag hangs from the back of a wooden dining chair by its handles and a woman's hand is reaching in to grab them, seen from chest height. A table with a laptop behind, warm evening lamps. Her face is out of the frame, cropped away by the top edge of the picture, and she is not holding a phone; someone else is filming her. The woman in the scene is a woman in her 40s with auburn shoulder-length hair and a few freckles on her hands.

PRODUCT TRUTH, follow exactly. The bag is an oatmeal greige brushed wool felt east west tote, about twice as wide as it is tall, softly structured and standing on its own, with a flat base. It measures about 50 centimetres wide, 26 centimetres tall and 18 centimetres deep, a wide low landscape shape, never boxy or square. The felt is smooth brushed felt with fine visible fibres, NOT knitted, no knit ribs, no yarn loops. Two wide vertical felt straps run down the front face from the top rim to the base. A slim warm cognac tan leather belt about half an inch wide crosses the front horizontally, passing through a felt loop on each vertical strap, and each of its two ends extends past the straps and curves outward and downward, hanging free, finished with a small round aged gold metal disc cap. The back face is identical. Two rolled top handles, one on the front and one on the back, wrapped in warm cognac tan leather on the grip with felt below, with a short handle drop so the bag hangs from the hand or forearm, never the shoulder. The top is open with no flap and no zipper. The side gussets are clean felt with a single vertical centre seam and nothing attached to them. The only metal on the bag is aged gold. There are no logos, no embossing, no lettering and no tags anywhere on the bag.

CRITICAL RENDERING INSTRUCTION. This is a single frame from a real video casually shot on an iPhone 15 Pro by an ordinary person, handheld, with no lighting equipment, no tripod and no styling. It is NOT a 3D render, NOT CGI, NOT a product visualisation, NOT a catalogue or commercial photograph, NOT retouched, NOT studio lit. Photographic evidence that must be present: visible sensor noise through the shadows, highlights slightly blown where the light source hits, mild chromatic aberration on contrast edges, phone sharpening, focus slightly imperfect, a trace of handheld motion blur, and framing that is a little crooked and off centre the way a real snapshot is. One dominant available light source with mixed colour temperature and uneven exposure. The wool felt shows individual brushed fibres and small lint, the leather trim is softly creased where it has been handled, ordinary dust and fingerprints exist. The setting is a real lived in place with ordinary clutter, not a set. Any human skin shows real texture and pores, never retouched, and no face is visible. Any laptop or phone in the scene is plain matte dark grey with no logo. No on screen text, no captions, no lettering, no signage, no graphics, no watermarks and no other branded products anywhere. Vertical 9:16 portrait framing.","Her hand grabs the handles and lifts the bag off the chair back, the bag swings gently as it comes free. Handheld sway.","grabbing from a chair back, the leaving-the-table moment",7,7,6,7,6,6,6,6,5,7,6.3,False,False,False,False,False,False,False,PASS,"Bag geometry, materials, and hardware maintain structural consistency with reference photos throughout lifting motion.",PASS,0-4,belt doubles after 4s
COL-022,03_Hand_Interaction/COL-022-caramel-a-woman-s-hand-with-a-gold-band-stroking.mp4,03_Hand_Interaction,caramel,"A woman's hand with a gold band stroking the felt face of the bag as it sits on her lap on a sofa, fingers slightly spread over the brushed wool, the belt and one disc visible below her hand. Soft window light, cardigan sleeve in frame.",waist,front,close-up,natural hand movement,living room,window light,front,resting,touching material,8.0,omni-flash-preview,keyframes/COL-022/v1.png,"Use the attached product photos ONLY as the reference for the bag's shape, proportions, materials, colours, stitching and hardware. Do NOT copy their lighting, plain background, clean edges or catalogue look; those are studio images and the picture you produce must not resemble one. Create the following real photograph instead.

A woman's hand with a gold band stroking the felt face of the bag as it sits on her lap on a sofa, fingers slightly spread over the brushed wool, the belt and one disc visible below her hand. Soft window light, cardigan sleeve in frame. The woman in the scene is a woman in her 50s with silver-blonde hair pulled back and a simple gold wedding band.

PRODUCT TRUTH, follow exactly. The bag is an oatmeal greige brushed wool felt east west tote, about twice as wide as it is tall, softly structured and standing on its own, with a flat base. It measures about 50 centimetres wide, 26 centimetres tall and 18 centimetres deep, a wide low landscape shape, never boxy or square. The felt is smooth brushed felt with fine visible fibres, NOT knitted, no knit ribs, no yarn loops. Two wide vertical felt straps run down the front face from the top rim to the base. A slim warm cognac tan leather belt about half an inch wide crosses the front horizontally, passing through a felt loop on each vertical strap, and each of its two ends extends past the straps and curves outward and downward, hanging free, finished with a small round aged gold metal disc cap. The back face is identical. Two rolled top handles, one on the front and one on the back, wrapped in warm cognac tan leather on the grip with felt below, with a short handle drop so the bag hangs from the hand or forearm, never the shoulder. The top is open with no flap and no zipper. The side gussets are clean felt with a single vertical centre seam and nothing attached to them. The only metal on the bag is aged gold. There are no logos, no embossing, no lettering and no tags anywhere on the bag.

CRITICAL RENDERING INSTRUCTION. This is a single frame from a real video casually shot on an iPhone 15 Pro by an ordinary person, handheld, with no lighting equipment, no tripod and no styling. It is NOT a 3D render, NOT CGI, NOT a product visualisation, NOT a catalogue or commercial photograph, NOT retouched, NOT studio lit. Photographic evidence that must be present: visible sensor noise through the shadows, highlights slightly blown where the light source hits, mild chromatic aberration on contrast edges, phone sharpening, focus slightly imperfect, a trace of handheld motion blur, and framing that is a little crooked and off centre the way a real snapshot is. One dominant available light source with mixed colour temperature and uneven exposure. The wool felt shows individual brushed fibres and small lint, the leather trim is softly creased where it has been handled, ordinary dust and fingerprints exist. The setting is a real lived in place with ordinary clutter, not a set. Any human skin shows real texture and pores, never retouched, and no face is visible. Any laptop or phone in the scene is plain matte dark grey with no logo. No on screen text, no captions, no lettering, no signage, no graphics, no watermarks and no other branded products anywhere. Vertical 9:16 portrait framing.","Her fingers slowly stroke across the felt surface, pressing lightly so the fibres catch the light, then rest. Tiny handheld shake.",touching material is 4% of interactions and the tactile proof beat,7,7,7,7,7,6,7,7,5,7,6.7,False,False,False,False,False,False,False,PASS,Accurate product construction and realistic hand interaction.,PASS,0-8,
COL-023,03_Hand_Interaction/COL-023-espresso-a-young-woman-s-fingers-flicking-one-cur.mp4,03_Hand_Interaction,espresso,"A young woman's fingers flicking one curved belt end so its gold disc cap catches the light, the bag standing on a bed, her claw-clipped ponytail blurred at the top edge. Bright window light.",waist,front,close-up,natural hand movement,bedroom,window light,front,resting,touching hardware,8.0,omni-flash-preview,keyframes/COL-023/v1.png,"Use the attached product photos ONLY as the reference for the bag's shape, proportions, materials, colours, stitching and hardware. Do NOT copy their lighting, plain background, clean edges or catalogue look; those are studio images and the picture you produce must not resemble one. Create the following real photograph instead.

A young woman's fingers flicking one curved belt end so its gold disc cap catches the light, the bag standing on a bed, her claw-clipped ponytail blurred at the top edge. Bright window light. The woman in the scene is a woman in her mid 20s with a light brown ponytail and a claw clip, no jewellery.

PRODUCT TRUTH, follow exactly. The bag is an oatmeal greige brushed wool felt east west tote, about twice as wide as it is tall, softly structured and standing on its own, with a flat base. It measures about 50 centimetres wide, 26 centimetres tall and 18 centimetres deep, a wide low landscape shape, never boxy or square. The felt is smooth brushed felt with fine visible fibres, NOT knitted, no knit ribs, no yarn loops. Two wide vertical felt straps run down the front face from the top rim to the base. A slim dark espresso brown leather belt about half an inch wide crosses the front horizontally, passing through a felt loop on each vertical strap, and each of its two ends extends past the straps and curves outward and downward, hanging free, finished with a small round aged gold metal disc cap. The back face is identical. Two rolled top handles, one on the front and one on the back, wrapped in dark espresso brown leather on the grip with felt below, with a short handle drop so the bag hangs from the hand or forearm, never the shoulder. The top is open with no flap and no zipper. The side gussets are clean felt with a single vertical centre seam and nothing attached to them. The only metal on the bag is aged gold. There are no logos, no embossing, no lettering and no tags anywhere on the bag.

CRITICAL RENDERING INSTRUCTION. This is a single frame from a real video casually shot on an iPhone 15 Pro by an ordinary person, handheld, with no lighting equipment, no tripod and no styling. It is NOT a 3D render, NOT CGI, NOT a product visualisation, NOT a catalogue or commercial photograph, NOT retouched, NOT studio lit. Photographic evidence that must be present: visible sensor noise through the shadows, highlights slightly blown where the light source hits, mild chromatic aberration on contrast edges, phone sharpening, focus slightly imperfect, a trace of handheld motion blur, and framing that is a little crooked and off centre the way a real snapshot is. One dominant available light source with mixed colour temperature and uneven exposure. The wool felt shows individual brushed fibres and small lint, the leather trim is softly creased where it has been handled, ordinary dust and fingerprints exist. The setting is a real lived in place with ordinary clutter, not a set. Any human skin shows real texture and pores, never retouched, and no face is visible. Any laptop or phone in the scene is plain matte dark grey with no logo. No on screen text, no captions, no lettering, no signage, no graphics, no watermarks and no other branded products anywhere. Vertical 9:16 portrait framing.","Her fingers lift the belt end slightly and let it fall back against the felt, the disc glinting. Handheld, small refocus.",fingering hardware detail,7,7,7,7,7,7,7,6,6,7,6.8,False,False,False,False,False,False,False,PASS,Accurate product construction and natural interaction throughout.,PASS,0-8,
COL-024,03_Hand_Interaction/COL-024-caramel-looking-down-from-above-at-a-woman-s-two.mp4,03_Hand_Interaction,caramel,"Looking down from above at a woman's two hands pulling the mouth of the bag open wide on a bed, the handles fallen outward, the empty oatmeal felt interior visible with the small snap tab at the rim. Duvet, window light. Her face is out of the frame, cropped away by the top edge of the picture, and she is not holding a phone; someone else is filming her.",high angle,high angle,medium,handheld,bedroom,window light,open,being opened,opening,6.0,omni-flash-preview,keyframes/COL-024/v1.png,"Use the attached product photos ONLY as the reference for the bag's shape, proportions, materials, colours, stitching and hardware. Do NOT copy their lighting, plain background, clean edges or catalogue look; those are studio images and the picture you produce must not resemble one. Create the following real photograph instead.

Looking down from above at a woman's two hands pulling the mouth of the bag open wide on a bed, the handles fallen outward, the empty oatmeal felt interior visible with the small snap tab at the rim. Duvet, window light. Her face is out of the frame, cropped away by the top edge of the picture, and she is not holding a phone; someone else is filming her. The woman in the scene is a woman in her early 30s with long dark brown hair, natural short nails and a thin gold ring.

PRODUCT TRUTH, follow exactly. The bag is an oatmeal greige brushed wool felt east west tote, about twice as wide as it is tall, softly structured and standing on its own, with a flat base. It measures about 50 centimetres wide, 26 centimetres tall and 18 centimetres deep, a wide low landscape shape, never boxy or square. The felt is smooth brushed felt with fine visible fibres, NOT knitted, no knit ribs, no yarn loops. Two wide vertical felt straps run down the front face from the top rim to the base. A slim warm cognac tan leather belt about half an inch wide crosses the front horizontally, passing through a felt loop on each vertical strap, and each of its two ends extends past the straps and curves outward and downward, hanging free, finished with a small round aged gold metal disc cap. The back face is identical. Two rolled top handles, one on the front and one on the back, wrapped in warm cognac tan leather on the grip with felt below, with a short handle drop so the bag hangs from the hand or forearm, never the shoulder. The top is open with no flap and no zipper. The side gussets are clean felt with a single vertical centre seam and nothing attached to them. The only metal on the bag is aged gold. There are no logos, no embossing, no lettering and no tags anywhere on the bag. The bag stands open and the mouth is a wide oval. Inside, the same oatmeal felt continues with no lining pattern and no pockets; there is one small felt tab with a tiny gold snap stud at the top centre of the front inner rim and one on the back inner rim. Contents sit directly on the felt.

CRITICAL RENDERING INSTRUCTION. This is a single frame from a real video casually shot on an iPhone 15 Pro by an ordinary person, handheld, with no lighting equipment, no tripod and no styling. It is NOT a 3D render, NOT CGI, NOT a product visualisation, NOT a catalogue or commercial photograph, NOT retouched, NOT studio lit. Photographic evidence that must be present: visible sensor noise through the shadows, highlights slightly blown where the light source hits, mild chromatic aberration on contrast edges, phone sharpening, focus slightly imperfect, a trace of handheld motion blur, and framing that is a little crooked and off centre the way a real snapshot is. One dominant available light source with mixed colour temperature and uneven exposure. The wool felt shows individual brushed fibres and small lint, the leather trim is softly creased where it has been handled, ordinary dust and fingerprints exist. The setting is a real lived in place with ordinary clutter, not a set. Any human skin shows real texture and pores, never retouched, and no face is visible. Any laptop or phone in the scene is plain matte dark grey with no logo. No on screen text, no captions, no lettering, no signage, no graphics, no watermarks and no other branded products anywhere. Vertical 9:16 portrait framing.","Her hands pull the rims apart so the mouth opens into a wide oval, then she holds it open and tilts it slightly toward the camera. Handheld from above.",opening the bag is 8% of interactions,7,7,7,7,7,7,7,7,6,7,6.9,False,False,False,False,False,False,False,PASS,"Bag structure, materials, and hardware accurately align with reference designs.",PASS,0-6,
COL-025,03_Hand_Interaction/COL-025-caramel-close-up-of-a-woman-s-fingers-pressing-t.mp4,03_Hand_Interaction,caramel,"Close-up of a woman's fingers pressing the two top rims of the bag together at the centre, the felt tab snapping shut, handles standing up either side. Warm lamp light, evening, some grain.",chest,front,close-up,natural hand movement,living room,warm indoor,top,being closed,closing,4.0,omni-flash-preview,keyframes/COL-025/v1.png,"Use the attached product photos ONLY as the reference for the bag's shape, proportions, materials, colours, stitching and hardware. Do NOT copy their lighting, plain background, clean edges or catalogue look; those are studio images and the picture you produce must not resemble one. Create the following real photograph instead.

Close-up of a woman's fingers pressing the two top rims of the bag together at the centre, the felt tab snapping shut, handles standing up either side. Warm lamp light, evening, some grain. The woman in the scene is a woman in her mid 30s with dark blonde waves and a gold chain bracelet.

PRODUCT TRUTH, follow exactly. The bag is an oatmeal greige brushed wool felt east west tote, about twice as wide as it is tall, softly structured and standing on its own, with a flat base. It measures about 50 centimetres wide, 26 centimetres tall and 18 centimetres deep, a wide low landscape shape, never boxy or square. The felt is smooth brushed felt with fine visible fibres, NOT knitted, no knit ribs, no yarn loops. Two wide vertical felt straps run down the front face from the top rim to the base. A slim warm cognac tan leather belt about half an inch wide crosses the front horizontally, passing through a felt loop on each vertical strap, and each of its two ends extends past the straps and curves outward and downward, hanging free, finished with a small round aged gold metal disc cap. The back face is identical. Two rolled top handles, one on the front and one on the back, wrapped in warm cognac tan leather on the grip with felt below, with a short handle drop so the bag hangs from the hand or forearm, never the shoulder. The top is open with no flap and no zipper. The side gussets are clean felt with a single vertical centre seam and nothing attached to them. The only metal on the bag is aged gold. There are no logos, no embossing, no lettering and no tags anywhere on the bag.

CRITICAL RENDERING INSTRUCTION. This is a single frame from a real video casually shot on an iPhone 15 Pro by an ordinary person, handheld, with no lighting equipment, no tripod and no styling. It is NOT a 3D render, NOT CGI, NOT a product visualisation, NOT a catalogue or commercial photograph, NOT retouched, NOT studio lit. Photographic evidence that must be present: visible sensor noise through the shadows, highlights slightly blown where the light source hits, mild chromatic aberration on contrast edges, phone sharpening, focus slightly imperfect, a trace of handheld motion blur, and framing that is a little crooked and off centre the way a real snapshot is. One dominant available light source with mixed colour temperature and uneven exposure. The wool felt shows individual brushed fibres and small lint, the leather trim is softly creased where it has been handled, ordinary dust and fingerprints exist. The setting is a real lived in place with ordinary clutter, not a set. Any human skin shows real texture and pores, never retouched, and no face is visible. Any laptop or phone in the scene is plain matte dark grey with no logo. No on screen text, no captions, no lettering, no signage, no graphics, no watermarks and no other branded products anywhere. Vertical 9:16 portrait framing.","Her fingers press the centre of the rims together, hold a beat, then let go and the top relaxes. Small handheld shake.",closing is 2% of interactions; closure demo beat,7,7,7,7,7,7,7,6,5,7,6.7,False,False,False,False,False,False,False,PASS,"Accurate construction, correct materials, and stable details throughout the clip.",PASS,0-4,extra strap appears after 5s
COL-026,03_Hand_Interaction/COL-026-espresso-a-woman-sliding-the-handles-of-the-bag-f.mp4,03_Hand_Interaction,espresso,"A woman sliding the handles of the bag from her hand up onto her forearm, the bag rising to hip height, seen from chest to thigh, trench coat sleeve. Hallway by a front door, cool daylight. Her face is out of the frame, cropped away by the top edge of the picture, and she is not holding a phone; someone else is filming her.",chest,front,medium,handheld,hallway,window light,front,being carried,adjusting handles,8.0,omni-flash-preview,keyframes/COL-026/v2.png,"Use the attached product photos ONLY as the reference for the bag's shape, proportions, materials, colours, stitching and hardware. Do NOT copy their lighting, plain background, clean edges or catalogue look; those are studio images and the picture you produce must not resemble one. Create the following real photograph instead.

A woman sliding the handles of the bag from her hand up onto her forearm, the bag rising to hip height, seen from chest to thigh, trench coat sleeve. Hallway by a front door, cool daylight. Her face is out of the frame, cropped away by the top edge of the picture, and she is not holding a phone; someone else is filming her. The woman in the scene is a woman in her 40s with auburn shoulder-length hair and a few freckles on her hands.

PRODUCT TRUTH, follow exactly. The bag is an oatmeal greige brushed wool felt east west tote, about twice as wide as it is tall, softly structured and standing on its own, with a flat base. It measures about 50 centimetres wide, 26 centimetres tall and 18 centimetres deep, a wide low landscape shape, never boxy or square. The felt is smooth brushed felt with fine visible fibres, NOT knitted, no knit ribs, no yarn loops. Two wide vertical felt straps run down the front face from the top rim to the base. A slim dark espresso brown leather belt about half an inch wide crosses the front horizontally, passing through a felt loop on each vertical strap, and each of its two ends extends past the straps and curves outward and downward, hanging free, finished with a small round aged gold metal disc cap. The back face is identical. Two rolled top handles, one on the front and one on the back, wrapped in dark espresso brown leather on the grip with felt below, with a short handle drop so the bag hangs from the hand or forearm, never the shoulder. The top is open with no flap and no zipper. The side gussets are clean felt with a single vertical centre seam and nothing attached to them. The only metal on the bag is aged gold. There are no logos, no embossing, no lettering and no tags anywhere on the bag.

CRITICAL RENDERING INSTRUCTION. This is a single frame from a real video casually shot on an iPhone 15 Pro by an ordinary person, handheld, with no lighting equipment, no tripod and no styling. It is NOT a 3D render, NOT CGI, NOT a product visualisation, NOT a catalogue or commercial photograph, NOT retouched, NOT studio lit. Photographic evidence that must be present: visible sensor noise through the shadows, highlights slightly blown where the light source hits, mild chromatic aberration on contrast edges, phone sharpening, focus slightly imperfect, a trace of handheld motion blur, and framing that is a little crooked and off centre the way a real snapshot is. One dominant available light source with mixed colour temperature and uneven exposure. The wool felt shows individual brushed fibres and small lint, the leather trim is softly creased where it has been handled, ordinary dust and fingerprints exist. The setting is a real lived in place with ordinary clutter, not a set. Any human skin shows real texture and pores, never retouched, and no face is visible. Any laptop or phone in the scene is plain matte dark grey with no logo. No on screen text, no captions, no lettering, no signage, no graphics, no watermarks and no other branded products anywhere. Vertical 9:16 portrait framing.","She slides the handles up her forearm and settles the bag against her hip with a small shrug, then tugs her coat sleeve. Handheld follow.",adjusting the carry is a natural transition beat,7,7,7,7,7,7,7,6,5,7,6.7,False,False,False,False,False,False,False,PASS,"Accurate construction, material, and hardware with natural motion throughout.",PASS,0-8,
COL-027,03_Hand_Interaction/COL-027-caramel-an-older-woman-s-hand-brushing-a-bit-of-.mp4,03_Hand_Interaction,caramel,"An older woman's hand brushing a bit of lint off the felt near the belt, the bag on an armchair beside her, an oatmeal cardigan sleeve. Soft window light, natural skin texture on her hand.",waist,front,close-up,natural hand movement,living room,window light,top,resting,brushing lint,4.0,omni-flash-preview,keyframes/COL-027/v1.png,"Use the attached product photos ONLY as the reference for the bag's shape, proportions, materials, colours, stitching and hardware. Do NOT copy their lighting, plain background, clean edges or catalogue look; those are studio images and the picture you produce must not resemble one. Create the following real photograph instead.

An older woman's hand brushing a bit of lint off the felt near the belt, the bag on an armchair beside her, an oatmeal cardigan sleeve. Soft window light, natural skin texture on her hand. The woman in the scene is a woman in her 60s with a silver bob and soft weathered hands.

PRODUCT TRUTH, follow exactly. The bag is an oatmeal greige brushed wool felt east west tote, about twice as wide as it is tall, softly structured and standing on its own, with a flat base. It measures about 50 centimetres wide, 26 centimetres tall and 18 centimetres deep, a wide low landscape shape, never boxy or square. The felt is smooth brushed felt with fine visible fibres, NOT knitted, no knit ribs, no yarn loops. Two wide vertical felt straps run down the front face from the top rim to the base. A slim warm cognac tan leather belt about half an inch wide crosses the front horizontally, passing through a felt loop on each vertical strap, and each of its two ends extends past the straps and curves outward and downward, hanging free, finished with a small round aged gold metal disc cap. The back face is identical. Two rolled top handles, one on the front and one on the back, wrapped in warm cognac tan leather on the grip with felt below, with a short handle drop so the bag hangs from the hand or forearm, never the shoulder. The top is open with no flap and no zipper. The side gussets are clean felt with a single vertical centre seam and nothing attached to them. The only metal on the bag is aged gold. There are no logos, no embossing, no lettering and no tags anywhere on the bag.

CRITICAL RENDERING INSTRUCTION. This is a single frame from a real video casually shot on an iPhone 15 Pro by an ordinary person, handheld, with no lighting equipment, no tripod and no styling. It is NOT a 3D render, NOT CGI, NOT a product visualisation, NOT a catalogue or commercial photograph, NOT retouched, NOT studio lit. Photographic evidence that must be present: visible sensor noise through the shadows, highlights slightly blown where the light source hits, mild chromatic aberration on contrast edges, phone sharpening, focus slightly imperfect, a trace of handheld motion blur, and framing that is a little crooked and off centre the way a real snapshot is. One dominant available light source with mixed colour temperature and uneven exposure. The wool felt shows individual brushed fibres and small lint, the leather trim is softly creased where it has been handled, ordinary dust and fingerprints exist. The setting is a real lived in place with ordinary clutter, not a set. Any human skin shows real texture and pores, never retouched, and no face is visible. Any laptop or phone in the scene is plain matte dark grey with no logo. No on screen text, no captions, no lettering, no signage, no graphics, no watermarks and no other branded products anywhere. Vertical 9:16 portrait framing.","Her hand brushes the felt twice with her fingertips and flicks the lint away, then smooths the surface. Handheld, slight wobble.","care gesture, texture proof",7,7,7,7,7,7,7,7,6,7,6.9,False,False,False,False,False,False,False,PASS,"Bag structure, materials, and hand interaction align accurately with the reference design.",PASS,0-4,dark smudge appears under the hand at 6s
COL-028,03_Hand_Interaction/COL-028-caramel-pov-looking-down-into-the-open-bag-held-.mp4,03_Hand_Interaction,caramel,"POV looking down into the open bag held on a woman's forearm by a front door, her other hand dropping a ring of keys in, a wallet and sunglasses already inside on the felt. Cool daylight. Her face is out of the frame, cropped away by the top edge of the picture, and she is not holding a phone; someone else is filming her.",high angle,POV,medium,natural hand movement,hallway,window light,open,receiving,dropping keys in,4.0,omni-flash-preview,keyframes/COL-028/v1.png,"Use the attached product photos ONLY as the reference for the bag's shape, proportions, materials, colours, stitching and hardware. Do NOT copy their lighting, plain background, clean edges or catalogue look; those are studio images and the picture you produce must not resemble one. Create the following real photograph instead.

POV looking down into the open bag held on a woman's forearm by a front door, her other hand dropping a ring of keys in, a wallet and sunglasses already inside on the felt. Cool daylight. Her face is out of the frame, cropped away by the top edge of the picture, and she is not holding a phone; someone else is filming her. The woman in the scene is a woman in her late 20s with a blonde bob, pale skin and a silver watch.

PRODUCT TRUTH, follow exactly. The bag is an oatmeal greige brushed wool felt east west tote, about twice as wide as it is tall, softly structured and standing on its own, with a flat base. It measures about 50 centimetres wide, 26 centimetres tall and 18 centimetres deep, a wide low landscape shape, never boxy or square. The felt is smooth brushed felt with fine visible fibres, NOT knitted, no knit ribs, no yarn loops. Two wide vertical felt straps run down the front face from the top rim to the base. A slim warm cognac tan leather belt about half an inch wide crosses the front horizontally, passing through a felt loop on each vertical strap, and each of its two ends extends past the straps and curves outward and downward, hanging free, finished with a small round aged gold metal disc cap. The back face is identical. Two rolled top handles, one on the front and one on the back, wrapped in warm cognac tan leather on the grip with felt below, with a short handle drop so the bag hangs from the hand or forearm, never the shoulder. The top is open with no flap and no zipper. The side gussets are clean felt with a single vertical centre seam and nothing attached to them. The only metal on the bag is aged gold. There are no logos, no embossing, no lettering and no tags anywhere on the bag. The bag stands open and the mouth is a wide oval. Inside, the same oatmeal felt continues with no lining pattern and no pockets; there is one small felt tab with a tiny gold snap stud at the top centre of the front inner rim and one on the back inner rim. Contents sit directly on the felt.

CRITICAL RENDERING INSTRUCTION. This is a single frame from a real video casually shot on an iPhone 15 Pro by an ordinary person, handheld, with no lighting equipment, no tripod and no styling. It is NOT a 3D render, NOT CGI, NOT a product visualisation, NOT a catalogue or commercial photograph, NOT retouched, NOT studio lit. Photographic evidence that must be present: visible sensor noise through the shadows, highlights slightly blown where the light source hits, mild chromatic aberration on contrast edges, phone sharpening, focus slightly imperfect, a trace of handheld motion blur, and framing that is a little crooked and off centre the way a real snapshot is. One dominant available light source with mixed colour temperature and uneven exposure. The wool felt shows individual brushed fibres and small lint, the leather trim is softly creased where it has been handled, ordinary dust and fingerprints exist. The setting is a real lived in place with ordinary clutter, not a set. Any human skin shows real texture and pores, never retouched, and no face is visible. Any laptop or phone in the scene is plain matte dark grey with no logo. No on screen text, no captions, no lettering, no signage, no graphics, no watermarks and no other branded products anywhere. Vertical 9:16 portrait framing.","The keys drop into the bag and land on the wallet, her hand withdraws and the bag sways a little on her arm. Handheld POV.","dropping essentials in, the leaving-the-house moment",7,7,7,7,7,6,7,7,6,7,6.8,False,False,False,False,False,False,False,PASS,"Product structure, hardware, and materials accurately match reference images throughout motion.",PASS,0-4,extra loop appears after 5s
COL-029,03_Hand_Interaction/COL-029-espresso-a-woman-lifting-the-bag-by-just-one-hand.mp4,03_Hand_Interaction,espresso,"A woman lifting the bag by just one handle so it tilts slightly, the other handle hanging, seen from chest height beside a bed at night, warm lamp light. Her curly red hair blurred at the top edge. Her face is out of the frame, cropped away by the top edge of the picture, and she is not holding a phone; someone else is filming her.",chest,front,medium,handheld,bedroom,warm indoor,three-quarter,being lifted,lifting by one handle,8.0,omni-flash-preview,keyframes/COL-029/v2.png,"Use the attached product photos ONLY as the reference for the bag's shape, proportions, materials, colours, stitching and hardware. Do NOT copy their lighting, plain background, clean edges or catalogue look; those are studio images and the picture you produce must not resemble one. Create the following real photograph instead.

A woman lifting the bag by just one handle so it tilts slightly, the other handle hanging, seen from chest height beside a bed at night, warm lamp light. Her curly red hair blurred at the top edge. Her face is out of the frame, cropped away by the top edge of the picture, and she is not holding a phone; someone else is filming her. The woman in the scene is a woman around 30 with curly red hair and short dark painted nails.

PRODUCT TRUTH, follow exactly. The bag is an oatmeal greige brushed wool felt east west tote, about twice as wide as it is tall, softly structured and standing on its own, with a flat base. It measures about 50 centimetres wide, 26 centimetres tall and 18 centimetres deep, a wide low landscape shape, never boxy or square. The felt is smooth brushed felt with fine visible fibres, NOT knitted, no knit ribs, no yarn loops. Two wide vertical felt straps run down the front face from the top rim to the base. A slim dark espresso brown leather belt about half an inch wide crosses the front horizontally, passing through a felt loop on each vertical strap, and each of its two ends extends past the straps and curves outward and downward, hanging free, finished with a small round aged gold metal disc cap. The back face is identical. Two rolled top handles, one on the front and one on the back, wrapped in dark espresso brown leather on the grip with felt below, with a short handle drop so the bag hangs from the hand or forearm, never the shoulder. The top is open with no flap and no zipper. The side gussets are clean felt with a single vertical centre seam and nothing attached to them. The only metal on the bag is aged gold. There are no logos, no embossing, no lettering and no tags anywhere on the bag.

CRITICAL RENDERING INSTRUCTION. This is a single frame from a real video casually shot on an iPhone 15 Pro by an ordinary person, handheld, with no lighting equipment, no tripod and no styling. It is NOT a 3D render, NOT CGI, NOT a product visualisation, NOT a catalogue or commercial photograph, NOT retouched, NOT studio lit. Photographic evidence that must be present: visible sensor noise through the shadows, highlights slightly blown where the light source hits, mild chromatic aberration on contrast edges, phone sharpening, focus slightly imperfect, a trace of handheld motion blur, and framing that is a little crooked and off centre the way a real snapshot is. One dominant available light source with mixed colour temperature and uneven exposure. The wool felt shows individual brushed fibres and small lint, the leather trim is softly creased where it has been handled, ordinary dust and fingerprints exist. The setting is a real lived in place with ordinary clutter, not a set. Any human skin shows real texture and pores, never retouched, and no face is visible. Any laptop or phone in the scene is plain matte dark grey with no logo. No on screen text, no captions, no lettering, no signage, no graphics, no watermarks and no other branded products anywhere. Vertical 9:16 portrait framing.","She lifts the bag by one handle, it tilts and swings, then she catches the second handle with her other hand. Handheld.",natural one-handle grab,7,7,7,7,7,7,7,7,6,7,6.9,False,False,False,False,False,False,False,PASS,"The bag design, materials, and hardware accurately follow the reference with stable motion.",PASS,0-8,
COL-030,03_Hand_Interaction/COL-030-caramel-a-young-woman-s-hand-sliding-between-the.mp4,03_Hand_Interaction,caramel,"A young woman's hand sliding between the two handles of the bag as it sits on a closet shelf, about to pull it down, sweaters stacked beside it. Warm closet light. Her face is out of the frame, cropped away by the top edge of the picture, and she is not holding a phone; someone else is filming her.",waist,front,medium,handheld,closet,warm indoor,front,resting,sliding hand between handles,8.0,kenburns,keyframes/COL-030/v1.png,"Use the attached product photos ONLY as the reference for the bag's shape, proportions, materials, colours, stitching and hardware. Do NOT copy their lighting, plain background, clean edges or catalogue look; those are studio images and the picture you produce must not resemble one. Create the following real photograph instead.

A young woman's hand sliding between the two handles of the bag as it sits on a closet shelf, about to pull it down, sweaters stacked beside it. Warm closet light. Her face is out of the frame, cropped away by the top edge of the picture, and she is not holding a phone; someone else is filming her. The woman in the scene is a woman in her mid 20s with a light brown ponytail and a claw clip, no jewellery.

PRODUCT TRUTH, follow exactly. The bag is an oatmeal greige brushed wool felt east west tote, about twice as wide as it is tall, softly structured and standing on its own, with a flat base. It measures about 50 centimetres wide, 26 centimetres tall and 18 centimetres deep, a wide low landscape shape, never boxy or square. The felt is smooth brushed felt with fine visible fibres, NOT knitted, no knit ribs, no yarn loops. Two wide vertical felt straps run down the front face from the top rim to the base. A slim warm cognac tan leather belt about half an inch wide crosses the front horizontally, passing through a felt loop on each vertical strap, and each of its two ends extends past the straps and curves outward and downward, hanging free, finished with a small round aged gold metal disc cap. The back face is identical. Two rolled top handles, one on the front and one on the back, wrapped in warm cognac tan leather on the grip with felt below, with a short handle drop so the bag hangs from the hand or forearm, never the shoulder. The top is open with no flap and no zipper. The side gussets are clean felt with a single vertical centre seam and nothing attached to them. The only metal on the bag is aged gold. There are no logos, no embossing, no lettering and no tags anywhere on the bag.

CRITICAL RENDERING INSTRUCTION. This is a single frame from a real video casually shot on an iPhone 15 Pro by an ordinary person, handheld, with no lighting equipment, no tripod and no styling. It is NOT a 3D render, NOT CGI, NOT a product visualisation, NOT a catalogue or commercial photograph, NOT retouched, NOT studio lit. Photographic evidence that must be present: visible sensor noise through the shadows, highlights slightly blown where the light source hits, mild chromatic aberration on contrast edges, phone sharpening, focus slightly imperfect, a trace of handheld motion blur, and framing that is a little crooked and off centre the way a real snapshot is. One dominant available light source with mixed colour temperature and uneven exposure. The wool felt shows individual brushed fibres and small lint, the leather trim is softly creased where it has been handled, ordinary dust and fingerprints exist. The setting is a real lived in place with ordinary clutter, not a set. Any human skin shows real texture and pores, never retouched, and no face is visible. Any laptop or phone in the scene is plain matte dark grey with no logo. No on screen text, no captions, no lettering, no signage, no graphics, no watermarks and no other branded products anywhere. Vertical 9:16 portrait framing.","Her hand slides through the handles and pulls the bag off the shelf toward the camera, it drops slightly into her grip. Handheld.","closet reach, getting ready",7,7,7,7,7,7,7,6,5,7,6.7,False,False,False,False,False,False,False,PASS,Accurate construction and realistic closet context matching ground truth references.,PASS,0-8,kenburns fallback: belt twisted inside the trimmed window
COL-031,04_Carrying/COL-031-caramel-a-woman-walking-toward-the-camera-on-a-c.mp4,04_Carrying,caramel,"A woman walking toward the camera on a city sidewalk, framed from chin to knee, the bag on her forearm at hip height, long camel coat and jeans. Overcast day, blurred storefront behind, off-centre framing. Her face is out of the frame, cropped away by the top edge of the picture, and she is not holding a phone; someone else is filming her.",chest,front,medium,walking camera,sidewalk,overcast daylight,front,carried on forearm,walking toward camera,8.0,omni-flash-preview,keyframes/COL-031/v1.png,"Use the attached product photos ONLY as the reference for the bag's shape, proportions, materials, colours, stitching and hardware. Do NOT copy their lighting, plain background, clean edges or catalogue look; those are studio images and the picture you produce must not resemble one. Create the following real photograph instead.

A woman walking toward the camera on a city sidewalk, framed from chin to knee, the bag on her forearm at hip height, long camel coat and jeans. Overcast day, blurred storefront behind, off-centre framing. Her face is out of the frame, cropped away by the top edge of the picture, and she is not holding a phone; someone else is filming her. The woman in the scene is a woman in her early 30s with long dark brown hair, natural short nails and a thin gold ring.

PRODUCT TRUTH, follow exactly. The bag is an oatmeal greige brushed wool felt east west tote, about twice as wide as it is tall, softly structured and standing on its own, with a flat base. It measures about 50 centimetres wide, 26 centimetres tall and 18 centimetres deep, a wide low landscape shape, never boxy or square. The felt is smooth brushed felt with fine visible fibres, NOT knitted, no knit ribs, no yarn loops. Two wide vertical felt straps run down the front face from the top rim to the base. A slim warm cognac tan leather belt about half an inch wide crosses the front horizontally, passing through a felt loop on each vertical strap, and each of its two ends extends past the straps and curves outward and downward, hanging free, finished with a small round aged gold metal disc cap. The back face is identical. Two rolled top handles, one on the front and one on the back, wrapped in warm cognac tan leather on the grip with felt below, with a short handle drop so the bag hangs from the hand or forearm, never the shoulder. The top is open with no flap and no zipper. The side gussets are clean felt with a single vertical centre seam and nothing attached to them. The only metal on the bag is aged gold. There are no logos, no embossing, no lettering and no tags anywhere on the bag.

CRITICAL RENDERING INSTRUCTION. This is a single frame from a real video casually shot on an iPhone 15 Pro by an ordinary person, handheld, with no lighting equipment, no tripod and no styling. It is NOT a 3D render, NOT CGI, NOT a product visualisation, NOT a catalogue or commercial photograph, NOT retouched, NOT studio lit. Photographic evidence that must be present: visible sensor noise through the shadows, highlights slightly blown where the light source hits, mild chromatic aberration on contrast edges, phone sharpening, focus slightly imperfect, a trace of handheld motion blur, and framing that is a little crooked and off centre the way a real snapshot is. One dominant available light source with mixed colour temperature and uneven exposure. The wool felt shows individual brushed fibres and small lint, the leather trim is softly creased where it has been handled, ordinary dust and fingerprints exist. The setting is a real lived in place with ordinary clutter, not a set. Any human skin shows real texture and pores, never retouched, and no face is visible. Any laptop or phone in the scene is plain matte dark grey with no logo. No on screen text, no captions, no lettering, no signage, no graphics, no watermarks and no other branded products anywhere. Vertical 9:16 portrait framing.","She walks toward the camera at a relaxed pace, the bag swinging gently on her forearm, the camera walking backward with natural footstep bounce.","walking shots are only 7% of organic bag videos, an outdoor opportunity shot",7,7,7,7,7,6,7,7,6,7,6.8,False,False,False,False,False,False,False,PASS,"Bag maintains correct structure, materials, and hardware placement throughout the motion.",PASS,0-8,
COL-032,04_Carrying/COL-032-espresso-from-behind.mp4,04_Carrying,espresso,"From behind, a woman walking away down a tree-lined residential sidewalk carrying the bag by its handles in one hand so it swings near her knee, blazer and trousers, low golden light, long shadows.",chest,behind subject,full body,walking camera,sidewalk,golden hour,back,carried in hand,walking away,8.0,omni-flash-preview,keyframes/COL-032/v1.png,"Use the attached product photos ONLY as the reference for the bag's shape, proportions, materials, colours, stitching and hardware. Do NOT copy their lighting, plain background, clean edges or catalogue look; those are studio images and the picture you produce must not resemble one. Create the following real photograph instead.

From behind, a woman walking away down a tree-lined residential sidewalk carrying the bag by its handles in one hand so it swings near her knee, blazer and trousers, low golden light, long shadows. The woman in the scene is a woman in her mid 30s with dark blonde waves and a gold chain bracelet.

PRODUCT TRUTH, follow exactly. The bag is an oatmeal greige brushed wool felt east west tote, about twice as wide as it is tall, softly structured and standing on its own, with a flat base. It measures about 50 centimetres wide, 26 centimetres tall and 18 centimetres deep, a wide low landscape shape, never boxy or square. The felt is smooth brushed felt with fine visible fibres, NOT knitted, no knit ribs, no yarn loops. Two wide vertical felt straps run down the front face from the top rim to the base. A slim dark espresso brown leather belt about half an inch wide crosses the front horizontally, passing through a felt loop on each vertical strap, and each of its two ends extends past the straps and curves outward and downward, hanging free, finished with a small round aged gold metal disc cap. The back face is identical. Two rolled top handles, one on the front and one on the back, wrapped in dark espresso brown leather on the grip with felt below, with a short handle drop so the bag hangs from the hand or forearm, never the shoulder. The top is open with no flap and no zipper. The side gussets are clean felt with a single vertical centre seam and nothing attached to them. The only metal on the bag is aged gold. There are no logos, no embossing, no lettering and no tags anywhere on the bag.

CRITICAL RENDERING INSTRUCTION. This is a single frame from a real video casually shot on an iPhone 15 Pro by an ordinary person, handheld, with no lighting equipment, no tripod and no styling. It is NOT a 3D render, NOT CGI, NOT a product visualisation, NOT a catalogue or commercial photograph, NOT retouched, NOT studio lit. Photographic evidence that must be present: visible sensor noise through the shadows, highlights slightly blown where the light source hits, mild chromatic aberration on contrast edges, phone sharpening, focus slightly imperfect, a trace of handheld motion blur, and framing that is a little crooked and off centre the way a real snapshot is. One dominant available light source with mixed colour temperature and uneven exposure. The wool felt shows individual brushed fibres and small lint, the leather trim is softly creased where it has been handled, ordinary dust and fingerprints exist. The setting is a real lived in place with ordinary clutter, not a set. Any human skin shows real texture and pores, never retouched, and no face is visible. Any laptop or phone in the scene is plain matte dark grey with no logo. No on screen text, no captions, no lettering, no signage, no graphics, no watermarks and no other branded products anywhere. Vertical 9:16 portrait framing.","She keeps walking away from the camera, the bag swinging with her stride, handheld follow with footstep bounce.","back-view walking, no face",7,7,7,7,7,7,7,7,6,7,6.9,False,False,False,False,False,False,False,PASS,Bag construction and materials match references with natural motion.,PASS,0-8,
COL-033,04_Carrying/COL-033-caramel-side-view-of-a-woman-walking-past-browns.mp4,04_Carrying,caramel,"Side view of a woman walking past brownstone steps, the bag on her forearm, trench coat, framed from shoulder to knee. Grey daylight, wet pavement. Her face is out of the frame, cropped away by the top edge of the picture, and she is not holding a phone; someone else is filming her.",waist,side profile,medium,tracking,sidewalk,overcast daylight,right side,carried on forearm,walking past,8.0,omni-flash-preview,keyframes/COL-033/v1.png,"Use the attached product photos ONLY as the reference for the bag's shape, proportions, materials, colours, stitching and hardware. Do NOT copy their lighting, plain background, clean edges or catalogue look; those are studio images and the picture you produce must not resemble one. Create the following real photograph instead.

Side view of a woman walking past brownstone steps, the bag on her forearm, trench coat, framed from shoulder to knee. Grey daylight, wet pavement. Her face is out of the frame, cropped away by the top edge of the picture, and she is not holding a phone; someone else is filming her. The woman in the scene is a woman in her 40s with auburn shoulder-length hair and a few freckles on her hands.

PRODUCT TRUTH, follow exactly. The bag is an oatmeal greige brushed wool felt east west tote, about twice as wide as it is tall, softly structured and standing on its own, with a flat base. It measures about 50 centimetres wide, 26 centimetres tall and 18 centimetres deep, a wide low landscape shape, never boxy or square. The felt is smooth brushed felt with fine visible fibres, NOT knitted, no knit ribs, no yarn loops. Two wide vertical felt straps run down the front face from the top rim to the base. A slim warm cognac tan leather belt about half an inch wide crosses the front horizontally, passing through a felt loop on each vertical strap, and each of its two ends extends past the straps and curves outward and downward, hanging free, finished with a small round aged gold metal disc cap. The back face is identical. Two rolled top handles, one on the front and one on the back, wrapped in warm cognac tan leather on the grip with felt below, with a short handle drop so the bag hangs from the hand or forearm, never the shoulder. The top is open with no flap and no zipper. The side gussets are clean felt with a single vertical centre seam and nothing attached to them. The only metal on the bag is aged gold. There are no logos, no embossing, no lettering and no tags anywhere on the bag.

CRITICAL RENDERING INSTRUCTION. This is a single frame from a real video casually shot on an iPhone 15 Pro by an ordinary person, handheld, with no lighting equipment, no tripod and no styling. It is NOT a 3D render, NOT CGI, NOT a product visualisation, NOT a catalogue or commercial photograph, NOT retouched, NOT studio lit. Photographic evidence that must be present: visible sensor noise through the shadows, highlights slightly blown where the light source hits, mild chromatic aberration on contrast edges, phone sharpening, focus slightly imperfect, a trace of handheld motion blur, and framing that is a little crooked and off centre the way a real snapshot is. One dominant available light source with mixed colour temperature and uneven exposure. The wool felt shows individual brushed fibres and small lint, the leather trim is softly creased where it has been handled, ordinary dust and fingerprints exist. The setting is a real lived in place with ordinary clutter, not a set. Any human skin shows real texture and pores, never retouched, and no face is visible. Any laptop or phone in the scene is plain matte dark grey with no logo. No on screen text, no captions, no lettering, no signage, no graphics, no watermarks and no other branded products anywhere. Vertical 9:16 portrait framing.","She walks past the camera left to right, the bag moving with her arm, handheld pan following her with a slight lag.","side-profile walk, rare orientation",7,7,7,7,7,6,7,6,5,7,6.6,False,False,False,False,False,False,False,PASS,"Bag maintains correct structure, hardware, and material consistency throughout the motion.",PASS,0-8,
COL-034,04_Carrying/COL-034-caramel-a-woman-standing-naturally-by-her-front-.mp4,04_Carrying,caramel,"A woman standing naturally by her front door with the bag on her forearm, one hand in her coat pocket, framed from the shoulders down. Cool daylight from the door glass, a shoe rack beside her. Her face is out of the frame, cropped away by the top edge of the picture, and she is not holding a phone; someone else is filming her.",chest,front,medium,handheld,hallway,window light,front,carried on forearm,standing,8.0,omni-flash-preview,keyframes/COL-034/v1.png,"Use the attached product photos ONLY as the reference for the bag's shape, proportions, materials, colours, stitching and hardware. Do NOT copy their lighting, plain background, clean edges or catalogue look; those are studio images and the picture you produce must not resemble one. Create the following real photograph instead.

A woman standing naturally by her front door with the bag on her forearm, one hand in her coat pocket, framed from the shoulders down. Cool daylight from the door glass, a shoe rack beside her. Her face is out of the frame, cropped away by the top edge of the picture, and she is not holding a phone; someone else is filming her. The woman in the scene is a woman in her 50s with silver-blonde hair pulled back and a simple gold wedding band.

PRODUCT TRUTH, follow exactly. The bag is an oatmeal greige brushed wool felt east west tote, about twice as wide as it is tall, softly structured and standing on its own, with a flat base. It measures about 50 centimetres wide, 26 centimetres tall and 18 centimetres deep, a wide low landscape shape, never boxy or square. The felt is smooth brushed felt with fine visible fibres, NOT knitted, no knit ribs, no yarn loops. Two wide vertical felt straps run down the front face from the top rim to the base. A slim warm cognac tan leather belt about half an inch wide crosses the front horizontally, passing through a felt loop on each vertical strap, and each of its two ends extends past the straps and curves outward and downward, hanging free, finished with a small round aged gold metal disc cap. The back face is identical. Two rolled top handles, one on the front and one on the back, wrapped in warm cognac tan leather on the grip with felt below, with a short handle drop so the bag hangs from the hand or forearm, never the shoulder. The top is open with no flap and no zipper. The side gussets are clean felt with a single vertical centre seam and nothing attached to them. The only metal on the bag is aged gold. There are no logos, no embossing, no lettering and no tags anywhere on the bag.

CRITICAL RENDERING INSTRUCTION. This is a single frame from a real video casually shot on an iPhone 15 Pro by an ordinary person, handheld, with no lighting equipment, no tripod and no styling. It is NOT a 3D render, NOT CGI, NOT a product visualisation, NOT a catalogue or commercial photograph, NOT retouched, NOT studio lit. Photographic evidence that must be present: visible sensor noise through the shadows, highlights slightly blown where the light source hits, mild chromatic aberration on contrast edges, phone sharpening, focus slightly imperfect, a trace of handheld motion blur, and framing that is a little crooked and off centre the way a real snapshot is. One dominant available light source with mixed colour temperature and uneven exposure. The wool felt shows individual brushed fibres and small lint, the leather trim is softly creased where it has been handled, ordinary dust and fingerprints exist. The setting is a real lived in place with ordinary clutter, not a set. Any human skin shows real texture and pores, never retouched, and no face is visible. Any laptop or phone in the scene is plain matte dark grey with no logo. No on screen text, no captions, no lettering, no signage, no graphics, no watermarks and no other branded products anywhere. Vertical 9:16 portrait framing.","She shifts her weight from one foot to the other and the bag moves slightly with her arm, tiny natural motions. Handheld sway.","standing carry, chest-height front framing (the dominant framing)",7,7,7,7,7,7,7,7,6,7,6.9,False,False,False,False,False,False,False,PASS,Accurate product structure and materials maintained throughout with natural UGC mirror-selfie styling.,PASS,0-8,
COL-035,04_Carrying/COL-035-espresso-a-woman-holding-a-paper-coffee-cup-in-on.mp4,04_Carrying,espresso,"A woman holding a paper coffee cup in one hand with the bag hanging from the same forearm, framed chest to hip, cream knit and dark jeans. Sidewalk, overcast, blurred cafe window behind. Her face is out of the frame, cropped away by the top edge of the picture, and she is not holding a phone; someone else is filming her.",chest,front,medium,handheld,sidewalk,overcast daylight,front,carried on forearm,holding coffee,5.0,omni-flash-preview,keyframes/COL-035/v1.png,"Use the attached product photos ONLY as the reference for the bag's shape, proportions, materials, colours, stitching and hardware. Do NOT copy their lighting, plain background, clean edges or catalogue look; those are studio images and the picture you produce must not resemble one. Create the following real photograph instead.

A woman holding a paper coffee cup in one hand with the bag hanging from the same forearm, framed chest to hip, cream knit and dark jeans. Sidewalk, overcast, blurred cafe window behind. Her face is out of the frame, cropped away by the top edge of the picture, and she is not holding a phone; someone else is filming her. The woman in the scene is a woman in her late 20s with a blonde bob, pale skin and a silver watch.

PRODUCT TRUTH, follow exactly. The bag is an oatmeal greige brushed wool felt east west tote, about twice as wide as it is tall, softly structured and standing on its own, with a flat base. It measures about 50 centimetres wide, 26 centimetres tall and 18 centimetres deep, a wide low landscape shape, never boxy or square. The felt is smooth brushed felt with fine visible fibres, NOT knitted, no knit ribs, no yarn loops. Two wide vertical felt straps run down the front face from the top rim to the base. A slim dark espresso brown leather belt about half an inch wide crosses the front horizontally, passing through a felt loop on each vertical strap, and each of its two ends extends past the straps and curves outward and downward, hanging free, finished with a small round aged gold metal disc cap. The back face is identical. Two rolled top handles, one on the front and one on the back, wrapped in dark espresso brown leather on the grip with felt below, with a short handle drop so the bag hangs from the hand or forearm, never the shoulder. The top is open with no flap and no zipper. The side gussets are clean felt with a single vertical centre seam and nothing attached to them. The only metal on the bag is aged gold. There are no logos, no embossing, no lettering and no tags anywhere on the bag.

CRITICAL RENDERING INSTRUCTION. This is a single frame from a real video casually shot on an iPhone 15 Pro by an ordinary person, handheld, with no lighting equipment, no tripod and no styling. It is NOT a 3D render, NOT CGI, NOT a product visualisation, NOT a catalogue or commercial photograph, NOT retouched, NOT studio lit. Photographic evidence that must be present: visible sensor noise through the shadows, highlights slightly blown where the light source hits, mild chromatic aberration on contrast edges, phone sharpening, focus slightly imperfect, a trace of handheld motion blur, and framing that is a little crooked and off centre the way a real snapshot is. One dominant available light source with mixed colour temperature and uneven exposure. The wool felt shows individual brushed fibres and small lint, the leather trim is softly creased where it has been handled, ordinary dust and fingerprints exist. The setting is a real lived in place with ordinary clutter, not a set. Any human skin shows real texture and pores, never retouched, and no face is visible. Any laptop or phone in the scene is plain matte dark grey with no logo. No on screen text, no captions, no lettering, no signage, no graphics, no watermarks and no other branded products anywhere. Vertical 9:16 portrait framing.","She lifts the coffee cup slightly and the bag sways on her forearm, then she starts to turn. Handheld shake.",coffee-run carry,7,7,7,7,7,7,7,7,6,7,6.9,False,False,False,False,False,False,False,PASS,"Bag structure, materials, and hardware details accurately match the reference throughout the clip.",PASS,0-5,
COL-036,04_Carrying/COL-036-caramel-a-young-woman-coming-down-the-wooden-sta.mp4,04_Carrying,caramel,"A young woman coming down the wooden stairs inside her apartment carrying the bag in her hand, framed from waist to feet, white sneakers, daylight from a landing window. Her face is out of the frame, cropped away by the top edge of the picture, and she is not holding a phone; someone else is filming her.",waist,front,medium,handheld,apartment other,window light,front,carried in hand,coming down stairs,7.0,omni-flash-preview,keyframes/COL-036/v1.png,"Use the attached product photos ONLY as the reference for the bag's shape, proportions, materials, colours, stitching and hardware. Do NOT copy their lighting, plain background, clean edges or catalogue look; those are studio images and the picture you produce must not resemble one. Create the following real photograph instead.

A young woman coming down the wooden stairs inside her apartment carrying the bag in her hand, framed from waist to feet, white sneakers, daylight from a landing window. Her face is out of the frame, cropped away by the top edge of the picture, and she is not holding a phone; someone else is filming her. The woman in the scene is a woman in her mid 20s with a light brown ponytail and a claw clip, no jewellery.

PRODUCT TRUTH, follow exactly. The bag is an oatmeal greige brushed wool felt east west tote, about twice as wide as it is tall, softly structured and standing on its own, with a flat base. It measures about 50 centimetres wide, 26 centimetres tall and 18 centimetres deep, a wide low landscape shape, never boxy or square. The felt is smooth brushed felt with fine visible fibres, NOT knitted, no knit ribs, no yarn loops. Two wide vertical felt straps run down the front face from the top rim to the base. A slim warm cognac tan leather belt about half an inch wide crosses the front horizontally, passing through a felt loop on each vertical strap, and each of its two ends extends past the straps and curves outward and downward, hanging free, finished with a small round aged gold metal disc cap. The back face is identical. Two rolled top handles, one on the front and one on the back, wrapped in warm cognac tan leather on the grip with felt below, with a short handle drop so the bag hangs from the hand or forearm, never the shoulder. The top is open with no flap and no zipper. The side gussets are clean felt with a single vertical centre seam and nothing attached to them. The only metal on the bag is aged gold. There are no logos, no embossing, no lettering and no tags anywhere on the bag.

CRITICAL RENDERING INSTRUCTION. This is a single frame from a real video casually shot on an iPhone 15 Pro by an ordinary person, handheld, with no lighting equipment, no tripod and no styling. It is NOT a 3D render, NOT CGI, NOT a product visualisation, NOT a catalogue or commercial photograph, NOT retouched, NOT studio lit. Photographic evidence that must be present: visible sensor noise through the shadows, highlights slightly blown where the light source hits, mild chromatic aberration on contrast edges, phone sharpening, focus slightly imperfect, a trace of handheld motion blur, and framing that is a little crooked and off centre the way a real snapshot is. One dominant available light source with mixed colour temperature and uneven exposure. The wool felt shows individual brushed fibres and small lint, the leather trim is softly creased where it has been handled, ordinary dust and fingerprints exist. The setting is a real lived in place with ordinary clutter, not a set. Any human skin shows real texture and pores, never retouched, and no face is visible. Any laptop or phone in the scene is plain matte dark grey with no logo. No on screen text, no captions, no lettering, no signage, no graphics, no watermarks and no other branded products anywhere. Vertical 9:16 portrait framing.","She comes down the last steps toward the camera, the bag swinging in her hand, handheld tilt following her feet.","in-home movement, stairs",7,7,7,7,7,7,7,7,6,7,6.9,False,False,False,False,False,False,False,PASS,The bag accurately matches the reference design with consistent structure and natural motion.,PASS,0-7,
COL-037,04_Carrying/COL-037-caramel-a-woman-waiting-at-a-crosswalk-with-the-.mp4,04_Carrying,caramel,"A woman waiting at a crosswalk with the bag on her forearm, framed shoulders down, blazer, a blurred taxi passing behind. Flat grey daylight, off-centre. Her face is out of the frame, cropped away by the top edge of the picture, and she is not holding a phone; someone else is filming her.",chest,front,medium,handheld,sidewalk,overcast daylight,front,carried on forearm,waiting at crosswalk,8.0,omni-flash-preview,keyframes/COL-037/v1.png,"Use the attached product photos ONLY as the reference for the bag's shape, proportions, materials, colours, stitching and hardware. Do NOT copy their lighting, plain background, clean edges or catalogue look; those are studio images and the picture you produce must not resemble one. Create the following real photograph instead.

A woman waiting at a crosswalk with the bag on her forearm, framed shoulders down, blazer, a blurred taxi passing behind. Flat grey daylight, off-centre. Her face is out of the frame, cropped away by the top edge of the picture, and she is not holding a phone; someone else is filming her. The woman in the scene is a woman in her mid 30s with dark blonde waves and a gold chain bracelet.

PRODUCT TRUTH, follow exactly. The bag is an oatmeal greige brushed wool felt east west tote, about twice as wide as it is tall, softly structured and standing on its own, with a flat base. It measures about 50 centimetres wide, 26 centimetres tall and 18 centimetres deep, a wide low landscape shape, never boxy or square. The felt is smooth brushed felt with fine visible fibres, NOT knitted, no knit ribs, no yarn loops. Two wide vertical felt straps run down the front face from the top rim to the base. A slim warm cognac tan leather belt about half an inch wide crosses the front horizontally, passing through a felt loop on each vertical strap, and each of its two ends extends past the straps and curves outward and downward, hanging free, finished with a small round aged gold metal disc cap. The back face is identical. Two rolled top handles, one on the front and one on the back, wrapped in warm cognac tan leather on the grip with felt below, with a short handle drop so the bag hangs from the hand or forearm, never the shoulder. The top is open with no flap and no zipper. The side gussets are clean felt with a single vertical centre seam and nothing attached to them. The only metal on the bag is aged gold. There are no logos, no embossing, no lettering and no tags anywhere on the bag.

CRITICAL RENDERING INSTRUCTION. This is a single frame from a real video casually shot on an iPhone 15 Pro by an ordinary person, handheld, with no lighting equipment, no tripod and no styling. It is NOT a 3D render, NOT CGI, NOT a product visualisation, NOT a catalogue or commercial photograph, NOT retouched, NOT studio lit. Photographic evidence that must be present: visible sensor noise through the shadows, highlights slightly blown where the light source hits, mild chromatic aberration on contrast edges, phone sharpening, focus slightly imperfect, a trace of handheld motion blur, and framing that is a little crooked and off centre the way a real snapshot is. One dominant available light source with mixed colour temperature and uneven exposure. The wool felt shows individual brushed fibres and small lint, the leather trim is softly creased where it has been handled, ordinary dust and fingerprints exist. The setting is a real lived in place with ordinary clutter, not a set. Any human skin shows real texture and pores, never retouched, and no face is visible. Any laptop or phone in the scene is plain matte dark grey with no logo. No on screen text, no captions, no lettering, no signage, no graphics, no watermarks and no other branded products anywhere. Vertical 9:16 portrait framing.","She waits, glances down at her phone, the bag resting against her hip, a car passes behind. Handheld shake.",street pause,7,7,7,7,7,6,7,7,5,7,6.7,False,False,False,False,False,False,False,PASS,Accurate product construction and stable rendering across the clip.,PASS,0-8,
COL-038,04_Carrying/COL-038-espresso-a-woman-holding-the-bag-by-both-handles-.mp4,04_Carrying,espresso,"A woman holding the bag by both handles in one hand at knee height, standing in her living room in a leather jacket, framed from the waist down, a rug and a plant behind. Her face is out of the frame, cropped away by the top edge of the picture, and she is not holding a phone; someone else is filming her.",waist,front,medium,handheld,living room,window light,front,carried in hand,holding both handles low,8.0,omni-flash-preview,keyframes/COL-038/v1.png,"Use the attached product photos ONLY as the reference for the bag's shape, proportions, materials, colours, stitching and hardware. Do NOT copy their lighting, plain background, clean edges or catalogue look; those are studio images and the picture you produce must not resemble one. Create the following real photograph instead.

A woman holding the bag by both handles in one hand at knee height, standing in her living room in a leather jacket, framed from the waist down, a rug and a plant behind. Her face is out of the frame, cropped away by the top edge of the picture, and she is not holding a phone; someone else is filming her. The woman in the scene is a woman around 30 with curly red hair and short dark painted nails.

PRODUCT TRUTH, follow exactly. The bag is an oatmeal greige brushed wool felt east west tote, about twice as wide as it is tall, softly structured and standing on its own, with a flat base. It measures about 50 centimetres wide, 26 centimetres tall and 18 centimetres deep, a wide low landscape shape, never boxy or square. The felt is smooth brushed felt with fine visible fibres, NOT knitted, no knit ribs, no yarn loops. Two wide vertical felt straps run down the front face from the top rim to the base. A slim dark espresso brown leather belt about half an inch wide crosses the front horizontally, passing through a felt loop on each vertical strap, and each of its two ends extends past the straps and curves outward and downward, hanging free, finished with a small round aged gold metal disc cap. The back face is identical. Two rolled top handles, one on the front and one on the back, wrapped in dark espresso brown leather on the grip with felt below, with a short handle drop so the bag hangs from the hand or forearm, never the shoulder. The top is open with no flap and no zipper. The side gussets are clean felt with a single vertical centre seam and nothing attached to them. The only metal on the bag is aged gold. There are no logos, no embossing, no lettering and no tags anywhere on the bag.

CRITICAL RENDERING INSTRUCTION. This is a single frame from a real video casually shot on an iPhone 15 Pro by an ordinary person, handheld, with no lighting equipment, no tripod and no styling. It is NOT a 3D render, NOT CGI, NOT a product visualisation, NOT a catalogue or commercial photograph, NOT retouched, NOT studio lit. Photographic evidence that must be present: visible sensor noise through the shadows, highlights slightly blown where the light source hits, mild chromatic aberration on contrast edges, phone sharpening, focus slightly imperfect, a trace of handheld motion blur, and framing that is a little crooked and off centre the way a real snapshot is. One dominant available light source with mixed colour temperature and uneven exposure. The wool felt shows individual brushed fibres and small lint, the leather trim is softly creased where it has been handled, ordinary dust and fingerprints exist. The setting is a real lived in place with ordinary clutter, not a set. Any human skin shows real texture and pores, never retouched, and no face is visible. Any laptop or phone in the scene is plain matte dark grey with no logo. No on screen text, no captions, no lettering, no signage, no graphics, no watermarks and no other branded products anywhere. Vertical 9:16 portrait framing.","She swings the bag gently by the handles once, then lifts it. Handheld.",low hand carry,7,7,7,7,7,7,7,6,5,7,6.7,False,False,False,False,False,False,False,PASS,The bag matches reference specifications accurately with stable construction and realistic handling throughout.,PASS,0-8,
COL-039,04_Carrying/COL-039-caramel-an-older-woman-standing-on-a-house-porch.mp4,04_Carrying,caramel,"An older woman standing on a house porch with the bag on her forearm, framed from the shoulders down, oatmeal cardigan, a front door and a doormat behind her. Soft overcast light. Her face is out of the frame, cropped away by the top edge of the picture, and she is not holding a phone; someone else is filming her.",chest,front,medium,handheld,outdoors other,overcast daylight,front,carried on forearm,standing on porch,8.0,omni-flash-preview,keyframes/COL-039/v1.png,"Use the attached product photos ONLY as the reference for the bag's shape, proportions, materials, colours, stitching and hardware. Do NOT copy their lighting, plain background, clean edges or catalogue look; those are studio images and the picture you produce must not resemble one. Create the following real photograph instead.

An older woman standing on a house porch with the bag on her forearm, framed from the shoulders down, oatmeal cardigan, a front door and a doormat behind her. Soft overcast light. Her face is out of the frame, cropped away by the top edge of the picture, and she is not holding a phone; someone else is filming her. The woman in the scene is a woman in her 60s with a silver bob and soft weathered hands.

PRODUCT TRUTH, follow exactly. The bag is an oatmeal greige brushed wool felt east west tote, about twice as wide as it is tall, softly structured and standing on its own, with a flat base. It measures about 50 centimetres wide, 26 centimetres tall and 18 centimetres deep, a wide low landscape shape, never boxy or square. The felt is smooth brushed felt with fine visible fibres, NOT knitted, no knit ribs, no yarn loops. Two wide vertical felt straps run down the front face from the top rim to the base. A slim warm cognac tan leather belt about half an inch wide crosses the front horizontally, passing through a felt loop on each vertical strap, and each of its two ends extends past the straps and curves outward and downward, hanging free, finished with a small round aged gold metal disc cap. The back face is identical. Two rolled top handles, one on the front and one on the back, wrapped in warm cognac tan leather on the grip with felt below, with a short handle drop so the bag hangs from the hand or forearm, never the shoulder. The top is open with no flap and no zipper. The side gussets are clean felt with a single vertical centre seam and nothing attached to them. The only metal on the bag is aged gold. There are no logos, no embossing, no lettering and no tags anywhere on the bag.

CRITICAL RENDERING INSTRUCTION. This is a single frame from a real video casually shot on an iPhone 15 Pro by an ordinary person, handheld, with no lighting equipment, no tripod and no styling. It is NOT a 3D render, NOT CGI, NOT a product visualisation, NOT a catalogue or commercial photograph, NOT retouched, NOT studio lit. Photographic evidence that must be present: visible sensor noise through the shadows, highlights slightly blown where the light source hits, mild chromatic aberration on contrast edges, phone sharpening, focus slightly imperfect, a trace of handheld motion blur, and framing that is a little crooked and off centre the way a real snapshot is. One dominant available light source with mixed colour temperature and uneven exposure. The wool felt shows individual brushed fibres and small lint, the leather trim is softly creased where it has been handled, ordinary dust and fingerprints exist. The setting is a real lived in place with ordinary clutter, not a set. Any human skin shows real texture and pores, never retouched, and no face is visible. Any laptop or phone in the scene is plain matte dark grey with no logo. No on screen text, no captions, no lettering, no signage, no graphics, no watermarks and no other branded products anywhere. Vertical 9:16 portrait framing.",She adjusts the bag on her arm and steps forward slightly. Handheld.,"doorstep moment, older creator",6,5,7,7,7,6,6,5,6,5,6.0,False,True,True,False,True,False,False,FAIL,The left leather belt end and gold disc cap are missing at the start and morph into view mid-clip.,PASS,0-8,"accepted deviation on record: left disc cap is cropped by the frame edge for the first second, not missing"
COL-040,04_Carrying/COL-040-caramel-a-woman-walking-through-an-interior-door.mp4,04_Carrying,caramel,"A woman walking through an interior doorway toward the camera carrying the bag in her hand, framed from the chin down, camel coat half on. Daylight from the room beyond. Her face is out of the frame, cropped away by the top edge of the picture, and she is not holding a phone; someone else is filming her.",chest,front,medium,handheld,apartment other,window light,three-quarter,carried in hand,walking through doorway,6.0,omni-flash-preview,keyframes/COL-040/v1.png,"Use the attached product photos ONLY as the reference for the bag's shape, proportions, materials, colours, stitching and hardware. Do NOT copy their lighting, plain background, clean edges or catalogue look; those are studio images and the picture you produce must not resemble one. Create the following real photograph instead.

A woman walking through an interior doorway toward the camera carrying the bag in her hand, framed from the chin down, camel coat half on. Daylight from the room beyond. Her face is out of the frame, cropped away by the top edge of the picture, and she is not holding a phone; someone else is filming her. The woman in the scene is a woman in her early 30s with long dark brown hair, natural short nails and a thin gold ring.

PRODUCT TRUTH, follow exactly. The bag is an oatmeal greige brushed wool felt east west tote, about twice as wide as it is tall, softly structured and standing on its own, with a flat base. It measures about 50 centimetres wide, 26 centimetres tall and 18 centimetres deep, a wide low landscape shape, never boxy or square. The felt is smooth brushed felt with fine visible fibres, NOT knitted, no knit ribs, no yarn loops. Two wide vertical felt straps run down the front face from the top rim to the base. A slim warm cognac tan leather belt about half an inch wide crosses the front horizontally, passing through a felt loop on each vertical strap, and each of its two ends extends past the straps and curves outward and downward, hanging free, finished with a small round aged gold metal disc cap. The back face is identical. Two rolled top handles, one on the front and one on the back, wrapped in warm cognac tan leather on the grip with felt below, with a short handle drop so the bag hangs from the hand or forearm, never the shoulder. The top is open with no flap and no zipper. The side gussets are clean felt with a single vertical centre seam and nothing attached to them. The only metal on the bag is aged gold. There are no logos, no embossing, no lettering and no tags anywhere on the bag.

CRITICAL RENDERING INSTRUCTION. This is a single frame from a real video casually shot on an iPhone 15 Pro by an ordinary person, handheld, with no lighting equipment, no tripod and no styling. It is NOT a 3D render, NOT CGI, NOT a product visualisation, NOT a catalogue or commercial photograph, NOT retouched, NOT studio lit. Photographic evidence that must be present: visible sensor noise through the shadows, highlights slightly blown where the light source hits, mild chromatic aberration on contrast edges, phone sharpening, focus slightly imperfect, a trace of handheld motion blur, and framing that is a little crooked and off centre the way a real snapshot is. One dominant available light source with mixed colour temperature and uneven exposure. The wool felt shows individual brushed fibres and small lint, the leather trim is softly creased where it has been handled, ordinary dust and fingerprints exist. The setting is a real lived in place with ordinary clutter, not a set. Any human skin shows real texture and pores, never retouched, and no face is visible. Any laptop or phone in the scene is plain matte dark grey with no logo. No on screen text, no captions, no lettering, no signage, no graphics, no watermarks and no other branded products anywhere. Vertical 9:16 portrait framing.","She walks through the doorway and past the camera, the bag swinging. Handheld with a slight pan to follow.",in-home walking,7,7,7,7,7,7,7,7,6,7,6.9,False,False,False,False,False,False,False,PASS,"Accurate construction, materials, and hardware matching ground truth throughout natural movement.",PASS,0-6,
COL-041,05_Mirror/COL-041-caramel-a-woman-filming-herself-full-length-in-a.mp4,05_Mirror,caramel,"A woman filming herself full length in a bedroom mirror, phone covering her face, the bag on her forearm at hip height, long camel coat, grey knit and jeans. Unmade bed and clothes on a chair reflected. Morning window light, slightly underexposed.",chest,front,full body,mirror filming,bedroom,window light,front,carried on forearm,outfit check,8.0,omni-flash-preview,keyframes/COL-041/v1.png,"Use the attached product photos ONLY as the reference for the bag's shape, proportions, materials, colours, stitching and hardware. Do NOT copy their lighting, plain background, clean edges or catalogue look; those are studio images and the picture you produce must not resemble one. Create the following real photograph instead.

A woman filming herself full length in a bedroom mirror, phone covering her face, the bag on her forearm at hip height, long camel coat, grey knit and jeans. Unmade bed and clothes on a chair reflected. Morning window light, slightly underexposed. The woman in the scene is a woman in her early 30s with long dark brown hair, natural short nails and a thin gold ring.

PRODUCT TRUTH, follow exactly. The bag is an oatmeal greige brushed wool felt east west tote, about twice as wide as it is tall, softly structured and standing on its own, with a flat base. It measures about 50 centimetres wide, 26 centimetres tall and 18 centimetres deep, a wide low landscape shape, never boxy or square. The felt is smooth brushed felt with fine visible fibres, NOT knitted, no knit ribs, no yarn loops. Two wide vertical felt straps run down the front face from the top rim to the base. A slim warm cognac tan leather belt about half an inch wide crosses the front horizontally, passing through a felt loop on each vertical strap, and each of its two ends extends past the straps and curves outward and downward, hanging free, finished with a small round aged gold metal disc cap. The back face is identical. Two rolled top handles, one on the front and one on the back, wrapped in warm cognac tan leather on the grip with felt below, with a short handle drop so the bag hangs from the hand or forearm, never the shoulder. The top is open with no flap and no zipper. The side gussets are clean felt with a single vertical centre seam and nothing attached to them. The only metal on the bag is aged gold. There are no logos, no embossing, no lettering and no tags anywhere on the bag.

CRITICAL RENDERING INSTRUCTION. This is a single frame from a real video casually shot on an iPhone 15 Pro by an ordinary person, handheld, with no lighting equipment, no tripod and no styling. It is NOT a 3D render, NOT CGI, NOT a product visualisation, NOT a catalogue or commercial photograph, NOT retouched, NOT studio lit. Photographic evidence that must be present: visible sensor noise through the shadows, highlights slightly blown where the light source hits, mild chromatic aberration on contrast edges, phone sharpening, focus slightly imperfect, a trace of handheld motion blur, and framing that is a little crooked and off centre the way a real snapshot is. One dominant available light source with mixed colour temperature and uneven exposure. The wool felt shows individual brushed fibres and small lint, the leather trim is softly creased where it has been handled, ordinary dust and fingerprints exist. The setting is a real lived in place with ordinary clutter, not a set. Any human skin shows real texture and pores, never retouched, and no face is visible. Any laptop or phone in the scene is plain matte dark grey with no logo. No on screen text, no captions, no lettering, no signage, no graphics, no watermarks and no other branded products anywhere. Vertical 9:16 portrait framing.","She shifts her weight, tilts the bag slightly toward the mirror and lowers the phone a little, small natural sways. Mirror filming.",mirror footage in 8% of videos; the phone-over-face full body is the canonical outfit check,6,5,6,7,6,6,5,5,5,5,5.6,False,True,True,False,True,False,False,FAIL,The belt ends and gold disc hardware morph and vanish intermittently across the motion.,PASS,0-8,accepted deviation on record: sub-pixel flicker on the disc caps at full-body scale
COL-042,05_Mirror/COL-042-espresso-a-waist-up-mirror-selfie-in-a-bedroom.mp4,05_Mirror,espresso,"A waist-up mirror selfie in a bedroom, phone over the face, the bag held up on the forearm at chest height so its front fills the lower half of the frame, cream turtleneck. Window light, a plant reflected.",chest,front,medium,mirror filming,bedroom,window light,front,carried on forearm,waist-up check,8.0,omni-flash-preview,keyframes/COL-042/v1.png,"Use the attached product photos ONLY as the reference for the bag's shape, proportions, materials, colours, stitching and hardware. Do NOT copy their lighting, plain background, clean edges or catalogue look; those are studio images and the picture you produce must not resemble one. Create the following real photograph instead.

A waist-up mirror selfie in a bedroom, phone over the face, the bag held up on the forearm at chest height so its front fills the lower half of the frame, cream turtleneck. Window light, a plant reflected. The woman in the scene is a woman in her late 20s with a blonde bob, pale skin and a silver watch.

PRODUCT TRUTH, follow exactly. The bag is an oatmeal greige brushed wool felt east west tote, about twice as wide as it is tall, softly structured and standing on its own, with a flat base. It measures about 50 centimetres wide, 26 centimetres tall and 18 centimetres deep, a wide low landscape shape, never boxy or square. The felt is smooth brushed felt with fine visible fibres, NOT knitted, no knit ribs, no yarn loops. Two wide vertical felt straps run down the front face from the top rim to the base. A slim dark espresso brown leather belt about half an inch wide crosses the front horizontally, passing through a felt loop on each vertical strap, and each of its two ends extends past the straps and curves outward and downward, hanging free, finished with a small round aged gold metal disc cap. The back face is identical. Two rolled top handles, one on the front and one on the back, wrapped in dark espresso brown leather on the grip with felt below, with a short handle drop so the bag hangs from the hand or forearm, never the shoulder. The top is open with no flap and no zipper. The side gussets are clean felt with a single vertical centre seam and nothing attached to them. The only metal on the bag is aged gold. There are no logos, no embossing, no lettering and no tags anywhere on the bag.

CRITICAL RENDERING INSTRUCTION. This is a single frame from a real video casually shot on an iPhone 15 Pro by an ordinary person, handheld, with no lighting equipment, no tripod and no styling. It is NOT a 3D render, NOT CGI, NOT a product visualisation, NOT a catalogue or commercial photograph, NOT retouched, NOT studio lit. Photographic evidence that must be present: visible sensor noise through the shadows, highlights slightly blown where the light source hits, mild chromatic aberration on contrast edges, phone sharpening, focus slightly imperfect, a trace of handheld motion blur, and framing that is a little crooked and off centre the way a real snapshot is. One dominant available light source with mixed colour temperature and uneven exposure. The wool felt shows individual brushed fibres and small lint, the leather trim is softly creased where it has been handled, ordinary dust and fingerprints exist. The setting is a real lived in place with ordinary clutter, not a set. Any human skin shows real texture and pores, never retouched, and no face is visible. Any laptop or phone in the scene is plain matte dark grey with no logo. No on screen text, no captions, no lettering, no signage, no graphics, no watermarks and no other branded products anywhere. Vertical 9:16 portrait framing.","She raises the bag a little toward the mirror and turns it slightly, the phone steady. Mirror filming with small shake.",waist-up mirror composition,7,7,7,7,7,6,7,6,5,7,6.6,False,False,False,False,False,False,False,PASS,"Bag maintains consistent structure, correct materials, and accurate trim details across the sequence.",PASS,0-8,
COL-043,05_Mirror/COL-043-caramel-a-woman-walking-toward-a-full-length-hal.mp4,05_Mirror,caramel,"A woman walking toward a full-length hallway mirror, phone raised over her face, the bag on her forearm swinging, blazer and loafers. Warm hallway light, slightly blurred with motion.",chest,front,full body,mirror filming,hallway,warm indoor,front,carried on forearm,walking toward mirror,8.0,omni-flash-preview,keyframes/COL-043/v1.png,"Use the attached product photos ONLY as the reference for the bag's shape, proportions, materials, colours, stitching and hardware. Do NOT copy their lighting, plain background, clean edges or catalogue look; those are studio images and the picture you produce must not resemble one. Create the following real photograph instead.

A woman walking toward a full-length hallway mirror, phone raised over her face, the bag on her forearm swinging, blazer and loafers. Warm hallway light, slightly blurred with motion. The woman in the scene is a woman in her mid 30s with dark blonde waves and a gold chain bracelet.

PRODUCT TRUTH, follow exactly. The bag is an oatmeal greige brushed wool felt east west tote, about twice as wide as it is tall, softly structured and standing on its own, with a flat base. It measures about 50 centimetres wide, 26 centimetres tall and 18 centimetres deep, a wide low landscape shape, never boxy or square. The felt is smooth brushed felt with fine visible fibres, NOT knitted, no knit ribs, no yarn loops. Two wide vertical felt straps run down the front face from the top rim to the base. A slim warm cognac tan leather belt about half an inch wide crosses the front horizontally, passing through a felt loop on each vertical strap, and each of its two ends extends past the straps and curves outward and downward, hanging free, finished with a small round aged gold metal disc cap. The back face is identical. Two rolled top handles, one on the front and one on the back, wrapped in warm cognac tan leather on the grip with felt below, with a short handle drop so the bag hangs from the hand or forearm, never the shoulder. The top is open with no flap and no zipper. The side gussets are clean felt with a single vertical centre seam and nothing attached to them. The only metal on the bag is aged gold. There are no logos, no embossing, no lettering and no tags anywhere on the bag.

CRITICAL RENDERING INSTRUCTION. This is a single frame from a real video casually shot on an iPhone 15 Pro by an ordinary person, handheld, with no lighting equipment, no tripod and no styling. It is NOT a 3D render, NOT CGI, NOT a product visualisation, NOT a catalogue or commercial photograph, NOT retouched, NOT studio lit. Photographic evidence that must be present: visible sensor noise through the shadows, highlights slightly blown where the light source hits, mild chromatic aberration on contrast edges, phone sharpening, focus slightly imperfect, a trace of handheld motion blur, and framing that is a little crooked and off centre the way a real snapshot is. One dominant available light source with mixed colour temperature and uneven exposure. The wool felt shows individual brushed fibres and small lint, the leather trim is softly creased where it has been handled, ordinary dust and fingerprints exist. The setting is a real lived in place with ordinary clutter, not a set. Any human skin shows real texture and pores, never retouched, and no face is visible. Any laptop or phone in the scene is plain matte dark grey with no logo. No on screen text, no captions, no lettering, no signage, no graphics, no watermarks and no other branded products anywhere. Vertical 9:16 portrait framing.","She walks toward the mirror and stops, the bag settling on her arm, then leans on one hip. Mirror filming with walking bounce.",walking into the mirror shot,7,7,7,7,7,7,7,6,5,7,6.7,False,False,False,False,False,False,False,PASS,"The bag maintains accurate proportions, hardware, and materials throughout the clip with stable motion.",PASS,0-8,
COL-044,05_Mirror/COL-044-caramel-a-young-woman-in-a-walk-in-closet-filmin.mp4,05_Mirror,caramel,"A young woman in a walk-in closet filming in a mirrored door, phone over her face, the bag held by its handles at her side, athleisure set, rows of clothes reflected. Warm light.",chest,front,full body,mirror filming,closet,warm indoor,front,carried in hand,closet mirror,8.0,kenburns,keyframes/COL-044/v1.png,"Use the attached product photos ONLY as the reference for the bag's shape, proportions, materials, colours, stitching and hardware. Do NOT copy their lighting, plain background, clean edges or catalogue look; those are studio images and the picture you produce must not resemble one. Create the following real photograph instead.

A young woman in a walk-in closet filming in a mirrored door, phone over her face, the bag held by its handles at her side, athleisure set, rows of clothes reflected. Warm light. The woman in the scene is a woman in her mid 20s with a light brown ponytail and a claw clip, no jewellery.

PRODUCT TRUTH, follow exactly. The bag is an oatmeal greige brushed wool felt east west tote, about twice as wide as it is tall, softly structured and standing on its own, with a flat base. It measures about 50 centimetres wide, 26 centimetres tall and 18 centimetres deep, a wide low landscape shape, never boxy or square. The felt is smooth brushed felt with fine visible fibres, NOT knitted, no knit ribs, no yarn loops. Two wide vertical felt straps run down the front face from the top rim to the base. A slim warm cognac tan leather belt about half an inch wide crosses the front horizontally, passing through a felt loop on each vertical strap, and each of its two ends extends past the straps and curves outward and downward, hanging free, finished with a small round aged gold metal disc cap. The back face is identical. Two rolled top handles, one on the front and one on the back, wrapped in warm cognac tan leather on the grip with felt below, with a short handle drop so the bag hangs from the hand or forearm, never the shoulder. The top is open with no flap and no zipper. The side gussets are clean felt with a single vertical centre seam and nothing attached to them. The only metal on the bag is aged gold. There are no logos, no embossing, no lettering and no tags anywhere on the bag.

CRITICAL RENDERING INSTRUCTION. This is a single frame from a real video casually shot on an iPhone 15 Pro by an ordinary person, handheld, with no lighting equipment, no tripod and no styling. It is NOT a 3D render, NOT CGI, NOT a product visualisation, NOT a catalogue or commercial photograph, NOT retouched, NOT studio lit. Photographic evidence that must be present: visible sensor noise through the shadows, highlights slightly blown where the light source hits, mild chromatic aberration on contrast edges, phone sharpening, focus slightly imperfect, a trace of handheld motion blur, and framing that is a little crooked and off centre the way a real snapshot is. One dominant available light source with mixed colour temperature and uneven exposure. The wool felt shows individual brushed fibres and small lint, the leather trim is softly creased where it has been handled, ordinary dust and fingerprints exist. The setting is a real lived in place with ordinary clutter, not a set. Any human skin shows real texture and pores, never retouched, and no face is visible. Any laptop or phone in the scene is plain matte dark grey with no logo. No on screen text, no captions, no lettering, no signage, no graphics, no watermarks and no other branded products anywhere. Vertical 9:16 portrait framing.",She lifts the bag onto her forearm and turns slightly side to side checking the look. Mirror filming.,"closet mirror, GRWM register",7,7,7,7,7,7,7,6,6,7,6.8,False,False,False,False,False,False,False,PASS,"Bag geometry, materials, and hardware match reference details consistently.",PASS,0-8,kenburns fallback: Gemini 3.7 found an invented stud on the belt
COL-045,05_Mirror/COL-045-espresso-a-woman-mid-turn-in-front-of-a-leaning-f.mp4,05_Mirror,espresso,"A woman mid-turn in front of a leaning floor mirror in a hallway, phone over her face, the bag on her forearm, trench coat flaring. Cool daylight, framing crooked.",chest,front,full body,mirror filming,hallway,window light,three-quarter,carried on forearm,turning,8.0,omni-flash-preview,keyframes/COL-045/v1.png,"Use the attached product photos ONLY as the reference for the bag's shape, proportions, materials, colours, stitching and hardware. Do NOT copy their lighting, plain background, clean edges or catalogue look; those are studio images and the picture you produce must not resemble one. Create the following real photograph instead.

A woman mid-turn in front of a leaning floor mirror in a hallway, phone over her face, the bag on her forearm, trench coat flaring. Cool daylight, framing crooked. The woman in the scene is a woman in her 40s with auburn shoulder-length hair and a few freckles on her hands.

PRODUCT TRUTH, follow exactly. The bag is an oatmeal greige brushed wool felt east west tote, about twice as wide as it is tall, softly structured and standing on its own, with a flat base. It measures about 50 centimetres wide, 26 centimetres tall and 18 centimetres deep, a wide low landscape shape, never boxy or square. The felt is smooth brushed felt with fine visible fibres, NOT knitted, no knit ribs, no yarn loops. Two wide vertical felt straps run down the front face from the top rim to the base. A slim dark espresso brown leather belt about half an inch wide crosses the front horizontally, passing through a felt loop on each vertical strap, and each of its two ends extends past the straps and curves outward and downward, hanging free, finished with a small round aged gold metal disc cap. The back face is identical. Two rolled top handles, one on the front and one on the back, wrapped in dark espresso brown leather on the grip with felt below, with a short handle drop so the bag hangs from the hand or forearm, never the shoulder. The top is open with no flap and no zipper. The side gussets are clean felt with a single vertical centre seam and nothing attached to them. The only metal on the bag is aged gold. There are no logos, no embossing, no lettering and no tags anywhere on the bag.

CRITICAL RENDERING INSTRUCTION. This is a single frame from a real video casually shot on an iPhone 15 Pro by an ordinary person, handheld, with no lighting equipment, no tripod and no styling. It is NOT a 3D render, NOT CGI, NOT a product visualisation, NOT a catalogue or commercial photograph, NOT retouched, NOT studio lit. Photographic evidence that must be present: visible sensor noise through the shadows, highlights slightly blown where the light source hits, mild chromatic aberration on contrast edges, phone sharpening, focus slightly imperfect, a trace of handheld motion blur, and framing that is a little crooked and off centre the way a real snapshot is. One dominant available light source with mixed colour temperature and uneven exposure. The wool felt shows individual brushed fibres and small lint, the leather trim is softly creased where it has been handled, ordinary dust and fingerprints exist. The setting is a real lived in place with ordinary clutter, not a set. Any human skin shows real texture and pores, never retouched, and no face is visible. Any laptop or phone in the scene is plain matte dark grey with no logo. No on screen text, no captions, no lettering, no signage, no graphics, no watermarks and no other branded products anywhere. Vertical 9:16 portrait framing.","She turns a quarter turn away then back toward the mirror, the bag swinging with the turn. Mirror filming.",the mirror turn,7,7,7,7,7,7,7,7,6,7,6.9,False,False,False,False,False,False,False,PASS,The product matches the reference construction with consistent details and natural movement.,PASS,0-8,
COL-046,05_Mirror/COL-046-caramel-a-waist-up-bathroom-mirror-selfie.mp4,05_Mirror,caramel,"A waist-up bathroom mirror selfie, phone over the face, the bag on the forearm, black turtleneck, a marble sink and a bottle of hand soap in the reflection. Flat bathroom vanity light.",chest,front,medium,mirror filming,bathroom,bathroom lighting,front,carried on forearm,bathroom check,8.0,omni-flash-preview,keyframes/COL-046/v1.png,"Use the attached product photos ONLY as the reference for the bag's shape, proportions, materials, colours, stitching and hardware. Do NOT copy their lighting, plain background, clean edges or catalogue look; those are studio images and the picture you produce must not resemble one. Create the following real photograph instead.

A waist-up bathroom mirror selfie, phone over the face, the bag on the forearm, black turtleneck, a marble sink and a bottle of hand soap in the reflection. Flat bathroom vanity light. The woman in the scene is a woman in her 50s with silver-blonde hair pulled back and a simple gold wedding band.

PRODUCT TRUTH, follow exactly. The bag is an oatmeal greige brushed wool felt east west tote, about twice as wide as it is tall, softly structured and standing on its own, with a flat base. It measures about 50 centimetres wide, 26 centimetres tall and 18 centimetres deep, a wide low landscape shape, never boxy or square. The felt is smooth brushed felt with fine visible fibres, NOT knitted, no knit ribs, no yarn loops. Two wide vertical felt straps run down the front face from the top rim to the base. A slim warm cognac tan leather belt about half an inch wide crosses the front horizontally, passing through a felt loop on each vertical strap, and each of its two ends extends past the straps and curves outward and downward, hanging free, finished with a small round aged gold metal disc cap. The back face is identical. Two rolled top handles, one on the front and one on the back, wrapped in warm cognac tan leather on the grip with felt below, with a short handle drop so the bag hangs from the hand or forearm, never the shoulder. The top is open with no flap and no zipper. The side gussets are clean felt with a single vertical centre seam and nothing attached to them. The only metal on the bag is aged gold. There are no logos, no embossing, no lettering and no tags anywhere on the bag.

CRITICAL RENDERING INSTRUCTION. This is a single frame from a real video casually shot on an iPhone 15 Pro by an ordinary person, handheld, with no lighting equipment, no tripod and no styling. It is NOT a 3D render, NOT CGI, NOT a product visualisation, NOT a catalogue or commercial photograph, NOT retouched, NOT studio lit. Photographic evidence that must be present: visible sensor noise through the shadows, highlights slightly blown where the light source hits, mild chromatic aberration on contrast edges, phone sharpening, focus slightly imperfect, a trace of handheld motion blur, and framing that is a little crooked and off centre the way a real snapshot is. One dominant available light source with mixed colour temperature and uneven exposure. The wool felt shows individual brushed fibres and small lint, the leather trim is softly creased where it has been handled, ordinary dust and fingerprints exist. The setting is a real lived in place with ordinary clutter, not a set. Any human skin shows real texture and pores, never retouched, and no face is visible. Any laptop or phone in the scene is plain matte dark grey with no logo. No on screen text, no captions, no lettering, no signage, no graphics, no watermarks and no other branded products anywhere. Vertical 9:16 portrait framing.",She adjusts the bag on her arm and tucks her hair back with the free hand. Mirror filming.,bathroom mirror (bathroom lighting cue),7,7,7,7,7,7,7,7,6,7,6.9,False,False,False,False,False,False,False,PASS,"Bag maintains consistent structure, correct materials, and accurate hardware throughout the motion.",PASS,0-8,
COL-047,05_Mirror/COL-047-caramel-a-woman-in-a-bedroom-mirror-pulling-a-le.mp4,05_Mirror,caramel,"A woman in a bedroom mirror pulling a leather jacket over one shoulder with the bag already on her other forearm, phone over her face. Window light, bed reflected.",chest,front,full body,mirror filming,bedroom,window light,front,carried on forearm,putting on coat,8.0,kenburns,keyframes/COL-047/v1.png,"Use the attached product photos ONLY as the reference for the bag's shape, proportions, materials, colours, stitching and hardware. Do NOT copy their lighting, plain background, clean edges or catalogue look; those are studio images and the picture you produce must not resemble one. Create the following real photograph instead.

A woman in a bedroom mirror pulling a leather jacket over one shoulder with the bag already on her other forearm, phone over her face. Window light, bed reflected. The woman in the scene is a woman around 30 with curly red hair and short dark painted nails.

PRODUCT TRUTH, follow exactly. The bag is an oatmeal greige brushed wool felt east west tote, about twice as wide as it is tall, softly structured and standing on its own, with a flat base. It measures about 50 centimetres wide, 26 centimetres tall and 18 centimetres deep, a wide low landscape shape, never boxy or square. The felt is smooth brushed felt with fine visible fibres, NOT knitted, no knit ribs, no yarn loops. Two wide vertical felt straps run down the front face from the top rim to the base. A slim warm cognac tan leather belt about half an inch wide crosses the front horizontally, passing through a felt loop on each vertical strap, and each of its two ends extends past the straps and curves outward and downward, hanging free, finished with a small round aged gold metal disc cap. The back face is identical. Two rolled top handles, one on the front and one on the back, wrapped in warm cognac tan leather on the grip with felt below, with a short handle drop so the bag hangs from the hand or forearm, never the shoulder. The top is open with no flap and no zipper. The side gussets are clean felt with a single vertical centre seam and nothing attached to them. The only metal on the bag is aged gold. There are no logos, no embossing, no lettering and no tags anywhere on the bag.

CRITICAL RENDERING INSTRUCTION. This is a single frame from a real video casually shot on an iPhone 15 Pro by an ordinary person, handheld, with no lighting equipment, no tripod and no styling. It is NOT a 3D render, NOT CGI, NOT a product visualisation, NOT a catalogue or commercial photograph, NOT retouched, NOT studio lit. Photographic evidence that must be present: visible sensor noise through the shadows, highlights slightly blown where the light source hits, mild chromatic aberration on contrast edges, phone sharpening, focus slightly imperfect, a trace of handheld motion blur, and framing that is a little crooked and off centre the way a real snapshot is. One dominant available light source with mixed colour temperature and uneven exposure. The wool felt shows individual brushed fibres and small lint, the leather trim is softly creased where it has been handled, ordinary dust and fingerprints exist. The setting is a real lived in place with ordinary clutter, not a set. Any human skin shows real texture and pores, never retouched, and no face is visible. Any laptop or phone in the scene is plain matte dark grey with no logo. No on screen text, no captions, no lettering, no signage, no graphics, no watermarks and no other branded products anywhere. Vertical 9:16 portrait framing.","She shrugs the jacket on and settles the bag on her forearm, then picks the phone angle back up. Mirror filming.",GRWM final step,7,7,7,7,7,6,7,6,5,7,6.6,False,False,False,False,False,False,False,PASS,Accurate product representation consistent with reference standards.,PASS,0-8,kenburns fallback: Omni revealed the face after 2s
COL-048,05_Mirror/COL-048-espresso-an-older-woman-in-a-bedroom-mirror.mp4,05_Mirror,espresso,"An older woman in a bedroom mirror, phone over her face, holding the bag by its handles beside her body so its full front faces the mirror, oatmeal cardigan and dark trousers. Soft window light.",chest,front,full body,mirror filming,bedroom,window light,front,held beside body,held beside body,8.0,omni-flash-preview,keyframes/COL-048/v1.png,"Use the attached product photos ONLY as the reference for the bag's shape, proportions, materials, colours, stitching and hardware. Do NOT copy their lighting, plain background, clean edges or catalogue look; those are studio images and the picture you produce must not resemble one. Create the following real photograph instead.

An older woman in a bedroom mirror, phone over her face, holding the bag by its handles beside her body so its full front faces the mirror, oatmeal cardigan and dark trousers. Soft window light. The woman in the scene is a woman in her 60s with a silver bob and soft weathered hands.

PRODUCT TRUTH, follow exactly. The bag is an oatmeal greige brushed wool felt east west tote, about twice as wide as it is tall, softly structured and standing on its own, with a flat base. It measures about 50 centimetres wide, 26 centimetres tall and 18 centimetres deep, a wide low landscape shape, never boxy or square. The felt is smooth brushed felt with fine visible fibres, NOT knitted, no knit ribs, no yarn loops. Two wide vertical felt straps run down the front face from the top rim to the base. A slim dark espresso brown leather belt about half an inch wide crosses the front horizontally, passing through a felt loop on each vertical strap, and each of its two ends extends past the straps and curves outward and downward, hanging free, finished with a small round aged gold metal disc cap. The back face is identical. Two rolled top handles, one on the front and one on the back, wrapped in dark espresso brown leather on the grip with felt below, with a short handle drop so the bag hangs from the hand or forearm, never the shoulder. The top is open with no flap and no zipper. The side gussets are clean felt with a single vertical centre seam and nothing attached to them. The only metal on the bag is aged gold. There are no logos, no embossing, no lettering and no tags anywhere on the bag.

CRITICAL RENDERING INSTRUCTION. This is a single frame from a real video casually shot on an iPhone 15 Pro by an ordinary person, handheld, with no lighting equipment, no tripod and no styling. It is NOT a 3D render, NOT CGI, NOT a product visualisation, NOT a catalogue or commercial photograph, NOT retouched, NOT studio lit. Photographic evidence that must be present: visible sensor noise through the shadows, highlights slightly blown where the light source hits, mild chromatic aberration on contrast edges, phone sharpening, focus slightly imperfect, a trace of handheld motion blur, and framing that is a little crooked and off centre the way a real snapshot is. One dominant available light source with mixed colour temperature and uneven exposure. The wool felt shows individual brushed fibres and small lint, the leather trim is softly creased where it has been handled, ordinary dust and fingerprints exist. The setting is a real lived in place with ordinary clutter, not a set. Any human skin shows real texture and pores, never retouched, and no face is visible. Any laptop or phone in the scene is plain matte dark grey with no logo. No on screen text, no captions, no lettering, no signage, no graphics, no watermarks and no other branded products anywhere. Vertical 9:16 portrait framing.","She lifts the bag slightly higher beside her and holds it, a small sway. Mirror filming.",bag held beside body to show scale,7,7,7,7,7,7,7,7,6,7,6.9,False,False,False,False,False,False,False,PASS,"Product structure, hardware details, and materials match ground truth across the full clip.",PASS,0-8,
COL-049,06_Outfits/COL-049-caramel-chest-to-knee-crop-of-a-woman-in-a-long-.mp4,06_Outfits,caramel,"Chest-to-knee crop of a woman in a long camel wool coat and straight jeans with the bag on her forearm, standing on a sidewalk. Overcast light. Her face is out of the frame, cropped away by the top edge of the picture, and she is not holding a phone; someone else is filming her.",chest,front,medium,handheld,sidewalk,overcast daylight,front,carried on forearm,standing,8.0,omni-flash-preview,keyframes/COL-049/v1.png,"Use the attached product photos ONLY as the reference for the bag's shape, proportions, materials, colours, stitching and hardware. Do NOT copy their lighting, plain background, clean edges or catalogue look; those are studio images and the picture you produce must not resemble one. Create the following real photograph instead.

Chest-to-knee crop of a woman in a long camel wool coat and straight jeans with the bag on her forearm, standing on a sidewalk. Overcast light. Her face is out of the frame, cropped away by the top edge of the picture, and she is not holding a phone; someone else is filming her. The woman in the scene is a woman in her early 30s with long dark brown hair, natural short nails and a thin gold ring.

PRODUCT TRUTH, follow exactly. The bag is an oatmeal greige brushed wool felt east west tote, about twice as wide as it is tall, softly structured and standing on its own, with a flat base. It measures about 50 centimetres wide, 26 centimetres tall and 18 centimetres deep, a wide low landscape shape, never boxy or square. The felt is smooth brushed felt with fine visible fibres, NOT knitted, no knit ribs, no yarn loops. Two wide vertical felt straps run down the front face from the top rim to the base. A slim warm cognac tan leather belt about half an inch wide crosses the front horizontally, passing through a felt loop on each vertical strap, and each of its two ends extends past the straps and curves outward and downward, hanging free, finished with a small round aged gold metal disc cap. The back face is identical. Two rolled top handles, one on the front and one on the back, wrapped in warm cognac tan leather on the grip with felt below, with a short handle drop so the bag hangs from the hand or forearm, never the shoulder. The top is open with no flap and no zipper. The side gussets are clean felt with a single vertical centre seam and nothing attached to them. The only metal on the bag is aged gold. There are no logos, no embossing, no lettering and no tags anywhere on the bag.

CRITICAL RENDERING INSTRUCTION. This is a single frame from a real video casually shot on an iPhone 15 Pro by an ordinary person, handheld, with no lighting equipment, no tripod and no styling. It is NOT a 3D render, NOT CGI, NOT a product visualisation, NOT a catalogue or commercial photograph, NOT retouched, NOT studio lit. Photographic evidence that must be present: visible sensor noise through the shadows, highlights slightly blown where the light source hits, mild chromatic aberration on contrast edges, phone sharpening, focus slightly imperfect, a trace of handheld motion blur, and framing that is a little crooked and off centre the way a real snapshot is. One dominant available light source with mixed colour temperature and uneven exposure. The wool felt shows individual brushed fibres and small lint, the leather trim is softly creased where it has been handled, ordinary dust and fingerprints exist. The setting is a real lived in place with ordinary clutter, not a set. Any human skin shows real texture and pores, never retouched, and no face is visible. Any laptop or phone in the scene is plain matte dark grey with no logo. No on screen text, no captions, no lettering, no signage, no graphics, no watermarks and no other branded products anywhere. Vertical 9:16 portrait framing.",She shifts her stance and the bag moves slightly with her arm. Handheld sway.,outfit integration: camel coat; chest-height front framing,7,7,7,7,7,7,7,7,6,7,6.9,False,False,False,False,False,False,False,PASS,"Accurate product construction, materials, and hardware consistent with reference images.",PASS,0-8,
COL-050,06_Outfits/COL-050-caramel-chest-to-knee-crop-of-a-woman-in-a-belte.mp4,06_Outfits,caramel,"Chest-to-knee crop of a woman in a belted khaki trench and ankle boots with the bag on her forearm, by a front door. Cool daylight. Her face is out of the frame, cropped away by the top edge of the picture, and she is not holding a phone; someone else is filming her.",chest,front,medium,handheld,hallway,window light,front,carried on forearm,standing,8.0,omni-flash-preview,keyframes/COL-050/v1.png,"Use the attached product photos ONLY as the reference for the bag's shape, proportions, materials, colours, stitching and hardware. Do NOT copy their lighting, plain background, clean edges or catalogue look; those are studio images and the picture you produce must not resemble one. Create the following real photograph instead.

Chest-to-knee crop of a woman in a belted khaki trench and ankle boots with the bag on her forearm, by a front door. Cool daylight. Her face is out of the frame, cropped away by the top edge of the picture, and she is not holding a phone; someone else is filming her. The woman in the scene is a woman in her 40s with auburn shoulder-length hair and a few freckles on her hands.

PRODUCT TRUTH, follow exactly. The bag is an oatmeal greige brushed wool felt east west tote, about twice as wide as it is tall, softly structured and standing on its own, with a flat base. It measures about 50 centimetres wide, 26 centimetres tall and 18 centimetres deep, a wide low landscape shape, never boxy or square. The felt is smooth brushed felt with fine visible fibres, NOT knitted, no knit ribs, no yarn loops. Two wide vertical felt straps run down the front face from the top rim to the base. A slim warm cognac tan leather belt about half an inch wide crosses the front horizontally, passing through a felt loop on each vertical strap, and each of its two ends extends past the straps and curves outward and downward, hanging free, finished with a small round aged gold metal disc cap. The back face is identical. Two rolled top handles, one on the front and one on the back, wrapped in warm cognac tan leather on the grip with felt below, with a short handle drop so the bag hangs from the hand or forearm, never the shoulder. The top is open with no flap and no zipper. The side gussets are clean felt with a single vertical centre seam and nothing attached to them. The only metal on the bag is aged gold. There are no logos, no embossing, no lettering and no tags anywhere on the bag.

CRITICAL RENDERING INSTRUCTION. This is a single frame from a real video casually shot on an iPhone 15 Pro by an ordinary person, handheld, with no lighting equipment, no tripod and no styling. It is NOT a 3D render, NOT CGI, NOT a product visualisation, NOT a catalogue or commercial photograph, NOT retouched, NOT studio lit. Photographic evidence that must be present: visible sensor noise through the shadows, highlights slightly blown where the light source hits, mild chromatic aberration on contrast edges, phone sharpening, focus slightly imperfect, a trace of handheld motion blur, and framing that is a little crooked and off centre the way a real snapshot is. One dominant available light source with mixed colour temperature and uneven exposure. The wool felt shows individual brushed fibres and small lint, the leather trim is softly creased where it has been handled, ordinary dust and fingerprints exist. The setting is a real lived in place with ordinary clutter, not a set. Any human skin shows real texture and pores, never retouched, and no face is visible. Any laptop or phone in the scene is plain matte dark grey with no logo. No on screen text, no captions, no lettering, no signage, no graphics, no watermarks and no other branded products anywhere. Vertical 9:16 portrait framing.","She cinches the trench belt with her free hand, the bag resting on the other arm. Handheld.",outfit integration: trench,7,7,7,7,7,6,7,6,5,7,6.6,False,False,False,False,False,False,False,PASS,"Bag structure, materials, and hardware accurately match the reference images throughout the clip.",PASS,0-8,
COL-051,06_Outfits/COL-051-espresso-chest-to-knee-crop-of-a-woman-in-an-over.mp4,06_Outfits,espresso,"Chest-to-knee crop of a woman in an oversized cream cable knit and wide-leg jeans holding the bag by its handles at her side, living room window light. Her face is out of the frame, cropped away by the top edge of the picture, and she is not holding a phone; someone else is filming her.",chest,front,medium,handheld,living room,window light,front,carried in hand,standing,8.0,omni-flash-preview,keyframes/COL-051/v1.png,"Use the attached product photos ONLY as the reference for the bag's shape, proportions, materials, colours, stitching and hardware. Do NOT copy their lighting, plain background, clean edges or catalogue look; those are studio images and the picture you produce must not resemble one. Create the following real photograph instead.

Chest-to-knee crop of a woman in an oversized cream cable knit and wide-leg jeans holding the bag by its handles at her side, living room window light. Her face is out of the frame, cropped away by the top edge of the picture, and she is not holding a phone; someone else is filming her. The woman in the scene is a woman in her late 20s with a blonde bob, pale skin and a silver watch.

PRODUCT TRUTH, follow exactly. The bag is an oatmeal greige brushed wool felt east west tote, about twice as wide as it is tall, softly structured and standing on its own, with a flat base. It measures about 50 centimetres wide, 26 centimetres tall and 18 centimetres deep, a wide low landscape shape, never boxy or square. The felt is smooth brushed felt with fine visible fibres, NOT knitted, no knit ribs, no yarn loops. Two wide vertical felt straps run down the front face from the top rim to the base. A slim dark espresso brown leather belt about half an inch wide crosses the front horizontally, passing through a felt loop on each vertical strap, and each of its two ends extends past the straps and curves outward and downward, hanging free, finished with a small round aged gold metal disc cap. The back face is identical. Two rolled top handles, one on the front and one on the back, wrapped in dark espresso brown leather on the grip with felt below, with a short handle drop so the bag hangs from the hand or forearm, never the shoulder. The top is open with no flap and no zipper. The side gussets are clean felt with a single vertical centre seam and nothing attached to them. The only metal on the bag is aged gold. There are no logos, no embossing, no lettering and no tags anywhere on the bag.

CRITICAL RENDERING INSTRUCTION. This is a single frame from a real video casually shot on an iPhone 15 Pro by an ordinary person, handheld, with no lighting equipment, no tripod and no styling. It is NOT a 3D render, NOT CGI, NOT a product visualisation, NOT a catalogue or commercial photograph, NOT retouched, NOT studio lit. Photographic evidence that must be present: visible sensor noise through the shadows, highlights slightly blown where the light source hits, mild chromatic aberration on contrast edges, phone sharpening, focus slightly imperfect, a trace of handheld motion blur, and framing that is a little crooked and off centre the way a real snapshot is. One dominant available light source with mixed colour temperature and uneven exposure. The wool felt shows individual brushed fibres and small lint, the leather trim is softly creased where it has been handled, ordinary dust and fingerprints exist. The setting is a real lived in place with ordinary clutter, not a set. Any human skin shows real texture and pores, never retouched, and no face is visible. Any laptop or phone in the scene is plain matte dark grey with no logo. No on screen text, no captions, no lettering, no signage, no graphics, no watermarks and no other branded products anywhere. Vertical 9:16 portrait framing.",She lifts the bag from her side onto her forearm. Handheld.,outfit integration: chunky knit,7,7,7,7,7,6,7,7,6,7,6.8,False,False,False,False,False,False,False,PASS,"The bag accurately matches ground-truth reference structure, materials, and hardware with consistent motion throughout.",PASS,0-8,
COL-052,06_Outfits/COL-052-caramel-chest-to-knee-crop-of-a-woman-in-a-black.mp4,06_Outfits,caramel,"Chest-to-knee crop of a woman in a black blazer and tailored trousers with the bag on her forearm, standing in an office corridor. Cool fluorescent light, slightly green cast. Her face is out of the frame, cropped away by the top edge of the picture, and she is not holding a phone; someone else is filming her.",chest,front,medium,handheld,office,cool indoor,front,carried on forearm,standing,3.5,omni-flash-preview,keyframes/COL-052/v1.png,"Use the attached product photos ONLY as the reference for the bag's shape, proportions, materials, colours, stitching and hardware. Do NOT copy their lighting, plain background, clean edges or catalogue look; those are studio images and the picture you produce must not resemble one. Create the following real photograph instead.

Chest-to-knee crop of a woman in a black blazer and tailored trousers with the bag on her forearm, standing in an office corridor. Cool fluorescent light, slightly green cast. Her face is out of the frame, cropped away by the top edge of the picture, and she is not holding a phone; someone else is filming her. The woman in the scene is a woman in her mid 30s with dark blonde waves and a gold chain bracelet.

PRODUCT TRUTH, follow exactly. The bag is an oatmeal greige brushed wool felt east west tote, about twice as wide as it is tall, softly structured and standing on its own, with a flat base. It measures about 50 centimetres wide, 26 centimetres tall and 18 centimetres deep, a wide low landscape shape, never boxy or square. The felt is smooth brushed felt with fine visible fibres, NOT knitted, no knit ribs, no yarn loops. Two wide vertical felt straps run down the front face from the top rim to the base. A slim warm cognac tan leather belt about half an inch wide crosses the front horizontally, passing through a felt loop on each vertical strap, and each of its two ends extends past the straps and curves outward and downward, hanging free, finished with a small round aged gold metal disc cap. The back face is identical. Two rolled top handles, one on the front and one on the back, wrapped in warm cognac tan leather on the grip with felt below, with a short handle drop so the bag hangs from the hand or forearm, never the shoulder. The top is open with no flap and no zipper. The side gussets are clean felt with a single vertical centre seam and nothing attached to them. The only metal on the bag is aged gold. There are no logos, no embossing, no lettering and no tags anywhere on the bag.

CRITICAL RENDERING INSTRUCTION. This is a single frame from a real video casually shot on an iPhone 15 Pro by an ordinary person, handheld, with no lighting equipment, no tripod and no styling. It is NOT a 3D render, NOT CGI, NOT a product visualisation, NOT a catalogue or commercial photograph, NOT retouched, NOT studio lit. Photographic evidence that must be present: visible sensor noise through the shadows, highlights slightly blown where the light source hits, mild chromatic aberration on contrast edges, phone sharpening, focus slightly imperfect, a trace of handheld motion blur, and framing that is a little crooked and off centre the way a real snapshot is. One dominant available light source with mixed colour temperature and uneven exposure. The wool felt shows individual brushed fibres and small lint, the leather trim is softly creased where it has been handled, ordinary dust and fingerprints exist. The setting is a real lived in place with ordinary clutter, not a set. Any human skin shows real texture and pores, never retouched, and no face is visible. Any laptop or phone in the scene is plain matte dark grey with no logo. No on screen text, no captions, no lettering, no signage, no graphics, no watermarks and no other branded products anywhere. Vertical 9:16 portrait framing.",She turns slightly and the bag moves with her arm. Handheld.,outfit integration: workwear; office 4% of environments,7,7,7,6,6,6,7,6,5,7,6.4,False,False,False,False,False,False,False,PASS,Bag structure and hardware remain consistent and accurate to reference.,PASS,4.5-8,disc reads pale during the 2-4s turn; use the settled second half
COL-053,06_Outfits/COL-053-caramel-chest-to-knee-crop-of-a-young-woman-in-a.mp4,06_Outfits,caramel,"Chest-to-knee crop of a young woman in a grey athleisure set and white sneakers holding the bag by the handles, kitchen counter behind. Morning window light. Her face is out of the frame, cropped away by the top edge of the picture, and she is not holding a phone; someone else is filming her.",chest,front,medium,handheld,kitchen,window light,front,carried in hand,standing,8.0,omni-flash-preview,keyframes/COL-053/v1.png,"Use the attached product photos ONLY as the reference for the bag's shape, proportions, materials, colours, stitching and hardware. Do NOT copy their lighting, plain background, clean edges or catalogue look; those are studio images and the picture you produce must not resemble one. Create the following real photograph instead.

Chest-to-knee crop of a young woman in a grey athleisure set and white sneakers holding the bag by the handles, kitchen counter behind. Morning window light. Her face is out of the frame, cropped away by the top edge of the picture, and she is not holding a phone; someone else is filming her. The woman in the scene is a woman in her mid 20s with a light brown ponytail and a claw clip, no jewellery.

PRODUCT TRUTH, follow exactly. The bag is an oatmeal greige brushed wool felt east west tote, about twice as wide as it is tall, softly structured and standing on its own, with a flat base. It measures about 50 centimetres wide, 26 centimetres tall and 18 centimetres deep, a wide low landscape shape, never boxy or square. The felt is smooth brushed felt with fine visible fibres, NOT knitted, no knit ribs, no yarn loops. Two wide vertical felt straps run down the front face from the top rim to the base. A slim warm cognac tan leather belt about half an inch wide crosses the front horizontally, passing through a felt loop on each vertical strap, and each of its two ends extends past the straps and curves outward and downward, hanging free, finished with a small round aged gold metal disc cap. The back face is identical. Two rolled top handles, one on the front and one on the back, wrapped in warm cognac tan leather on the grip with felt below, with a short handle drop so the bag hangs from the hand or forearm, never the shoulder. The top is open with no flap and no zipper. The side gussets are clean felt with a single vertical centre seam and nothing attached to them. The only metal on the bag is aged gold. There are no logos, no embossing, no lettering and no tags anywhere on the bag.

CRITICAL RENDERING INSTRUCTION. This is a single frame from a real video casually shot on an iPhone 15 Pro by an ordinary person, handheld, with no lighting equipment, no tripod and no styling. It is NOT a 3D render, NOT CGI, NOT a product visualisation, NOT a catalogue or commercial photograph, NOT retouched, NOT studio lit. Photographic evidence that must be present: visible sensor noise through the shadows, highlights slightly blown where the light source hits, mild chromatic aberration on contrast edges, phone sharpening, focus slightly imperfect, a trace of handheld motion blur, and framing that is a little crooked and off centre the way a real snapshot is. One dominant available light source with mixed colour temperature and uneven exposure. The wool felt shows individual brushed fibres and small lint, the leather trim is softly creased where it has been handled, ordinary dust and fingerprints exist. The setting is a real lived in place with ordinary clutter, not a set. Any human skin shows real texture and pores, never retouched, and no face is visible. Any laptop or phone in the scene is plain matte dark grey with no logo. No on screen text, no captions, no lettering, no signage, no graphics, no watermarks and no other branded products anywhere. Vertical 9:16 portrait framing.",She swings the bag lightly by the handles and sets a hand on her hip. Handheld.,outfit integration: athleisure,7,7,7,7,7,7,6,6,5,7,6.6,False,False,False,False,False,False,False,PASS,Accurate product structure and consistent materials matching the reference specifications throughout.,PASS,0-8,
COL-054,06_Outfits/COL-054-espresso-chest-to-knee-crop-of-a-woman-in-a-black.mp4,06_Outfits,espresso,"Chest-to-knee crop of a woman in a black midi dress and knee boots with the bag on her forearm, living room in the evening, lamps on. Grainy. Her face is out of the frame, cropped away by the top edge of the picture, and she is not holding a phone; someone else is filming her.",chest,front,medium,handheld,living room,warm indoor,front,carried on forearm,standing,8.0,omni-flash-preview,keyframes/COL-054/v1.png,"Use the attached product photos ONLY as the reference for the bag's shape, proportions, materials, colours, stitching and hardware. Do NOT copy their lighting, plain background, clean edges or catalogue look; those are studio images and the picture you produce must not resemble one. Create the following real photograph instead.

Chest-to-knee crop of a woman in a black midi dress and knee boots with the bag on her forearm, living room in the evening, lamps on. Grainy. Her face is out of the frame, cropped away by the top edge of the picture, and she is not holding a phone; someone else is filming her. The woman in the scene is a woman in her 50s with silver-blonde hair pulled back and a simple gold wedding band.

PRODUCT TRUTH, follow exactly. The bag is an oatmeal greige brushed wool felt east west tote, about twice as wide as it is tall, softly structured and standing on its own, with a flat base. It measures about 50 centimetres wide, 26 centimetres tall and 18 centimetres deep, a wide low landscape shape, never boxy or square. The felt is smooth brushed felt with fine visible fibres, NOT knitted, no knit ribs, no yarn loops. Two wide vertical felt straps run down the front face from the top rim to the base. A slim dark espresso brown leather belt about half an inch wide crosses the front horizontally, passing through a felt loop on each vertical strap, and each of its two ends extends past the straps and curves outward and downward, hanging free, finished with a small round aged gold metal disc cap. The back face is identical. Two rolled top handles, one on the front and one on the back, wrapped in dark espresso brown leather on the grip with felt below, with a short handle drop so the bag hangs from the hand or forearm, never the shoulder. The top is open with no flap and no zipper. The side gussets are clean felt with a single vertical centre seam and nothing attached to them. The only metal on the bag is aged gold. There are no logos, no embossing, no lettering and no tags anywhere on the bag.

CRITICAL RENDERING INSTRUCTION. This is a single frame from a real video casually shot on an iPhone 15 Pro by an ordinary person, handheld, with no lighting equipment, no tripod and no styling. It is NOT a 3D render, NOT CGI, NOT a product visualisation, NOT a catalogue or commercial photograph, NOT retouched, NOT studio lit. Photographic evidence that must be present: visible sensor noise through the shadows, highlights slightly blown where the light source hits, mild chromatic aberration on contrast edges, phone sharpening, focus slightly imperfect, a trace of handheld motion blur, and framing that is a little crooked and off centre the way a real snapshot is. One dominant available light source with mixed colour temperature and uneven exposure. The wool felt shows individual brushed fibres and small lint, the leather trim is softly creased where it has been handled, ordinary dust and fingerprints exist. The setting is a real lived in place with ordinary clutter, not a set. Any human skin shows real texture and pores, never retouched, and no face is visible. Any laptop or phone in the scene is plain matte dark grey with no logo. No on screen text, no captions, no lettering, no signage, no graphics, no watermarks and no other branded products anywhere. Vertical 9:16 portrait framing.",She smooths the dress with her free hand and the bag sways. Handheld.,outfit integration: dress and boots,7,7,7,7,7,7,7,6,5,7,6.7,False,False,False,False,False,False,False,PASS,Bag structure and hardware remain consistent and accurate throughout the video.,PASS,0-8,
COL-055,06_Outfits/COL-055-caramel-chest-to-knee-crop-of-a-woman-in-a-black.mp4,06_Outfits,caramel,"Chest-to-knee crop of a woman in a black leather jacket, white tee and jeans with the bag on her forearm, on a sidewalk by a brick wall. Overcast. Her face is out of the frame, cropped away by the top edge of the picture, and she is not holding a phone; someone else is filming her.",chest,front,medium,handheld,sidewalk,overcast daylight,front,carried on forearm,standing,8.0,omni-flash-preview,keyframes/COL-055/v1.png,"Use the attached product photos ONLY as the reference for the bag's shape, proportions, materials, colours, stitching and hardware. Do NOT copy their lighting, plain background, clean edges or catalogue look; those are studio images and the picture you produce must not resemble one. Create the following real photograph instead.

Chest-to-knee crop of a woman in a black leather jacket, white tee and jeans with the bag on her forearm, on a sidewalk by a brick wall. Overcast. Her face is out of the frame, cropped away by the top edge of the picture, and she is not holding a phone; someone else is filming her. The woman in the scene is a woman around 30 with curly red hair and short dark painted nails.

PRODUCT TRUTH, follow exactly. The bag is an oatmeal greige brushed wool felt east west tote, about twice as wide as it is tall, softly structured and standing on its own, with a flat base. It measures about 50 centimetres wide, 26 centimetres tall and 18 centimetres deep, a wide low landscape shape, never boxy or square. The felt is smooth brushed felt with fine visible fibres, NOT knitted, no knit ribs, no yarn loops. Two wide vertical felt straps run down the front face from the top rim to the base. A slim warm cognac tan leather belt about half an inch wide crosses the front horizontally, passing through a felt loop on each vertical strap, and each of its two ends extends past the straps and curves outward and downward, hanging free, finished with a small round aged gold metal disc cap. The back face is identical. Two rolled top handles, one on the front and one on the back, wrapped in warm cognac tan leather on the grip with felt below, with a short handle drop so the bag hangs from the hand or forearm, never the shoulder. The top is open with no flap and no zipper. The side gussets are clean felt with a single vertical centre seam and nothing attached to them. The only metal on the bag is aged gold. There are no logos, no embossing, no lettering and no tags anywhere on the bag.

CRITICAL RENDERING INSTRUCTION. This is a single frame from a real video casually shot on an iPhone 15 Pro by an ordinary person, handheld, with no lighting equipment, no tripod and no styling. It is NOT a 3D render, NOT CGI, NOT a product visualisation, NOT a catalogue or commercial photograph, NOT retouched, NOT studio lit. Photographic evidence that must be present: visible sensor noise through the shadows, highlights slightly blown where the light source hits, mild chromatic aberration on contrast edges, phone sharpening, focus slightly imperfect, a trace of handheld motion blur, and framing that is a little crooked and off centre the way a real snapshot is. One dominant available light source with mixed colour temperature and uneven exposure. The wool felt shows individual brushed fibres and small lint, the leather trim is softly creased where it has been handled, ordinary dust and fingerprints exist. The setting is a real lived in place with ordinary clutter, not a set. Any human skin shows real texture and pores, never retouched, and no face is visible. Any laptop or phone in the scene is plain matte dark grey with no logo. No on screen text, no captions, no lettering, no signage, no graphics, no watermarks and no other branded products anywhere. Vertical 9:16 portrait framing.",She hooks a thumb into her pocket and the bag settles against her hip. Handheld.,outfit integration: leather jacket,7,7,7,7,7,6,6,6,5,7,6.5,False,False,False,False,False,False,False,PASS,"Bag geometry, proportions, and hardware align consistently with reference standards throughout the sequence.",PASS,0-8,
COL-056,07_POV/COL-056-caramel-first-person-view-looking-down-into-the-.mp4,07_POV,caramel,"First-person view looking down into the open bag held by both handles in front of the body, a folded grey knit, a wallet and a notebook inside on the oatmeal felt, jeans visible below. Window light.",high angle,POV,medium,natural hand movement,bedroom,window light,open,open,looking inside,8.0,kenburns,keyframes/COL-056/v1.png,"Use the attached product photos ONLY as the reference for the bag's shape, proportions, materials, colours, stitching and hardware. Do NOT copy their lighting, plain background, clean edges or catalogue look; those are studio images and the picture you produce must not resemble one. Create the following real photograph instead.

First-person view looking down into the open bag held by both handles in front of the body, a folded grey knit, a wallet and a notebook inside on the oatmeal felt, jeans visible below. Window light. The woman in the scene is a woman in her early 30s with long dark brown hair, natural short nails and a thin gold ring.

PRODUCT TRUTH, follow exactly. The bag is an oatmeal greige brushed wool felt east west tote, about twice as wide as it is tall, softly structured and standing on its own, with a flat base. It measures about 50 centimetres wide, 26 centimetres tall and 18 centimetres deep, a wide low landscape shape, never boxy or square. The felt is smooth brushed felt with fine visible fibres, NOT knitted, no knit ribs, no yarn loops. Two wide vertical felt straps run down the front face from the top rim to the base. A slim warm cognac tan leather belt about half an inch wide crosses the front horizontally, passing through a felt loop on each vertical strap, and each of its two ends extends past the straps and curves outward and downward, hanging free, finished with a small round aged gold metal disc cap. The back face is identical. Two rolled top handles, one on the front and one on the back, wrapped in warm cognac tan leather on the grip with felt below, with a short handle drop so the bag hangs from the hand or forearm, never the shoulder. The top is open with no flap and no zipper. The side gussets are clean felt with a single vertical centre seam and nothing attached to them. The only metal on the bag is aged gold. There are no logos, no embossing, no lettering and no tags anywhere on the bag. The bag stands open and the mouth is a wide oval. Inside, the same oatmeal felt continues with no lining pattern and no pockets; there is one small felt tab with a tiny gold snap stud at the top centre of the front inner rim and one on the back inner rim. Contents sit directly on the felt.

CRITICAL RENDERING INSTRUCTION. This is a single frame from a real video casually shot on an iPhone 15 Pro by an ordinary person, handheld, with no lighting equipment, no tripod and no styling. It is NOT a 3D render, NOT CGI, NOT a product visualisation, NOT a catalogue or commercial photograph, NOT retouched, NOT studio lit. Photographic evidence that must be present: visible sensor noise through the shadows, highlights slightly blown where the light source hits, mild chromatic aberration on contrast edges, phone sharpening, focus slightly imperfect, a trace of handheld motion blur, and framing that is a little crooked and off centre the way a real snapshot is. One dominant available light source with mixed colour temperature and uneven exposure. The wool felt shows individual brushed fibres and small lint, the leather trim is softly creased where it has been handled, ordinary dust and fingerprints exist. The setting is a real lived in place with ordinary clutter, not a set. Any human skin shows real texture and pores, never retouched, and no face is visible. Any laptop or phone in the scene is plain matte dark grey with no logo. No on screen text, no captions, no lettering, no signage, no graphics, no watermarks and no other branded products anywhere. Vertical 9:16 portrait framing.","The bag tilts slightly as she looks in, one hand releases a handle and the mouth opens wider, handheld POV.",POV is 11% of organic angles; looking into the bag is the most common POV,7,7,7,7,7,7,7,6,6,7,6.8,False,False,False,False,False,False,False,PASS,Bag interior and materials match the reference design without structural errors.,PASS,0-8,kenburns fallback: handle wrap detached mid-clip
COL-057,07_POV/COL-057-caramel-pov-of-a-woman-s-hand-reaching-into-the-.mp4,07_POV,caramel,"POV of a woman's hand reaching into the open bag for a ring of keys, the bag on the other forearm, felt interior visible, sunglasses and a wallet inside. Cool daylight by a door.",high angle,POV,close-up,natural hand movement,hallway,window light,open,open,reaching in for keys,8.0,omni-flash-preview,keyframes/COL-057/v1.png,"Use the attached product photos ONLY as the reference for the bag's shape, proportions, materials, colours, stitching and hardware. Do NOT copy their lighting, plain background, clean edges or catalogue look; those are studio images and the picture you produce must not resemble one. Create the following real photograph instead.

POV of a woman's hand reaching into the open bag for a ring of keys, the bag on the other forearm, felt interior visible, sunglasses and a wallet inside. Cool daylight by a door. The woman in the scene is a woman in her late 20s with a blonde bob, pale skin and a silver watch.

PRODUCT TRUTH, follow exactly. The bag is an oatmeal greige brushed wool felt east west tote, about twice as wide as it is tall, softly structured and standing on its own, with a flat base. It measures about 50 centimetres wide, 26 centimetres tall and 18 centimetres deep, a wide low landscape shape, never boxy or square. The felt is smooth brushed felt with fine visible fibres, NOT knitted, no knit ribs, no yarn loops. Two wide vertical felt straps run down the front face from the top rim to the base. A slim warm cognac tan leather belt about half an inch wide crosses the front horizontally, passing through a felt loop on each vertical strap, and each of its two ends extends past the straps and curves outward and downward, hanging free, finished with a small round aged gold metal disc cap. The back face is identical. Two rolled top handles, one on the front and one on the back, wrapped in warm cognac tan leather on the grip with felt below, with a short handle drop so the bag hangs from the hand or forearm, never the shoulder. The top is open with no flap and no zipper. The side gussets are clean felt with a single vertical centre seam and nothing attached to them. The only metal on the bag is aged gold. There are no logos, no embossing, no lettering and no tags anywhere on the bag. The bag stands open and the mouth is a wide oval. Inside, the same oatmeal felt continues with no lining pattern and no pockets; there is one small felt tab with a tiny gold snap stud at the top centre of the front inner rim and one on the back inner rim. Contents sit directly on the felt.

CRITICAL RENDERING INSTRUCTION. This is a single frame from a real video casually shot on an iPhone 15 Pro by an ordinary person, handheld, with no lighting equipment, no tripod and no styling. It is NOT a 3D render, NOT CGI, NOT a product visualisation, NOT a catalogue or commercial photograph, NOT retouched, NOT studio lit. Photographic evidence that must be present: visible sensor noise through the shadows, highlights slightly blown where the light source hits, mild chromatic aberration on contrast edges, phone sharpening, focus slightly imperfect, a trace of handheld motion blur, and framing that is a little crooked and off centre the way a real snapshot is. One dominant available light source with mixed colour temperature and uneven exposure. The wool felt shows individual brushed fibres and small lint, the leather trim is softly creased where it has been handled, ordinary dust and fingerprints exist. The setting is a real lived in place with ordinary clutter, not a set. Any human skin shows real texture and pores, never retouched, and no face is visible. Any laptop or phone in the scene is plain matte dark grey with no logo. No on screen text, no captions, no lettering, no signage, no graphics, no watermarks and no other branded products anywhere. Vertical 9:16 portrait framing.","Her hand digs briefly among the items and pulls out the keys, the bag shifting on her arm. Handheld POV.",POV reach-in,7,7,7,7,7,7,7,7,6,7,6.9,False,False,False,False,False,False,False,PASS,Accurate product construction and natural interaction throughout the clip.,PASS,0-8,
COL-058,07_POV/COL-058-espresso-pov-looking-down-while-walking.mp4,07_POV,espresso,"POV looking down while walking, the bag on the forearm at the left of the frame, trench coat hem and boots on wet pavement below. Overcast, motion blur on the feet.",waist,POV,medium,walking camera,sidewalk,overcast daylight,top,carried on forearm,walking,8.0,omni-flash-preview,keyframes/COL-058/v1.png,"Use the attached product photos ONLY as the reference for the bag's shape, proportions, materials, colours, stitching and hardware. Do NOT copy their lighting, plain background, clean edges or catalogue look; those are studio images and the picture you produce must not resemble one. Create the following real photograph instead.

POV looking down while walking, the bag on the forearm at the left of the frame, trench coat hem and boots on wet pavement below. Overcast, motion blur on the feet. The woman in the scene is a woman in her 40s with auburn shoulder-length hair and a few freckles on her hands.

PRODUCT TRUTH, follow exactly. The bag is an oatmeal greige brushed wool felt east west tote, about twice as wide as it is tall, softly structured and standing on its own, with a flat base. It measures about 50 centimetres wide, 26 centimetres tall and 18 centimetres deep, a wide low landscape shape, never boxy or square. The felt is smooth brushed felt with fine visible fibres, NOT knitted, no knit ribs, no yarn loops. Two wide vertical felt straps run down the front face from the top rim to the base. A slim dark espresso brown leather belt about half an inch wide crosses the front horizontally, passing through a felt loop on each vertical strap, and each of its two ends extends past the straps and curves outward and downward, hanging free, finished with a small round aged gold metal disc cap. The back face is identical. Two rolled top handles, one on the front and one on the back, wrapped in dark espresso brown leather on the grip with felt below, with a short handle drop so the bag hangs from the hand or forearm, never the shoulder. The top is open with no flap and no zipper. The side gussets are clean felt with a single vertical centre seam and nothing attached to them. The only metal on the bag is aged gold. There are no logos, no embossing, no lettering and no tags anywhere on the bag.

CRITICAL RENDERING INSTRUCTION. This is a single frame from a real video casually shot on an iPhone 15 Pro by an ordinary person, handheld, with no lighting equipment, no tripod and no styling. It is NOT a 3D render, NOT CGI, NOT a product visualisation, NOT a catalogue or commercial photograph, NOT retouched, NOT studio lit. Photographic evidence that must be present: visible sensor noise through the shadows, highlights slightly blown where the light source hits, mild chromatic aberration on contrast edges, phone sharpening, focus slightly imperfect, a trace of handheld motion blur, and framing that is a little crooked and off centre the way a real snapshot is. One dominant available light source with mixed colour temperature and uneven exposure. The wool felt shows individual brushed fibres and small lint, the leather trim is softly creased where it has been handled, ordinary dust and fingerprints exist. The setting is a real lived in place with ordinary clutter, not a set. Any human skin shows real texture and pores, never retouched, and no face is visible. Any laptop or phone in the scene is plain matte dark grey with no logo. No on screen text, no captions, no lettering, no signage, no graphics, no watermarks and no other branded products anywhere. Vertical 9:16 portrait framing.","She keeps walking, the bag bouncing gently on her arm, the pavement scrolling under her boots. Handheld POV with footstep bounce.",POV walking with the bag in frame,7,7,7,7,7,7,7,7,6,7,6.9,False,False,False,False,False,False,False,PASS,"Bag geometry, felt material, and hardware accurately match the reference throughout the motion.",PASS,0-8,
COL-059,07_POV/COL-059-caramel-pov-of-a-woman-sliding-a-matte-dark-grey.mp4,07_POV,caramel,"POV of a woman sliding a matte dark grey laptop, held edge on with no lid face visible, into the open bag standing on a desk, a notebook already inside. Cool office light.",high angle,POV,medium,natural hand movement,office,cool indoor,open,open,packing laptop,6.0,omni-flash-preview,keyframes/COL-059/v1.png,"Use the attached product photos ONLY as the reference for the bag's shape, proportions, materials, colours, stitching and hardware. Do NOT copy their lighting, plain background, clean edges or catalogue look; those are studio images and the picture you produce must not resemble one. Create the following real photograph instead.

POV of a woman sliding a matte dark grey laptop, held edge on with no lid face visible, into the open bag standing on a desk, a notebook already inside. Cool office light. The woman in the scene is a woman in her mid 30s with dark blonde waves and a gold chain bracelet.

PRODUCT TRUTH, follow exactly. The bag is an oatmeal greige brushed wool felt east west tote, about twice as wide as it is tall, softly structured and standing on its own, with a flat base. It measures about 50 centimetres wide, 26 centimetres tall and 18 centimetres deep, a wide low landscape shape, never boxy or square. The felt is smooth brushed felt with fine visible fibres, NOT knitted, no knit ribs, no yarn loops. Two wide vertical felt straps run down the front face from the top rim to the base. A slim warm cognac tan leather belt about half an inch wide crosses the front horizontally, passing through a felt loop on each vertical strap, and each of its two ends extends past the straps and curves outward and downward, hanging free, finished with a small round aged gold metal disc cap. The back face is identical. Two rolled top handles, one on the front and one on the back, wrapped in warm cognac tan leather on the grip with felt below, with a short handle drop so the bag hangs from the hand or forearm, never the shoulder. The top is open with no flap and no zipper. The side gussets are clean felt with a single vertical centre seam and nothing attached to them. The only metal on the bag is aged gold. There are no logos, no embossing, no lettering and no tags anywhere on the bag. The bag stands open and the mouth is a wide oval. Inside, the same oatmeal felt continues with no lining pattern and no pockets; there is one small felt tab with a tiny gold snap stud at the top centre of the front inner rim and one on the back inner rim. Contents sit directly on the felt.

CRITICAL RENDERING INSTRUCTION. This is a single frame from a real video casually shot on an iPhone 15 Pro by an ordinary person, handheld, with no lighting equipment, no tripod and no styling. It is NOT a 3D render, NOT CGI, NOT a product visualisation, NOT a catalogue or commercial photograph, NOT retouched, NOT studio lit. Photographic evidence that must be present: visible sensor noise through the shadows, highlights slightly blown where the light source hits, mild chromatic aberration on contrast edges, phone sharpening, focus slightly imperfect, a trace of handheld motion blur, and framing that is a little crooked and off centre the way a real snapshot is. One dominant available light source with mixed colour temperature and uneven exposure. The wool felt shows individual brushed fibres and small lint, the leather trim is softly creased where it has been handled, ordinary dust and fingerprints exist. The setting is a real lived in place with ordinary clutter, not a set. Any human skin shows real texture and pores, never retouched, and no face is visible. Any laptop or phone in the scene is plain matte dark grey with no logo. No on screen text, no captions, no lettering, no signage, no graphics, no watermarks and no other branded products anywhere. Vertical 9:16 portrait framing.","The laptop slides down into the bag and her hand pats it flat, then she pulls the handles up. Handheld POV.",packing items is 9% of interactions; laptop-fit proof,7,7,7,7,7,7,7,7,6,7,6.9,False,False,False,False,False,False,False,PASS,"Bag maintains correct structure, materials, and hardware details throughout the interaction.",PASS,0-6,
COL-060,07_POV/COL-060-caramel-pov-of-a-young-woman-pulling-a-water-bot.mp4,07_POV,caramel,"POV of a young woman pulling a water bottle out of the open bag onto a desk where a notebook and AirPods case already sit, the bag standing at the top of the frame. Window light.",high angle,POV,medium,natural hand movement,apartment other,window light,open,open,unpacking onto desk,7.0,omni-flash-preview,keyframes/COL-060/v1.png,"Use the attached product photos ONLY as the reference for the bag's shape, proportions, materials, colours, stitching and hardware. Do NOT copy their lighting, plain background, clean edges or catalogue look; those are studio images and the picture you produce must not resemble one. Create the following real photograph instead.

POV of a young woman pulling a water bottle out of the open bag onto a desk where a notebook and AirPods case already sit, the bag standing at the top of the frame. Window light. The woman in the scene is a woman in her mid 20s with a light brown ponytail and a claw clip, no jewellery.

PRODUCT TRUTH, follow exactly. The bag is an oatmeal greige brushed wool felt east west tote, about twice as wide as it is tall, softly structured and standing on its own, with a flat base. It measures about 50 centimetres wide, 26 centimetres tall and 18 centimetres deep, a wide low landscape shape, never boxy or square. The felt is smooth brushed felt with fine visible fibres, NOT knitted, no knit ribs, no yarn loops. Two wide vertical felt straps run down the front face from the top rim to the base. A slim warm cognac tan leather belt about half an inch wide crosses the front horizontally, passing through a felt loop on each vertical strap, and each of its two ends extends past the straps and curves outward and downward, hanging free, finished with a small round aged gold metal disc cap. The back face is identical. Two rolled top handles, one on the front and one on the back, wrapped in warm cognac tan leather on the grip with felt below, with a short handle drop so the bag hangs from the hand or forearm, never the shoulder. The top is open with no flap and no zipper. The side gussets are clean felt with a single vertical centre seam and nothing attached to them. The only metal on the bag is aged gold. There are no logos, no embossing, no lettering and no tags anywhere on the bag. The bag stands open and the mouth is a wide oval. Inside, the same oatmeal felt continues with no lining pattern and no pockets; there is one small felt tab with a tiny gold snap stud at the top centre of the front inner rim and one on the back inner rim. Contents sit directly on the felt.

CRITICAL RENDERING INSTRUCTION. This is a single frame from a real video casually shot on an iPhone 15 Pro by an ordinary person, handheld, with no lighting equipment, no tripod and no styling. It is NOT a 3D render, NOT CGI, NOT a product visualisation, NOT a catalogue or commercial photograph, NOT retouched, NOT studio lit. Photographic evidence that must be present: visible sensor noise through the shadows, highlights slightly blown where the light source hits, mild chromatic aberration on contrast edges, phone sharpening, focus slightly imperfect, a trace of handheld motion blur, and framing that is a little crooked and off centre the way a real snapshot is. One dominant available light source with mixed colour temperature and uneven exposure. The wool felt shows individual brushed fibres and small lint, the leather trim is softly creased where it has been handled, ordinary dust and fingerprints exist. The setting is a real lived in place with ordinary clutter, not a set. Any human skin shows real texture and pores, never retouched, and no face is visible. Any laptop or phone in the scene is plain matte dark grey with no logo. No on screen text, no captions, no lettering, no signage, no graphics, no watermarks and no other branded products anywhere. Vertical 9:16 portrait framing.","She lifts the bottle out and sets it down, then reaches back in. Handheld POV.",removing items (5%),7,7,7,7,7,7,7,7,6,7,6.9,False,False,False,False,False,False,False,PASS,"Accurate construction, materials, and hardware with natural interaction.",PASS,0-7,lining pocket appears at 9s
COL-061,07_POV/COL-061-espresso-pov-from-the-driver-s-side-of-a-woman-s-.mp4,07_POV,espresso,"POV from the driver's side of a woman's hand setting the bag onto the passenger seat, sunlight through the windshield, a dashboard edge in frame. Slightly blown highlights.",waist,POV,medium,natural hand movement,car,direct sunlight,three-quarter,being placed,placing on passenger seat,8.0,omni-flash-preview,keyframes/COL-061/v1.png,"Use the attached product photos ONLY as the reference for the bag's shape, proportions, materials, colours, stitching and hardware. Do NOT copy their lighting, plain background, clean edges or catalogue look; those are studio images and the picture you produce must not resemble one. Create the following real photograph instead.

POV from the driver's side of a woman's hand setting the bag onto the passenger seat, sunlight through the windshield, a dashboard edge in frame. Slightly blown highlights. The woman in the scene is a woman in her 50s with silver-blonde hair pulled back and a simple gold wedding band.

PRODUCT TRUTH, follow exactly. The bag is an oatmeal greige brushed wool felt east west tote, about twice as wide as it is tall, softly structured and standing on its own, with a flat base. It measures about 50 centimetres wide, 26 centimetres tall and 18 centimetres deep, a wide low landscape shape, never boxy or square. The felt is smooth brushed felt with fine visible fibres, NOT knitted, no knit ribs, no yarn loops. Two wide vertical felt straps run down the front face from the top rim to the base. A slim dark espresso brown leather belt about half an inch wide crosses the front horizontally, passing through a felt loop on each vertical strap, and each of its two ends extends past the straps and curves outward and downward, hanging free, finished with a small round aged gold metal disc cap. The back face is identical. Two rolled top handles, one on the front and one on the back, wrapped in dark espresso brown leather on the grip with felt below, with a short handle drop so the bag hangs from the hand or forearm, never the shoulder. The top is open with no flap and no zipper. The side gussets are clean felt with a single vertical centre seam and nothing attached to them. The only metal on the bag is aged gold. There are no logos, no embossing, no lettering and no tags anywhere on the bag.

CRITICAL RENDERING INSTRUCTION. This is a single frame from a real video casually shot on an iPhone 15 Pro by an ordinary person, handheld, with no lighting equipment, no tripod and no styling. It is NOT a 3D render, NOT CGI, NOT a product visualisation, NOT a catalogue or commercial photograph, NOT retouched, NOT studio lit. Photographic evidence that must be present: visible sensor noise through the shadows, highlights slightly blown where the light source hits, mild chromatic aberration on contrast edges, phone sharpening, focus slightly imperfect, a trace of handheld motion blur, and framing that is a little crooked and off centre the way a real snapshot is. One dominant available light source with mixed colour temperature and uneven exposure. The wool felt shows individual brushed fibres and small lint, the leather trim is softly creased where it has been handled, ordinary dust and fingerprints exist. The setting is a real lived in place with ordinary clutter, not a set. Any human skin shows real texture and pores, never retouched, and no face is visible. Any laptop or phone in the scene is plain matte dark grey with no logo. No on screen text, no captions, no lettering, no signage, no graphics, no watermarks and no other branded products anywhere. Vertical 9:16 portrait framing.","Her hand sets the bag down on the seat, straightens it, and pulls away. Handheld POV.",car appears in 3.5% of videos; POV seat placement,7,7,7,7,7,7,7,7,6,7,6.9,False,False,False,False,False,False,False,PASS,"Bag geometry, felt texture, and hardware details match ground truth references accurately.",PASS,0-8,
COL-062,07_POV/COL-062-caramel-pov-of-an-older-woman-s-hands-holding-th.mp4,07_POV,caramel,"POV of an older woman's hands holding the bag up by both handles in front of her at chest height so the whole front faces the camera, living room window behind.",chest,POV,medium,natural hand movement,living room,window light,front,held up,holding handles up,8.0,omni-flash-preview,keyframes/COL-062/v1.png,"Use the attached product photos ONLY as the reference for the bag's shape, proportions, materials, colours, stitching and hardware. Do NOT copy their lighting, plain background, clean edges or catalogue look; those are studio images and the picture you produce must not resemble one. Create the following real photograph instead.

POV of an older woman's hands holding the bag up by both handles in front of her at chest height so the whole front faces the camera, living room window behind. The woman in the scene is a woman in her 60s with a silver bob and soft weathered hands.

PRODUCT TRUTH, follow exactly. The bag is an oatmeal greige brushed wool felt east west tote, about twice as wide as it is tall, softly structured and standing on its own, with a flat base. It measures about 50 centimetres wide, 26 centimetres tall and 18 centimetres deep, a wide low landscape shape, never boxy or square. The felt is smooth brushed felt with fine visible fibres, NOT knitted, no knit ribs, no yarn loops. Two wide vertical felt straps run down the front face from the top rim to the base. A slim warm cognac tan leather belt about half an inch wide crosses the front horizontally, passing through a felt loop on each vertical strap, and each of its two ends extends past the straps and curves outward and downward, hanging free, finished with a small round aged gold metal disc cap. The back face is identical. Two rolled top handles, one on the front and one on the back, wrapped in warm cognac tan leather on the grip with felt below, with a short handle drop so the bag hangs from the hand or forearm, never the shoulder. The top is open with no flap and no zipper. The side gussets are clean felt with a single vertical centre seam and nothing attached to them. The only metal on the bag is aged gold. There are no logos, no embossing, no lettering and no tags anywhere on the bag.

CRITICAL RENDERING INSTRUCTION. This is a single frame from a real video casually shot on an iPhone 15 Pro by an ordinary person, handheld, with no lighting equipment, no tripod and no styling. It is NOT a 3D render, NOT CGI, NOT a product visualisation, NOT a catalogue or commercial photograph, NOT retouched, NOT studio lit. Photographic evidence that must be present: visible sensor noise through the shadows, highlights slightly blown where the light source hits, mild chromatic aberration on contrast edges, phone sharpening, focus slightly imperfect, a trace of handheld motion blur, and framing that is a little crooked and off centre the way a real snapshot is. One dominant available light source with mixed colour temperature and uneven exposure. The wool felt shows individual brushed fibres and small lint, the leather trim is softly creased where it has been handled, ordinary dust and fingerprints exist. The setting is a real lived in place with ordinary clutter, not a set. Any human skin shows real texture and pores, never retouched, and no face is visible. Any laptop or phone in the scene is plain matte dark grey with no logo. No on screen text, no captions, no lettering, no signage, no graphics, no watermarks and no other branded products anywhere. Vertical 9:16 portrait framing.","She raises the bag slightly and turns it a few degrees each way, then lowers it. Handheld POV.",showing to camera is the top interaction (23%),7,6,6,7,6,6,6,6,5,6,6.1,False,False,False,False,False,False,False,PASS,"Bag structure, materials, and hardware remain consistent with references throughout the clip.",PASS,0-8,
COL-063,07_POV/COL-063-caramel-pov-of-a-woman-s-hand-pulling-a-tan-leat.mp4,07_POV,caramel,"POV of a woman's hand pulling a tan leather wallet out of the open bag sitting on a cafe chair beside her table, a coffee cup at the frame edge. Window light.",high angle,POV,close-up,natural hand movement,cafe,window light,open,open,pulling out wallet,3.0,omni-flash-preview,keyframes/COL-063/v1.png,"Use the attached product photos ONLY as the reference for the bag's shape, proportions, materials, colours, stitching and hardware. Do NOT copy their lighting, plain background, clean edges or catalogue look; those are studio images and the picture you produce must not resemble one. Create the following real photograph instead.

POV of a woman's hand pulling a tan leather wallet out of the open bag sitting on a cafe chair beside her table, a coffee cup at the frame edge. Window light. The woman in the scene is a woman around 30 with curly red hair and short dark painted nails.

PRODUCT TRUTH, follow exactly. The bag is an oatmeal greige brushed wool felt east west tote, about twice as wide as it is tall, softly structured and standing on its own, with a flat base. It measures about 50 centimetres wide, 26 centimetres tall and 18 centimetres deep, a wide low landscape shape, never boxy or square. The felt is smooth brushed felt with fine visible fibres, NOT knitted, no knit ribs, no yarn loops. Two wide vertical felt straps run down the front face from the top rim to the base. A slim warm cognac tan leather belt about half an inch wide crosses the front horizontally, passing through a felt loop on each vertical strap, and each of its two ends extends past the straps and curves outward and downward, hanging free, finished with a small round aged gold metal disc cap. The back face is identical. Two rolled top handles, one on the front and one on the back, wrapped in warm cognac tan leather on the grip with felt below, with a short handle drop so the bag hangs from the hand or forearm, never the shoulder. The top is open with no flap and no zipper. The side gussets are clean felt with a single vertical centre seam and nothing attached to them. The only metal on the bag is aged gold. There are no logos, no embossing, no lettering and no tags anywhere on the bag. The bag stands open and the mouth is a wide oval. Inside, the same oatmeal felt continues with no lining pattern and no pockets; there is one small felt tab with a tiny gold snap stud at the top centre of the front inner rim and one on the back inner rim. Contents sit directly on the felt.

CRITICAL RENDERING INSTRUCTION. This is a single frame from a real video casually shot on an iPhone 15 Pro by an ordinary person, handheld, with no lighting equipment, no tripod and no styling. It is NOT a 3D render, NOT CGI, NOT a product visualisation, NOT a catalogue or commercial photograph, NOT retouched, NOT studio lit. Photographic evidence that must be present: visible sensor noise through the shadows, highlights slightly blown where the light source hits, mild chromatic aberration on contrast edges, phone sharpening, focus slightly imperfect, a trace of handheld motion blur, and framing that is a little crooked and off centre the way a real snapshot is. One dominant available light source with mixed colour temperature and uneven exposure. The wool felt shows individual brushed fibres and small lint, the leather trim is softly creased where it has been handled, ordinary dust and fingerprints exist. The setting is a real lived in place with ordinary clutter, not a set. Any human skin shows real texture and pores, never retouched, and no face is visible. Any laptop or phone in the scene is plain matte dark grey with no logo. No on screen text, no captions, no lettering, no signage, no graphics, no watermarks and no other branded products anywhere. Vertical 9:16 portrait framing.","She pulls the wallet out and the bag settles, her hand comes toward the camera. Handheld POV.",paying-at-the-cafe reach,7,7,7,7,7,7,7,7,6,7,6.9,False,False,False,False,False,False,False,PASS,"Bag structure, materials, and hardware details accurately match reference images throughout motion.",PASS,0-3,wallet shows pseudo-lettering after 3s; use the reach-in only
COL-064,08_Home/COL-064-caramel-high-angle-of-the-bag-standing-open-on-a.mp4,08_Home,caramel,"High angle of the bag standing open on a bed while a woman's hand lowers a folded cream knit sweater into it, a water bottle waiting beside. Grey window light, wrinkled duvet. Her face is out of the frame, cropped away by the top edge of the picture, and she is not holding a phone; someone else is filming her.",high angle,high angle,medium,handheld,bedroom,window light,open,open,packing,8.0,omni-flash-preview,keyframes/COL-064/v1.png,"Use the attached product photos ONLY as the reference for the bag's shape, proportions, materials, colours, stitching and hardware. Do NOT copy their lighting, plain background, clean edges or catalogue look; those are studio images and the picture you produce must not resemble one. Create the following real photograph instead.

High angle of the bag standing open on a bed while a woman's hand lowers a folded cream knit sweater into it, a water bottle waiting beside. Grey window light, wrinkled duvet. Her face is out of the frame, cropped away by the top edge of the picture, and she is not holding a phone; someone else is filming her. The woman in the scene is a woman in her early 30s with long dark brown hair, natural short nails and a thin gold ring.

PRODUCT TRUTH, follow exactly. The bag is an oatmeal greige brushed wool felt east west tote, about twice as wide as it is tall, softly structured and standing on its own, with a flat base. It measures about 50 centimetres wide, 26 centimetres tall and 18 centimetres deep, a wide low landscape shape, never boxy or square. The felt is smooth brushed felt with fine visible fibres, NOT knitted, no knit ribs, no yarn loops. Two wide vertical felt straps run down the front face from the top rim to the base. A slim warm cognac tan leather belt about half an inch wide crosses the front horizontally, passing through a felt loop on each vertical strap, and each of its two ends extends past the straps and curves outward and downward, hanging free, finished with a small round aged gold metal disc cap. The back face is identical. Two rolled top handles, one on the front and one on the back, wrapped in warm cognac tan leather on the grip with felt below, with a short handle drop so the bag hangs from the hand or forearm, never the shoulder. The top is open with no flap and no zipper. The side gussets are clean felt with a single vertical centre seam and nothing attached to them. The only metal on the bag is aged gold. There are no logos, no embossing, no lettering and no tags anywhere on the bag. The bag stands open and the mouth is a wide oval. Inside, the same oatmeal felt continues with no lining pattern and no pockets; there is one small felt tab with a tiny gold snap stud at the top centre of the front inner rim and one on the back inner rim. Contents sit directly on the felt.

CRITICAL RENDERING INSTRUCTION. This is a single frame from a real video casually shot on an iPhone 15 Pro by an ordinary person, handheld, with no lighting equipment, no tripod and no styling. It is NOT a 3D render, NOT CGI, NOT a product visualisation, NOT a catalogue or commercial photograph, NOT retouched, NOT studio lit. Photographic evidence that must be present: visible sensor noise through the shadows, highlights slightly blown where the light source hits, mild chromatic aberration on contrast edges, phone sharpening, focus slightly imperfect, a trace of handheld motion blur, and framing that is a little crooked and off centre the way a real snapshot is. One dominant available light source with mixed colour temperature and uneven exposure. The wool felt shows individual brushed fibres and small lint, the leather trim is softly creased where it has been handled, ordinary dust and fingerprints exist. The setting is a real lived in place with ordinary clutter, not a set. Any human skin shows real texture and pores, never retouched, and no face is visible. Any laptop or phone in the scene is plain matte dark grey with no logo. No on screen text, no captions, no lettering, no signage, no graphics, no watermarks and no other branded products anywhere. Vertical 9:16 portrait framing.","The sweater goes into the bag and her hand presses it down, then reaches for the bottle. Handheld from above.","bed packing, the most common environment and interaction pair",7,7,7,7,7,7,7,7,6,7,6.9,False,False,False,False,False,False,False,PASS,"Bag structure, materials, and interactions align with references.",PASS,0-8,
COL-065,08_Home/COL-065-espresso-the-bag-sitting-on-a-sofa-cushion-beside.mp4,08_Home,espresso,"The bag sitting on a sofa cushion beside a woman's lap, her hand resting on the sofa, a mug on the arm. Window light, framed from her waist down. Her face is out of the frame, cropped away by the top edge of the picture, and she is not holding a phone; someone else is filming her.",waist,front,medium,handheld,living room,window light,front,resting,sitting beside,8.0,kenburns,keyframes/COL-065/v1.png,"Use the attached product photos ONLY as the reference for the bag's shape, proportions, materials, colours, stitching and hardware. Do NOT copy their lighting, plain background, clean edges or catalogue look; those are studio images and the picture you produce must not resemble one. Create the following real photograph instead.

The bag sitting on a sofa cushion beside a woman's lap, her hand resting on the sofa, a mug on the arm. Window light, framed from her waist down. Her face is out of the frame, cropped away by the top edge of the picture, and she is not holding a phone; someone else is filming her. The woman in the scene is a woman in her late 20s with a blonde bob, pale skin and a silver watch.

PRODUCT TRUTH, follow exactly. The bag is an oatmeal greige brushed wool felt east west tote, about twice as wide as it is tall, softly structured and standing on its own, with a flat base. It measures about 50 centimetres wide, 26 centimetres tall and 18 centimetres deep, a wide low landscape shape, never boxy or square. The felt is smooth brushed felt with fine visible fibres, NOT knitted, no knit ribs, no yarn loops. Two wide vertical felt straps run down the front face from the top rim to the base. A slim dark espresso brown leather belt about half an inch wide crosses the front horizontally, passing through a felt loop on each vertical strap, and each of its two ends extends past the straps and curves outward and downward, hanging free, finished with a small round aged gold metal disc cap. The back face is identical. Two rolled top handles, one on the front and one on the back, wrapped in dark espresso brown leather on the grip with felt below, with a short handle drop so the bag hangs from the hand or forearm, never the shoulder. The top is open with no flap and no zipper. The side gussets are clean felt with a single vertical centre seam and nothing attached to them. The only metal on the bag is aged gold. There are no logos, no embossing, no lettering and no tags anywhere on the bag.

CRITICAL RENDERING INSTRUCTION. This is a single frame from a real video casually shot on an iPhone 15 Pro by an ordinary person, handheld, with no lighting equipment, no tripod and no styling. It is NOT a 3D render, NOT CGI, NOT a product visualisation, NOT a catalogue or commercial photograph, NOT retouched, NOT studio lit. Photographic evidence that must be present: visible sensor noise through the shadows, highlights slightly blown where the light source hits, mild chromatic aberration on contrast edges, phone sharpening, focus slightly imperfect, a trace of handheld motion blur, and framing that is a little crooked and off centre the way a real snapshot is. One dominant available light source with mixed colour temperature and uneven exposure. The wool felt shows individual brushed fibres and small lint, the leather trim is softly creased where it has been handled, ordinary dust and fingerprints exist. The setting is a real lived in place with ordinary clutter, not a set. Any human skin shows real texture and pores, never retouched, and no face is visible. Any laptop or phone in the scene is plain matte dark grey with no logo. No on screen text, no captions, no lettering, no signage, no graphics, no watermarks and no other branded products anywhere. Vertical 9:16 portrait framing.","She picks up the mug and settles back, the bag stays put beside her. Handheld.",bag on the couch beside her,7,7,7,7,7,7,7,7,6,7,6.9,False,False,False,False,False,False,False,PASS,"Product construction, materials, and hardware accurately match ground truth references throughout the clip.",PASS,0-8,kenburns fallback: Omni revealed the face after 2s
COL-066,08_Home/COL-066-caramel-the-bag-standing-on-a-kitchen-counter-ne.mp4,08_Home,caramel,"The bag standing on a kitchen counter next to a coffee maker mid-pour, a mug filling, a phone and a banana beside it. Morning window light, hot spot on the counter.",chest,front,full product,handheld,kitchen,window light,front,resting,none,8.0,kenburns,keyframes/COL-066/v1.png,"Use the attached product photos ONLY as the reference for the bag's shape, proportions, materials, colours, stitching and hardware. Do NOT copy their lighting, plain background, clean edges or catalogue look; those are studio images and the picture you produce must not resemble one. Create the following real photograph instead.

The bag standing on a kitchen counter next to a coffee maker mid-pour, a mug filling, a phone and a banana beside it. Morning window light, hot spot on the counter.

PRODUCT TRUTH, follow exactly. The bag is an oatmeal greige brushed wool felt east west tote, about twice as wide as it is tall, softly structured and standing on its own, with a flat base. It measures about 50 centimetres wide, 26 centimetres tall and 18 centimetres deep, a wide low landscape shape, never boxy or square. The felt is smooth brushed felt with fine visible fibres, NOT knitted, no knit ribs, no yarn loops. Two wide vertical felt straps run down the front face from the top rim to the base. A slim warm cognac tan leather belt about half an inch wide crosses the front horizontally, passing through a felt loop on each vertical strap, and each of its two ends extends past the straps and curves outward and downward, hanging free, finished with a small round aged gold metal disc cap. The back face is identical. Two rolled top handles, one on the front and one on the back, wrapped in warm cognac tan leather on the grip with felt below, with a short handle drop so the bag hangs from the hand or forearm, never the shoulder. The top is open with no flap and no zipper. The side gussets are clean felt with a single vertical centre seam and nothing attached to them. The only metal on the bag is aged gold. There are no logos, no embossing, no lettering and no tags anywhere on the bag.

CRITICAL RENDERING INSTRUCTION. This is a single frame from a real video casually shot on an iPhone 15 Pro by an ordinary person, handheld, with no lighting equipment, no tripod and no styling. It is NOT a 3D render, NOT CGI, NOT a product visualisation, NOT a catalogue or commercial photograph, NOT retouched, NOT studio lit. Photographic evidence that must be present: visible sensor noise through the shadows, highlights slightly blown where the light source hits, mild chromatic aberration on contrast edges, phone sharpening, focus slightly imperfect, a trace of handheld motion blur, and framing that is a little crooked and off centre the way a real snapshot is. One dominant available light source with mixed colour temperature and uneven exposure. The wool felt shows individual brushed fibres and small lint, the leather trim is softly creased where it has been handled, ordinary dust and fingerprints exist. The setting is a real lived in place with ordinary clutter, not a set. Any human skin shows real texture and pores, never retouched, and no face is visible. Any laptop or phone in the scene is plain matte dark grey with no logo. No on screen text, no captions, no lettering, no signage, no graphics, no watermarks and no other branded products anywhere. Vertical 9:16 portrait framing.","Handheld phone footage with a gentle natural sway and tiny hand shake, slight focus breathing. The scene holds, small natural movements only.",kitchen morning still life (kitchen 4%),7,7,7,7,7,7,7,7,6,7,6.9,False,False,False,False,False,False,False,PASS,"Product structure, materials, and hardware accurately match reference specifications throughout the clip.",PASS,0-8,kenburns by law: product-only beat
COL-067,08_Home/COL-067-caramel-a-woman-reaching-up-to-take-the-bag-down.mp4,08_Home,caramel,"A woman reaching up to take the bag down from a closet shelf between stacked sweaters, framed from the shoulders down. Warm light. Her face is out of the frame, cropped away by the top edge of the picture, and she is not holding a phone; someone else is filming her.",chest,front,medium,handheld,closet,warm indoor,three-quarter,being taken down,reaching to shelf,4.0,omni-flash-preview,keyframes/COL-067/v1.png,"Use the attached product photos ONLY as the reference for the bag's shape, proportions, materials, colours, stitching and hardware. Do NOT copy their lighting, plain background, clean edges or catalogue look; those are studio images and the picture you produce must not resemble one. Create the following real photograph instead.

A woman reaching up to take the bag down from a closet shelf between stacked sweaters, framed from the shoulders down. Warm light. Her face is out of the frame, cropped away by the top edge of the picture, and she is not holding a phone; someone else is filming her. The woman in the scene is a woman in her 40s with auburn shoulder-length hair and a few freckles on her hands.

PRODUCT TRUTH, follow exactly. The bag is an oatmeal greige brushed wool felt east west tote, about twice as wide as it is tall, softly structured and standing on its own, with a flat base. It measures about 50 centimetres wide, 26 centimetres tall and 18 centimetres deep, a wide low landscape shape, never boxy or square. The felt is smooth brushed felt with fine visible fibres, NOT knitted, no knit ribs, no yarn loops. Two wide vertical felt straps run down the front face from the top rim to the base. A slim warm cognac tan leather belt about half an inch wide crosses the front horizontally, passing through a felt loop on each vertical strap, and each of its two ends extends past the straps and curves outward and downward, hanging free, finished with a small round aged gold metal disc cap. The back face is identical. Two rolled top handles, one on the front and one on the back, wrapped in warm cognac tan leather on the grip with felt below, with a short handle drop so the bag hangs from the hand or forearm, never the shoulder. The top is open with no flap and no zipper. The side gussets are clean felt with a single vertical centre seam and nothing attached to them. The only metal on the bag is aged gold. There are no logos, no embossing, no lettering and no tags anywhere on the bag.

CRITICAL RENDERING INSTRUCTION. This is a single frame from a real video casually shot on an iPhone 15 Pro by an ordinary person, handheld, with no lighting equipment, no tripod and no styling. It is NOT a 3D render, NOT CGI, NOT a product visualisation, NOT a catalogue or commercial photograph, NOT retouched, NOT studio lit. Photographic evidence that must be present: visible sensor noise through the shadows, highlights slightly blown where the light source hits, mild chromatic aberration on contrast edges, phone sharpening, focus slightly imperfect, a trace of handheld motion blur, and framing that is a little crooked and off centre the way a real snapshot is. One dominant available light source with mixed colour temperature and uneven exposure. The wool felt shows individual brushed fibres and small lint, the leather trim is softly creased where it has been handled, ordinary dust and fingerprints exist. The setting is a real lived in place with ordinary clutter, not a set. Any human skin shows real texture and pores, never retouched, and no face is visible. Any laptop or phone in the scene is plain matte dark grey with no logo. No on screen text, no captions, no lettering, no signage, no graphics, no watermarks and no other branded products anywhere. Vertical 9:16 portrait framing.",She pulls the bag down from the shelf and turns with it. Handheld.,closet shelf reach,7,7,7,7,7,6,7,7,6,7,6.8,False,False,False,False,False,False,False,PASS,"Bag maintains consistent structure, correct hardware, and realistic motion throughout the clip.",PASS,0-4,face turns to camera after 4s
COL-068,08_Home/COL-068-espresso-the-bag-on-top-of-a-dresser-at-night-bes.mp4,08_Home,espresso,"The bag on top of a dresser at night beside a lamp, a perfume bottle and a hair claw, warm light, heavy grain, slightly soft.",waist,three-quarter,full product,handheld,bedroom,warm indoor,three-quarter,resting,none,8.0,kenburns,keyframes/COL-068/v1.png,"Use the attached product photos ONLY as the reference for the bag's shape, proportions, materials, colours, stitching and hardware. Do NOT copy their lighting, plain background, clean edges or catalogue look; those are studio images and the picture you produce must not resemble one. Create the following real photograph instead.

The bag on top of a dresser at night beside a lamp, a perfume bottle and a hair claw, warm light, heavy grain, slightly soft.

PRODUCT TRUTH, follow exactly. The bag is an oatmeal greige brushed wool felt east west tote, about twice as wide as it is tall, softly structured and standing on its own, with a flat base. It measures about 50 centimetres wide, 26 centimetres tall and 18 centimetres deep, a wide low landscape shape, never boxy or square. The felt is smooth brushed felt with fine visible fibres, NOT knitted, no knit ribs, no yarn loops. Two wide vertical felt straps run down the front face from the top rim to the base. A slim dark espresso brown leather belt about half an inch wide crosses the front horizontally, passing through a felt loop on each vertical strap, and each of its two ends extends past the straps and curves outward and downward, hanging free, finished with a small round aged gold metal disc cap. The back face is identical. Two rolled top handles, one on the front and one on the back, wrapped in dark espresso brown leather on the grip with felt below, with a short handle drop so the bag hangs from the hand or forearm, never the shoulder. The top is open with no flap and no zipper. The side gussets are clean felt with a single vertical centre seam and nothing attached to them. The only metal on the bag is aged gold. There are no logos, no embossing, no lettering and no tags anywhere on the bag.

CRITICAL RENDERING INSTRUCTION. This is a single frame from a real video casually shot on an iPhone 15 Pro by an ordinary person, handheld, with no lighting equipment, no tripod and no styling. It is NOT a 3D render, NOT CGI, NOT a product visualisation, NOT a catalogue or commercial photograph, NOT retouched, NOT studio lit. Photographic evidence that must be present: visible sensor noise through the shadows, highlights slightly blown where the light source hits, mild chromatic aberration on contrast edges, phone sharpening, focus slightly imperfect, a trace of handheld motion blur, and framing that is a little crooked and off centre the way a real snapshot is. One dominant available light source with mixed colour temperature and uneven exposure. The wool felt shows individual brushed fibres and small lint, the leather trim is softly creased where it has been handled, ordinary dust and fingerprints exist. The setting is a real lived in place with ordinary clutter, not a set. Any human skin shows real texture and pores, never retouched, and no face is visible. Any laptop or phone in the scene is plain matte dark grey with no logo. No on screen text, no captions, no lettering, no signage, no graphics, no watermarks and no other branded products anywhere. Vertical 9:16 portrait framing.","Slow handheld push in toward the bag with natural hand shake, as if the person filming steps a little closer, slight focus breathing.","dresser top, low-light register",7,7,7,6,6,7,7,6,5,7,6.5,False,False,False,False,False,False,False,PASS,Accurate construction and details matching reference specifications throughout the clip.,PASS,0-8,kenburns by law: product-only beat
COL-069,08_Home/COL-069-caramel-the-bag-on-a-wooden-entry-bench-under-a-.mp4,08_Home,caramel,"The bag on a wooden entry bench under a row of coat hooks, a pair of loafers on the floor beneath, keys beside it. Daylight from the door.",waist,front,full product,handheld,hallway,window light,front,resting,none,8.0,kenburns,keyframes/COL-069/v1.png,"Use the attached product photos ONLY as the reference for the bag's shape, proportions, materials, colours, stitching and hardware. Do NOT copy their lighting, plain background, clean edges or catalogue look; those are studio images and the picture you produce must not resemble one. Create the following real photograph instead.

The bag on a wooden entry bench under a row of coat hooks, a pair of loafers on the floor beneath, keys beside it. Daylight from the door.

PRODUCT TRUTH, follow exactly. The bag is an oatmeal greige brushed wool felt east west tote, about twice as wide as it is tall, softly structured and standing on its own, with a flat base. It measures about 50 centimetres wide, 26 centimetres tall and 18 centimetres deep, a wide low landscape shape, never boxy or square. The felt is smooth brushed felt with fine visible fibres, NOT knitted, no knit ribs, no yarn loops. Two wide vertical felt straps run down the front face from the top rim to the base. A slim warm cognac tan leather belt about half an inch wide crosses the front horizontally, passing through a felt loop on each vertical strap, and each of its two ends extends past the straps and curves outward and downward, hanging free, finished with a small round aged gold metal disc cap. The back face is identical. Two rolled top handles, one on the front and one on the back, wrapped in warm cognac tan leather on the grip with felt below, with a short handle drop so the bag hangs from the hand or forearm, never the shoulder. The top is open with no flap and no zipper. The side gussets are clean felt with a single vertical centre seam and nothing attached to them. The only metal on the bag is aged gold. There are no logos, no embossing, no lettering and no tags anywhere on the bag.

CRITICAL RENDERING INSTRUCTION. This is a single frame from a real video casually shot on an iPhone 15 Pro by an ordinary person, handheld, with no lighting equipment, no tripod and no styling. It is NOT a 3D render, NOT CGI, NOT a product visualisation, NOT a catalogue or commercial photograph, NOT retouched, NOT studio lit. Photographic evidence that must be present: visible sensor noise through the shadows, highlights slightly blown where the light source hits, mild chromatic aberration on contrast edges, phone sharpening, focus slightly imperfect, a trace of handheld motion blur, and framing that is a little crooked and off centre the way a real snapshot is. One dominant available light source with mixed colour temperature and uneven exposure. The wool felt shows individual brushed fibres and small lint, the leather trim is softly creased where it has been handled, ordinary dust and fingerprints exist. The setting is a real lived in place with ordinary clutter, not a set. Any human skin shows real texture and pores, never retouched, and no face is visible. Any laptop or phone in the scene is plain matte dark grey with no logo. No on screen text, no captions, no lettering, no signage, no graphics, no watermarks and no other branded products anywhere. Vertical 9:16 portrait framing.",Slow handheld drift sideways across the scene with slight wobble and one small refocus.,entry bench set-down,7,7,7,7,7,7,7,6,5,7,6.7,False,False,False,False,False,False,False,PASS,"Product structure, materials, and hardware match reference references accurately.",PASS,0-8,kenburns by law: product-only beat
COL-070,08_Home/COL-070-caramel-the-bag-standing-open-on-a-home-desk-bes.mp4,08_Home,caramel,"The bag standing open on a home desk beside a closed matte grey laptop, a woman's hand dropping a phone charger in, a plant and a mug behind. Window light. Her face is out of the frame, cropped away by the top edge of the picture, and she is not holding a phone; someone else is filming her.",high angle,high angle,medium,handheld,apartment other,window light,open,open,on desk,8.0,omni-1.1-flash,keyframes/COL-070/v2.png,"Use the attached product photos ONLY as the reference for the bag's shape, proportions, materials, colours, stitching and hardware. Do NOT copy their lighting, plain background, clean edges or catalogue look; those are studio images and the picture you produce must not resemble one. Create the following real photograph instead.

The bag standing open on a home desk beside a closed matte grey laptop, a woman's hand dropping a phone charger in, a plant and a mug behind. Window light. Her face is out of the frame, cropped away by the top edge of the picture, and she is not holding a phone; someone else is filming her. The woman in the scene is a woman in her mid 30s with dark blonde waves and a gold chain bracelet.

PRODUCT TRUTH, follow exactly. The bag is an oatmeal greige brushed wool felt east west tote, about twice as wide as it is tall, softly structured and standing on its own, with a flat base. It measures about 50 centimetres wide, 26 centimetres tall and 18 centimetres deep, a wide low landscape shape, never boxy or square. The felt is smooth brushed felt with fine visible fibres, NOT knitted, no knit ribs, no yarn loops. Two wide vertical felt straps run down the front face from the top rim to the base. A slim warm cognac tan leather belt about half an inch wide crosses the front horizontally, passing through a felt loop on each vertical strap, and each of its two ends extends past the straps and curves outward and downward, hanging free, finished with a small round aged gold metal disc cap. The back face is identical. Two rolled top handles, one on the front and one on the back, wrapped in warm cognac tan leather on the grip with felt below, with a short handle drop so the bag hangs from the hand or forearm, never the shoulder. The top is open with no flap and no zipper. The side gussets are clean felt with a single vertical centre seam and nothing attached to them. The only metal on the bag is aged gold. There are no logos, no embossing, no lettering and no tags anywhere on the bag. The bag stands open and the mouth is a wide oval. Inside, the same oatmeal felt continues with no lining pattern and no pockets; there is one small felt tab with a tiny gold snap stud at the top centre of the front inner rim and one on the back inner rim. Contents sit directly on the felt.

CRITICAL RENDERING INSTRUCTION. This is a single frame from a real video casually shot on an iPhone 15 Pro by an ordinary person, handheld, with no lighting equipment, no tripod and no styling. It is NOT a 3D render, NOT CGI, NOT a product visualisation, NOT a catalogue or commercial photograph, NOT retouched, NOT studio lit. Photographic evidence that must be present: visible sensor noise through the shadows, highlights slightly blown where the light source hits, mild chromatic aberration on contrast edges, phone sharpening, focus slightly imperfect, a trace of handheld motion blur, and framing that is a little crooked and off centre the way a real snapshot is. One dominant available light source with mixed colour temperature and uneven exposure. The wool felt shows individual brushed fibres and small lint, the leather trim is softly creased where it has been handled, ordinary dust and fingerprints exist. The setting is a real lived in place with ordinary clutter, not a set. Any human skin shows real texture and pores, never retouched, and no face is visible. Any laptop or phone in the scene is plain matte dark grey with no logo. No on screen text, no captions, no lettering, no signage, no graphics, no watermarks and no other branded products anywhere. Vertical 9:16 portrait framing.","The charger drops in, she pulls a notebook from the desk and slides it into the bag too. Handheld.",home desk pack-up,7,7,7,7,7,6,7,7,6,7,6.8,False,False,False,False,False,False,False,PASS,"Bag geometry, materials, and hardware remain structurally stable and match the reference.",PASS,0-8,"omni 1.1 flash on the regenerated keyframe, handles visible throughout"
COL-071,08_Home/COL-071-espresso-the-bag-on-a-windowsill-radiator-cover-i.mp4,08_Home,espresso,"The bag on a windowsill radiator cover in a bedroom, sheer curtain moving beside it, bright backlight from the window with the felt slightly silhouetted at the edges, exposure blown at the glass.",waist,front,full product,static,bedroom,window light,front,resting,none,8.0,kenburns,keyframes/COL-071/v1.png,"Use the attached product photos ONLY as the reference for the bag's shape, proportions, materials, colours, stitching and hardware. Do NOT copy their lighting, plain background, clean edges or catalogue look; those are studio images and the picture you produce must not resemble one. Create the following real photograph instead.

The bag on a windowsill radiator cover in a bedroom, sheer curtain moving beside it, bright backlight from the window with the felt slightly silhouetted at the edges, exposure blown at the glass.

PRODUCT TRUTH, follow exactly. The bag is an oatmeal greige brushed wool felt east west tote, about twice as wide as it is tall, softly structured and standing on its own, with a flat base. It measures about 50 centimetres wide, 26 centimetres tall and 18 centimetres deep, a wide low landscape shape, never boxy or square. The felt is smooth brushed felt with fine visible fibres, NOT knitted, no knit ribs, no yarn loops. Two wide vertical felt straps run down the front face from the top rim to the base. A slim dark espresso brown leather belt about half an inch wide crosses the front horizontally, passing through a felt loop on each vertical strap, and each of its two ends extends past the straps and curves outward and downward, hanging free, finished with a small round aged gold metal disc cap. The back face is identical. Two rolled top handles, one on the front and one on the back, wrapped in dark espresso brown leather on the grip with felt below, with a short handle drop so the bag hangs from the hand or forearm, never the shoulder. The top is open with no flap and no zipper. The side gussets are clean felt with a single vertical centre seam and nothing attached to them. The only metal on the bag is aged gold. There are no logos, no embossing, no lettering and no tags anywhere on the bag.

CRITICAL RENDERING INSTRUCTION. This is a single frame from a real video casually shot on an iPhone 15 Pro by an ordinary person, handheld, with no lighting equipment, no tripod and no styling. It is NOT a 3D render, NOT CGI, NOT a product visualisation, NOT a catalogue or commercial photograph, NOT retouched, NOT studio lit. Photographic evidence that must be present: visible sensor noise through the shadows, highlights slightly blown where the light source hits, mild chromatic aberration on contrast edges, phone sharpening, focus slightly imperfect, a trace of handheld motion blur, and framing that is a little crooked and off centre the way a real snapshot is. One dominant available light source with mixed colour temperature and uneven exposure. The wool felt shows individual brushed fibres and small lint, the leather trim is softly creased where it has been handled, ordinary dust and fingerprints exist. The setting is a real lived in place with ordinary clutter, not a set. Any human skin shows real texture and pores, never retouched, and no face is visible. Any laptop or phone in the scene is plain matte dark grey with no logo. No on screen text, no captions, no lettering, no signage, no graphics, no watermarks and no other branded products anywhere. Vertical 9:16 portrait framing.","Very slight handheld hover, the curtain sways gently in a draft, nothing on the bag moves.",windowsill set-down with blown window (a listed realism cue),7,7,7,7,7,7,7,7,6,7,6.9,False,False,False,False,False,False,False,PASS,Product structure and material match references with consistent appearance.,PASS,0-8,kenburns by law: product-only beat
COL-072,08_Home/COL-072-caramel-the-bag-hanging-by-its-handles-from-the-.mp4,08_Home,caramel,"The bag hanging by its handles from the back of a kitchen chair, a woman sitting at the table beyond with a laptop, framed at waist height from the side. Her face is out of the frame, cropped away by the top edge of the picture, and she is not holding a phone; someone else is filming her.",waist,front,medium,handheld,kitchen,window light,front,hanging,hanging on chair,8.0,kenburns,keyframes/COL-072/v1.png,"Use the attached product photos ONLY as the reference for the bag's shape, proportions, materials, colours, stitching and hardware. Do NOT copy their lighting, plain background, clean edges or catalogue look; those are studio images and the picture you produce must not resemble one. Create the following real photograph instead.

The bag hanging by its handles from the back of a kitchen chair, a woman sitting at the table beyond with a laptop, framed at waist height from the side. Her face is out of the frame, cropped away by the top edge of the picture, and she is not holding a phone; someone else is filming her. The woman in the scene is a woman in her 50s with silver-blonde hair pulled back and a simple gold wedding band.

PRODUCT TRUTH, follow exactly. The bag is an oatmeal greige brushed wool felt east west tote, about twice as wide as it is tall, softly structured and standing on its own, with a flat base. It measures about 50 centimetres wide, 26 centimetres tall and 18 centimetres deep, a wide low landscape shape, never boxy or square. The felt is smooth brushed felt with fine visible fibres, NOT knitted, no knit ribs, no yarn loops. Two wide vertical felt straps run down the front face from the top rim to the base. A slim warm cognac tan leather belt about half an inch wide crosses the front horizontally, passing through a felt loop on each vertical strap, and each of its two ends extends past the straps and curves outward and downward, hanging free, finished with a small round aged gold metal disc cap. The back face is identical. Two rolled top handles, one on the front and one on the back, wrapped in warm cognac tan leather on the grip with felt below, with a short handle drop so the bag hangs from the hand or forearm, never the shoulder. The top is open with no flap and no zipper. The side gussets are clean felt with a single vertical centre seam and nothing attached to them. The only metal on the bag is aged gold. There are no logos, no embossing, no lettering and no tags anywhere on the bag.

CRITICAL RENDERING INSTRUCTION. This is a single frame from a real video casually shot on an iPhone 15 Pro by an ordinary person, handheld, with no lighting equipment, no tripod and no styling. It is NOT a 3D render, NOT CGI, NOT a product visualisation, NOT a catalogue or commercial photograph, NOT retouched, NOT studio lit. Photographic evidence that must be present: visible sensor noise through the shadows, highlights slightly blown where the light source hits, mild chromatic aberration on contrast edges, phone sharpening, focus slightly imperfect, a trace of handheld motion blur, and framing that is a little crooked and off centre the way a real snapshot is. One dominant available light source with mixed colour temperature and uneven exposure. The wool felt shows individual brushed fibres and small lint, the leather trim is softly creased where it has been handled, ordinary dust and fingerprints exist. The setting is a real lived in place with ordinary clutter, not a set. Any human skin shows real texture and pores, never retouched, and no face is visible. Any laptop or phone in the scene is plain matte dark grey with no logo. No on screen text, no captions, no lettering, no signage, no graphics, no watermarks and no other branded products anywhere. Vertical 9:16 portrait framing.","She reaches back without looking and touches the bag handles, then goes back to typing. Handheld.",chair-back hanging,7,7,7,7,7,6,7,6,5,7,6.6,False,False,False,False,False,False,False,PASS,"Product structure, materials, and hardware match reference specs accurately throughout the clip.",PASS,0-8,kenburns fallback: Omni turned her face to camera
COL-073,08_Home/COL-073-caramel-a-young-woman-sitting-on-the-edge-of-her.mp4,08_Home,caramel,"A young woman sitting on the edge of her bed pulling on a sneaker, the bag standing beside her on the bed, framed from the waist down. Morning window light. Her face is out of the frame, cropped away by the top edge of the picture, and she is not holding a phone; someone else is filming her.",waist,front,medium,handheld,bedroom,window light,three-quarter,resting,sitting on bed edge,8.0,kenburns,keyframes/COL-073/v1.png,"Use the attached product photos ONLY as the reference for the bag's shape, proportions, materials, colours, stitching and hardware. Do NOT copy their lighting, plain background, clean edges or catalogue look; those are studio images and the picture you produce must not resemble one. Create the following real photograph instead.

A young woman sitting on the edge of her bed pulling on a sneaker, the bag standing beside her on the bed, framed from the waist down. Morning window light. Her face is out of the frame, cropped away by the top edge of the picture, and she is not holding a phone; someone else is filming her. The woman in the scene is a woman in her mid 20s with a light brown ponytail and a claw clip, no jewellery.

PRODUCT TRUTH, follow exactly. The bag is an oatmeal greige brushed wool felt east west tote, about twice as wide as it is tall, softly structured and standing on its own, with a flat base. It measures about 50 centimetres wide, 26 centimetres tall and 18 centimetres deep, a wide low landscape shape, never boxy or square. The felt is smooth brushed felt with fine visible fibres, NOT knitted, no knit ribs, no yarn loops. Two wide vertical felt straps run down the front face from the top rim to the base. A slim warm cognac tan leather belt about half an inch wide crosses the front horizontally, passing through a felt loop on each vertical strap, and each of its two ends extends past the straps and curves outward and downward, hanging free, finished with a small round aged gold metal disc cap. The back face is identical. Two rolled top handles, one on the front and one on the back, wrapped in warm cognac tan leather on the grip with felt below, with a short handle drop so the bag hangs from the hand or forearm, never the shoulder. The top is open with no flap and no zipper. The side gussets are clean felt with a single vertical centre seam and nothing attached to them. The only metal on the bag is aged gold. There are no logos, no embossing, no lettering and no tags anywhere on the bag.

CRITICAL RENDERING INSTRUCTION. This is a single frame from a real video casually shot on an iPhone 15 Pro by an ordinary person, handheld, with no lighting equipment, no tripod and no styling. It is NOT a 3D render, NOT CGI, NOT a product visualisation, NOT a catalogue or commercial photograph, NOT retouched, NOT studio lit. Photographic evidence that must be present: visible sensor noise through the shadows, highlights slightly blown where the light source hits, mild chromatic aberration on contrast edges, phone sharpening, focus slightly imperfect, a trace of handheld motion blur, and framing that is a little crooked and off centre the way a real snapshot is. One dominant available light source with mixed colour temperature and uneven exposure. The wool felt shows individual brushed fibres and small lint, the leather trim is softly creased where it has been handled, ordinary dust and fingerprints exist. The setting is a real lived in place with ordinary clutter, not a set. Any human skin shows real texture and pores, never retouched, and no face is visible. Any laptop or phone in the scene is plain matte dark grey with no logo. No on screen text, no captions, no lettering, no signage, no graphics, no watermarks and no other branded products anywhere. Vertical 9:16 portrait framing.",She finishes tying the shoe and grabs the bag handles. Handheld.,morning leave-the-house sequence,7,7,7,7,7,7,7,6,5,7,6.7,False,False,False,False,False,False,False,PASS,"Bag construction, materials, and hardware accurately match the reference with stable realistic rendering.",PASS,0-8,kenburns fallback: Omni knotted the belt; keyframe shows a downward profile
COL-074,09_Car/COL-074-caramel-the-bag-standing-upright-on-a-car-passen.mp4,09_Car,caramel,"The bag standing upright on a car passenger seat, seat belt across the seat back, an iced coffee in the cup holder, hard afternoon sun through the side window with blown highlights on the felt.",waist,three-quarter,full product,handheld,car,direct sunlight,three-quarter,resting,none,8.0,kenburns,keyframes/COL-074/v1.png,"Use the attached product photos ONLY as the reference for the bag's shape, proportions, materials, colours, stitching and hardware. Do NOT copy their lighting, plain background, clean edges or catalogue look; those are studio images and the picture you produce must not resemble one. Create the following real photograph instead.

The bag standing upright on a car passenger seat, seat belt across the seat back, an iced coffee in the cup holder, hard afternoon sun through the side window with blown highlights on the felt.

PRODUCT TRUTH, follow exactly. The bag is an oatmeal greige brushed wool felt east west tote, about twice as wide as it is tall, softly structured and standing on its own, with a flat base. It measures about 50 centimetres wide, 26 centimetres tall and 18 centimetres deep, a wide low landscape shape, never boxy or square. The felt is smooth brushed felt with fine visible fibres, NOT knitted, no knit ribs, no yarn loops. Two wide vertical felt straps run down the front face from the top rim to the base. A slim warm cognac tan leather belt about half an inch wide crosses the front horizontally, passing through a felt loop on each vertical strap, and each of its two ends extends past the straps and curves outward and downward, hanging free, finished with a small round aged gold metal disc cap. The back face is identical. Two rolled top handles, one on the front and one on the back, wrapped in warm cognac tan leather on the grip with felt below, with a short handle drop so the bag hangs from the hand or forearm, never the shoulder. The top is open with no flap and no zipper. The side gussets are clean felt with a single vertical centre seam and nothing attached to them. The only metal on the bag is aged gold. There are no logos, no embossing, no lettering and no tags anywhere on the bag.

CRITICAL RENDERING INSTRUCTION. This is a single frame from a real video casually shot on an iPhone 15 Pro by an ordinary person, handheld, with no lighting equipment, no tripod and no styling. It is NOT a 3D render, NOT CGI, NOT a product visualisation, NOT a catalogue or commercial photograph, NOT retouched, NOT studio lit. Photographic evidence that must be present: visible sensor noise through the shadows, highlights slightly blown where the light source hits, mild chromatic aberration on contrast edges, phone sharpening, focus slightly imperfect, a trace of handheld motion blur, and framing that is a little crooked and off centre the way a real snapshot is. One dominant available light source with mixed colour temperature and uneven exposure. The wool felt shows individual brushed fibres and small lint, the leather trim is softly creased where it has been handled, ordinary dust and fingerprints exist. The setting is a real lived in place with ordinary clutter, not a set. Any human skin shows real texture and pores, never retouched, and no face is visible. Any laptop or phone in the scene is plain matte dark grey with no logo. No on screen text, no captions, no lettering, no signage, no graphics, no watermarks and no other branded products anywhere. Vertical 9:16 portrait framing.","Handheld phone footage with a gentle natural sway and tiny hand shake, slight focus breathing. The scene holds, small natural movements only.","car seat portrait; car is 3.5% of videos, rare enough to stand out",7,7,7,7,7,7,7,6,5,7,6.7,False,False,False,False,False,False,False,PASS,Product construction and materials accurately match references with no structural defects.,PASS,0-8,kenburns by law: product-only beat
COL-075,09_Car/COL-075-espresso-from-the-driver-s-seat.mp4,09_Car,espresso,"From the driver's seat, a woman's hand reaching across to grab the handles of the bag on the passenger seat, dashboard and door in frame. Overcast light through the glass.",waist,front,medium,handheld,car,overcast daylight,front,being grabbed,grabbing from seat,8.0,omni-1.1-flash,keyframes/COL-075/v1.png,"Use the attached product photos ONLY as the reference for the bag's shape, proportions, materials, colours, stitching and hardware. Do NOT copy their lighting, plain background, clean edges or catalogue look; those are studio images and the picture you produce must not resemble one. Create the following real photograph instead.

From the driver's seat, a woman's hand reaching across to grab the handles of the bag on the passenger seat, dashboard and door in frame. Overcast light through the glass. The woman in the scene is a woman in her late 20s with a blonde bob, pale skin and a silver watch.

PRODUCT TRUTH, follow exactly. The bag is an oatmeal greige brushed wool felt east west tote, about twice as wide as it is tall, softly structured and standing on its own, with a flat base. It measures about 50 centimetres wide, 26 centimetres tall and 18 centimetres deep, a wide low landscape shape, never boxy or square. The felt is smooth brushed felt with fine visible fibres, NOT knitted, no knit ribs, no yarn loops. Two wide vertical felt straps run down the front face from the top rim to the base. A slim dark espresso brown leather belt about half an inch wide crosses the front horizontally, passing through a felt loop on each vertical strap, and each of its two ends extends past the straps and curves outward and downward, hanging free, finished with a small round aged gold metal disc cap. The back face is identical. Two rolled top handles, one on the front and one on the back, wrapped in dark espresso brown leather on the grip with felt below, with a short handle drop so the bag hangs from the hand or forearm, never the shoulder. The top is open with no flap and no zipper. The side gussets are clean felt with a single vertical centre seam and nothing attached to them. The only metal on the bag is aged gold. There are no logos, no embossing, no lettering and no tags anywhere on the bag.

CRITICAL RENDERING INSTRUCTION. This is a single frame from a real video casually shot on an iPhone 15 Pro by an ordinary person, handheld, with no lighting equipment, no tripod and no styling. It is NOT a 3D render, NOT CGI, NOT a product visualisation, NOT a catalogue or commercial photograph, NOT retouched, NOT studio lit. Photographic evidence that must be present: visible sensor noise through the shadows, highlights slightly blown where the light source hits, mild chromatic aberration on contrast edges, phone sharpening, focus slightly imperfect, a trace of handheld motion blur, and framing that is a little crooked and off centre the way a real snapshot is. One dominant available light source with mixed colour temperature and uneven exposure. The wool felt shows individual brushed fibres and small lint, the leather trim is softly creased where it has been handled, ordinary dust and fingerprints exist. The setting is a real lived in place with ordinary clutter, not a set. Any human skin shows real texture and pores, never retouched, and no face is visible. Any laptop or phone in the scene is plain matte dark grey with no logo. No on screen text, no captions, no lettering, no signage, no graphics, no watermarks and no other branded products anywhere. Vertical 9:16 portrait framing.",Her hand grabs the handles and pulls the bag toward her across the seat. Handheld.,grabbing from passenger seat,7,7,7,7,7,7,7,7,6,7,6.9,False,False,False,False,False,False,False,PASS,"Bag geometry, felt texture, hardware details, and natural lifting motion match reference specifications.",PASS,0-8,
COL-076,09_Car/COL-076-caramel-looking-down-at-the-bag-on-a-woman-s-lap.mp4,09_Car,caramel,"Looking down at the bag on a woman's lap in the passenger seat, her hands resting on the handles, seat belt across, trousers below. Grey daylight. Her face is out of the frame, cropped away by the top edge of the picture, and she is not holding a phone; someone else is filming her.",chest,high angle,medium,handheld,car,overcast daylight,top,resting,on lap,8.0,kenburns,keyframes/COL-076/v1.png,"Use the attached product photos ONLY as the reference for the bag's shape, proportions, materials, colours, stitching and hardware. Do NOT copy their lighting, plain background, clean edges or catalogue look; those are studio images and the picture you produce must not resemble one. Create the following real photograph instead.

Looking down at the bag on a woman's lap in the passenger seat, her hands resting on the handles, seat belt across, trousers below. Grey daylight. Her face is out of the frame, cropped away by the top edge of the picture, and she is not holding a phone; someone else is filming her. The woman in the scene is a woman in her mid 30s with dark blonde waves and a gold chain bracelet.

PRODUCT TRUTH, follow exactly. The bag is an oatmeal greige brushed wool felt east west tote, about twice as wide as it is tall, softly structured and standing on its own, with a flat base. It measures about 50 centimetres wide, 26 centimetres tall and 18 centimetres deep, a wide low landscape shape, never boxy or square. The felt is smooth brushed felt with fine visible fibres, NOT knitted, no knit ribs, no yarn loops. Two wide vertical felt straps run down the front face from the top rim to the base. A slim warm cognac tan leather belt about half an inch wide crosses the front horizontally, passing through a felt loop on each vertical strap, and each of its two ends extends past the straps and curves outward and downward, hanging free, finished with a small round aged gold metal disc cap. The back face is identical. Two rolled top handles, one on the front and one on the back, wrapped in warm cognac tan leather on the grip with felt below, with a short handle drop so the bag hangs from the hand or forearm, never the shoulder. The top is open with no flap and no zipper. The side gussets are clean felt with a single vertical centre seam and nothing attached to them. The only metal on the bag is aged gold. There are no logos, no embossing, no lettering and no tags anywhere on the bag.

CRITICAL RENDERING INSTRUCTION. This is a single frame from a real video casually shot on an iPhone 15 Pro by an ordinary person, handheld, with no lighting equipment, no tripod and no styling. It is NOT a 3D render, NOT CGI, NOT a product visualisation, NOT a catalogue or commercial photograph, NOT retouched, NOT studio lit. Photographic evidence that must be present: visible sensor noise through the shadows, highlights slightly blown where the light source hits, mild chromatic aberration on contrast edges, phone sharpening, focus slightly imperfect, a trace of handheld motion blur, and framing that is a little crooked and off centre the way a real snapshot is. One dominant available light source with mixed colour temperature and uneven exposure. The wool felt shows individual brushed fibres and small lint, the leather trim is softly creased where it has been handled, ordinary dust and fingerprints exist. The setting is a real lived in place with ordinary clutter, not a set. Any human skin shows real texture and pores, never retouched, and no face is visible. Any laptop or phone in the scene is plain matte dark grey with no logo. No on screen text, no captions, no lettering, no signage, no graphics, no watermarks and no other branded products anywhere. Vertical 9:16 portrait framing.","The car moves and the bag rocks slightly with it, her fingers tap the handle. Handheld.",bag on lap in a moving car,7,7,7,7,7,7,7,7,6,7,6.9,False,False,False,False,False,False,False,PASS,"Accurate construction, hardware, and material details consistent with ground-truth references throughout.",PASS,0-8,kenburns fallback: Omni tied the belt into a bow
COL-077,09_Car/COL-077-caramel-from-outside-the-open-passenger-door.mp4,09_Car,caramel,"From outside the open passenger door, a woman leaning in to set the bag on the seat, camel coat, framed from the shoulders down. Overcast, the street reflected in the door glass. Her face is out of the frame, cropped away by the top edge of the picture, and she is not holding a phone; someone else is filming her.",waist,front,medium,handheld,car,overcast daylight,three-quarter,being placed,placing in car,8.0,omni-1.1-flash,keyframes/COL-077/v1.png,"Use the attached product photos ONLY as the reference for the bag's shape, proportions, materials, colours, stitching and hardware. Do NOT copy their lighting, plain background, clean edges or catalogue look; those are studio images and the picture you produce must not resemble one. Create the following real photograph instead.

From outside the open passenger door, a woman leaning in to set the bag on the seat, camel coat, framed from the shoulders down. Overcast, the street reflected in the door glass. Her face is out of the frame, cropped away by the top edge of the picture, and she is not holding a phone; someone else is filming her. The woman in the scene is a woman in her early 30s with long dark brown hair, natural short nails and a thin gold ring.

PRODUCT TRUTH, follow exactly. The bag is an oatmeal greige brushed wool felt east west tote, about twice as wide as it is tall, softly structured and standing on its own, with a flat base. It measures about 50 centimetres wide, 26 centimetres tall and 18 centimetres deep, a wide low landscape shape, never boxy or square. The felt is smooth brushed felt with fine visible fibres, NOT knitted, no knit ribs, no yarn loops. Two wide vertical felt straps run down the front face from the top rim to the base. A slim warm cognac tan leather belt about half an inch wide crosses the front horizontally, passing through a felt loop on each vertical strap, and each of its two ends extends past the straps and curves outward and downward, hanging free, finished with a small round aged gold metal disc cap. The back face is identical. Two rolled top handles, one on the front and one on the back, wrapped in warm cognac tan leather on the grip with felt below, with a short handle drop so the bag hangs from the hand or forearm, never the shoulder. The top is open with no flap and no zipper. The side gussets are clean felt with a single vertical centre seam and nothing attached to them. The only metal on the bag is aged gold. There are no logos, no embossing, no lettering and no tags anywhere on the bag.

CRITICAL RENDERING INSTRUCTION. This is a single frame from a real video casually shot on an iPhone 15 Pro by an ordinary person, handheld, with no lighting equipment, no tripod and no styling. It is NOT a 3D render, NOT CGI, NOT a product visualisation, NOT a catalogue or commercial photograph, NOT retouched, NOT studio lit. Photographic evidence that must be present: visible sensor noise through the shadows, highlights slightly blown where the light source hits, mild chromatic aberration on contrast edges, phone sharpening, focus slightly imperfect, a trace of handheld motion blur, and framing that is a little crooked and off centre the way a real snapshot is. One dominant available light source with mixed colour temperature and uneven exposure. The wool felt shows individual brushed fibres and small lint, the leather trim is softly creased where it has been handled, ordinary dust and fingerprints exist. The setting is a real lived in place with ordinary clutter, not a set. Any human skin shows real texture and pores, never retouched, and no face is visible. Any laptop or phone in the scene is plain matte dark grey with no logo. No on screen text, no captions, no lettering, no signage, no graphics, no watermarks and no other branded products anywhere. Vertical 9:16 portrait framing.","She sets the bag on the seat and straightens up, closing the door partly. Handheld.",placing the bag in the car,7,7,7,7,7,7,7,7,6,7,6.9,False,False,False,False,False,False,False,PASS,Product construction and proportions match reference standards consistently throughout.,PASS,0-8,
COL-078,09_Car/COL-078-espresso-a-woman-stepping-out-of-a-parked-car.mp4,09_Car,espresso,"A woman stepping out of a parked car, one boot on the pavement, the bag coming out on her forearm, trench coat, framed from waist to ground. Overcast. Her face is out of the frame, cropped away by the top edge of the picture, and she is not holding a phone; someone else is filming her.",waist,front,medium,handheld,car,overcast daylight,front,being carried,getting out,5.0,omni-1.1-flash,keyframes/COL-078/v1.png,"Use the attached product photos ONLY as the reference for the bag's shape, proportions, materials, colours, stitching and hardware. Do NOT copy their lighting, plain background, clean edges or catalogue look; those are studio images and the picture you produce must not resemble one. Create the following real photograph instead.

A woman stepping out of a parked car, one boot on the pavement, the bag coming out on her forearm, trench coat, framed from waist to ground. Overcast. Her face is out of the frame, cropped away by the top edge of the picture, and she is not holding a phone; someone else is filming her. The woman in the scene is a woman in her 40s with auburn shoulder-length hair and a few freckles on her hands.

PRODUCT TRUTH, follow exactly. The bag is an oatmeal greige brushed wool felt east west tote, about twice as wide as it is tall, softly structured and standing on its own, with a flat base. It measures about 50 centimetres wide, 26 centimetres tall and 18 centimetres deep, a wide low landscape shape, never boxy or square. The felt is smooth brushed felt with fine visible fibres, NOT knitted, no knit ribs, no yarn loops. Two wide vertical felt straps run down the front face from the top rim to the base. A slim dark espresso brown leather belt about half an inch wide crosses the front horizontally, passing through a felt loop on each vertical strap, and each of its two ends extends past the straps and curves outward and downward, hanging free, finished with a small round aged gold metal disc cap. The back face is identical. Two rolled top handles, one on the front and one on the back, wrapped in dark espresso brown leather on the grip with felt below, with a short handle drop so the bag hangs from the hand or forearm, never the shoulder. The top is open with no flap and no zipper. The side gussets are clean felt with a single vertical centre seam and nothing attached to them. The only metal on the bag is aged gold. There are no logos, no embossing, no lettering and no tags anywhere on the bag.

CRITICAL RENDERING INSTRUCTION. This is a single frame from a real video casually shot on an iPhone 15 Pro by an ordinary person, handheld, with no lighting equipment, no tripod and no styling. It is NOT a 3D render, NOT CGI, NOT a product visualisation, NOT a catalogue or commercial photograph, NOT retouched, NOT studio lit. Photographic evidence that must be present: visible sensor noise through the shadows, highlights slightly blown where the light source hits, mild chromatic aberration on contrast edges, phone sharpening, focus slightly imperfect, a trace of handheld motion blur, and framing that is a little crooked and off centre the way a real snapshot is. One dominant available light source with mixed colour temperature and uneven exposure. The wool felt shows individual brushed fibres and small lint, the leather trim is softly creased where it has been handled, ordinary dust and fingerprints exist. The setting is a real lived in place with ordinary clutter, not a set. Any human skin shows real texture and pores, never retouched, and no face is visible. Any laptop or phone in the scene is plain matte dark grey with no logo. No on screen text, no captions, no lettering, no signage, no graphics, no watermarks and no other branded products anywhere. Vertical 9:16 portrait framing.",She stands up out of the car with the bag on her arm and swings the door shut. Handheld.,getting out with the bag,7,7,7,7,7,6,7,6,5,7,6.6,False,False,False,False,False,False,False,PASS,"Bag structure, materials, and hardware details match references consistently.",PASS,0-5,face tilts into view after 5s
COL-079,09_Car/COL-079-caramel-the-bag-on-the-back-seat-of-a-car-beside.mp4,09_Car,caramel,"The bag on the back seat of a car beside a folded coat, low golden sun through the rear window striping the felt, dust in the seat seams.",waist,front,full product,handheld,car,golden hour,front,resting,none,8.0,kenburns,keyframes/COL-079/v1.png,"Use the attached product photos ONLY as the reference for the bag's shape, proportions, materials, colours, stitching and hardware. Do NOT copy their lighting, plain background, clean edges or catalogue look; those are studio images and the picture you produce must not resemble one. Create the following real photograph instead.

The bag on the back seat of a car beside a folded coat, low golden sun through the rear window striping the felt, dust in the seat seams.

PRODUCT TRUTH, follow exactly. The bag is an oatmeal greige brushed wool felt east west tote, about twice as wide as it is tall, softly structured and standing on its own, with a flat base. It measures about 50 centimetres wide, 26 centimetres tall and 18 centimetres deep, a wide low landscape shape, never boxy or square. The felt is smooth brushed felt with fine visible fibres, NOT knitted, no knit ribs, no yarn loops. Two wide vertical felt straps run down the front face from the top rim to the base. A slim warm cognac tan leather belt about half an inch wide crosses the front horizontally, passing through a felt loop on each vertical strap, and each of its two ends extends past the straps and curves outward and downward, hanging free, finished with a small round aged gold metal disc cap. The back face is identical. Two rolled top handles, one on the front and one on the back, wrapped in warm cognac tan leather on the grip with felt below, with a short handle drop so the bag hangs from the hand or forearm, never the shoulder. The top is open with no flap and no zipper. The side gussets are clean felt with a single vertical centre seam and nothing attached to them. The only metal on the bag is aged gold. There are no logos, no embossing, no lettering and no tags anywhere on the bag.

CRITICAL RENDERING INSTRUCTION. This is a single frame from a real video casually shot on an iPhone 15 Pro by an ordinary person, handheld, with no lighting equipment, no tripod and no styling. It is NOT a 3D render, NOT CGI, NOT a product visualisation, NOT a catalogue or commercial photograph, NOT retouched, NOT studio lit. Photographic evidence that must be present: visible sensor noise through the shadows, highlights slightly blown where the light source hits, mild chromatic aberration on contrast edges, phone sharpening, focus slightly imperfect, a trace of handheld motion blur, and framing that is a little crooked and off centre the way a real snapshot is. One dominant available light source with mixed colour temperature and uneven exposure. The wool felt shows individual brushed fibres and small lint, the leather trim is softly creased where it has been handled, ordinary dust and fingerprints exist. The setting is a real lived in place with ordinary clutter, not a set. Any human skin shows real texture and pores, never retouched, and no face is visible. Any laptop or phone in the scene is plain matte dark grey with no logo. No on screen text, no captions, no lettering, no signage, no graphics, no watermarks and no other branded products anywhere. Vertical 9:16 portrait framing.",Slow handheld drift sideways across the scene with slight wobble and one small refocus.,back-seat golden hour,7,7,7,7,7,7,7,6,5,7,6.7,False,False,False,False,False,False,False,PASS,Accurate construction and materials matching reference images with no structural defects.,PASS,0-8,kenburns by law: product-only beat
COL-080,10_Work_Cafe/COL-080-caramel-the-bag-sitting-on-a-cane-bistro-chair-b.mp4,10_Work_Cafe,caramel,"The bag sitting on a cane bistro chair beside a small marble cafe table with a flat white and a croissant, window light with real shadows, other tables blurred.",waist,front,full product,handheld,cafe,window light,three-quarter,resting,none,8.0,kenburns,keyframes/COL-080/v1.png,"Use the attached product photos ONLY as the reference for the bag's shape, proportions, materials, colours, stitching and hardware. Do NOT copy their lighting, plain background, clean edges or catalogue look; those are studio images and the picture you produce must not resemble one. Create the following real photograph instead.

The bag sitting on a cane bistro chair beside a small marble cafe table with a flat white and a croissant, window light with real shadows, other tables blurred.

PRODUCT TRUTH, follow exactly. The bag is an oatmeal greige brushed wool felt east west tote, about twice as wide as it is tall, softly structured and standing on its own, with a flat base. It measures about 50 centimetres wide, 26 centimetres tall and 18 centimetres deep, a wide low landscape shape, never boxy or square. The felt is smooth brushed felt with fine visible fibres, NOT knitted, no knit ribs, no yarn loops. Two wide vertical felt straps run down the front face from the top rim to the base. A slim warm cognac tan leather belt about half an inch wide crosses the front horizontally, passing through a felt loop on each vertical strap, and each of its two ends extends past the straps and curves outward and downward, hanging free, finished with a small round aged gold metal disc cap. The back face is identical. Two rolled top handles, one on the front and one on the back, wrapped in warm cognac tan leather on the grip with felt below, with a short handle drop so the bag hangs from the hand or forearm, never the shoulder. The top is open with no flap and no zipper. The side gussets are clean felt with a single vertical centre seam and nothing attached to them. The only metal on the bag is aged gold. There are no logos, no embossing, no lettering and no tags anywhere on the bag.

CRITICAL RENDERING INSTRUCTION. This is a single frame from a real video casually shot on an iPhone 15 Pro by an ordinary person, handheld, with no lighting equipment, no tripod and no styling. It is NOT a 3D render, NOT CGI, NOT a product visualisation, NOT a catalogue or commercial photograph, NOT retouched, NOT studio lit. Photographic evidence that must be present: visible sensor noise through the shadows, highlights slightly blown where the light source hits, mild chromatic aberration on contrast edges, phone sharpening, focus slightly imperfect, a trace of handheld motion blur, and framing that is a little crooked and off centre the way a real snapshot is. One dominant available light source with mixed colour temperature and uneven exposure. The wool felt shows individual brushed fibres and small lint, the leather trim is softly creased where it has been handled, ordinary dust and fingerprints exist. The setting is a real lived in place with ordinary clutter, not a set. Any human skin shows real texture and pores, never retouched, and no face is visible. Any laptop or phone in the scene is plain matte dark grey with no logo. No on screen text, no captions, no lettering, no signage, no graphics, no watermarks and no other branded products anywhere. Vertical 9:16 portrait framing.","Handheld phone footage with a gentle natural sway and tiny hand shake, slight focus breathing. The scene holds, small natural movements only.",cafe still life; cafe is 2% of environments (never on the floor),7,7,7,7,7,7,7,6,5,7,6.7,False,False,False,False,False,False,False,PASS,Accurate product structure and materials consistent with reference specifications.,PASS,0-8,kenburns by law: product-only beat
COL-081,10_Work_Cafe/COL-081-espresso-the-bag-on-a-leather-banquette-beside-a-.mp4,10_Work_Cafe,espresso,"The bag on a leather banquette beside a woman's hip, her hand around a coffee cup on the table, framed at waist height. Warm cafe light. Her face is out of the frame, cropped away by the top edge of the picture, and she is not holding a phone; someone else is filming her.",waist,front,medium,handheld,cafe,warm indoor,front,resting,on banquette,8.0,kenburns,keyframes/COL-081/v1.png,"Use the attached product photos ONLY as the reference for the bag's shape, proportions, materials, colours, stitching and hardware. Do NOT copy their lighting, plain background, clean edges or catalogue look; those are studio images and the picture you produce must not resemble one. Create the following real photograph instead.

The bag on a leather banquette beside a woman's hip, her hand around a coffee cup on the table, framed at waist height. Warm cafe light. Her face is out of the frame, cropped away by the top edge of the picture, and she is not holding a phone; someone else is filming her. The woman in the scene is a woman in her 50s with silver-blonde hair pulled back and a simple gold wedding band.

PRODUCT TRUTH, follow exactly. The bag is an oatmeal greige brushed wool felt east west tote, about twice as wide as it is tall, softly structured and standing on its own, with a flat base. It measures about 50 centimetres wide, 26 centimetres tall and 18 centimetres deep, a wide low landscape shape, never boxy or square. The felt is smooth brushed felt with fine visible fibres, NOT knitted, no knit ribs, no yarn loops. Two wide vertical felt straps run down the front face from the top rim to the base. A slim dark espresso brown leather belt about half an inch wide crosses the front horizontally, passing through a felt loop on each vertical strap, and each of its two ends extends past the straps and curves outward and downward, hanging free, finished with a small round aged gold metal disc cap. The back face is identical. Two rolled top handles, one on the front and one on the back, wrapped in dark espresso brown leather on the grip with felt below, with a short handle drop so the bag hangs from the hand or forearm, never the shoulder. The top is open with no flap and no zipper. The side gussets are clean felt with a single vertical centre seam and nothing attached to them. The only metal on the bag is aged gold. There are no logos, no embossing, no lettering and no tags anywhere on the bag.

CRITICAL RENDERING INSTRUCTION. This is a single frame from a real video casually shot on an iPhone 15 Pro by an ordinary person, handheld, with no lighting equipment, no tripod and no styling. It is NOT a 3D render, NOT CGI, NOT a product visualisation, NOT a catalogue or commercial photograph, NOT retouched, NOT studio lit. Photographic evidence that must be present: visible sensor noise through the shadows, highlights slightly blown where the light source hits, mild chromatic aberration on contrast edges, phone sharpening, focus slightly imperfect, a trace of handheld motion blur, and framing that is a little crooked and off centre the way a real snapshot is. One dominant available light source with mixed colour temperature and uneven exposure. The wool felt shows individual brushed fibres and small lint, the leather trim is softly creased where it has been handled, ordinary dust and fingerprints exist. The setting is a real lived in place with ordinary clutter, not a set. Any human skin shows real texture and pores, never retouched, and no face is visible. Any laptop or phone in the scene is plain matte dark grey with no logo. No on screen text, no captions, no lettering, no signage, no graphics, no watermarks and no other branded products anywhere. Vertical 9:16 portrait framing.","She lifts the cup, sips, and sets it down, the bag stays beside her. Handheld.",banquette seat,7,7,7,7,7,7,7,6,6,7,6.8,False,False,False,False,False,False,False,PASS,"The bag structure, hardware, and materials accurately match the reference images throughout the clip.",PASS,0-8,kenburns fallback: sip motion revealed the face
COL-082,10_Work_Cafe/COL-082-caramel-a-woman-setting-the-bag-down-on-an-offic.mp4,10_Work_Cafe,caramel,"A woman setting the bag down on an office desk beside a monitor, blazer sleeve, framed from the shoulders down. Cool office light. Her face is out of the frame, cropped away by the top edge of the picture, and she is not holding a phone; someone else is filming her.",chest,front,medium,handheld,office,cool indoor,three-quarter,being set down,arriving at desk,8.0,kenburns,keyframes/COL-082/v1.png,"Use the attached product photos ONLY as the reference for the bag's shape, proportions, materials, colours, stitching and hardware. Do NOT copy their lighting, plain background, clean edges or catalogue look; those are studio images and the picture you produce must not resemble one. Create the following real photograph instead.

A woman setting the bag down on an office desk beside a monitor, blazer sleeve, framed from the shoulders down. Cool office light. Her face is out of the frame, cropped away by the top edge of the picture, and she is not holding a phone; someone else is filming her. The woman in the scene is a woman in her mid 30s with dark blonde waves and a gold chain bracelet.

PRODUCT TRUTH, follow exactly. The bag is an oatmeal greige brushed wool felt east west tote, about twice as wide as it is tall, softly structured and standing on its own, with a flat base. It measures about 50 centimetres wide, 26 centimetres tall and 18 centimetres deep, a wide low landscape shape, never boxy or square. The felt is smooth brushed felt with fine visible fibres, NOT knitted, no knit ribs, no yarn loops. Two wide vertical felt straps run down the front face from the top rim to the base. A slim warm cognac tan leather belt about half an inch wide crosses the front horizontally, passing through a felt loop on each vertical strap, and each of its two ends extends past the straps and curves outward and downward, hanging free, finished with a small round aged gold metal disc cap. The back face is identical. Two rolled top handles, one on the front and one on the back, wrapped in warm cognac tan leather on the grip with felt below, with a short handle drop so the bag hangs from the hand or forearm, never the shoulder. The top is open with no flap and no zipper. The side gussets are clean felt with a single vertical centre seam and nothing attached to them. The only metal on the bag is aged gold. There are no logos, no embossing, no lettering and no tags anywhere on the bag.

CRITICAL RENDERING INSTRUCTION. This is a single frame from a real video casually shot on an iPhone 15 Pro by an ordinary person, handheld, with no lighting equipment, no tripod and no styling. It is NOT a 3D render, NOT CGI, NOT a product visualisation, NOT a catalogue or commercial photograph, NOT retouched, NOT studio lit. Photographic evidence that must be present: visible sensor noise through the shadows, highlights slightly blown where the light source hits, mild chromatic aberration on contrast edges, phone sharpening, focus slightly imperfect, a trace of handheld motion blur, and framing that is a little crooked and off centre the way a real snapshot is. One dominant available light source with mixed colour temperature and uneven exposure. The wool felt shows individual brushed fibres and small lint, the leather trim is softly creased where it has been handled, ordinary dust and fingerprints exist. The setting is a real lived in place with ordinary clutter, not a set. Any human skin shows real texture and pores, never retouched, and no face is visible. Any laptop or phone in the scene is plain matte dark grey with no logo. No on screen text, no captions, no lettering, no signage, no graphics, no watermarks and no other branded products anywhere. Vertical 9:16 portrait framing.","She sets the bag down, pulls the chair out and sits, one hand still on the handles. Handheld.",arriving at the desk,7,7,7,7,7,7,7,7,6,7,6.9,False,False,False,False,False,False,False,PASS,"Bag geometry, materials, and hardware accurately reflect ground truth references without distortion.",PASS,0-8,kenburns fallback: Gemini 3.7 found edge ghosting in motion
COL-083,10_Work_Cafe/COL-083-caramel-high-angle-of-a-woman-pulling-a-matte-da.mp4,10_Work_Cafe,caramel,"High angle of a woman pulling a matte dark grey laptop, edge on, out of the open bag on a cafe chair beside her table, coffee cup in frame. Her face is out of the frame, cropped away by the top edge of the picture, and she is not holding a phone; someone else is filming her.",high angle,high angle,medium,handheld,cafe,window light,open,open,laptop out,8.0,kenburns,keyframes/COL-083/v1.png,"Use the attached product photos ONLY as the reference for the bag's shape, proportions, materials, colours, stitching and hardware. Do NOT copy their lighting, plain background, clean edges or catalogue look; those are studio images and the picture you produce must not resemble one. Create the following real photograph instead.

High angle of a woman pulling a matte dark grey laptop, edge on, out of the open bag on a cafe chair beside her table, coffee cup in frame. Her face is out of the frame, cropped away by the top edge of the picture, and she is not holding a phone; someone else is filming her. The woman in the scene is a woman in her early 30s with long dark brown hair, natural short nails and a thin gold ring.

PRODUCT TRUTH, follow exactly. The bag is an oatmeal greige brushed wool felt east west tote, about twice as wide as it is tall, softly structured and standing on its own, with a flat base. It measures about 50 centimetres wide, 26 centimetres tall and 18 centimetres deep, a wide low landscape shape, never boxy or square. The felt is smooth brushed felt with fine visible fibres, NOT knitted, no knit ribs, no yarn loops. Two wide vertical felt straps run down the front face from the top rim to the base. A slim warm cognac tan leather belt about half an inch wide crosses the front horizontally, passing through a felt loop on each vertical strap, and each of its two ends extends past the straps and curves outward and downward, hanging free, finished with a small round aged gold metal disc cap. The back face is identical. Two rolled top handles, one on the front and one on the back, wrapped in warm cognac tan leather on the grip with felt below, with a short handle drop so the bag hangs from the hand or forearm, never the shoulder. The top is open with no flap and no zipper. The side gussets are clean felt with a single vertical centre seam and nothing attached to them. The only metal on the bag is aged gold. There are no logos, no embossing, no lettering and no tags anywhere on the bag. The bag stands open and the mouth is a wide oval. Inside, the same oatmeal felt continues with no lining pattern and no pockets; there is one small felt tab with a tiny gold snap stud at the top centre of the front inner rim and one on the back inner rim. Contents sit directly on the felt.

CRITICAL RENDERING INSTRUCTION. This is a single frame from a real video casually shot on an iPhone 15 Pro by an ordinary person, handheld, with no lighting equipment, no tripod and no styling. It is NOT a 3D render, NOT CGI, NOT a product visualisation, NOT a catalogue or commercial photograph, NOT retouched, NOT studio lit. Photographic evidence that must be present: visible sensor noise through the shadows, highlights slightly blown where the light source hits, mild chromatic aberration on contrast edges, phone sharpening, focus slightly imperfect, a trace of handheld motion blur, and framing that is a little crooked and off centre the way a real snapshot is. One dominant available light source with mixed colour temperature and uneven exposure. The wool felt shows individual brushed fibres and small lint, the leather trim is softly creased where it has been handled, ordinary dust and fingerprints exist. The setting is a real lived in place with ordinary clutter, not a set. Any human skin shows real texture and pores, never retouched, and no face is visible. Any laptop or phone in the scene is plain matte dark grey with no logo. No on screen text, no captions, no lettering, no signage, no graphics, no watermarks and no other branded products anywhere. Vertical 9:16 portrait framing.","The laptop comes out of the bag and onto the table, she flips the bag handles closed. Handheld from above.",laptop-out at the cafe,7,7,7,7,7,7,7,7,6,7,6.9,False,False,False,False,False,False,False,PASS,Accurate product construction and realistic interaction.,PASS,0-8,kenburns fallback: Omni grew a fruit logo on the laptop lid (known attractor)
COL-084,10_Work_Cafe/COL-084-espresso-the-bag-on-an-office-chair-seat-pulled-u.mp4,10_Work_Cafe,espresso,"The bag on an office chair seat pulled up to a desk, a lanyard and a notebook on the desk, fluorescent light with a slight green cast.",waist,front,full product,handheld,office,cool indoor,front,resting,none,8.0,kenburns,keyframes/COL-084/v1.png,"Use the attached product photos ONLY as the reference for the bag's shape, proportions, materials, colours, stitching and hardware. Do NOT copy their lighting, plain background, clean edges or catalogue look; those are studio images and the picture you produce must not resemble one. Create the following real photograph instead.

The bag on an office chair seat pulled up to a desk, a lanyard and a notebook on the desk, fluorescent light with a slight green cast.

PRODUCT TRUTH, follow exactly. The bag is an oatmeal greige brushed wool felt east west tote, about twice as wide as it is tall, softly structured and standing on its own, with a flat base. It measures about 50 centimetres wide, 26 centimetres tall and 18 centimetres deep, a wide low landscape shape, never boxy or square. The felt is smooth brushed felt with fine visible fibres, NOT knitted, no knit ribs, no yarn loops. Two wide vertical felt straps run down the front face from the top rim to the base. A slim dark espresso brown leather belt about half an inch wide crosses the front horizontally, passing through a felt loop on each vertical strap, and each of its two ends extends past the straps and curves outward and downward, hanging free, finished with a small round aged gold metal disc cap. The back face is identical. Two rolled top handles, one on the front and one on the back, wrapped in dark espresso brown leather on the grip with felt below, with a short handle drop so the bag hangs from the hand or forearm, never the shoulder. The top is open with no flap and no zipper. The side gussets are clean felt with a single vertical centre seam and nothing attached to them. The only metal on the bag is aged gold. There are no logos, no embossing, no lettering and no tags anywhere on the bag.

CRITICAL RENDERING INSTRUCTION. This is a single frame from a real video casually shot on an iPhone 15 Pro by an ordinary person, handheld, with no lighting equipment, no tripod and no styling. It is NOT a 3D render, NOT CGI, NOT a product visualisation, NOT a catalogue or commercial photograph, NOT retouched, NOT studio lit. Photographic evidence that must be present: visible sensor noise through the shadows, highlights slightly blown where the light source hits, mild chromatic aberration on contrast edges, phone sharpening, focus slightly imperfect, a trace of handheld motion blur, and framing that is a little crooked and off centre the way a real snapshot is. One dominant available light source with mixed colour temperature and uneven exposure. The wool felt shows individual brushed fibres and small lint, the leather trim is softly creased where it has been handled, ordinary dust and fingerprints exist. The setting is a real lived in place with ordinary clutter, not a set. Any human skin shows real texture and pores, never retouched, and no face is visible. Any laptop or phone in the scene is plain matte dark grey with no logo. No on screen text, no captions, no lettering, no signage, no graphics, no watermarks and no other branded products anywhere. Vertical 9:16 portrait framing.",Slow handheld drift sideways across the scene with slight wobble and one small refocus.,office chair set-down,7,7,7,7,7,7,7,6,5,7,6.7,False,False,False,False,False,False,False,PASS,"The bag accurately maintains its structure, materials, and hardware details throughout the shot without deformation.",PASS,0-8,kenburns by law: product-only beat
COL-085,10_Work_Cafe/COL-085-caramel-a-woman-picking-the-bag-up-off-a-cafe-ch.mp4,10_Work_Cafe,caramel,"A woman picking the bag up off a cafe chair by its handles as she stands to leave, an empty cup on the table, framed from the shoulders down. Window light. Her face is out of the frame, cropped away by the top edge of the picture, and she is not holding a phone; someone else is filming her.",chest,front,medium,handheld,cafe,window light,three-quarter,being picked up,leaving cafe,8.0,omni-1.1-flash,keyframes/COL-085/v1.png,"Use the attached product photos ONLY as the reference for the bag's shape, proportions, materials, colours, stitching and hardware. Do NOT copy their lighting, plain background, clean edges or catalogue look; those are studio images and the picture you produce must not resemble one. Create the following real photograph instead.

A woman picking the bag up off a cafe chair by its handles as she stands to leave, an empty cup on the table, framed from the shoulders down. Window light. Her face is out of the frame, cropped away by the top edge of the picture, and she is not holding a phone; someone else is filming her. The woman in the scene is a woman in her late 20s with a blonde bob, pale skin and a silver watch.

PRODUCT TRUTH, follow exactly. The bag is an oatmeal greige brushed wool felt east west tote, about twice as wide as it is tall, softly structured and standing on its own, with a flat base. It measures about 50 centimetres wide, 26 centimetres tall and 18 centimetres deep, a wide low landscape shape, never boxy or square. The felt is smooth brushed felt with fine visible fibres, NOT knitted, no knit ribs, no yarn loops. Two wide vertical felt straps run down the front face from the top rim to the base. A slim warm cognac tan leather belt about half an inch wide crosses the front horizontally, passing through a felt loop on each vertical strap, and each of its two ends extends past the straps and curves outward and downward, hanging free, finished with a small round aged gold metal disc cap. The back face is identical. Two rolled top handles, one on the front and one on the back, wrapped in warm cognac tan leather on the grip with felt below, with a short handle drop so the bag hangs from the hand or forearm, never the shoulder. The top is open with no flap and no zipper. The side gussets are clean felt with a single vertical centre seam and nothing attached to them. The only metal on the bag is aged gold. There are no logos, no embossing, no lettering and no tags anywhere on the bag.

CRITICAL RENDERING INSTRUCTION. This is a single frame from a real video casually shot on an iPhone 15 Pro by an ordinary person, handheld, with no lighting equipment, no tripod and no styling. It is NOT a 3D render, NOT CGI, NOT a product visualisation, NOT a catalogue or commercial photograph, NOT retouched, NOT studio lit. Photographic evidence that must be present: visible sensor noise through the shadows, highlights slightly blown where the light source hits, mild chromatic aberration on contrast edges, phone sharpening, focus slightly imperfect, a trace of handheld motion blur, and framing that is a little crooked and off centre the way a real snapshot is. One dominant available light source with mixed colour temperature and uneven exposure. The wool felt shows individual brushed fibres and small lint, the leather trim is softly creased where it has been handled, ordinary dust and fingerprints exist. The setting is a real lived in place with ordinary clutter, not a set. Any human skin shows real texture and pores, never retouched, and no face is visible. Any laptop or phone in the scene is plain matte dark grey with no logo. No on screen text, no captions, no lettering, no signage, no graphics, no watermarks and no other branded products anywhere. Vertical 9:16 portrait framing.",She lifts the bag onto her forearm and pushes the chair in. Handheld.,leaving the cafe,7,7,7,7,7,7,7,6,5,7,6.7,False,False,False,False,False,False,False,PASS,"Product structure, materials, and hardware accurately match references throughout motion.",PASS,0-8,
COL-086,10_Work_Cafe/COL-086-caramel-looking-down-at-the-bag-on-an-older-woma.mp4,10_Work_Cafe,caramel,"Looking down at the bag on an older woman's lap in a lobby waiting chair, her hands folded on the handles, a magazine beside her. Cool lobby light. Her face is out of the frame, cropped away by the top edge of the picture, and she is not holding a phone; someone else is filming her.",chest,high angle,medium,handheld,lobby,cool indoor,top,resting,on lap in waiting area,8.0,kenburns,keyframes/COL-086/v1.png,"Use the attached product photos ONLY as the reference for the bag's shape, proportions, materials, colours, stitching and hardware. Do NOT copy their lighting, plain background, clean edges or catalogue look; those are studio images and the picture you produce must not resemble one. Create the following real photograph instead.

Looking down at the bag on an older woman's lap in a lobby waiting chair, her hands folded on the handles, a magazine beside her. Cool lobby light. Her face is out of the frame, cropped away by the top edge of the picture, and she is not holding a phone; someone else is filming her. The woman in the scene is a woman in her 60s with a silver bob and soft weathered hands.

PRODUCT TRUTH, follow exactly. The bag is an oatmeal greige brushed wool felt east west tote, about twice as wide as it is tall, softly structured and standing on its own, with a flat base. It measures about 50 centimetres wide, 26 centimetres tall and 18 centimetres deep, a wide low landscape shape, never boxy or square. The felt is smooth brushed felt with fine visible fibres, NOT knitted, no knit ribs, no yarn loops. Two wide vertical felt straps run down the front face from the top rim to the base. A slim warm cognac tan leather belt about half an inch wide crosses the front horizontally, passing through a felt loop on each vertical strap, and each of its two ends extends past the straps and curves outward and downward, hanging free, finished with a small round aged gold metal disc cap. The back face is identical. Two rolled top handles, one on the front and one on the back, wrapped in warm cognac tan leather on the grip with felt below, with a short handle drop so the bag hangs from the hand or forearm, never the shoulder. The top is open with no flap and no zipper. The side gussets are clean felt with a single vertical centre seam and nothing attached to them. The only metal on the bag is aged gold. There are no logos, no embossing, no lettering and no tags anywhere on the bag.

CRITICAL RENDERING INSTRUCTION. This is a single frame from a real video casually shot on an iPhone 15 Pro by an ordinary person, handheld, with no lighting equipment, no tripod and no styling. It is NOT a 3D render, NOT CGI, NOT a product visualisation, NOT a catalogue or commercial photograph, NOT retouched, NOT studio lit. Photographic evidence that must be present: visible sensor noise through the shadows, highlights slightly blown where the light source hits, mild chromatic aberration on contrast edges, phone sharpening, focus slightly imperfect, a trace of handheld motion blur, and framing that is a little crooked and off centre the way a real snapshot is. One dominant available light source with mixed colour temperature and uneven exposure. The wool felt shows individual brushed fibres and small lint, the leather trim is softly creased where it has been handled, ordinary dust and fingerprints exist. The setting is a real lived in place with ordinary clutter, not a set. Any human skin shows real texture and pores, never retouched, and no face is visible. Any laptop or phone in the scene is plain matte dark grey with no logo. No on screen text, no captions, no lettering, no signage, no graphics, no watermarks and no other branded products anywhere. Vertical 9:16 portrait framing.","She unfolds her hands and rests one on the felt, glances up. Handheld.",waiting-room lap,7,7,7,6,6,7,7,6,5,7,6.5,False,False,False,False,False,False,False,PASS,"Bag structure, materials, and hardware accurately match ground truth references throughout.",PASS,0-8,kenburns fallback: a gold plaque grew at the top centre after 2s
COL-087,10_Work_Cafe/COL-087-espresso-the-bag-on-the-bench-seat-beside-a-woman.mp4,10_Work_Cafe,espresso,"The bag on the bench seat beside a woman working on a laptop at a long shared cafe table, her hands on the keys, framed at waist height from the side. Her face is out of the frame, cropped away by the top edge of the picture, and she is not holding a phone; someone else is filming her.",waist,front,medium,handheld,cafe,window light,front,resting,beside laptop,8.0,omni-1.1-flash,keyframes/COL-087/v1.png,"Use the attached product photos ONLY as the reference for the bag's shape, proportions, materials, colours, stitching and hardware. Do NOT copy their lighting, plain background, clean edges or catalogue look; those are studio images and the picture you produce must not resemble one. Create the following real photograph instead.

The bag on the bench seat beside a woman working on a laptop at a long shared cafe table, her hands on the keys, framed at waist height from the side. Her face is out of the frame, cropped away by the top edge of the picture, and she is not holding a phone; someone else is filming her. The woman in the scene is a woman around 30 with curly red hair and short dark painted nails.

PRODUCT TRUTH, follow exactly. The bag is an oatmeal greige brushed wool felt east west tote, about twice as wide as it is tall, softly structured and standing on its own, with a flat base. It measures about 50 centimetres wide, 26 centimetres tall and 18 centimetres deep, a wide low landscape shape, never boxy or square. The felt is smooth brushed felt with fine visible fibres, NOT knitted, no knit ribs, no yarn loops. Two wide vertical felt straps run down the front face from the top rim to the base. A slim dark espresso brown leather belt about half an inch wide crosses the front horizontally, passing through a felt loop on each vertical strap, and each of its two ends extends past the straps and curves outward and downward, hanging free, finished with a small round aged gold metal disc cap. The back face is identical. Two rolled top handles, one on the front and one on the back, wrapped in dark espresso brown leather on the grip with felt below, with a short handle drop so the bag hangs from the hand or forearm, never the shoulder. The top is open with no flap and no zipper. The side gussets are clean felt with a single vertical centre seam and nothing attached to them. The only metal on the bag is aged gold. There are no logos, no embossing, no lettering and no tags anywhere on the bag.

CRITICAL RENDERING INSTRUCTION. This is a single frame from a real video casually shot on an iPhone 15 Pro by an ordinary person, handheld, with no lighting equipment, no tripod and no styling. It is NOT a 3D render, NOT CGI, NOT a product visualisation, NOT a catalogue or commercial photograph, NOT retouched, NOT studio lit. Photographic evidence that must be present: visible sensor noise through the shadows, highlights slightly blown where the light source hits, mild chromatic aberration on contrast edges, phone sharpening, focus slightly imperfect, a trace of handheld motion blur, and framing that is a little crooked and off centre the way a real snapshot is. One dominant available light source with mixed colour temperature and uneven exposure. The wool felt shows individual brushed fibres and small lint, the leather trim is softly creased where it has been handled, ordinary dust and fingerprints exist. The setting is a real lived in place with ordinary clutter, not a set. Any human skin shows real texture and pores, never retouched, and no face is visible. Any laptop or phone in the scene is plain matte dark grey with no logo. No on screen text, no captions, no lettering, no signage, no graphics, no watermarks and no other branded products anywhere. Vertical 9:16 portrait framing.","She types, pauses, and touches the bag handle absentmindedly. Handheld.",co-working bench,7,7,7,7,7,7,7,7,6,7,6.9,False,False,False,False,False,False,False,PASS,"Structure, hardware, and materials match references with natural motion.",PASS,0-8,
COL-088,11_Whats_In_My_Bag/COL-088-caramel-top-down-flat-lay-on-a-wrinkled-cream-du.mp4,11_Whats_In_My_Bag,caramel,"Top-down flat lay on a wrinkled cream duvet: the bag lying on its back at the top of the frame and, below it in a loose grid, a tan wallet, a phone, an AirPods case, keys, lip balm, a small notebook, sunglasses and a hand cream tube. Flat window light.",top-down,top-down,full product,static,bedroom,window light,front,resting,none,8.0,kenburns,keyframes/COL-088/v1.png,"Use the attached product photos ONLY as the reference for the bag's shape, proportions, materials, colours, stitching and hardware. Do NOT copy their lighting, plain background, clean edges or catalogue look; those are studio images and the picture you produce must not resemble one. Create the following real photograph instead.

Top-down flat lay on a wrinkled cream duvet: the bag lying on its back at the top of the frame and, below it in a loose grid, a tan wallet, a phone, an AirPods case, keys, lip balm, a small notebook, sunglasses and a hand cream tube. Flat window light.

PRODUCT TRUTH, follow exactly. The bag is an oatmeal greige brushed wool felt east west tote, about twice as wide as it is tall, softly structured and standing on its own, with a flat base. It measures about 50 centimetres wide, 26 centimetres tall and 18 centimetres deep, a wide low landscape shape, never boxy or square. The felt is smooth brushed felt with fine visible fibres, NOT knitted, no knit ribs, no yarn loops. Two wide vertical felt straps run down the front face from the top rim to the base. A slim warm cognac tan leather belt about half an inch wide crosses the front horizontally, passing through a felt loop on each vertical strap, and each of its two ends extends past the straps and curves outward and downward, hanging free, finished with a small round aged gold metal disc cap. The back face is identical. Two rolled top handles, one on the front and one on the back, wrapped in warm cognac tan leather on the grip with felt below, with a short handle drop so the bag hangs from the hand or forearm, never the shoulder. The top is open with no flap and no zipper. The side gussets are clean felt with a single vertical centre seam and nothing attached to them. The only metal on the bag is aged gold. There are no logos, no embossing, no lettering and no tags anywhere on the bag.

CRITICAL RENDERING INSTRUCTION. This is a single frame from a real video casually shot on an iPhone 15 Pro by an ordinary person, handheld, with no lighting equipment, no tripod and no styling. It is NOT a 3D render, NOT CGI, NOT a product visualisation, NOT a catalogue or commercial photograph, NOT retouched, NOT studio lit. Photographic evidence that must be present: visible sensor noise through the shadows, highlights slightly blown where the light source hits, mild chromatic aberration on contrast edges, phone sharpening, focus slightly imperfect, a trace of handheld motion blur, and framing that is a little crooked and off centre the way a real snapshot is. One dominant available light source with mixed colour temperature and uneven exposure. The wool felt shows individual brushed fibres and small lint, the leather trim is softly creased where it has been handled, ordinary dust and fingerprints exist. The setting is a real lived in place with ordinary clutter, not a set. Any human skin shows real texture and pores, never retouched, and no face is visible. Any laptop or phone in the scene is plain matte dark grey with no logo. No on screen text, no captions, no lettering, no signage, no graphics, no watermarks and no other branded products anywhere. Vertical 9:16 portrait framing.","Slight hover from above with a tiny drift, nothing moves.",what's in my bag is 19% of formats; the flat-lay grid is its canonical composition,7,7,7,7,7,7,7,7,6,7,6.9,False,False,False,False,False,False,False,PASS,"The tote faithfully reproduces the reference design, materials, and hardware with stable, consistent rendering.",PASS,0-8,kenburns by law: product-only beat
COL-089,11_Whats_In_My_Bag/COL-089-caramel-camera-looking-straight-down-into-the-op.mp4,11_Whats_In_My_Bag,caramel,"Camera looking straight down into the open standing bag on a bed, contents nested inside on the oatmeal felt: a folded knit, a notebook, a wallet, a pouch and keys. Handles fallen outward. Window light.",overhead,top-down,medium,static,bedroom,window light,interior,open,none,8.0,kenburns,keyframes/COL-089/v1.png,"Use the attached product photos ONLY as the reference for the bag's shape, proportions, materials, colours, stitching and hardware. Do NOT copy their lighting, plain background, clean edges or catalogue look; those are studio images and the picture you produce must not resemble one. Create the following real photograph instead.

Camera looking straight down into the open standing bag on a bed, contents nested inside on the oatmeal felt: a folded knit, a notebook, a wallet, a pouch and keys. Handles fallen outward. Window light.

PRODUCT TRUTH, follow exactly. The bag is an oatmeal greige brushed wool felt east west tote, about twice as wide as it is tall, softly structured and standing on its own, with a flat base. It measures about 50 centimetres wide, 26 centimetres tall and 18 centimetres deep, a wide low landscape shape, never boxy or square. The felt is smooth brushed felt with fine visible fibres, NOT knitted, no knit ribs, no yarn loops. Two wide vertical felt straps run down the front face from the top rim to the base. A slim warm cognac tan leather belt about half an inch wide crosses the front horizontally, passing through a felt loop on each vertical strap, and each of its two ends extends past the straps and curves outward and downward, hanging free, finished with a small round aged gold metal disc cap. The back face is identical. Two rolled top handles, one on the front and one on the back, wrapped in warm cognac tan leather on the grip with felt below, with a short handle drop so the bag hangs from the hand or forearm, never the shoulder. The top is open with no flap and no zipper. The side gussets are clean felt with a single vertical centre seam and nothing attached to them. The only metal on the bag is aged gold. There are no logos, no embossing, no lettering and no tags anywhere on the bag. The bag stands open and the mouth is a wide oval. Inside, the same oatmeal felt continues with no lining pattern and no pockets; there is one small felt tab with a tiny gold snap stud at the top centre of the front inner rim and one on the back inner rim. Contents sit directly on the felt.

CRITICAL RENDERING INSTRUCTION. This is a single frame from a real video casually shot on an iPhone 15 Pro by an ordinary person, handheld, with no lighting equipment, no tripod and no styling. It is NOT a 3D render, NOT CGI, NOT a product visualisation, NOT a catalogue or commercial photograph, NOT retouched, NOT studio lit. Photographic evidence that must be present: visible sensor noise through the shadows, highlights slightly blown where the light source hits, mild chromatic aberration on contrast edges, phone sharpening, focus slightly imperfect, a trace of handheld motion blur, and framing that is a little crooked and off centre the way a real snapshot is. One dominant available light source with mixed colour temperature and uneven exposure. The wool felt shows individual brushed fibres and small lint, the leather trim is softly creased where it has been handled, ordinary dust and fingerprints exist. The setting is a real lived in place with ordinary clutter, not a set. Any human skin shows real texture and pores, never retouched, and no face is visible. Any laptop or phone in the scene is plain matte dark grey with no logo. No on screen text, no captions, no lettering, no signage, no graphics, no watermarks and no other branded products anywhere. Vertical 9:16 portrait framing.","Slight overhead hover with a soft refocus, the contents settle very slightly.",open-mouth overhead; 57% of videos show the interior,7,7,7,7,7,7,7,6,6,7,6.8,False,False,False,False,False,False,False,PASS,Accurate interior top-down view with natural textures and correct construction.,PASS,0-8,kenburns by law: product-only beat
COL-090,11_Whats_In_My_Bag/COL-090-espresso-high-angle-of-a-woman-s-hand-lifting-a-t.mp4,11_Whats_In_My_Bag,espresso,"High angle of a woman's hand lifting a tan wallet out of the open bag on a bed, a phone and lip balm already laid out on the duvet beside it. Her face is out of the frame, cropped away by the top edge of the picture, and she is not holding a phone; someone else is filming her.",high angle,high angle,medium,handheld,bedroom,window light,open,open,pulling items out,8.0,omni-1.1-flash,keyframes/COL-090/v1.png,"Use the attached product photos ONLY as the reference for the bag's shape, proportions, materials, colours, stitching and hardware. Do NOT copy their lighting, plain background, clean edges or catalogue look; those are studio images and the picture you produce must not resemble one. Create the following real photograph instead.

High angle of a woman's hand lifting a tan wallet out of the open bag on a bed, a phone and lip balm already laid out on the duvet beside it. Her face is out of the frame, cropped away by the top edge of the picture, and she is not holding a phone; someone else is filming her. The woman in the scene is a woman in her late 20s with a blonde bob, pale skin and a silver watch.

PRODUCT TRUTH, follow exactly. The bag is an oatmeal greige brushed wool felt east west tote, about twice as wide as it is tall, softly structured and standing on its own, with a flat base. It measures about 50 centimetres wide, 26 centimetres tall and 18 centimetres deep, a wide low landscape shape, never boxy or square. The felt is smooth brushed felt with fine visible fibres, NOT knitted, no knit ribs, no yarn loops. Two wide vertical felt straps run down the front face from the top rim to the base. A slim dark espresso brown leather belt about half an inch wide crosses the front horizontally, passing through a felt loop on each vertical strap, and each of its two ends extends past the straps and curves outward and downward, hanging free, finished with a small round aged gold metal disc cap. The back face is identical. Two rolled top handles, one on the front and one on the back, wrapped in dark espresso brown leather on the grip with felt below, with a short handle drop so the bag hangs from the hand or forearm, never the shoulder. The top is open with no flap and no zipper. The side gussets are clean felt with a single vertical centre seam and nothing attached to them. The only metal on the bag is aged gold. There are no logos, no embossing, no lettering and no tags anywhere on the bag. The bag stands open and the mouth is a wide oval. Inside, the same oatmeal felt continues with no lining pattern and no pockets; there is one small felt tab with a tiny gold snap stud at the top centre of the front inner rim and one on the back inner rim. Contents sit directly on the felt.

CRITICAL RENDERING INSTRUCTION. This is a single frame from a real video casually shot on an iPhone 15 Pro by an ordinary person, handheld, with no lighting equipment, no tripod and no styling. It is NOT a 3D render, NOT CGI, NOT a product visualisation, NOT a catalogue or commercial photograph, NOT retouched, NOT studio lit. Photographic evidence that must be present: visible sensor noise through the shadows, highlights slightly blown where the light source hits, mild chromatic aberration on contrast edges, phone sharpening, focus slightly imperfect, a trace of handheld motion blur, and framing that is a little crooked and off centre the way a real snapshot is. One dominant available light source with mixed colour temperature and uneven exposure. The wool felt shows individual brushed fibres and small lint, the leather trim is softly creased where it has been handled, ordinary dust and fingerprints exist. The setting is a real lived in place with ordinary clutter, not a set. Any human skin shows real texture and pores, never retouched, and no face is visible. Any laptop or phone in the scene is plain matte dark grey with no logo. No on screen text, no captions, no lettering, no signage, no graphics, no watermarks and no other branded products anywhere. Vertical 9:16 portrait framing.",She sets the wallet down beside the other items and reaches back in for the next thing. Handheld from above.,one-by-one reveal (removing items 5%),7,7,7,7,7,7,7,6,6,7,6.8,False,False,False,False,False,False,False,PASS,"Bag maintains correct construction, materials, and hardware detailing consistently across the clip.",PASS,0-8,
COL-091,11_Whats_In_My_Bag/COL-091-caramel-the-bag-standing-on-a-desk-with-its-cont.mp4,11_Whats_In_My_Bag,caramel,"The bag standing on a desk with its contents lined up in a row in front of it: notebook, AirPods, wallet, water bottle, keys, glasses case. Window light, slightly crooked.",high angle,high angle,full product,handheld,apartment other,window light,three-quarter,resting,none,8.0,kenburns,keyframes/COL-091/v1.png,"Use the attached product photos ONLY as the reference for the bag's shape, proportions, materials, colours, stitching and hardware. Do NOT copy their lighting, plain background, clean edges or catalogue look; those are studio images and the picture you produce must not resemble one. Create the following real photograph instead.

The bag standing on a desk with its contents lined up in a row in front of it: notebook, AirPods, wallet, water bottle, keys, glasses case. Window light, slightly crooked.

PRODUCT TRUTH, follow exactly. The bag is an oatmeal greige brushed wool felt east west tote, about twice as wide as it is tall, softly structured and standing on its own, with a flat base. It measures about 50 centimetres wide, 26 centimetres tall and 18 centimetres deep, a wide low landscape shape, never boxy or square. The felt is smooth brushed felt with fine visible fibres, NOT knitted, no knit ribs, no yarn loops. Two wide vertical felt straps run down the front face from the top rim to the base. A slim warm cognac tan leather belt about half an inch wide crosses the front horizontally, passing through a felt loop on each vertical strap, and each of its two ends extends past the straps and curves outward and downward, hanging free, finished with a small round aged gold metal disc cap. The back face is identical. Two rolled top handles, one on the front and one on the back, wrapped in warm cognac tan leather on the grip with felt below, with a short handle drop so the bag hangs from the hand or forearm, never the shoulder. The top is open with no flap and no zipper. The side gussets are clean felt with a single vertical centre seam and nothing attached to them. The only metal on the bag is aged gold. There are no logos, no embossing, no lettering and no tags anywhere on the bag.

CRITICAL RENDERING INSTRUCTION. This is a single frame from a real video casually shot on an iPhone 15 Pro by an ordinary person, handheld, with no lighting equipment, no tripod and no styling. It is NOT a 3D render, NOT CGI, NOT a product visualisation, NOT a catalogue or commercial photograph, NOT retouched, NOT studio lit. Photographic evidence that must be present: visible sensor noise through the shadows, highlights slightly blown where the light source hits, mild chromatic aberration on contrast edges, phone sharpening, focus slightly imperfect, a trace of handheld motion blur, and framing that is a little crooked and off centre the way a real snapshot is. One dominant available light source with mixed colour temperature and uneven exposure. The wool felt shows individual brushed fibres and small lint, the leather trim is softly creased where it has been handled, ordinary dust and fingerprints exist. The setting is a real lived in place with ordinary clutter, not a set. Any human skin shows real texture and pores, never retouched, and no face is visible. Any laptop or phone in the scene is plain matte dark grey with no logo. No on screen text, no captions, no lettering, no signage, no graphics, no watermarks and no other branded products anywhere. Vertical 9:16 portrait framing.",Slow handheld drift sideways across the scene with slight wobble and one small refocus.,contents lined up beside the bag,7,7,7,7,7,7,7,6,5,7,6.7,False,False,False,False,False,False,False,PASS,Accurate structural features and materials matching ground-truth references with no visible AI defects.,PASS,0-8,kenburns by law: product-only beat
COL-092,11_Whats_In_My_Bag/COL-092-caramel-high-angle-of-a-woman-unpacking-the-bag-.mp4,11_Whats_In_My_Bag,caramel,"High angle of a woman unpacking the bag onto a kitchen table: her hand placing a book down next to keys and a phone, the open bag at the edge of the frame. Her face is out of the frame, cropped away by the top edge of the picture, and she is not holding a phone; someone else is filming her.",high angle,high angle,medium,handheld,kitchen,window light,open,open,unpacking onto table,8.0,omni-1.1-flash,keyframes/COL-092/v1.png,"Use the attached product photos ONLY as the reference for the bag's shape, proportions, materials, colours, stitching and hardware. Do NOT copy their lighting, plain background, clean edges or catalogue look; those are studio images and the picture you produce must not resemble one. Create the following real photograph instead.

High angle of a woman unpacking the bag onto a kitchen table: her hand placing a book down next to keys and a phone, the open bag at the edge of the frame. Her face is out of the frame, cropped away by the top edge of the picture, and she is not holding a phone; someone else is filming her. The woman in the scene is a woman in her 50s with silver-blonde hair pulled back and a simple gold wedding band.

PRODUCT TRUTH, follow exactly. The bag is an oatmeal greige brushed wool felt east west tote, about twice as wide as it is tall, softly structured and standing on its own, with a flat base. It measures about 50 centimetres wide, 26 centimetres tall and 18 centimetres deep, a wide low landscape shape, never boxy or square. The felt is smooth brushed felt with fine visible fibres, NOT knitted, no knit ribs, no yarn loops. Two wide vertical felt straps run down the front face from the top rim to the base. A slim warm cognac tan leather belt about half an inch wide crosses the front horizontally, passing through a felt loop on each vertical strap, and each of its two ends extends past the straps and curves outward and downward, hanging free, finished with a small round aged gold metal disc cap. The back face is identical. Two rolled top handles, one on the front and one on the back, wrapped in warm cognac tan leather on the grip with felt below, with a short handle drop so the bag hangs from the hand or forearm, never the shoulder. The top is open with no flap and no zipper. The side gussets are clean felt with a single vertical centre seam and nothing attached to them. The only metal on the bag is aged gold. There are no logos, no embossing, no lettering and no tags anywhere on the bag. The bag stands open and the mouth is a wide oval. Inside, the same oatmeal felt continues with no lining pattern and no pockets; there is one small felt tab with a tiny gold snap stud at the top centre of the front inner rim and one on the back inner rim. Contents sit directly on the felt.

CRITICAL RENDERING INSTRUCTION. This is a single frame from a real video casually shot on an iPhone 15 Pro by an ordinary person, handheld, with no lighting equipment, no tripod and no styling. It is NOT a 3D render, NOT CGI, NOT a product visualisation, NOT a catalogue or commercial photograph, NOT retouched, NOT studio lit. Photographic evidence that must be present: visible sensor noise through the shadows, highlights slightly blown where the light source hits, mild chromatic aberration on contrast edges, phone sharpening, focus slightly imperfect, a trace of handheld motion blur, and framing that is a little crooked and off centre the way a real snapshot is. One dominant available light source with mixed colour temperature and uneven exposure. The wool felt shows individual brushed fibres and small lint, the leather trim is softly creased where it has been handled, ordinary dust and fingerprints exist. The setting is a real lived in place with ordinary clutter, not a set. Any human skin shows real texture and pores, never retouched, and no face is visible. Any laptop or phone in the scene is plain matte dark grey with no logo. No on screen text, no captions, no lettering, no signage, no graphics, no watermarks and no other branded products anywhere. Vertical 9:16 portrait framing.","She sets the book down and pulls out a small pouch, placing it in the row. Handheld from above.",kitchen table unpack,7,7,7,7,7,7,7,7,6,7,6.9,False,False,False,False,False,False,False,PASS,Accurate product structure and natural UGC-style interaction throughout.,PASS,0-8,
COL-093,11_Whats_In_My_Bag/COL-093-caramel-pov-close-up-of-a-young-woman-s-hand-pul.mp4,11_Whats_In_My_Bag,caramel,"POV close-up of a young woman's hand pulling a white AirPods case out of the open bag on the sofa beside her, the felt interior and a wallet visible.",high angle,POV,close-up,natural hand movement,living room,window light,open,open,pulling out AirPods,8.0,omni-1.1-flash,keyframes/COL-093/v1.png,"Use the attached product photos ONLY as the reference for the bag's shape, proportions, materials, colours, stitching and hardware. Do NOT copy their lighting, plain background, clean edges or catalogue look; those are studio images and the picture you produce must not resemble one. Create the following real photograph instead.

POV close-up of a young woman's hand pulling a white AirPods case out of the open bag on the sofa beside her, the felt interior and a wallet visible. The woman in the scene is a woman in her mid 20s with a light brown ponytail and a claw clip, no jewellery.

PRODUCT TRUTH, follow exactly. The bag is an oatmeal greige brushed wool felt east west tote, about twice as wide as it is tall, softly structured and standing on its own, with a flat base. It measures about 50 centimetres wide, 26 centimetres tall and 18 centimetres deep, a wide low landscape shape, never boxy or square. The felt is smooth brushed felt with fine visible fibres, NOT knitted, no knit ribs, no yarn loops. Two wide vertical felt straps run down the front face from the top rim to the base. A slim warm cognac tan leather belt about half an inch wide crosses the front horizontally, passing through a felt loop on each vertical strap, and each of its two ends extends past the straps and curves outward and downward, hanging free, finished with a small round aged gold metal disc cap. The back face is identical. Two rolled top handles, one on the front and one on the back, wrapped in warm cognac tan leather on the grip with felt below, with a short handle drop so the bag hangs from the hand or forearm, never the shoulder. The top is open with no flap and no zipper. The side gussets are clean felt with a single vertical centre seam and nothing attached to them. The only metal on the bag is aged gold. There are no logos, no embossing, no lettering and no tags anywhere on the bag. The bag stands open and the mouth is a wide oval. Inside, the same oatmeal felt continues with no lining pattern and no pockets; there is one small felt tab with a tiny gold snap stud at the top centre of the front inner rim and one on the back inner rim. Contents sit directly on the felt.

CRITICAL RENDERING INSTRUCTION. This is a single frame from a real video casually shot on an iPhone 15 Pro by an ordinary person, handheld, with no lighting equipment, no tripod and no styling. It is NOT a 3D render, NOT CGI, NOT a product visualisation, NOT a catalogue or commercial photograph, NOT retouched, NOT studio lit. Photographic evidence that must be present: visible sensor noise through the shadows, highlights slightly blown where the light source hits, mild chromatic aberration on contrast edges, phone sharpening, focus slightly imperfect, a trace of handheld motion blur, and framing that is a little crooked and off centre the way a real snapshot is. One dominant available light source with mixed colour temperature and uneven exposure. The wool felt shows individual brushed fibres and small lint, the leather trim is softly creased where it has been handled, ordinary dust and fingerprints exist. The setting is a real lived in place with ordinary clutter, not a set. Any human skin shows real texture and pores, never retouched, and no face is visible. Any laptop or phone in the scene is plain matte dark grey with no logo. No on screen text, no captions, no lettering, no signage, no graphics, no watermarks and no other branded products anywhere. Vertical 9:16 portrait framing.",She pulls the case out and pops it open with her thumb. Handheld POV.,essentials pull,7,7,7,7,7,7,7,7,6,7,6.9,False,False,False,False,False,False,False,PASS,Accurate construction and realistic hand interaction with no structural defects.,PASS,0-8,
COL-094,12_Movement/COL-094-caramel-a-woman-mid-turn-in-her-living-room-with.mp4,12_Movement,caramel,"A woman mid-turn in her living room with the bag on her forearm swinging outward, camel coat flaring, framed from the shoulders down. Window light, motion blur on the coat. Her face is out of the frame, cropped away by the top edge of the picture, and she is not holding a phone; someone else is filming her.",chest,front,medium,handheld,living room,window light,three-quarter,swinging,turning,8.0,kenburns,keyframes/COL-094/v1.png,"Use the attached product photos ONLY as the reference for the bag's shape, proportions, materials, colours, stitching and hardware. Do NOT copy their lighting, plain background, clean edges or catalogue look; those are studio images and the picture you produce must not resemble one. Create the following real photograph instead.

A woman mid-turn in her living room with the bag on her forearm swinging outward, camel coat flaring, framed from the shoulders down. Window light, motion blur on the coat. Her face is out of the frame, cropped away by the top edge of the picture, and she is not holding a phone; someone else is filming her. The woman in the scene is a woman in her early 30s with long dark brown hair, natural short nails and a thin gold ring.

PRODUCT TRUTH, follow exactly. The bag is an oatmeal greige brushed wool felt east west tote, about twice as wide as it is tall, softly structured and standing on its own, with a flat base. It measures about 50 centimetres wide, 26 centimetres tall and 18 centimetres deep, a wide low landscape shape, never boxy or square. The felt is smooth brushed felt with fine visible fibres, NOT knitted, no knit ribs, no yarn loops. Two wide vertical felt straps run down the front face from the top rim to the base. A slim warm cognac tan leather belt about half an inch wide crosses the front horizontally, passing through a felt loop on each vertical strap, and each of its two ends extends past the straps and curves outward and downward, hanging free, finished with a small round aged gold metal disc cap. The back face is identical. Two rolled top handles, one on the front and one on the back, wrapped in warm cognac tan leather on the grip with felt below, with a short handle drop so the bag hangs from the hand or forearm, never the shoulder. The top is open with no flap and no zipper. The side gussets are clean felt with a single vertical centre seam and nothing attached to them. The only metal on the bag is aged gold. There are no logos, no embossing, no lettering and no tags anywhere on the bag.

CRITICAL RENDERING INSTRUCTION. This is a single frame from a real video casually shot on an iPhone 15 Pro by an ordinary person, handheld, with no lighting equipment, no tripod and no styling. It is NOT a 3D render, NOT CGI, NOT a product visualisation, NOT a catalogue or commercial photograph, NOT retouched, NOT studio lit. Photographic evidence that must be present: visible sensor noise through the shadows, highlights slightly blown where the light source hits, mild chromatic aberration on contrast edges, phone sharpening, focus slightly imperfect, a trace of handheld motion blur, and framing that is a little crooked and off centre the way a real snapshot is. One dominant available light source with mixed colour temperature and uneven exposure. The wool felt shows individual brushed fibres and small lint, the leather trim is softly creased where it has been handled, ordinary dust and fingerprints exist. The setting is a real lived in place with ordinary clutter, not a set. Any human skin shows real texture and pores, never retouched, and no face is visible. Any laptop or phone in the scene is plain matte dark grey with no logo. No on screen text, no captions, no lettering, no signage, no graphics, no watermarks and no other branded products anywhere. Vertical 9:16 portrait framing.",She completes the turn and the bag swings around with her arm and settles against her hip. Handheld.,turning is a listed interaction; the bag's natural swing,7,7,7,7,7,7,7,7,6,7,6.9,False,False,False,False,False,False,False,PASS,Bag structure and hardware accurately match reference specifications.,PASS,0-8,kenburns fallback: a duplicate bag appeared behind her
COL-095,12_Movement/COL-095-espresso-a-woman-lowering-the-bag-onto-an-entry-b.mp4,12_Movement,espresso,"A woman lowering the bag onto an entry bench, the handles still swinging from the motion, framed at waist height. Her face is out of the frame, cropped away by the top edge of the picture, and she is not holding a phone; someone else is filming her.",waist,front,medium,handheld,hallway,window light,front,swinging,setting down,8.0,omni-1.1-flash,keyframes/COL-095/v1.png,"Use the attached product photos ONLY as the reference for the bag's shape, proportions, materials, colours, stitching and hardware. Do NOT copy their lighting, plain background, clean edges or catalogue look; those are studio images and the picture you produce must not resemble one. Create the following real photograph instead.

A woman lowering the bag onto an entry bench, the handles still swinging from the motion, framed at waist height. Her face is out of the frame, cropped away by the top edge of the picture, and she is not holding a phone; someone else is filming her. The woman in the scene is a woman in her mid 30s with dark blonde waves and a gold chain bracelet.

PRODUCT TRUTH, follow exactly. The bag is an oatmeal greige brushed wool felt east west tote, about twice as wide as it is tall, softly structured and standing on its own, with a flat base. It measures about 50 centimetres wide, 26 centimetres tall and 18 centimetres deep, a wide low landscape shape, never boxy or square. The felt is smooth brushed felt with fine visible fibres, NOT knitted, no knit ribs, no yarn loops. Two wide vertical felt straps run down the front face from the top rim to the base. A slim dark espresso brown leather belt about half an inch wide crosses the front horizontally, passing through a felt loop on each vertical strap, and each of its two ends extends past the straps and curves outward and downward, hanging free, finished with a small round aged gold metal disc cap. The back face is identical. Two rolled top handles, one on the front and one on the back, wrapped in dark espresso brown leather on the grip with felt below, with a short handle drop so the bag hangs from the hand or forearm, never the shoulder. The top is open with no flap and no zipper. The side gussets are clean felt with a single vertical centre seam and nothing attached to them. The only metal on the bag is aged gold. There are no logos, no embossing, no lettering and no tags anywhere on the bag.

CRITICAL RENDERING INSTRUCTION. This is a single frame from a real video casually shot on an iPhone 15 Pro by an ordinary person, handheld, with no lighting equipment, no tripod and no styling. It is NOT a 3D render, NOT CGI, NOT a product visualisation, NOT a catalogue or commercial photograph, NOT retouched, NOT studio lit. Photographic evidence that must be present: visible sensor noise through the shadows, highlights slightly blown where the light source hits, mild chromatic aberration on contrast edges, phone sharpening, focus slightly imperfect, a trace of handheld motion blur, and framing that is a little crooked and off centre the way a real snapshot is. One dominant available light source with mixed colour temperature and uneven exposure. The wool felt shows individual brushed fibres and small lint, the leather trim is softly creased where it has been handled, ordinary dust and fingerprints exist. The setting is a real lived in place with ordinary clutter, not a set. Any human skin shows real texture and pores, never retouched, and no face is visible. Any laptop or phone in the scene is plain matte dark grey with no logo. No on screen text, no captions, no lettering, no signage, no graphics, no watermarks and no other branded products anywhere. Vertical 9:16 portrait framing.","The bag lands, the handles swing once and fall open, her hand withdraws. Handheld.",handles-swing on set-down,7,6,6,7,6,6,6,6,5,6,6.1,False,False,False,False,False,False,False,PASS,Bag structure and hardware remain consistent throughout the motion.,PASS,0-8,
COL-096,12_Movement/COL-096-caramel-from-behind.mp4,12_Movement,caramel,"From behind, a woman walking down her apartment hallway toward the front door, the bag on her forearm swaying, trench coat, framed from the waist down.",waist,behind subject,medium,walking camera,hallway,window light,back,carried on forearm,walking through hallway,8.0,kenburns,keyframes/COL-096/v1.png,"Use the attached product photos ONLY as the reference for the bag's shape, proportions, materials, colours, stitching and hardware. Do NOT copy their lighting, plain background, clean edges or catalogue look; those are studio images and the picture you produce must not resemble one. Create the following real photograph instead.

From behind, a woman walking down her apartment hallway toward the front door, the bag on her forearm swaying, trench coat, framed from the waist down. The woman in the scene is a woman in her 40s with auburn shoulder-length hair and a few freckles on her hands.

PRODUCT TRUTH, follow exactly. The bag is an oatmeal greige brushed wool felt east west tote, about twice as wide as it is tall, softly structured and standing on its own, with a flat base. It measures about 50 centimetres wide, 26 centimetres tall and 18 centimetres deep, a wide low landscape shape, never boxy or square. The felt is smooth brushed felt with fine visible fibres, NOT knitted, no knit ribs, no yarn loops. Two wide vertical felt straps run down the front face from the top rim to the base. A slim warm cognac tan leather belt about half an inch wide crosses the front horizontally, passing through a felt loop on each vertical strap, and each of its two ends extends past the straps and curves outward and downward, hanging free, finished with a small round aged gold metal disc cap. The back face is identical. Two rolled top handles, one on the front and one on the back, wrapped in warm cognac tan leather on the grip with felt below, with a short handle drop so the bag hangs from the hand or forearm, never the shoulder. The top is open with no flap and no zipper. The side gussets are clean felt with a single vertical centre seam and nothing attached to them. The only metal on the bag is aged gold. There are no logos, no embossing, no lettering and no tags anywhere on the bag.

CRITICAL RENDERING INSTRUCTION. This is a single frame from a real video casually shot on an iPhone 15 Pro by an ordinary person, handheld, with no lighting equipment, no tripod and no styling. It is NOT a 3D render, NOT CGI, NOT a product visualisation, NOT a catalogue or commercial photograph, NOT retouched, NOT studio lit. Photographic evidence that must be present: visible sensor noise through the shadows, highlights slightly blown where the light source hits, mild chromatic aberration on contrast edges, phone sharpening, focus slightly imperfect, a trace of handheld motion blur, and framing that is a little crooked and off centre the way a real snapshot is. One dominant available light source with mixed colour temperature and uneven exposure. The wool felt shows individual brushed fibres and small lint, the leather trim is softly creased where it has been handled, ordinary dust and fingerprints exist. The setting is a real lived in place with ordinary clutter, not a set. Any human skin shows real texture and pores, never retouched, and no face is visible. Any laptop or phone in the scene is plain matte dark grey with no logo. No on screen text, no captions, no lettering, no signage, no graphics, no watermarks and no other branded products anywhere. Vertical 9:16 portrait framing.","She walks to the door and reaches for the handle, the bag swaying with each step. Handheld follow.",in-home walk-away,6,7,7,7,7,6,6,6,5,7,6.4,False,False,False,False,False,False,False,PASS,Product structure and material details consistently match the reference.,PASS,0-8,kenburns fallback: belt hardware migrated at small scale
COL-097,12_Movement/COL-097-caramel-a-young-woman-in-her-closet-lifting-the-.mp4,12_Movement,caramel,"A young woman in her closet lifting the bag from her hand up onto her forearm and turning toward the mirror door, framed from the chin down. Warm light. Her face is out of the frame, cropped away by the top edge of the picture, and she is not holding a phone; someone else is filming her.",chest,front,medium,handheld,closet,warm indoor,three-quarter,swinging,checking in closet,8.0,omni-1.1-flash,keyframes/COL-097/v1.png,"Use the attached product photos ONLY as the reference for the bag's shape, proportions, materials, colours, stitching and hardware. Do NOT copy their lighting, plain background, clean edges or catalogue look; those are studio images and the picture you produce must not resemble one. Create the following real photograph instead.

A young woman in her closet lifting the bag from her hand up onto her forearm and turning toward the mirror door, framed from the chin down. Warm light. Her face is out of the frame, cropped away by the top edge of the picture, and she is not holding a phone; someone else is filming her. The woman in the scene is a woman in her mid 20s with a light brown ponytail and a claw clip, no jewellery.

PRODUCT TRUTH, follow exactly. The bag is an oatmeal greige brushed wool felt east west tote, about twice as wide as it is tall, softly structured and standing on its own, with a flat base. It measures about 50 centimetres wide, 26 centimetres tall and 18 centimetres deep, a wide low landscape shape, never boxy or square. The felt is smooth brushed felt with fine visible fibres, NOT knitted, no knit ribs, no yarn loops. Two wide vertical felt straps run down the front face from the top rim to the base. A slim warm cognac tan leather belt about half an inch wide crosses the front horizontally, passing through a felt loop on each vertical strap, and each of its two ends extends past the straps and curves outward and downward, hanging free, finished with a small round aged gold metal disc cap. The back face is identical. Two rolled top handles, one on the front and one on the back, wrapped in warm cognac tan leather on the grip with felt below, with a short handle drop so the bag hangs from the hand or forearm, never the shoulder. The top is open with no flap and no zipper. The side gussets are clean felt with a single vertical centre seam and nothing attached to them. The only metal on the bag is aged gold. There are no logos, no embossing, no lettering and no tags anywhere on the bag.

CRITICAL RENDERING INSTRUCTION. This is a single frame from a real video casually shot on an iPhone 15 Pro by an ordinary person, handheld, with no lighting equipment, no tripod and no styling. It is NOT a 3D render, NOT CGI, NOT a product visualisation, NOT a catalogue or commercial photograph, NOT retouched, NOT studio lit. Photographic evidence that must be present: visible sensor noise through the shadows, highlights slightly blown where the light source hits, mild chromatic aberration on contrast edges, phone sharpening, focus slightly imperfect, a trace of handheld motion blur, and framing that is a little crooked and off centre the way a real snapshot is. One dominant available light source with mixed colour temperature and uneven exposure. The wool felt shows individual brushed fibres and small lint, the leather trim is softly creased where it has been handled, ordinary dust and fingerprints exist. The setting is a real lived in place with ordinary clutter, not a set. Any human skin shows real texture and pores, never retouched, and no face is visible. Any laptop or phone in the scene is plain matte dark grey with no logo. No on screen text, no captions, no lettering, no signage, no graphics, no watermarks and no other branded products anywhere. Vertical 9:16 portrait framing.","She lifts the bag onto her arm, turns a quarter turn and stops, the bag swinging then settling. Handheld.",the lift-and-turn,7,7,7,7,7,6,7,6,5,7,6.6,False,False,False,False,False,False,False,PASS,Bag structure and hardware remain consistent and match reference specs throughout.,PASS,0-8,
COL-098,13_Transitions/COL-098-caramel-the-bag-standing-on-a-bed.mp4,13_Transitions,caramel,"The bag standing on a bed, framed at waist height, a woman's hand just entering the frame from the right about to grab the handles. Window light, still camera. Her face is out of the frame, cropped away by the top edge of the picture, and she is not holding a phone; someone else is filming her.",waist,front,medium,static,bedroom,window light,front,resting,hand entering frame,8.0,omni-1.1-flash,keyframes/COL-098/v1.png,"Use the attached product photos ONLY as the reference for the bag's shape, proportions, materials, colours, stitching and hardware. Do NOT copy their lighting, plain background, clean edges or catalogue look; those are studio images and the picture you produce must not resemble one. Create the following real photograph instead.

The bag standing on a bed, framed at waist height, a woman's hand just entering the frame from the right about to grab the handles. Window light, still camera. Her face is out of the frame, cropped away by the top edge of the picture, and she is not holding a phone; someone else is filming her. The woman in the scene is a woman in her late 20s with a blonde bob, pale skin and a silver watch.

PRODUCT TRUTH, follow exactly. The bag is an oatmeal greige brushed wool felt east west tote, about twice as wide as it is tall, softly structured and standing on its own, with a flat base. It measures about 50 centimetres wide, 26 centimetres tall and 18 centimetres deep, a wide low landscape shape, never boxy or square. The felt is smooth brushed felt with fine visible fibres, NOT knitted, no knit ribs, no yarn loops. Two wide vertical felt straps run down the front face from the top rim to the base. A slim warm cognac tan leather belt about half an inch wide crosses the front horizontally, passing through a felt loop on each vertical strap, and each of its two ends extends past the straps and curves outward and downward, hanging free, finished with a small round aged gold metal disc cap. The back face is identical. Two rolled top handles, one on the front and one on the back, wrapped in warm cognac tan leather on the grip with felt below, with a short handle drop so the bag hangs from the hand or forearm, never the shoulder. The top is open with no flap and no zipper. The side gussets are clean felt with a single vertical centre seam and nothing attached to them. The only metal on the bag is aged gold. There are no logos, no embossing, no lettering and no tags anywhere on the bag.

CRITICAL RENDERING INSTRUCTION. This is a single frame from a real video casually shot on an iPhone 15 Pro by an ordinary person, handheld, with no lighting equipment, no tripod and no styling. It is NOT a 3D render, NOT CGI, NOT a product visualisation, NOT a catalogue or commercial photograph, NOT retouched, NOT studio lit. Photographic evidence that must be present: visible sensor noise through the shadows, highlights slightly blown where the light source hits, mild chromatic aberration on contrast edges, phone sharpening, focus slightly imperfect, a trace of handheld motion blur, and framing that is a little crooked and off centre the way a real snapshot is. One dominant available light source with mixed colour temperature and uneven exposure. The wool felt shows individual brushed fibres and small lint, the leather trim is softly creased where it has been handled, ordinary dust and fingerprints exist. The setting is a real lived in place with ordinary clutter, not a set. Any human skin shows real texture and pores, never retouched, and no face is visible. Any laptop or phone in the scene is plain matte dark grey with no logo. No on screen text, no captions, no lettering, no signage, no graphics, no watermarks and no other branded products anywhere. Vertical 9:16 portrait framing.","Her hand enters, grabs both handles and pulls the bag out of the frame to the right, leaving the empty duvet. Static handheld.","hand-enters-frame grab, a first-second hook convention",7,7,7,7,7,7,7,6,5,7,6.7,False,False,False,False,False,False,False,PASS,"The bag design, details, and motion remain consistent with the ground truth references.",PASS,0-8,
COL-099,13_Transitions/COL-099-espresso-an-empty-kitchen-counter-framed-at-waist.mp4,13_Transitions,espresso,"An empty kitchen counter framed at waist height with a mug at the edge, a woman's hands lowering the bag into the frame from above, base just above the counter. Her face is out of the frame, cropped away by the top edge of the picture, and she is not holding a phone; someone else is filming her.",waist,front,medium,static,kitchen,window light,front,being set down,setting into frame,8.0,omni-1.1-flash,keyframes/COL-099/v1.png,"Use the attached product photos ONLY as the reference for the bag's shape, proportions, materials, colours, stitching and hardware. Do NOT copy their lighting, plain background, clean edges or catalogue look; those are studio images and the picture you produce must not resemble one. Create the following real photograph instead.

An empty kitchen counter framed at waist height with a mug at the edge, a woman's hands lowering the bag into the frame from above, base just above the counter. Her face is out of the frame, cropped away by the top edge of the picture, and she is not holding a phone; someone else is filming her. The woman in the scene is a woman around 30 with curly red hair and short dark painted nails.

PRODUCT TRUTH, follow exactly. The bag is an oatmeal greige brushed wool felt east west tote, about twice as wide as it is tall, softly structured and standing on its own, with a flat base. It measures about 50 centimetres wide, 26 centimetres tall and 18 centimetres deep, a wide low landscape shape, never boxy or square. The felt is smooth brushed felt with fine visible fibres, NOT knitted, no knit ribs, no yarn loops. Two wide vertical felt straps run down the front face from the top rim to the base. A slim dark espresso brown leather belt about half an inch wide crosses the front horizontally, passing through a felt loop on each vertical strap, and each of its two ends extends past the straps and curves outward and downward, hanging free, finished with a small round aged gold metal disc cap. The back face is identical. Two rolled top handles, one on the front and one on the back, wrapped in dark espresso brown leather on the grip with felt below, with a short handle drop so the bag hangs from the hand or forearm, never the shoulder. The top is open with no flap and no zipper. The side gussets are clean felt with a single vertical centre seam and nothing attached to them. The only metal on the bag is aged gold. There are no logos, no embossing, no lettering and no tags anywhere on the bag.

CRITICAL RENDERING INSTRUCTION. This is a single frame from a real video casually shot on an iPhone 15 Pro by an ordinary person, handheld, with no lighting equipment, no tripod and no styling. It is NOT a 3D render, NOT CGI, NOT a product visualisation, NOT a catalogue or commercial photograph, NOT retouched, NOT studio lit. Photographic evidence that must be present: visible sensor noise through the shadows, highlights slightly blown where the light source hits, mild chromatic aberration on contrast edges, phone sharpening, focus slightly imperfect, a trace of handheld motion blur, and framing that is a little crooked and off centre the way a real snapshot is. One dominant available light source with mixed colour temperature and uneven exposure. The wool felt shows individual brushed fibres and small lint, the leather trim is softly creased where it has been handled, ordinary dust and fingerprints exist. The setting is a real lived in place with ordinary clutter, not a set. Any human skin shows real texture and pores, never retouched, and no face is visible. Any laptop or phone in the scene is plain matte dark grey with no logo. No on screen text, no captions, no lettering, no signage, no graphics, no watermarks and no other branded products anywhere. Vertical 9:16 portrait framing.","The bag is set down into the frame and the hands let go and leave, the bag settles. Static handheld.",set-down into frame,7,7,7,7,7,7,7,6,6,7,6.8,False,False,False,False,False,False,False,PASS,"The tote matches the reference construction, hardware, and materials accurately throughout the motion.",PASS,0-8,
COL-100,13_Transitions/COL-100-caramel-a-woman-with-the-bag-on-her-forearm-pass.mp4,13_Transitions,caramel,"A woman with the bag on her forearm passing very close to the camera in a hallway, the bag filling the right half of the frame with motion blur, camel coat. Daylight. Her face is out of the frame, cropped away by the top edge of the picture, and she is not holding a phone; someone else is filming her.",chest,front,medium,handheld,hallway,window light,three-quarter,carried on forearm,walking out of frame,8.0,omni-1.1-flash,keyframes/COL-100/v1.png,"Use the attached product photos ONLY as the reference for the bag's shape, proportions, materials, colours, stitching and hardware. Do NOT copy their lighting, plain background, clean edges or catalogue look; those are studio images and the picture you produce must not resemble one. Create the following real photograph instead.

A woman with the bag on her forearm passing very close to the camera in a hallway, the bag filling the right half of the frame with motion blur, camel coat. Daylight. Her face is out of the frame, cropped away by the top edge of the picture, and she is not holding a phone; someone else is filming her. The woman in the scene is a woman in her early 30s with long dark brown hair, natural short nails and a thin gold ring.

PRODUCT TRUTH, follow exactly. The bag is an oatmeal greige brushed wool felt east west tote, about twice as wide as it is tall, softly structured and standing on its own, with a flat base. It measures about 50 centimetres wide, 26 centimetres tall and 18 centimetres deep, a wide low landscape shape, never boxy or square. The felt is smooth brushed felt with fine visible fibres, NOT knitted, no knit ribs, no yarn loops. Two wide vertical felt straps run down the front face from the top rim to the base. A slim warm cognac tan leather belt about half an inch wide crosses the front horizontally, passing through a felt loop on each vertical strap, and each of its two ends extends past the straps and curves outward and downward, hanging free, finished with a small round aged gold metal disc cap. The back face is identical. Two rolled top handles, one on the front and one on the back, wrapped in warm cognac tan leather on the grip with felt below, with a short handle drop so the bag hangs from the hand or forearm, never the shoulder. The top is open with no flap and no zipper. The side gussets are clean felt with a single vertical centre seam and nothing attached to them. The only metal on the bag is aged gold. There are no logos, no embossing, no lettering and no tags anywhere on the bag.

CRITICAL RENDERING INSTRUCTION. This is a single frame from a real video casually shot on an iPhone 15 Pro by an ordinary person, handheld, with no lighting equipment, no tripod and no styling. It is NOT a 3D render, NOT CGI, NOT a product visualisation, NOT a catalogue or commercial photograph, NOT retouched, NOT studio lit. Photographic evidence that must be present: visible sensor noise through the shadows, highlights slightly blown where the light source hits, mild chromatic aberration on contrast edges, phone sharpening, focus slightly imperfect, a trace of handheld motion blur, and framing that is a little crooked and off centre the way a real snapshot is. One dominant available light source with mixed colour temperature and uneven exposure. The wool felt shows individual brushed fibres and small lint, the leather trim is softly creased where it has been handled, ordinary dust and fingerprints exist. The setting is a real lived in place with ordinary clutter, not a set. Any human skin shows real texture and pores, never retouched, and no face is visible. Any laptop or phone in the scene is plain matte dark grey with no logo. No on screen text, no captions, no lettering, no signage, no graphics, no watermarks and no other branded products anywhere. Vertical 9:16 portrait framing.","She walks past and out of the frame to the right, the bag passing close to the lens with motion blur, then the empty hallway. Handheld.",bag passes camera / walk out,7,7,7,7,7,7,7,6,5,7,6.7,False,False,False,False,False,False,False,PASS,"Bag structure, materials, and hardware accurately match the reference throughout the walking motion.",PASS,0-8,
