review_id,comment_id,post_id,report_pages,source_url,reviewed_full_comment,cohorts,roles,review_note,selected_anchor
Q001,igc:17902347504498071,ig:DadwnM1hmXa,5,https://www.instagram.com/p/DadwnM1hmXa/c/17902347504498071,True,C03,support;selected_anchor,"Designer-spending discussion: dissatisfaction or satisfaction with midrange alternatives; these are same-thread signals, not independent studies.",True
Q002,igc:18086502293161610,ig:DadwnM1hmXa,5,https://www.instagram.com/p/DadwnM1hmXa/c/18086502293161610,True,C03,support;selected_anchor,"Designer-spending discussion: dissatisfaction or satisfaction with midrange alternatives; these are same-thread signals, not independent studies.",True
Q003,igc:18120831529793735,ig:DadwnM1hmXa,5,https://www.instagram.com/p/DadwnM1hmXa/c/18120831529793735,True,C07,support;selected_anchor,"Timeless preference, deliberate purchase delay, continued use or refusal to replace a loved bag merely for a trend.",True
Q004,igc:17983545684107015,ig:DYSXIp6MRCO,5,https://www.instagram.com/p/DYSXIp6MRCO/c/17983545684107015,True,,context,Commenter generalizes about European behavior; do not infer population-level habits or actual purchase motive.,False
Q005,igc:17879919228486307,ig:DaAQeKXMGaz,5,https://www.instagram.com/p/DaAQeKXMGaz/c/17879919228486307,True,C10;C11,decision_condition,"Specific fit, device, carrying or luggage question; useful product requirement, not proof of current Velantra capacity.",False
Q006,igc:18018691025696915,ig:DadwnM1hmXa,6,https://www.instagram.com/p/DadwnM1hmXa/c/18018691025696915,True,C07;C17,support_and_boundary,Selling some designer pieces to save for a Kelly; selective collecting rather than designer abandonment.,False
Q007,igc:17896322463662005,ig:DcWLvteqezx,6,https://www.instagram.com/p/DcWLvteqezx/c/17896322463662005,True,C13,support,"Defends personal choice or particular styles; do not count as endorsement of universal logo, city or approval rules.",False
Q008,igc:18094937147375384,ig:DaAQeKXMGaz,6,https://www.instagram.com/p/DaAQeKXMGaz/c/18094937147375384,True,,purchase_intent,"Payday purchase intent for hoodie and duffel, not evidence that a founder story caused the decision.",False
Q009,igc:18004564757771553,ig:DaAQeKXMGaz,6,https://www.instagram.com/p/DaAQeKXMGaz/c/18004564757771553,True,C10;C11,decision_condition,"Specific fit, device, carrying or luggage question; useful product requirement, not proof of current Velantra capacity.",False
Q010,igc:18402435172150392,ig:DZf-NuYgpG-,9,https://www.instagram.com/p/DZf-NuYgpG-/c/18402435172150392,True,C04,support;selected_anchor,"Preference for less-obvious bags, discovery, creative design or an uncommon choice; strength varies from a specific reason to positive discovery response.",True
Q011,ttc:7540232524867044118,tt:7493277078276640031,9,https://www.tiktok.com/@steffieinthecity/video/7493277078276640031,True,,decision_condition,"Quality, authenticity, transaction or seller uncertainty. Retain context; these do not establish industry-wide deception or verified faults.",False
Q012,igc:18023654878488966,ig:Cl2HtNBtl03,10,https://www.instagram.com/p/Cl2HtNBtl03/c/18023654878488966,True,C02;C04,boundary,Rejects close copying or objects to derivative design; an unfamiliar designer alternative is not automatically acceptable.,False
Q013,ttc:7527403923646579511,tt:7527006509264276766,10,https://www.tiktok.com/@michelletimestwo/video/7527006509264276766,True,,context,Sarcastic or skeptical response in a resale/scam discussion; not a positive new-brand discovery statement.,False
Q014,ttc:7616571342184366879,tt:7616492357252287757,10,https://www.tiktok.com/@native.handbags/video/7616492357252287757,True,,transaction_only,Brand/link/purchase-location request without enough stated motive to assign a persona.,False
Q015,ttc:7681303398101140227,tt:7681030709988969741,10,https://www.tiktok.com/@johnathan.guo/video/7681030709988969741,True,C04,support,"Preference for less-obvious bags, discovery, creative design or an uncommon choice; strength varies from a specific reason to positive discovery response.",False
Q016,ttc:7616763713404027679,tt:7616492357252287757,10,https://www.tiktok.com/@native.handbags/video/7616492357252287757,True,,transaction_only,Brand/link/purchase-location request without enough stated motive to assign a persona.,False
Q017,ttc:7643116362760045343,tt:7639422063865777430,10,https://www.tiktok.com/@iamsaraouardi/video/7639422063865777430,True,,transaction_only,Brand/link/purchase-location request without enough stated motive to assign a persona.,False
Q018,igc:18059238019887743,ig:C7AKRw8Sy6U,10,https://www.instagram.com/p/C7AKRw8Sy6U/c/18059238019887743,True,,transaction_only,Brand/link/purchase-location request without enough stated motive to assign a persona.,False
Q019,igc:18113604616702903,ig:DNoPkkKOTKB,10,https://www.instagram.com/p/DNoPkkKOTKB/c/18113604616702903,True,,transaction_only,Brand/link/purchase-location request without enough stated motive to assign a persona.,False
Q020,igc:18042656318780937,ig:DWWdXh7Ebjz,10,https://www.instagram.com/p/DWWdXh7Ebjz/c/18042656318780937,True,,transaction_only,Brand/link/purchase-location request without enough stated motive to assign a persona.,False
Q021,igc:18107526293010575,ig:DaAQeKXMGaz,11,https://www.instagram.com/p/DaAQeKXMGaz/c/18107526293010575,True,,exclude,"Founder revenue speculation, not buyer motivation or verified financial evidence.",False
Q022,ttc:7527871459646669581,tt:7527006509264276766,12,https://www.tiktok.com/@michelletimestwo/video/7527006509264276766,True,,exclude,Seller self-promotion or another designer discussing their own business; do not infer buyer founder loyalty.,False
Q023,igc:17957956311158802,ig:DadwnM1hmXa,12,https://www.instagram.com/p/DadwnM1hmXa/c/17957956311158802,True,,exclude,Seller self-promotion or another designer discussing their own business; do not infer buyer founder loyalty.,False
Q024,ttc:7238890847571854107,tt:7218302653489483051,13,https://www.tiktok.com/@steffieinthecity/video/7218302653489483051,True,C02,support,"Explicit budget pressure, price/access question or response to inaccessible luxury; not evidence of income or willingness to switch to Velantra.",False
Q025,ttc:7232883425286783790,tt:7218302653489483051,13,https://www.tiktok.com/@steffieinthecity/video/7218302653489483051,True,C02,support,"Explicit budget pressure, price/access question or response to inaccessible luxury; not evidence of income or willingness to switch to Velantra.",False
Q026,ttc:7652538901458699030,tt:7652379521559137566,14,https://www.tiktok.com/@imjustbarbs/video/7652379521559137566,True,C08;C17,support;selected_anchor,Milestone purchase memory; Q282 also evaluates a new color relative to an existing collection. Designer context is preserved.,True
Q027,ttc:7661723757166019350,tt:7661349233068346646,14,https://www.tiktok.com/@heightandhustle/video/7661349233068346646,True,C05,support,Prioritizes personal style or the combination of bag and outfit; some entries are requests or critiques rather than completed purchases.,False
Q028,igc:17934324375282975,ig:DZ5YybMyYZp,14,https://www.instagram.com/p/DZ5YybMyYZp/c/17934324375282975,True,,unverified_claim,"Value, manufacture, status or price-hype assertion; no basis to treat it as a verified category fact or distinct conspiracy cohort.",False
Q029,ttc:7681170701168624406,tt:7681030709988969741,14;27,https://www.tiktok.com/@johnathan.guo/video/7681030709988969741,True,C09,support_or_requirement;selected_anchor,"Material, construction, surface-care or durability evaluation. Alleged quality failures are unverified and concern the referenced category product.",True
Q030,ttc:7650985800633762582,tt:7649444253394947342,14,https://www.tiktok.com/@bryannawozniak/video/7649444253394947342,True,,price_context,Price assertion/correction without a personal motive; historical source figure not a verified current price.,False
Q031,igc:18090963188073617,ig:DSUPUC0iF5r,14,https://www.instagram.com/p/DSUPUC0iF5r/c/18090963188073617,True,C02,support,"Explicit budget pressure, price/access question or response to inaccessible luxury; not evidence of income or willingness to switch to Velantra.",False
Q032,ttc:7661383105873396513,tt:7661349233068346646,14,https://www.tiktok.com/@heightandhustle/video/7661349233068346646,True,,unverified_claim,"Value, manufacture, status or price-hype assertion; no basis to treat it as a verified category fact or distinct conspiracy cohort.",False
Q033,igc:17880819054074195,ig:C7AKRw8Sy6U,14;31,https://www.instagram.com/p/C7AKRw8Sy6U/c/17880819054074195,True,,decision_condition,"Quality, authenticity, transaction or seller uncertainty. Retain context; these do not establish industry-wide deception or verified faults.",False
Q034,igc:18137552257523781,ig:DbopI80TuC2,14;15,https://www.instagram.com/p/DbopI80TuC2/c/18137552257523781,True,C13,support,"Defends personal choice or particular styles; do not count as endorsement of universal logo, city or approval rules.",False
Q035,ttc:7218355825714660142,tt:7218302653489483051,15,https://www.tiktok.com/@steffieinthecity/video/7218302653489483051,True,C01,support;selected_anchor,Restrained branding or admiration for composed elegance; style-interview praise is broader than a handbag purchase and does not prove wealth.,True
Q036,igc:18096408290529372,ig:DbopI80TuC2,16,https://www.instagram.com/p/DbopI80TuC2/c/18096408290529372,True,C13,support,"Defends personal choice or particular styles; do not count as endorsement of universal logo, city or approval rules.",False
Q037,ttc:7668055728308978445,tt:7668001244018986273,16,https://www.tiktok.com/@spiritual.materialist/video/7668001244018986273,True,C03;C07,boundary,"Defends established designer style, quality or longevity. Reported experience is not proof for Velantra and does not support designer exit.",False
Q038,ttc:7652393002660807454,tt:7652379521559137566,16,https://www.tiktok.com/@imjustbarbs/video/7652379521559137566,True,C03;C07,boundary,"Defends established designer style, quality or longevity. Reported experience is not proof for Velantra and does not support designer exit.",False
Q039,ttc:7668055139727524622,tt:7668001244018986273,16,https://www.tiktok.com/@spiritual.materialist/video/7668001244018986273,True,C03;C07,boundary,"Defends established designer style, quality or longevity. Reported experience is not proof for Velantra and does not support designer exit.",False
Q040,ttc:7674486881291387669,tt:7672790276276079903,16,https://www.tiktok.com/@imjustbarbs/video/7672790276276079903,True,C03;C07,boundary,"Defends established designer style, quality or longevity. Reported experience is not proof for Velantra and does not support designer exit.",False
Q041,igc:18106973995867850,ig:DbopI80TuC2,16,https://www.instagram.com/p/DbopI80TuC2/c/18106973995867850,True,C07,context,Trend-cycle or hype observation; weaker than an explicit personal decision to buy or abstain.,False
Q042,ttc:7672233908192559903,tt:7672086495074749728,16,https://www.tiktok.com/@yevtopyer/video/7672086495074749728,True,C01,limited_style_signal,Calls Léo et Violette classic; a style preference without an explicit purchase reason.,False
Q043,igc:17946970106459681,ig:Cl2HtNBtl03,16,https://www.instagram.com/p/Cl2HtNBtl03/c/17946970106459681,True,C01;C04,support;selected_anchor,"Preference for less-obvious bags, discovery, creative design or an uncommon choice; strength varies from a specific reason to positive discovery response.",True
Q044,igc:17996342461830209,ig:CpK_T9GqZ3b,16,https://www.instagram.com/p/CpK_T9GqZ3b/c/17996342461830209,True,,unverified_claim,"Value, manufacture, status or price-hype assertion; no basis to treat it as a verified category fact or distinct conspiracy cohort.",False
Q045,ttc:7644161713147724557,tt:7639422063865777430,17,https://www.tiktok.com/@iamsaraouardi/video/7639422063865777430,True,C04,support;selected_anchor,"Preference for less-obvious bags, discovery, creative design or an uncommon choice; strength varies from a specific reason to positive discovery response.",True
Q046,ttc:7628376001387184918,tt:7627179930677333270,17,https://www.tiktok.com/@aliceinparisofficial/video/7627179930677333270,True,C01;C18,boundary,Disputed geographic/style rule or counterexample; not reliable population evidence. Named style figures here do not demonstrate imitation intent.,False
Q047,ttc:7627595535117796118,tt:7627179930677333270,18,https://www.tiktok.com/@aliceinparisofficial/video/7627179930677333270,True,C01;C18,boundary,Disputed geographic/style rule or counterexample; not reliable population evidence. Named style figures here do not demonstrate imitation intent.,False
Q048,ttc:7666995620461511437,tt:7666956616465435918,18,https://www.tiktok.com/@kyraboesiger/video/7666956616465435918,True,C10;C11,boundary,"Comfort, weight, carrying or value objection, often favoring backpacks; does not establish a tote solution or universal travel preference.",False
Q049,ttc:7644862757560926984,tt:7639422063865777430,18,https://www.tiktok.com/@iamsaraouardi/video/7639422063865777430,True,,weak,Negative preference with little explanation; no reliable motive inferred.,False
Q050,ttc:7627303078546457374,tt:7627179930677333270,18,https://www.tiktok.com/@aliceinparisofficial/video/7627179930677333270,True,C13,support,"Defends personal choice or particular styles; do not count as endorsement of universal logo, city or approval rules.",False
Q051,ttc:7670571539762578197,tt:7670290170209438989,18,https://www.tiktok.com/@jessicanlinn/video/7670290170209438989,True,,context,Design comparison without a clear statement of purchase desire.,False
Q052,ttc:7663644242196071199,tt:7662002150159125762,18,https://www.tiktok.com/@aliceinparisofficial/video/7662002150159125762,True,C01;C18,boundary,Disputed geographic/style rule or counterexample; not reliable population evidence. Named style figures here do not demonstrate imitation intent.,False
Q053,igc:17910383043282269,ig:Dcq__agouAR,18,https://www.instagram.com/p/Dcq__agouAR/c/17910383043282269,True,,transaction_only,"Shipping geography is a logistics question, not European-style aspiration.",False
Q054,ttc:7675880923217232654,tt:7647171189097565463,18,https://www.tiktok.com/@thepassportus/video/7647171189097565463,True,C01;C18,boundary,Disputed geographic/style rule or counterexample; not reliable population evidence. Named style figures here do not demonstrate imitation intent.,False
Q055,ttc:7673110549064057622,tt:7672790276276079903,18,https://www.tiktok.com/@imjustbarbs/video/7672790276276079903,True,C03;C07,boundary,"Defends established designer style, quality or longevity. Reported experience is not proof for Velantra and does not support designer exit.",False
Q056,igc:17905805871303169,ig:DcWLvteqezx,19,https://www.instagram.com/p/DcWLvteqezx/c/17905805871303169,True,C18,limited_context;selected_anchor,"Destination, timing or seasonal purchase context. Some may be shopping at the destination; narrower pre-trip handbag motive remains unproven.",True
Q057,igc:17897516991661355,ig:DcWLvteqezx,19,https://www.instagram.com/p/DcWLvteqezx/c/17897516991661355,True,C18,limited_context,"Destination, timing or seasonal purchase context. Some may be shopping at the destination; narrower pre-trip handbag motive remains unproven.",False
Q058,ttc:7640097279710593822,tt:7639552753609510158,20,https://www.tiktok.com/@moniiicamendoza/video/7639552753609510158,True,C12,support;selected_anchor,"Travel purchase, memory, place-of-making preference or attraction to the shopping experience; transfer to an online Velantra purchase is uncertain.",True
Q059,ttc:7666996324173529886,tt:7666956616465435918,20,https://www.tiktok.com/@kyraboesiger/video/7666956616465435918,True,C10;C11,boundary,"Comfort, weight, carrying or value objection, often favoring backpacks; does not establish a tote solution or universal travel preference.",False
Q060,ttc:7662643502001619719,tt:7652535489613909262,20,https://www.tiktok.com/@drews_view22/video/7652535489613909262,True,,context,Speculates about other people carrying real versus fake bags; not a self-reported travel motive.,False
Q061,ttc:7637829562194477846,tt:7627179930677333270,20,https://www.tiktok.com/@aliceinparisofficial/video/7627179930677333270,True,C01;C18,boundary,Disputed geographic/style rule or counterexample; not reliable population evidence. Named style figures here do not demonstrate imitation intent.,False
Q062,ttc:7631823599444427540,tt:7627179930677333270,20,https://www.tiktok.com/@aliceinparisofficial/video/7627179930677333270,True,C13,support,"Defends personal choice or particular styles; do not count as endorsement of universal logo, city or approval rules.",False
Q063,ttc:7643535901574267679,tt:7639552753609510158,20,https://www.tiktok.com/@moniiicamendoza/video/7639552753609510158,True,C12,destination_shopping,Destination prices or purchase logistics; adjacent to a travel-memory cohort but not proof of sentimental motive or pre-departure purchase.,False
Q064,igc:17894501553327620,ig:DO8lWKXClxX,20;35,https://www.instagram.com/p/DO8lWKXClxX/c/17894501553327620,True,C10;C11,decision_condition;selected_anchor,"Specific fit, device, carrying or luggage question; useful product requirement, not proof of current Velantra capacity.",True
Q065,ttc:7672801142322266893,tt:7672790276276079903,20,https://www.tiktok.com/@imjustbarbs/video/7672790276276079903,True,,style_rule_context,"Declares that vanity cases belong inside luggage, a prescriptive style opinion without a personal purchase motive.",False
Q066,igc:18362614387242158,ig:DbopI80TuC2,20,https://www.instagram.com/p/DbopI80TuC2/c/18362614387242158,True,C13,support,"Defends personal choice or particular styles; do not count as endorsement of universal logo, city or approval rules.",False
Q067,igc:18087058910449249,ig:DadwnM1hmXa,21,https://www.instagram.com/p/DadwnM1hmXa/c/18087058910449249,True,C05,support;selected_anchor,Prioritizes personal style or the combination of bag and outfit; some entries are requests or critiques rather than completed purchases.,True
Q068,igc:17962062761880693,ig:DHqsRoAsQeN,21,https://www.instagram.com/p/DHqsRoAsQeN/c/17962062761880693,True,C05,support;selected_anchor,Prioritizes personal style or the combination of bag and outfit; some entries are requests or critiques rather than completed purchases.,True
Q069,igc:18066253277468059,ig:DakxW-YMug9,22,https://www.instagram.com/p/DakxW-YMug9/c/18066253277468059,True,C05,support,Prioritizes personal style or the combination of bag and outfit; some entries are requests or critiques rather than completed purchases.,False
Q070,igc:18071404303336466,ig:Cl2HtNBtl03,22,https://www.instagram.com/p/Cl2HtNBtl03/c/18071404303336466,True,C04,support,"Preference for less-obvious bags, discovery, creative design or an uncommon choice; strength varies from a specific reason to positive discovery response.",False
Q071,igc:18075260636610552,ig:DSUPUC0iF5r,22,https://www.instagram.com/p/DSUPUC0iF5r/c/18075260636610552,True,C05;C06,style_filter,"Specific shape, color, logo, practicality or taste evaluation; useful style boundary, not a demographic or evidence of creator agreement.",False
Q072,ttc:7655071780806378271,tt:7649444253394947342,22,https://www.tiktok.com/@bryannawozniak/video/7649444253394947342,True,C19,limited_association;selected_anchor,Named character/celebrity style association without explicit imitation purchase. Both Blair comments share a parent post.,True
Q073,igc:18522321604040679,ig:DHn-pONT1xi,22,https://www.instagram.com/p/DHn-pONT1xi/c/18522321604040679,True,,unverified_claim,"Value, manufacture, status or price-hype assertion; no basis to treat it as a verified category fact or distinct conspiracy cohort.",False
Q074,ttc:7666752806900876035,tt:7661349233068346646,22,https://www.tiktok.com/@heightandhustle/video/7661349233068346646,True,C05;C06,style_filter,"Specific shape, color, logo, practicality or taste evaluation; useful style boundary, not a demographic or evidence of creator agreement.",False
Q075,igc:17968405740074852,ig:DZf-NuYgpG-,22,https://www.instagram.com/p/DZf-NuYgpG-/c/17968405740074852,True,,exclude,"Unrelated product/person discussion, creator-line repetition, adjacent category or named-person mention that does not establish a handbag buyer motive.",False
Q076,ttc:7672981517211681566,tt:7672086495074749728,22,https://www.tiktok.com/@yevtopyer/video/7672086495074749728,True,C05,support;selected_anchor,Prioritizes personal style or the combination of bag and outfit; some entries are requests or critiques rather than completed purchases.,True
Q077,igc:17986251543005509,ig:DYXpZTYMt0W,22,https://www.instagram.com/p/DYXpZTYMt0W/c/17986251543005509,True,,weak,"Generic content praise, possibly commercial context; no specific handbag buying motive established.",False
Q078,ttc:7668086579609928456,tt:7668001244018986273,23,https://www.tiktok.com/@spiritual.materialist/video/7668001244018986273,True,C13,support,"Defends personal choice or particular styles; do not count as endorsement of universal logo, city or approval rules.",False
Q079,ttc:7668179307797922591,tt:7668001244018986273,23,https://www.tiktok.com/@spiritual.materialist/video/7668001244018986273,True,C13,support;selected_anchor,"Defends personal choice or particular styles; do not count as endorsement of universal logo, city or approval rules.",True
Q080,ttc:7677307822127809302,tt:7668001244018986273,24,https://www.tiktok.com/@spiritual.materialist/video/7668001244018986273,True,C13,support,"Defends personal choice or particular styles; do not count as endorsement of universal logo, city or approval rules.",False
Q081,igc:17997071276872189,ig:DUzgCcTE6zD,24,https://www.instagram.com/p/DUzgCcTE6zD/c/17997071276872189,True,C14,recipient_context,Gift/partner appreciation in audience language; not direct evidence of the giver decision or male approval as a motive. Some are Malay and not quoted in the cohort cards.,False
Q082,igc:18119541577593811,ig:DUzgCcTE6zD,24,https://www.instagram.com/p/DUzgCcTE6zD/c/18119541577593811,True,C14,recipient_context,Gift/partner appreciation in audience language; not direct evidence of the giver decision or male approval as a motive. Some are Malay and not quoted in the cohort cards.,False
Q083,ttc:7670604594879447809,tt:7670290170209438989,24,https://www.tiktok.com/@jessicanlinn/video/7670290170209438989,True,,decision_condition,"Quality, authenticity, transaction or seller uncertainty. Retain context; these do not establish industry-wide deception or verified faults.",False
Q084,ttc:7682858618996245270,tt:7682857812308790550,24,https://www.tiktok.com/@josayzso/video/7682857812308790550,True,,exclude,"Unrelated product/person discussion, creator-line repetition, adjacent category or named-person mention that does not establish a handbag buyer motive.",False
Q085,igc:18082466561406899,ig:DYU6BvfAVmQ,24;35,https://www.instagram.com/p/DYU6BvfAVmQ/c/18082466561406899,True,C10;C11,boundary,"Comfort, weight, carrying or value objection, often favoring backpacks; does not establish a tote solution or universal travel preference.",False
Q086,ttc:7412181679374172960,tt:7412155936476826913,24,https://www.tiktok.com/@gabriellaluxurymum/video/7412155936476826913,True,,exclude,"Unrelated product/person discussion, creator-line repetition, adjacent category or named-person mention that does not establish a handbag buyer motive.",False
Q087,ttc:7652159565022397198,tt:7649444253394947342,24,https://www.tiktok.com/@bryannawozniak/video/7649444253394947342,True,,value_context,Price or selection criticism; limited basis for a distinct personal buyer history.,False
Q088,ttc:7673289753433539358,tt:7672086495074749728,24,https://www.tiktok.com/@yevtopyer/video/7672086495074749728,True,C10,support,"Work, study or training requirements linked to style or an attractive carrying option. Product capability must be checked separately.",False
Q089,igc:17899750635540522,ig:DYPRepaNGq3,25,https://www.instagram.com/p/DYPRepaNGq3/c/17899750635540522,True,,skepticism_condition,Scarcity or marketing skepticism. Allegations remain unverified and do not establish industry corruption.,False
Q090,ttc:7661758476116542211,tt:7661349233068346646,25,https://www.tiktok.com/@heightandhustle/video/7661349233068346646,True,C02,resale_value_context,"Seeking designer value, resale or transaction information; some want the original label. Replica/factory allegations are not facts or proof of switching intent.",False
Q091,ttc:7527013022997725983,tt:7527006509264276766,26,https://www.tiktok.com/@michelletimestwo/video/7527006509264276766,True,,decision_condition,"Quality, authenticity, transaction or seller uncertainty. Retain context; these do not establish industry-wide deception or verified faults.",False
Q092,ttc:7527221571430515487,tt:7527006509264276766,26,https://www.tiktok.com/@michelletimestwo/video/7527006509264276766,True,,transaction_response,"Reseller complaint, skepticism or dispute advice. Trust context, not a new persona or verified allegation.",False
Q093,ttc:7652694398954193686,tt:7652535489613909262,26,https://www.tiktok.com/@drews_view22/video/7652535489613909262,True,,context,"Celebrity, designer or authenticity discussion without clear desire to imitate a person. Q293 is explicitly a vendor claim.",False
Q094,ttc:7519680900478944030,tt:7519185501526543647,26,https://www.tiktok.com/@selfmade8999/video/7519185501526543647,True,,replica_context,Authenticity/replica evaluation or price assertion; do not convert into verified quality equivalence or a Velantra buyer identity.,False
Q095,ttc:7670632929992000257,tt:7670290170209438989,26,https://www.tiktok.com/@jessicanlinn/video/7670290170209438989,True,C02;C04,boundary,Rejects close copying or objects to derivative design; an unfamiliar designer alternative is not automatically acceptable.,False
Q096,ttc:7671734134842065677,tt:7670290170209438989,26,https://www.tiktok.com/@jessicanlinn/video/7670290170209438989,True,,exclude,"Unrelated product/person discussion, creator-line repetition, adjacent category or named-person mention that does not establish a handbag buyer motive.",False
Q097,igc:18064174748734031,ig:DX93093O4y2,26,https://www.instagram.com/p/DX93093O4y2/c/18064174748734031,True,,value_context,Price or selection criticism; limited basis for a distinct personal buyer history.,False
Q098,igc:18100611626017238,ig:DdJPm0RjYAP,26,https://www.instagram.com/p/DdJPm0RjYAP/c/18100611626017238,True,C03,qualified_value_context,"Contains spending/value criticism but also replicas, manufacture assertions or broader values. Preserve the full context and treat allegations as unverified.",False
Q099,igc:18114380269997116,ig:Dcq__agouAR,26,https://www.instagram.com/p/Dcq__agouAR/c/18114380269997116,True,C02,resale_value_context,"Seeking designer value, resale or transaction information; some want the original label. Replica/factory allegations are not facts or proof of switching intent.",False
Q100,ttc:7681369201327784735,tt:7681030709988969741,27,https://www.tiktok.com/@johnathan.guo/video/7681030709988969741,True,C09,support_or_requirement,"Material, construction, surface-care or durability evaluation. Alleged quality failures are unverified and concern the referenced category product.",False
Q101,igc:17880270921285909,ig:DPG9kZ5kZWk,28,https://www.instagram.com/p/DPG9kZ5kZWk/c/17880270921285909,True,C09,support_or_requirement,"Material, construction, surface-care or durability evaluation. Alleged quality failures are unverified and concern the referenced category product.",False
Q102,igc:18025389227284231,ig:C7AKRw8Sy6U,28;31,https://www.instagram.com/p/C7AKRw8Sy6U/c/18025389227284231,True,,weak,Product joke rather than verified material behavior or a clear buying motive.,False
Q103,igc:18093252455520891,ig:DZ5YybMyYZp,28,https://www.instagram.com/p/DZ5YybMyYZp/c/18093252455520891,True,,context,"Authenticity stitching debate, not measured durability evidence.",False
Q104,ttc:7651230617611223839,tt:7649444253394947342,28,https://www.tiktok.com/@bryannawozniak/video/7649444253394947342,True,C12,support;selected_anchor,"Travel purchase, memory, place-of-making preference or attraction to the shopping experience; transfer to an online Velantra purchase is uncertain.",True
Q105,ttc:7667027635277562637,tt:7666956616465435918,28,https://www.tiktok.com/@kyraboesiger/video/7666956616465435918,True,C10;C11,boundary,"Comfort, weight, carrying or value objection, often favoring backpacks; does not establish a tote solution or universal travel preference.",False
Q106,ttc:7681304663127458574,tt:7681030709988969741,28,https://www.tiktok.com/@johnathan.guo/video/7681030709988969741,True,C09,support_or_requirement,"Material, construction, surface-care or durability evaluation. Alleged quality failures are unverified and concern the referenced category product.",False
Q107,ttc:7667034478925546271,tt:7666956616465435918,28,https://www.tiktok.com/@kyraboesiger/video/7666956616465435918,True,C10;C11,boundary,"Comfort, weight, carrying or value objection, often favoring backpacks; does not establish a tote solution or universal travel preference.",False
Q108,igc:18540551704076219,ig:DZ5YybMyYZp,28,https://www.instagram.com/p/DZ5YybMyYZp/c/18540551704076219,True,,unverified_claim,"Value, manufacture, status or price-hype assertion; no basis to treat it as a verified category fact or distinct conspiracy cohort.",False
Q109,igc:17956826316076569,ig:DadwnM1hmXa,28,https://www.instagram.com/p/DadwnM1hmXa/c/17956826316076569,True,C03,qualified_value_context,"Contains spending/value criticism but also replicas, manufacture assertions or broader values. Preserve the full context and treat allegations as unverified.",False
Q110,igc:18397838617080958,ig:DZf-NuYgpG-,29,https://www.instagram.com/p/DZf-NuYgpG-/c/18397838617080958,True,C01,support,Restrained branding or admiration for composed elegance; style-interview praise is broader than a handbag purchase and does not prove wealth.,False
Q111,ttc:7649876425869001503,tt:7649444253394947342,29,https://www.tiktok.com/@bryannawozniak/video/7649444253394947342,True,C04,support,"Preference for less-obvious bags, discovery, creative design or an uncommon choice; strength varies from a specific reason to positive discovery response.",False
Q112,ttc:7628077007754511136,tt:7627179930677333270,30,https://www.tiktok.com/@aliceinparisofficial/video/7627179930677333270,True,C13,support,"Defends personal choice or particular styles; do not count as endorsement of universal logo, city or approval rules.",False
Q113,ttc:7627474535936115474,tt:7627179930677333270,30,https://www.tiktok.com/@aliceinparisofficial/video/7627179930677333270,True,C13,support,"Defends personal choice or particular styles; do not count as endorsement of universal logo, city or approval rules.",False
Q114,igc:17991956246823256,ig:DbopI80TuC2,30,https://www.instagram.com/p/DbopI80TuC2/c/17991956246823256,True,C13,support,"Defends personal choice or particular styles; do not count as endorsement of universal logo, city or approval rules.",False
Q115,ttc:7668885875270451982,tt:7668001244018986273,30,https://www.tiktok.com/@spiritual.materialist/video/7668001244018986273,True,C13,support,"Defends personal choice or particular styles; do not count as endorsement of universal logo, city or approval rules.",False
Q116,ttc:7647046508799836958,tt:7616792692030278926,30,https://www.tiktok.com/@curlsandcoins/video/7616792692030278926,True,,unverified_claim,"Value, manufacture, status or price-hype assertion; no basis to treat it as a verified category fact or distinct conspiracy cohort.",False
Q117,igc:18085194980657666,ig:DbopI80TuC2,30,https://www.instagram.com/p/DbopI80TuC2/c/18085194980657666,True,C13,support,"Defends personal choice or particular styles; do not count as endorsement of universal logo, city or approval rules.",False
Q118,igc:18084999646715755,ig:DHqsRoAsQeN,30,https://www.instagram.com/p/DHqsRoAsQeN/c/18084999646715755,True,,decision_condition,Hardware care or carrying orientation for security; do not mistake practical reasons for anti-logo identity.,False
Q119,igc:18109339343296261,ig:DZf-NuYgpG-,30,https://www.instagram.com/p/DZf-NuYgpG-/c/18109339343296261,True,C06,support_or_style_signal,"Specific visual attraction to color, finish, shape, texture or personalization; generic/promotion-like examples are weaker than self-reported choice. Q165 has possible promotional language.",False
Q120,igc:18127020925483021,ig:DVk4fULkyW9,30,https://www.instagram.com/p/DVk4fULkyW9/c/18127020925483021,True,C02,resale_value_context,"Seeking designer value, resale or transaction information; some want the original label. Replica/factory allegations are not facts or proof of switching intent.",False
Q121,ttc:7652406067875922702,tt:7652379521559137566,32,https://www.tiktok.com/@imjustbarbs/video/7652379521559137566,True,C09,support_or_requirement,"Material, construction, surface-care or durability evaluation. Alleged quality failures are unverified and concern the referenced category product.",False
Q122,igc:18214805959333494,ig:DZf-NuYgpG-,32,https://www.instagram.com/p/DZf-NuYgpG-/c/18214805959333494,True,C07,context,Trend-cycle or hype observation; weaker than an explicit personal decision to buy or abstain.,False
Q123,ttc:7672362957254656782,tt:7672086495074749728,32,https://www.tiktok.com/@yevtopyer/video/7672086495074749728,True,C18,limited_context,"Destination, timing or seasonal purchase context. Some may be shopping at the destination; narrower pre-trip handbag motive remains unproven.",False
Q124,ttc:7627458802934252319,tt:7627179930677333270,32,https://www.tiktok.com/@aliceinparisofficial/video/7627179930677333270,True,,decision_condition,Hardware care or carrying orientation for security; do not mistake practical reasons for anti-logo identity.,False
Q125,ttc:7617656506067337998,tt:7616492357252287757,32,https://www.tiktok.com/@native.handbags/video/7616492357252287757,True,C14,gift_evidence,"Gift intent, recipient reaction or giver report. Preserve negative outcomes and functional limitations; not all are gift-giver statements.",False
Q126,igc:18207791143342001,ig:DZf-NuYgpG-,32,https://www.instagram.com/p/DZf-NuYgpG-/c/18207791143342001,True,C06,support_or_style_signal,"Specific visual attraction to color, finish, shape, texture or personalization; generic/promotion-like examples are weaker than self-reported choice. Q165 has possible promotional language.",False
Q127,ttc:7682790709494547213,tt:7676645924118007070,32,https://www.tiktok.com/@britt.rae2/video/7676645924118007070,True,C09,support_or_requirement;selected_anchor,"Material, construction, surface-care or durability evaluation. Alleged quality failures are unverified and concern the referenced category product.",True
Q128,igc:17880210426674671,ig:Da0XTTfhZxa,32,https://www.instagram.com/p/Da0XTTfhZxa/c/17880210426674671,True,,price_context,Price assertion/correction without a personal motive; historical source figure not a verified current price.,False
Q129,ttc:7676187997830923022,tt:7670290170209438989,32,https://www.tiktok.com/@jessicanlinn/video/7670290170209438989,True,,exclude,"Unrelated product/person discussion, creator-line repetition, adjacent category or named-person mention that does not establish a handbag buyer motive.",False
Q130,igc:18514053802069049,ig:DSUPUC0iF5r,33,https://www.instagram.com/p/DSUPUC0iF5r/c/18514053802069049,True,C10;C11,decision_condition,"Specific fit, device, carrying or luggage question; useful product requirement, not proof of current Velantra capacity.",False
Q131,igc:18210453211315923,ig:DSUPUC0iF5r,33,https://www.instagram.com/p/DSUPUC0iF5r/c/18210453211315923,True,C10;C11,decision_condition,"Specific fit, device, carrying or luggage question; useful product requirement, not proof of current Velantra capacity.",False
Q132,ttc:7681050295510401805,tt:7681030709988969741,34,https://www.tiktok.com/@johnathan.guo/video/7681030709988969741,True,C10;C11,decision_condition,"Specific fit, device, carrying or luggage question; useful product requirement, not proof of current Velantra capacity.",False
Q133,ttc:7668507199639061261,tt:7666956616465435918,34,https://www.tiktok.com/@kyraboesiger/video/7666956616465435918,True,C13,support,"Defends personal choice or particular styles; do not count as endorsement of universal logo, city or approval rules.",False
Q134,ttc:7683201030410863382,tt:7682857812308790550,34,https://www.tiktok.com/@josayzso/video/7682857812308790550,True,C10,support,Self-reported work/laptop use of a named category bag; not verified product performance for Velantra.,False
Q135,ttc:7667032852765360927,tt:7666956616465435918,34,https://www.tiktok.com/@kyraboesiger/video/7666956616465435918,True,C10;C11,boundary,"Comfort, weight, carrying or value objection, often favoring backpacks; does not establish a tote solution or universal travel preference.",False
Q136,ttc:7478954208113230614,tt:7449222569577745694,34,https://www.tiktok.com/@luxuryandarts/video/7449222569577745694,True,C10;C11,boundary,"Comfort, weight, carrying or value objection, often favoring backpacks; does not establish a tote solution or universal travel preference.",False
Q137,ttc:7681301829900682014,tt:7681030709988969741,34,https://www.tiktok.com/@johnathan.guo/video/7681030709988969741,True,C10,support;selected_anchor,"Work, study or training requirements linked to style or an attractive carrying option. Product capability must be checked separately.",True
Q138,igc:18076313407858581,ig:DO8lWKXClxX,34,https://www.instagram.com/p/DO8lWKXClxX/c/18076313407858581,True,C10;C11,boundary,"Comfort, weight, carrying or value objection, often favoring backpacks; does not establish a tote solution or universal travel preference.",False
Q139,igc:18103968788317733,ig:DYU6BvfAVmQ,34,https://www.instagram.com/p/DYU6BvfAVmQ/c/18103968788317733,True,C15,support;selected_anchor,"Interest in men’s bags, styling, first purchase or acceptance. Identity and job details apply only where explicitly stated.",True
Q140,igc:18080903981047590,ig:DSUPUC0iF5r,34,https://www.instagram.com/p/DSUPUC0iF5r/c/18080903981047590,True,C10;C11,decision_condition,"Specific fit, device, carrying or luggage question; useful product requirement, not proof of current Velantra capacity.",False
Q141,ttc:7667194658187297549,tt:7666956616465435918,36,https://www.tiktok.com/@kyraboesiger/video/7666956616465435918,True,C10;C11,boundary,"Comfort, weight, carrying or value objection, often favoring backpacks; does not establish a tote solution or universal travel preference.",False
Q142,igc:18075758852259280,ig:DYU6BvfAVmQ,36,https://www.instagram.com/p/DYU6BvfAVmQ/c/18075758852259280,True,C15,support;selected_anchor,"Interest in men’s bags, styling, first purchase or acceptance. Identity and job details apply only where explicitly stated.",True
Q143,igc:17938868831981723,ig:DPHU8A_D5Xt,36,https://www.instagram.com/p/DPHU8A_D5Xt/c/17938868831981723,True,,decision_condition,"Quality, authenticity, transaction or seller uncertainty. Retain context; these do not establish industry-wide deception or verified faults.",False
Q144,ttc:7412194079179604768,tt:7412155936476826913,36,https://www.tiktok.com/@gabriellaluxurymum/video/7412155936476826913,True,,exclude,Repeats creator snack wording; not an independently expressed bag capacity requirement.,False
Q145,ttc:7640134794773742367,tt:7639552753609510158,36,https://www.tiktok.com/@moniiicamendoza/video/7639552753609510158,True,C12,destination_shopping,Destination prices or purchase logistics; adjacent to a travel-memory cohort but not proof of sentimental motive or pre-departure purchase.,False
Q146,ttc:7667402244384555789,tt:7666956616465435918,36,https://www.tiktok.com/@kyraboesiger/video/7666956616465435918,True,C10;C11,boundary,"Comfort, weight, carrying or value objection, often favoring backpacks; does not establish a tote solution or universal travel preference.",False
Q147,igc:18090398714145156,ig:DWWdXh7Ebjz,36,https://www.instagram.com/p/DWWdXh7Ebjz/c/18090398714145156,True,,weak,Generic travel/adventure reaction without a clear bag-specific motivation.,False
Q148,ttc:7680739798504031007,tt:7676645924118007070,36,https://www.tiktok.com/@britt.rae2/video/7676645924118007070,True,C02,qualified_support,Lower-price or similar-look preference; replica/alternative context and quality tradeoffs must remain visible.,False
Q149,igc:17871425841512682,ig:DYU6BvfAVmQ,36,https://www.instagram.com/p/DYU6BvfAVmQ/c/17871425841512682,True,C15,support,"Interest in men’s bags, styling, first purchase or acceptance. Identity and job details apply only where explicitly stated.",False
Q150,ttc:7652857751300801302,tt:7652379521559137566,37,https://www.tiktok.com/@imjustbarbs/video/7652379521559137566,True,C14,gift_evidence,"Gift intent, recipient reaction or giver report. Preserve negative outcomes and functional limitations; not all are gift-giver statements.",False
Q151,igc:18368032459243398,ig:DcUFBAQPLts,37,https://www.instagram.com/p/DcUFBAQPLts/c/18368032459243398,True,C14,gift_evidence,"Gift intent, recipient reaction or giver report. Preserve negative outcomes and functional limitations; not all are gift-giver statements.",False
Q152,igc:18046041050572605,ig:DZf-NuYgpG-,38,https://www.instagram.com/p/DZf-NuYgpG-/c/18046041050572605,True,C14,gift_evidence,"Gift intent, recipient reaction or giver report. Preserve negative outcomes and functional limitations; not all are gift-giver statements.",False
Q153,igc:17858649999680011,ig:DbEHV44MYoJ,38,https://www.instagram.com/p/DbEHV44MYoJ/c/17858649999680011,True,,exclude,"Unrelated product/person discussion, creator-line repetition, adjacent category or named-person mention that does not establish a handbag buyer motive.",False
Q154,igc:18007795979975277,ig:DcluoTsM_lV,38,https://www.instagram.com/p/DcluoTsM_lV/c/18007795979975277,True,,exclude,"Unrelated product/person discussion, creator-line repetition, adjacent category or named-person mention that does not establish a handbag buyer motive.",False
Q155,igc:17899347555375407,ig:DcRsKHHBW45,38,https://www.instagram.com/p/DcRsKHHBW45/c/17899347555375407,True,,exclude,"Unrelated product/person discussion, creator-line repetition, adjacent category or named-person mention that does not establish a handbag buyer motive.",False
Q156,igc:18156447925504459,ig:DcRsKHHBW45,38,https://www.instagram.com/p/DcRsKHHBW45/c/18156447925504459,True,,exclude,"Unrelated product/person discussion, creator-line repetition, adjacent category or named-person mention that does not establish a handbag buyer motive.",False
Q157,igc:18114321833006180,ig:Dcgl2JFNPPf,39,https://www.instagram.com/p/Dcgl2JFNPPf/c/18114321833006180,True,,decision_condition,"Stock, delivery, policy, checkout, website or shipping issue; no persona assigned merely from the complaint/request.",False
Q158,igc:18124446868802964,ig:Dcgl2JFNPPf,39,https://www.instagram.com/p/Dcgl2JFNPPf/c/18124446868802964,True,,decision_condition,"Stock, delivery, policy, checkout, website or shipping issue; no persona assigned merely from the complaint/request.",False
Q159,ttc:7527074752147587895,tt:7527006509264276766,40,https://www.tiktok.com/@michelletimestwo/video/7527006509264276766,True,,decision_condition,"Quality, authenticity, transaction or seller uncertainty. Retain context; these do not establish industry-wide deception or verified faults.",False
Q160,ttc:7527037185159021325,tt:7527006509264276766,40,https://www.tiktok.com/@michelletimestwo/video/7527006509264276766,True,,decision_condition,"Quality, authenticity, transaction or seller uncertainty. Retain context; these do not establish industry-wide deception or verified faults.",False
Q161,ttc:7661713666917008150,tt:7661349233068346646,40,https://www.tiktok.com/@heightandhustle/video/7661349233068346646,True,,decision_condition,"Quality, authenticity, transaction or seller uncertainty. Retain context; these do not establish industry-wide deception or verified faults.",False
Q162,igc:18094704929575108,ig:Db9QfF-zVhz,40,https://www.instagram.com/p/Db9QfF-zVhz/c/18094704929575108,True,C17,support;selected_anchor,"Collection ownership, pleasure, an additional purchase or distinct occasion/style roles. Buying for use and buying for financial investment are different.",True
Q163,igc:17919037293179800,ig:DZ5YybMyYZp,40,https://www.instagram.com/p/DZ5YybMyYZp/c/17919037293179800,True,,decision_condition,"Quality, authenticity, transaction or seller uncertainty. Retain context; these do not establish industry-wide deception or verified faults.",False
Q164,ttc:7218368432970089262,tt:7218302653489483051,40,https://www.tiktok.com/@steffieinthecity/video/7218302653489483051,True,C01;C02,support,Self-reported quiet-luxury-thread purchase at a sale price; supports attainable satisfaction without verifying general price levels.,False
Q165,igc:18327378439286287,ig:DDXIojFNwC4,40,https://www.instagram.com/p/DDXIojFNwC4/c/18327378439286287,True,C06,support_or_style_signal,"Specific visual attraction to color, finish, shape, texture or personalization; generic/promotion-like examples are weaker than self-reported choice. Q165 has possible promotional language.",False
Q166,ttc:7640328947868205854,tt:7639552753609510158,40,https://www.tiktok.com/@moniiicamendoza/video/7639552753609510158,True,,decision_condition,"Quality, authenticity, transaction or seller uncertainty. Retain context; these do not establish industry-wide deception or verified faults.",False
Q167,ttc:7653059418662421279,tt:7652379521559137566,40,https://www.tiktok.com/@imjustbarbs/video/7652379521559137566,True,C05;C06,style_filter,"Specific shape, color, logo, practicality or taste evaluation; useful style boundary, not a demographic or evidence of creator agreement.",False
Q168,igc:17987525291834611,ig:DadwnM1hmXa,41,https://www.instagram.com/p/DadwnM1hmXa/c/17987525291834611,True,C17,support,"Collection ownership, pleasure, an additional purchase or distinct occasion/style roles. Buying for use and buying for financial investment are different.",False
Q169,igc:18042057287603964,ig:DadwnM1hmXa,41,https://www.instagram.com/p/DadwnM1hmXa/c/18042057287603964,True,C07,support;selected_anchor,"Timeless preference, deliberate purchase delay, continued use or refusal to replace a loved bag merely for a trend.",True
Q170,igc:18117753118865052,ig:DadwnM1hmXa,41,https://www.instagram.com/p/DadwnM1hmXa/c/18117753118865052,True,C07,decision_condition,"Wishlist/decision tool context, weaker than an explicit intentional-purchase motive.",False
Q171,igc:18078504461664773,ig:DadwnM1hmXa,41,https://www.instagram.com/p/DadwnM1hmXa/c/18078504461664773,True,C02,resale_value_context,"Seeking designer value, resale or transaction information; some want the original label. Replica/factory allegations are not facts or proof of switching intent.",False
Q172,igc:18397689526086903,ig:DadwnM1hmXa,41,https://www.instagram.com/p/DadwnM1hmXa/c/18397689526086903,True,,limited_or_transaction_signal,"Product admiration, recommendation, ownership, wish or transaction interest without enough independent motive to create another cohort; consult full context before use. Some could support an existing card secondarily.",False
Q173,igc:18149010424512667,ig:DadwnM1hmXa,41,https://www.instagram.com/p/DadwnM1hmXa/c/18149010424512667,True,C03,support;selected_anchor,"Designer-spending discussion: dissatisfaction or satisfaction with midrange alternatives; these are same-thread signals, not independent studies.",True
Q174,igc:17895619284510774,ig:DadwnM1hmXa,41,https://www.instagram.com/p/DadwnM1hmXa/c/17895619284510774,True,C17,support,"Collection ownership, pleasure, an additional purchase or distinct occasion/style roles. Buying for use and buying for financial investment are different.",False
Q175,igc:18140406595558578,ig:DadwnM1hmXa,41,https://www.instagram.com/p/DadwnM1hmXa/c/18140406595558578,True,C02,resale_value_context,"Seeking designer value, resale or transaction information; some want the original label. Replica/factory allegations are not facts or proof of switching intent.",False
Q176,igc:17981146232867158,ig:DadwnM1hmXa,41,https://www.instagram.com/p/DadwnM1hmXa/c/17981146232867158,True,C03;C07,qualified_support,Expresses designer ick but asks which bags the creator kept; permits collection editing rather than assuming complete designer exit.,False
Q177,igc:18068369702546787,ig:DYPRepaNGq3,42,https://www.instagram.com/p/DYPRepaNGq3/c/18068369702546787,True,C02,support,"Explicit budget pressure, price/access question or response to inaccessible luxury; not evidence of income or willingness to switch to Velantra.",False
Q178,igc:18084335969334973,ig:DYPRepaNGq3,42,https://www.instagram.com/p/DYPRepaNGq3/c/18084335969334973,True,,limited_or_requirement,"Specific product/fit interest or preference, insufficient as a distinct persona anchor; no new cohort inferred.",False
Q179,igc:18112514710960004,ig:DcWLvteqezx,43,https://www.instagram.com/p/DcWLvteqezx/c/18112514710960004,True,C12,destination_shopping,Destination prices or purchase logistics; adjacent to a travel-memory cohort but not proof of sentimental motive or pre-departure purchase.,False
Q180,igc:18112411315968548,ig:DcWLvteqezx,43,https://www.instagram.com/p/DcWLvteqezx/c/18112411315968548,True,C18,limited_context,"Destination, timing or seasonal purchase context. Some may be shopping at the destination; narrower pre-trip handbag motive remains unproven.",False
Q181,igc:18065712410586942,ig:DcWLvteqezx,43,https://www.instagram.com/p/DcWLvteqezx/c/18065712410586942,True,C18,limited_context,"Destination, timing or seasonal purchase context. Some may be shopping at the destination; narrower pre-trip handbag motive remains unproven.",False
Q182,igc:18083531639303035,ig:DcWLvteqezx,43,https://www.instagram.com/p/DcWLvteqezx/c/18083531639303035,True,C18,limited_context,"Destination, timing or seasonal purchase context. Some may be shopping at the destination; narrower pre-trip handbag motive remains unproven.",False
Q183,igc:18618103615027088,ig:DcWLvteqezx,43,https://www.instagram.com/p/DcWLvteqezx/c/18618103615027088,True,C18,limited_context,"Destination, timing or seasonal purchase context. Some may be shopping at the destination; narrower pre-trip handbag motive remains unproven.",False
Q184,igc:17945500386057517,ig:DcWLvteqezx,43,https://www.instagram.com/p/DcWLvteqezx/c/17945500386057517,True,C18,limited_context;selected_anchor,"Destination, timing or seasonal purchase context. Some may be shopping at the destination; narrower pre-trip handbag motive remains unproven.",True
Q185,igc:17965431153175619,ig:DcWLvteqezx,43,https://www.instagram.com/p/DcWLvteqezx/c/17965431153175619,True,C18,limited_context,"Destination, timing or seasonal purchase context. Some may be shopping at the destination; narrower pre-trip handbag motive remains unproven.",False
Q186,igc:17949778824251958,ig:DcWLvteqezx,43,https://www.instagram.com/p/DcWLvteqezx/c/17949778824251958,True,C18,limited_context,"Destination, timing or seasonal purchase context. Some may be shopping at the destination; narrower pre-trip handbag motive remains unproven.",False
Q187,igc:17912642604450636,ig:DcWLvteqezx,43,https://www.instagram.com/p/DcWLvteqezx/c/17912642604450636,True,C18,limited_context,"Destination, timing or seasonal purchase context. Some may be shopping at the destination; narrower pre-trip handbag motive remains unproven.",False
Q188,igc:18109954274068118,ig:DaAQeKXMGaz,44,https://www.instagram.com/p/DaAQeKXMGaz/c/18109954274068118,True,,limited_or_transaction_signal,"Product admiration, recommendation, ownership, wish or transaction interest without enough independent motive to create another cohort; consult full context before use. Some could support an existing card secondarily.",False
Q189,igc:17872301316553685,ig:DaAQeKXMGaz,44,https://www.instagram.com/p/DaAQeKXMGaz/c/17872301316553685,True,,limited_or_transaction_signal,"Product admiration, recommendation, ownership, wish or transaction interest without enough independent motive to create another cohort; consult full context before use. Some could support an existing card secondarily.",False
Q190,igc:18429651976132816,ig:DbEHV44MYoJ,45,https://www.instagram.com/p/DbEHV44MYoJ/c/18429651976132816,True,,adjacent_values_context,"Lifestyle/wealth/consumption discussion rather than direct handbag purchase evidence. Do not infer a career, wealth level or motive for the full audience.",False
Q191,igc:17931270543124029,ig:DbEHV44MYoJ,45,https://www.instagram.com/p/DbEHV44MYoJ/c/17931270543124029,True,,adjacent_values_context,"Lifestyle/wealth/consumption discussion rather than direct handbag purchase evidence. Do not infer a career, wealth level or motive for the full audience.",False
Q192,igc:17981138094023003,ig:DbEHV44MYoJ,45,https://www.instagram.com/p/DbEHV44MYoJ/c/17981138094023003,True,C03,qualified_value_context,"Contains spending/value criticism but also replicas, manufacture assertions or broader values. Preserve the full context and treat allegations as unverified.",False
Q193,igc:18102209321176800,ig:DbEHV44MYoJ,45,https://www.instagram.com/p/DbEHV44MYoJ/c/18102209321176800,True,,adjacent_values_context,"Lifestyle/wealth/consumption discussion rather than direct handbag purchase evidence. Do not infer a career, wealth level or motive for the full audience.",False
Q194,igc:18015115454870881,ig:DbEHV44MYoJ,45,https://www.instagram.com/p/DbEHV44MYoJ/c/18015115454870881,True,,exclude,"Unrelated product/person discussion, creator-line repetition, adjacent category or named-person mention that does not establish a handbag buyer motive.",False
Q195,igc:17898369624517769,ig:DbEHV44MYoJ,45,https://www.instagram.com/p/DbEHV44MYoJ/c/17898369624517769,True,,adjacent_values_context,"Lifestyle/wealth/consumption discussion rather than direct handbag purchase evidence. Do not infer a career, wealth level or motive for the full audience.",False
Q196,igc:18101405983913686,ig:DbEHV44MYoJ,45,https://www.instagram.com/p/DbEHV44MYoJ/c/18101405983913686,True,,adjacent_values_context,"Lifestyle/wealth/consumption discussion rather than direct handbag purchase evidence. Do not infer a career, wealth level or motive for the full audience.",False
Q197,igc:17857253715692094,ig:DbEHV44MYoJ,45,https://www.instagram.com/p/DbEHV44MYoJ/c/17857253715692094,True,C03;C07,boundary,"Defends established designer style, quality or longevity. Reported experience is not proof for Velantra and does not support designer exit.",False
Q198,igc:18109428337814204,ig:DbEHV44MYoJ,45,https://www.instagram.com/p/DbEHV44MYoJ/c/18109428337814204,True,,values_condition,"Explicit smaller-label, quality and fair-wage preference; different from vegan materials or founder fandom. Velantra practices unverified here.",False
Q199,igc:18362409727237215,ig:DZf-NuYgpG-,46,https://www.instagram.com/p/DZf-NuYgpG-/c/18362409727237215,True,,exclude,"Unrelated product/person discussion, creator-line repetition, adjacent category or named-person mention that does not establish a handbag buyer motive.",False
Q200,igc:18144010348460336,ig:DZf-NuYgpG-,46,https://www.instagram.com/p/DZf-NuYgpG-/c/18144010348460336,True,,weak,Aesthetic dislike without enough explanation to assign a distinct motive.,False
Q201,igc:17881903854663404,ig:DZf-NuYgpG-,46,https://www.instagram.com/p/DZf-NuYgpG-/c/17881903854663404,True,,exclude,"Unrelated product/person discussion, creator-line repetition, adjacent category or named-person mention that does not establish a handbag buyer motive.",False
Q202,igc:18009252317745597,ig:DZf-NuYgpG-,46,https://www.instagram.com/p/DZf-NuYgpG-/c/18009252317745597,True,,limited_or_transaction_signal,"Product admiration, recommendation, ownership, wish or transaction interest without enough independent motive to create another cohort; consult full context before use. Some could support an existing card secondarily.",False
Q203,igc:18086690813099900,ig:DZf-NuYgpG-,46,https://www.instagram.com/p/DZf-NuYgpG-/c/18086690813099900,True,,weak,Aesthetic dislike without enough explanation to assign a distinct motive.,False
Q204,igc:18093801863363913,ig:DZf-NuYgpG-,46,https://www.instagram.com/p/DZf-NuYgpG-/c/18093801863363913,True,C07,support,"Timeless preference, deliberate purchase delay, continued use or refusal to replace a loved bag merely for a trend.",False
Q205,igc:17920004727167025,ig:DZf-NuYgpG-,46,https://www.instagram.com/p/DZf-NuYgpG-/c/17920004727167025,True,C13,support,"Defends personal choice or particular styles; do not count as endorsement of universal logo, city or approval rules.",False
Q206,igc:17965776419932676,ig:DZf-NuYgpG-,46,https://www.instagram.com/p/DZf-NuYgpG-/c/17965776419932676,True,C13,support,"Defends personal choice or particular styles; do not count as endorsement of universal logo, city or approval rules.",False
Q207,igc:18109819349292785,ig:DZf-NuYgpG-,46,https://www.instagram.com/p/DZf-NuYgpG-/c/18109819349292785,True,,exclude,"Unrelated product/person discussion, creator-line repetition, adjacent category or named-person mention that does not establish a handbag buyer motive.",False
Q208,igc:18009481418574627,ig:C7AKRw8Sy6U,47,https://www.instagram.com/p/C7AKRw8Sy6U/c/18009481418574627,True,C02,support;selected_anchor,"Explicit budget pressure, price/access question or response to inaccessible luxury; not evidence of income or willingness to switch to Velantra.",True
Q209,igc:17868940734115026,ig:C7AKRw8Sy6U,47,https://www.instagram.com/p/C7AKRw8Sy6U/c/17868940734115026,True,,decision_condition,"Stock, delivery, policy, checkout, website or shipping issue; no persona assigned merely from the complaint/request.",False
Q210,igc:18151690801314019,ig:C7AKRw8Sy6U,47,https://www.instagram.com/p/C7AKRw8Sy6U/c/18151690801314019,True,,limited_or_requirement,"Specific product/fit interest or preference, insufficient as a distinct persona anchor; no new cohort inferred.",False
Q211,igc:18451110823011398,ig:C7AKRw8Sy6U,47,https://www.instagram.com/p/C7AKRw8Sy6U/c/18451110823011398,True,,exclude,"Unrelated product/person discussion, creator-line repetition, adjacent category or named-person mention that does not establish a handbag buyer motive.",False
Q212,igc:18056911342650108,ig:C7AKRw8Sy6U,47,https://www.instagram.com/p/C7AKRw8Sy6U/c/18056911342650108,True,,limited_or_requirement,"Specific product/fit interest or preference, insufficient as a distinct persona anchor; no new cohort inferred.",False
Q213,igc:18027749402161233,ig:C7AKRw8Sy6U,47,https://www.instagram.com/p/C7AKRw8Sy6U/c/18027749402161233,True,,limited_or_requirement,"Specific product/fit interest or preference, insufficient as a distinct persona anchor; no new cohort inferred.",False
Q214,igc:18033371678050079,ig:C7AKRw8Sy6U,47,https://www.instagram.com/p/C7AKRw8Sy6U/c/18033371678050079,True,C16,support;selected_anchor,"Explicit animal-material avoidance or preference for vegan alternatives; product eligibility requires full composition, not appearance.",True
Q215,igc:18073117747518956,ig:C7AKRw8Sy6U,47,https://www.instagram.com/p/C7AKRw8Sy6U/c/18073117747518956,True,,exclude,"Unrelated product/person discussion, creator-line repetition, adjacent category or named-person mention that does not establish a handbag buyer motive.",False
Q216,igc:17893409688013745,ig:C7AKRw8Sy6U,47,https://www.instagram.com/p/C7AKRw8Sy6U/c/17893409688013745,True,,limited_or_requirement,"Specific product/fit interest or preference, insufficient as a distinct persona anchor; no new cohort inferred.",False
Q217,igc:18118565602512091,ig:DO8lWKXClxX,48,https://www.instagram.com/p/DO8lWKXClxX/c/18118565602512091,True,C10;C11,decision_condition,"Specific fit, device, carrying or luggage question; useful product requirement, not proof of current Velantra capacity.",False
Q218,igc:18055710992544912,ig:DO8lWKXClxX,48,https://www.instagram.com/p/DO8lWKXClxX/c/18055710992544912,True,,limited_or_requirement,"Specific product/fit interest or preference, insufficient as a distinct persona anchor; no new cohort inferred.",False
Q219,igc:17901301695330213,ig:DO8lWKXClxX,48,https://www.instagram.com/p/DO8lWKXClxX/c/17901301695330213,True,C09,support_or_requirement,"Material, construction, surface-care or durability evaluation. Alleged quality failures are unverified and concern the referenced category product.",False
Q220,igc:17935723578088189,ig:DO8lWKXClxX,48,https://www.instagram.com/p/DO8lWKXClxX/c/17935723578088189,True,,limited_or_requirement,"Specific product/fit interest or preference, insufficient as a distinct persona anchor; no new cohort inferred.",False
Q221,igc:18058497746387637,ig:DO8lWKXClxX,48,https://www.instagram.com/p/DO8lWKXClxX/c/18058497746387637,True,C10;C11,decision_condition,"Specific fit, device, carrying or luggage question; useful product requirement, not proof of current Velantra capacity.",False
Q222,igc:18206381485309371,ig:DO8lWKXClxX,48,https://www.instagram.com/p/DO8lWKXClxX/c/18206381485309371,True,C10;C11,decision_condition,"Specific fit, device, carrying or luggage question; useful product requirement, not proof of current Velantra capacity.",False
Q223,igc:17844975108589527,ig:DO8lWKXClxX,48,https://www.instagram.com/p/DO8lWKXClxX/c/17844975108589527,True,C10;C11,decision_condition;limited_or_requirement,"Specific fit, device, carrying or luggage question; useful product requirement, not proof of current Velantra capacity. / Specific product/fit interest or preference, insufficient as a distinct persona anchor; no new cohort inferred.",False
Q224,igc:18147003727410872,ig:DO8lWKXClxX,48,https://www.instagram.com/p/DO8lWKXClxX/c/18147003727410872,True,C10;C11,decision_condition,"Specific fit, device, carrying or luggage question; useful product requirement, not proof of current Velantra capacity.",False
Q225,igc:17869369461565332,ig:DO8lWKXClxX,48,https://www.instagram.com/p/DO8lWKXClxX/c/17869369461565332,True,C10;C11,decision_condition,"Specific fit, device, carrying or luggage question; useful product requirement, not proof of current Velantra capacity.",False
Q226,igc:18100834444834497,ig:DYU6BvfAVmQ,49,https://www.instagram.com/p/DYU6BvfAVmQ/c/18100834444834497,True,,limited_or_requirement,"Specific product/fit interest or preference, insufficient as a distinct persona anchor; no new cohort inferred.",False
Q227,igc:18565737820064395,ig:DYU6BvfAVmQ,49,https://www.instagram.com/p/DYU6BvfAVmQ/c/18565737820064395,True,C17,support,"Collection ownership, pleasure, an additional purchase or distinct occasion/style roles. Buying for use and buying for financial investment are different.",False
Q228,igc:18015315743850398,ig:DYU6BvfAVmQ,49,https://www.instagram.com/p/DYU6BvfAVmQ/c/18015315743850398,True,C07,support;selected_anchor,"Timeless preference, deliberate purchase delay, continued use or refusal to replace a loved bag merely for a trend.",True
Q229,igc:18061377110709119,ig:DYU6BvfAVmQ,49,https://www.instagram.com/p/DYU6BvfAVmQ/c/18061377110709119,True,C02;C04,boundary,Rejects close copying or objects to derivative design; an unfamiliar designer alternative is not automatically acceptable.,False
Q230,igc:18131057035586351,ig:DYU6BvfAVmQ,49,https://www.instagram.com/p/DYU6BvfAVmQ/c/18131057035586351,True,,exclude,"Unrelated product/person discussion, creator-line repetition, adjacent category or named-person mention that does not establish a handbag buyer motive.",False
Q231,igc:18131558317604707,ig:DYU6BvfAVmQ,49,https://www.instagram.com/p/DYU6BvfAVmQ/c/18131558317604707,True,,limited_or_requirement,"Specific product/fit interest or preference, insufficient as a distinct persona anchor; no new cohort inferred.",False
Q232,igc:18355307455236933,ig:DYU6BvfAVmQ,49,https://www.instagram.com/p/DYU6BvfAVmQ/c/18355307455236933,True,C06,support_or_style_signal,"Specific visual attraction to color, finish, shape, texture or personalization; generic/promotion-like examples are weaker than self-reported choice. Q165 has possible promotional language.",False
Q233,igc:17908210176450081,ig:DYU6BvfAVmQ,49,https://www.instagram.com/p/DYU6BvfAVmQ/c/17908210176450081,True,C15,support,"Interest in men’s bags, styling, first purchase or acceptance. Identity and job details apply only where explicitly stated.",False
Q234,igc:18109798441810127,ig:DYU6BvfAVmQ,49,https://www.instagram.com/p/DYU6BvfAVmQ/c/18109798441810127,True,C15,support,"Interest in men’s bags, styling, first purchase or acceptance. Identity and job details apply only where explicitly stated.",False
Q235,igc:17941699788061390,ig:DPG9kZ5kZWk,50,https://www.instagram.com/p/DPG9kZ5kZWk/c/17941699788061390,True,,exclude,"Unrelated product/person discussion, creator-line repetition, adjacent category or named-person mention that does not establish a handbag buyer motive.",False
Q236,igc:18059712812626924,ig:DPG9kZ5kZWk,50,https://www.instagram.com/p/DPG9kZ5kZWk/c/18059712812626924,True,C09,support_or_requirement,"Material, construction, surface-care or durability evaluation. Alleged quality failures are unverified and concern the referenced category product.",False
Q237,igc:17929187145104837,ig:DPG9kZ5kZWk,50,https://www.instagram.com/p/DPG9kZ5kZWk/c/17929187145104837,True,,qualified_requirement,Wants to see lining but also aspires to start a leather company; not clean consumer-only evidence.,False
Q238,igc:18368872042158676,ig:DPG9kZ5kZWk,50,https://www.instagram.com/p/DPG9kZ5kZWk/c/18368872042158676,True,,exclude,Seller or brand promotion; not independent consumer evidence.,False
Q239,igc:18375409114147580,ig:DPG9kZ5kZWk,50,https://www.instagram.com/p/DPG9kZ5kZWk/c/18375409114147580,True,,limited_or_requirement,"Specific product/fit interest or preference, insufficient as a distinct persona anchor; no new cohort inferred.",False
Q240,igc:18401765236140434,ig:DPG9kZ5kZWk,50,https://www.instagram.com/p/DPG9kZ5kZWk/c/18401765236140434,True,,limited_or_requirement,"Specific product/fit interest or preference, insufficient as a distinct persona anchor; no new cohort inferred.",False
Q241,igc:17901143748288438,ig:DPG9kZ5kZWk,50,https://www.instagram.com/p/DPG9kZ5kZWk/c/17901143748288438,True,,limited_or_requirement,"Specific product/fit interest or preference, insufficient as a distinct persona anchor; no new cohort inferred.",False
Q242,igc:18454657462117500,ig:DPG9kZ5kZWk,50,https://www.instagram.com/p/DPG9kZ5kZWk/c/18454657462117500,True,C06,support_or_style_signal;limited_or_requirement,"Specific visual attraction to color, finish, shape, texture or personalization; generic/promotion-like examples are weaker than self-reported choice. Q165 has possible promotional language. / Specific product/fit interest or preference, insufficient as a distinct persona anchor; no new cohort inferred.",False
Q243,igc:18061573997382168,ig:DPG9kZ5kZWk,50,https://www.instagram.com/p/DPG9kZ5kZWk/c/18061573997382168,True,,limited_or_requirement,"Specific product/fit interest or preference, insufficient as a distinct persona anchor; no new cohort inferred.",False
Q244,igc:18109624016030934,ig:DcgfD_ejl4-,51,https://www.instagram.com/p/DcgfD_ejl4-/c/18109624016030934,True,C06,support_or_style_signal,"Specific visual attraction to color, finish, shape, texture or personalization; generic/promotion-like examples are weaker than self-reported choice. Q165 has possible promotional language.",False
Q245,igc:18009335396954162,ig:DcgfD_ejl4-,51,https://www.instagram.com/p/DcgfD_ejl4-/c/18009335396954162,True,C06,support_or_style_signal;selected_anchor,"Specific visual attraction to color, finish, shape, texture or personalization; generic/promotion-like examples are weaker than self-reported choice. Q165 has possible promotional language.",True
Q246,igc:18177231100418426,ig:DcgfD_ejl4-,51,https://www.instagram.com/p/DcgfD_ejl4-/c/18177231100418426,True,C06,support_or_style_signal,"Specific visual attraction to color, finish, shape, texture or personalization; generic/promotion-like examples are weaker than self-reported choice. Q165 has possible promotional language.",False
Q247,igc:17904773850538044,ig:DcgfD_ejl4-,51,https://www.instagram.com/p/DcgfD_ejl4-/c/17904773850538044,True,,decision_condition,"Stock, delivery, policy, checkout, website or shipping issue; no persona assigned merely from the complaint/request.",False
Q248,igc:17893964901398494,ig:DcgfD_ejl4-,51,https://www.instagram.com/p/DcgfD_ejl4-/c/17893964901398494,True,C06,support_or_style_signal,"Specific visual attraction to color, finish, shape, texture or personalization; generic/promotion-like examples are weaker than self-reported choice. Q165 has possible promotional language.",False
Q249,igc:17908040670467172,ig:DcgfD_ejl4-,51,https://www.instagram.com/p/DcgfD_ejl4-/c/17908040670467172,True,,limited_or_transaction_signal,"Product admiration, recommendation, ownership, wish or transaction interest without enough independent motive to create another cohort; consult full context before use. Some could support an existing card secondarily.",False
Q250,igc:18090982295380330,ig:DcgfD_ejl4-,51,https://www.instagram.com/p/DcgfD_ejl4-/c/18090982295380330,True,C06,support_or_style_signal;selected_anchor,"Specific visual attraction to color, finish, shape, texture or personalization; generic/promotion-like examples are weaker than self-reported choice. Q165 has possible promotional language.",True
Q251,igc:18084921626267694,ig:DcgfD_ejl4-,51,https://www.instagram.com/p/DcgfD_ejl4-/c/18084921626267694,True,C06,support_or_style_signal,"Specific visual attraction to color, finish, shape, texture or personalization; generic/promotion-like examples are weaker than self-reported choice. Q165 has possible promotional language.",False
Q252,igc:18211317385357203,ig:DcgfD_ejl4-,51,https://www.instagram.com/p/DcgfD_ejl4-/c/18211317385357203,True,,decision_condition,"Stock, delivery, policy, checkout, website or shipping issue; no persona assigned merely from the complaint/request.",False
Q253,igc:18486042118100268,ig:Dcgl2JFNPPf,52,https://www.instagram.com/p/Dcgl2JFNPPf/c/18486042118100268,True,,skepticism_condition,Scarcity or marketing skepticism. Allegations remain unverified and do not establish industry corruption.,False
Q254,igc:18618766888003588,ig:Dcgl2JFNPPf,52,https://www.instagram.com/p/Dcgl2JFNPPf/c/18618766888003588,True,C09,support_or_requirement,"Material, construction, surface-care or durability evaluation. Alleged quality failures are unverified and concern the referenced category product.",False
Q255,igc:18619941868036864,ig:Dcgl2JFNPPf,52,https://www.instagram.com/p/Dcgl2JFNPPf/c/18619941868036864,True,,decision_condition,"Stock, delivery, policy, checkout, website or shipping issue; no persona assigned merely from the complaint/request.",False
Q256,igc:18009662978959714,ig:Dcgl2JFNPPf,52,https://www.instagram.com/p/Dcgl2JFNPPf/c/18009662978959714,True,C07,context,Trend-cycle or hype observation; weaker than an explicit personal decision to buy or abstain.,False
Q257,igc:18099839996281069,ig:Dcgl2JFNPPf,52,https://www.instagram.com/p/Dcgl2JFNPPf/c/18099839996281069,True,,skepticism_condition,Scarcity or marketing skepticism. Allegations remain unverified and do not establish industry corruption.,False
Q258,igc:17921411715202909,ig:Dcgl2JFNPPf,52,https://www.instagram.com/p/Dcgl2JFNPPf/c/17921411715202909,True,C09,unverified_claim,"Strong claim about another product's leather/workmanship without independent verification; material concern is relevant, allegation is not established.",False
Q259,igc:18125434021828554,ig:Dcgl2JFNPPf,52,https://www.instagram.com/p/Dcgl2JFNPPf/c/18125434021828554,True,,decision_condition,"Stock, delivery, policy, checkout, website or shipping issue; no persona assigned merely from the complaint/request.",False
Q260,igc:17886869940457430,ig:Dcgl2JFNPPf,52,https://www.instagram.com/p/Dcgl2JFNPPf/c/17886869940457430,True,,decision_condition,"Stock, delivery, policy, checkout, website or shipping issue; no persona assigned merely from the complaint/request.",False
Q261,igc:18122023084855893,ig:Dcgl2JFNPPf,52,https://www.instagram.com/p/Dcgl2JFNPPf/c/18122023084855893,True,,decision_condition,"Stock, delivery, policy, checkout, website or shipping issue; no persona assigned merely from the complaint/request.",False
Q262,igc:18103585997353206,ig:DbopI80TuC2,53,https://www.instagram.com/p/DbopI80TuC2/c/18103585997353206,True,C13,support;selected_anchor,Defends a personally liked bag or freedom of choice against fashion rules; do not treat as agreement with the source creator.,True
Q263,igc:18105967043596408,ig:DbopI80TuC2,53,https://www.instagram.com/p/DbopI80TuC2/c/18105967043596408,True,C13,support,Defends a personally liked bag or freedom of choice against fashion rules; do not treat as agreement with the source creator.,False
Q264,igc:17900430486502043,ig:DbopI80TuC2,53,https://www.instagram.com/p/DbopI80TuC2/c/17900430486502043,True,C05;C06,style_filter,"Specific shape, color, logo, practicality or taste evaluation; useful style boundary, not a demographic or evidence of creator agreement.",False
Q265,igc:18277873711288770,ig:DbopI80TuC2,53,https://www.instagram.com/p/DbopI80TuC2/c/18277873711288770,True,C13,support;selected_anchor,Defends a personally liked bag or freedom of choice against fashion rules; do not treat as agreement with the source creator.,True
Q266,igc:17951927118216841,ig:DbopI80TuC2,53,https://www.instagram.com/p/DbopI80TuC2/c/17951927118216841,True,C01,support,Restrained branding or admiration for composed elegance; style-interview praise is broader than a handbag purchase and does not prove wealth.,False
Q267,igc:18060432269780941,ig:DbopI80TuC2,53,https://www.instagram.com/p/DbopI80TuC2/c/18060432269780941,True,C01,support,Restrained branding or admiration for composed elegance; style-interview praise is broader than a handbag purchase and does not prove wealth.,False
Q268,igc:17939356491305909,ig:DbopI80TuC2,53,https://www.instagram.com/p/DbopI80TuC2/c/17939356491305909,True,,limited_or_transaction_signal,"Product admiration, recommendation, ownership, wish or transaction interest without enough independent motive to create another cohort; consult full context before use. Some could support an existing card secondarily.",False
Q269,igc:17956015604998362,ig:DbopI80TuC2,53,https://www.instagram.com/p/DbopI80TuC2/c/17956015604998362,True,C01,support,Restrained branding or admiration for composed elegance; style-interview praise is broader than a handbag purchase and does not prove wealth.,False
Q270,igc:18107605124144248,ig:DbopI80TuC2,53,https://www.instagram.com/p/DbopI80TuC2/c/18107605124144248,True,C13,support,Defends a personally liked bag or freedom of choice against fashion rules; do not treat as agreement with the source creator.,False
Q271,igc:18000149755517604,ig:Cl2HtNBtl03,54,https://www.instagram.com/p/Cl2HtNBtl03/c/18000149755517604,True,,limited_or_transaction_signal,"Product admiration, recommendation, ownership, wish or transaction interest without enough independent motive to create another cohort; consult full context before use. Some could support an existing card secondarily.",False
Q272,igc:17946813596457283,ig:Cl2HtNBtl03,54,https://www.instagram.com/p/Cl2HtNBtl03/c/17946813596457283,True,C09;C10,decision_condition,Closure usability question based on hearsay; answer with direct product evidence.,False
Q273,igc:17952546230161968,ig:Cl2HtNBtl03,54,https://www.instagram.com/p/Cl2HtNBtl03/c/17952546230161968,True,C04,support;selected_anchor,"Preference for less-obvious bags, discovery, creative design or an uncommon choice; strength varies from a specific reason to positive discovery response.",True
Q274,igc:18261163330119727,ig:Cl2HtNBtl03,54,https://www.instagram.com/p/Cl2HtNBtl03/c/18261163330119727,True,C02,qualified_support;selected_anchor,Lower-price or similar-look preference; replica/alternative context and quality tradeoffs must remain visible.,True
Q275,igc:18261085183187186,ig:Cl2HtNBtl03,54,https://www.instagram.com/p/Cl2HtNBtl03/c/18261085183187186,True,C04,support,"Preference for less-obvious bags, discovery, creative design or an uncommon choice; strength varies from a specific reason to positive discovery response.",False
Q276,igc:17939138327458940,ig:Cl2HtNBtl03,54,https://www.instagram.com/p/Cl2HtNBtl03/c/17939138327458940,True,C09,support_or_requirement;selected_anchor,"Material, construction, surface-care or durability evaluation. Alleged quality failures are unverified and concern the referenced category product.",True
Q277,igc:17893822487758424,ig:Cl2HtNBtl03,54,https://www.instagram.com/p/Cl2HtNBtl03/c/17893822487758424,True,,limited_or_transaction_signal,"Product admiration, recommendation, ownership, wish or transaction interest without enough independent motive to create another cohort; consult full context before use. Some could support an existing card secondarily.",False
Q278,igc:17957971484204090,ig:Cl2HtNBtl03,54,https://www.instagram.com/p/Cl2HtNBtl03/c/17957971484204090,True,,limited_or_transaction_signal,"Product admiration, recommendation, ownership, wish or transaction interest without enough independent motive to create another cohort; consult full context before use. Some could support an existing card secondarily.",False
Q279,igc:18069932788348420,ig:Cl2HtNBtl03,54,https://www.instagram.com/p/Cl2HtNBtl03/c/18069932788348420,True,C02,support,"Explicit budget pressure, price/access question or response to inaccessible luxury; not evidence of income or willingness to switch to Velantra.",False
Q280,igc:18064739534209409,ig:DSUPUC0iF5r,55,https://www.instagram.com/p/DSUPUC0iF5r/c/18064739534209409,True,,limited_or_transaction_signal,"Product admiration, recommendation, ownership, wish or transaction interest without enough independent motive to create another cohort; consult full context before use. Some could support an existing card secondarily.",False
Q281,igc:18092135567506894,ig:DSUPUC0iF5r,55,https://www.instagram.com/p/DSUPUC0iF5r/c/18092135567506894,True,C17,support,"Collection ownership, pleasure, an additional purchase or distinct occasion/style roles. Buying for use and buying for financial investment are different.",False
Q282,igc:18376479106095320,ig:DSUPUC0iF5r,55,https://www.instagram.com/p/DSUPUC0iF5r/c/18376479106095320,True,C08;C17,support;selected_anchor,Milestone purchase memory; Q282 also evaluates a new color relative to an existing collection. Designer context is preserved.,True
Q283,igc:18078291386017247,ig:DSUPUC0iF5r,55,https://www.instagram.com/p/DSUPUC0iF5r/c/18078291386017247,True,,limited_or_transaction_signal,"Product admiration, recommendation, ownership, wish or transaction interest without enough independent motive to create another cohort; consult full context before use. Some could support an existing card secondarily.",False
Q284,igc:18015077477638825,ig:DSUPUC0iF5r,55,https://www.instagram.com/p/DSUPUC0iF5r/c/18015077477638825,True,,decision_condition,"Size identification request, not a persona by itself.",False
Q285,igc:18091283854997719,ig:DSUPUC0iF5r,55,https://www.instagram.com/p/DSUPUC0iF5r/c/18091283854997719,True,,limited_or_transaction_signal,"Product admiration, recommendation, ownership, wish or transaction interest without enough independent motive to create another cohort; consult full context before use. Some could support an existing card secondarily.",False
Q286,igc:18092533670101980,ig:DSUPUC0iF5r,55,https://www.instagram.com/p/DSUPUC0iF5r/c/18092533670101980,True,,limited_or_transaction_signal,"Product admiration, recommendation, ownership, wish or transaction interest without enough independent motive to create another cohort; consult full context before use. Some could support an existing card secondarily.",False
Q287,igc:18101043715630814,ig:DSUPUC0iF5r,55,https://www.instagram.com/p/DSUPUC0iF5r/c/18101043715630814,True,C17,support,"Collection ownership, pleasure, an additional purchase or distinct occasion/style roles. Buying for use and buying for financial investment are different.",False
Q288,igc:18087012347045325,ig:DSUPUC0iF5r,55,https://www.instagram.com/p/DSUPUC0iF5r/c/18087012347045325,True,C14,gift_evidence;selected_anchor,"Gift intent, recipient reaction or giver report. Preserve negative outcomes and functional limitations; not all are gift-giver statements.",True
Q289,igc:18013273151920605,ig:DZ5YybMyYZp,56,https://www.instagram.com/p/DZ5YybMyYZp/c/18013273151920605,True,,replica_context,Authenticity/replica evaluation or price assertion; do not convert into verified quality equivalence or a Velantra buyer identity.,False
Q290,igc:18066684503746522,ig:DZ5YybMyYZp,56,https://www.instagram.com/p/DZ5YybMyYZp/c/18066684503746522,True,C02,qualified_support,Lower-price or similar-look preference; replica/alternative context and quality tradeoffs must remain visible.,False
Q291,igc:18119458288869055,ig:DZ5YybMyYZp,56,https://www.instagram.com/p/DZ5YybMyYZp/c/18119458288869055,True,,replica_context,Authenticity/replica evaluation or price assertion; do not convert into verified quality equivalence or a Velantra buyer identity.,False
Q292,igc:18397719241091864,ig:DZ5YybMyYZp,56,https://www.instagram.com/p/DZ5YybMyYZp/c/18397719241091864,True,,replica_context,Authenticity/replica evaluation or price assertion; do not convert into verified quality equivalence or a Velantra buyer identity.,False
Q293,igc:18080868776238917,ig:DZ5YybMyYZp,56,https://www.instagram.com/p/DZ5YybMyYZp/c/18080868776238917,True,,context,"Celebrity, designer or authenticity discussion without clear desire to imitate a person. Q293 is explicitly a vendor claim.",False
Q294,igc:17900676378466783,ig:DZ5YybMyYZp,56,https://www.instagram.com/p/DZ5YybMyYZp/c/17900676378466783,True,C09,support_or_requirement,"Material, construction, surface-care or durability evaluation. Alleged quality failures are unverified and concern the referenced category product.",False
Q295,igc:17981711868011012,ig:DZ5YybMyYZp,56,https://www.instagram.com/p/DZ5YybMyYZp/c/17981711868011012,True,C02,qualified_style_signal,Affection for a street-market bag in a fake-bag discussion; limited evidence for an attainable-look motive.,False
Q296,igc:18092078777605634,ig:DZ5YybMyYZp,56,https://www.instagram.com/p/DZ5YybMyYZp/c/18092078777605634,True,,replica_context,Authenticity/replica evaluation or price assertion; do not convert into verified quality equivalence or a Velantra buyer identity.,False
Q297,igc:18069437651407303,ig:DZ5YybMyYZp,56,https://www.instagram.com/p/DZ5YybMyYZp/c/18069437651407303,True,,replica_context,Authenticity/replica evaluation or price assertion; do not convert into verified quality equivalence or a Velantra buyer identity.,False
Q298,ttc:7668004521771369246,tt:7668001244018986273,57,https://www.tiktok.com/@spiritual.materialist/video/7668001244018986273,True,,judgment_reaction,"Humor, ratings, disagreement or repeated creator wording. Some approval exists, but buying to gain male approval is not demonstrated.",False
Q299,ttc:7668135660221514503,tt:7668001244018986273,57,https://www.tiktok.com/@spiritual.materialist/video/7668001244018986273,True,,judgment_reaction,"Humor, ratings, disagreement or repeated creator wording. Some approval exists, but buying to gain male approval is not demonstrated.",False
Q300,ttc:7668048295927907086,tt:7668001244018986273,57,https://www.tiktok.com/@spiritual.materialist/video/7668001244018986273,True,,judgment_reaction,"Humor, ratings, disagreement or repeated creator wording. Some approval exists, but buying to gain male approval is not demonstrated.",False
Q301,ttc:7668005648499475221,tt:7668001244018986273,57,https://www.tiktok.com/@spiritual.materialist/video/7668001244018986273,True,,judgment_reaction,"Humor, ratings, disagreement or repeated creator wording. Some approval exists, but buying to gain male approval is not demonstrated.",False
Q302,ttc:7668066586255459102,tt:7668001244018986273,57,https://www.tiktok.com/@spiritual.materialist/video/7668001244018986273,True,C13,support,Defends a personally liked bag or freedom of choice against fashion rules; do not treat as agreement with the source creator.,False
Q303,ttc:7668076926418371358,tt:7668001244018986273,57,https://www.tiktok.com/@spiritual.materialist/video/7668001244018986273,True,,limited_or_transaction_signal,"Product admiration, recommendation, ownership, wish or transaction interest without enough independent motive to create another cohort; consult full context before use. Some could support an existing card secondarily.",False
Q304,ttc:7668017100434506516,tt:7668001244018986273,57,https://www.tiktok.com/@spiritual.materialist/video/7668001244018986273,True,,judgment_reaction,"Humor, ratings, disagreement or repeated creator wording. Some approval exists, but buying to gain male approval is not demonstrated.",False
Q305,ttc:7668180647513834261,tt:7668001244018986273,57,https://www.tiktok.com/@spiritual.materialist/video/7668001244018986273,True,,judgment_reaction,"Humor, ratings, disagreement or repeated creator wording. Some approval exists, but buying to gain male approval is not demonstrated.",False
Q306,ttc:7668007905279820564,tt:7668001244018986273,57,https://www.tiktok.com/@spiritual.materialist/video/7668001244018986273,True,,judgment_reaction,"Humor, ratings, disagreement or repeated creator wording. Some approval exists, but buying to gain male approval is not demonstrated.",False
Q307,ttc:7218481541323440901,tt:7218302653489483051,58,https://www.tiktok.com/@steffieinthecity/video/7218302653489483051,True,,limited_or_transaction_signal,"Product admiration, recommendation, ownership, wish or transaction interest without enough independent motive to create another cohort; consult full context before use. Some could support an existing card secondarily.",False
Q308,ttc:7218316214942073606,tt:7218302653489483051,58,https://www.tiktok.com/@steffieinthecity/video/7218302653489483051,True,,limited_or_transaction_signal,"Product admiration, recommendation, ownership, wish or transaction interest without enough independent motive to create another cohort; consult full context before use. Some could support an existing card secondarily.",False
Q309,ttc:7221186266073760538,tt:7218302653489483051,58,https://www.tiktok.com/@steffieinthecity/video/7218302653489483051,True,,limited_or_transaction_signal,"Product admiration, recommendation, ownership, wish or transaction interest without enough independent motive to create another cohort; consult full context before use. Some could support an existing card secondarily.",False
Q310,ttc:7235097141709882155,tt:7218302653489483051,58,https://www.tiktok.com/@steffieinthecity/video/7218302653489483051,True,,context,"Celebrity, designer or authenticity discussion without clear desire to imitate a person. Q293 is explicitly a vendor claim.",False
Q311,ttc:7223517251662676763,tt:7218302653489483051,58,https://www.tiktok.com/@steffieinthecity/video/7218302653489483051,True,C02,support;selected_anchor,"Explicit budget pressure, price/access question or response to inaccessible luxury; not evidence of income or willingness to switch to Velantra.",True
Q312,ttc:7232027279030747910,tt:7218302653489483051,58,https://www.tiktok.com/@steffieinthecity/video/7218302653489483051,True,,decision_condition,"Stock, delivery, policy, checkout, website or shipping issue; no persona assigned merely from the complaint/request.",False
Q313,ttc:7218813708880937754,tt:7218302653489483051,58,https://www.tiktok.com/@steffieinthecity/video/7218302653489483051,True,,limited_or_transaction_signal,"Product admiration, recommendation, ownership, wish or transaction interest without enough independent motive to create another cohort; consult full context before use. Some could support an existing card secondarily.",False
Q314,ttc:7235687342630830874,tt:7218302653489483051,58,https://www.tiktok.com/@steffieinthecity/video/7218302653489483051,True,C02,support,"Explicit budget pressure, price/access question or response to inaccessible luxury; not evidence of income or willingness to switch to Velantra.",False
Q315,ttc:7454807319466836766,tt:7218302653489483051,58,https://www.tiktok.com/@steffieinthecity/video/7218302653489483051,True,,limited_or_transaction_signal,"Product admiration, recommendation, ownership, wish or transaction interest without enough independent motive to create another cohort; consult full context before use. Some could support an existing card secondarily.",False
Q316,ttc:7681060810358047521,tt:7681030709988969741,59,https://www.tiktok.com/@johnathan.guo/video/7681030709988969741,True,C04,support,"Preference for less-obvious bags, discovery, creative design or an uncommon choice; strength varies from a specific reason to positive discovery response.",False
Q317,ttc:7682326998258123542,tt:7681030709988969741,59,https://www.tiktok.com/@johnathan.guo/video/7681030709988969741,True,C09,support_or_requirement,"Material, construction, surface-care or durability evaluation. Alleged quality failures are unverified and concern the referenced category product.",False
Q318,ttc:7681032174137082646,tt:7681030709988969741,59,https://www.tiktok.com/@johnathan.guo/video/7681030709988969741,True,C18,limited_context;selected_anchor,"Destination, timing or seasonal purchase context. Some may be shopping at the destination; narrower pre-trip handbag motive remains unproven.",True
Q319,ttc:7681180471208936205,tt:7681030709988969741,59,https://www.tiktok.com/@johnathan.guo/video/7681030709988969741,True,,limited_or_transaction_signal,"Product admiration, recommendation, ownership, wish or transaction interest without enough independent motive to create another cohort; consult full context before use. Some could support an existing card secondarily.",False
Q320,ttc:7681230698523493142,tt:7681030709988969741,59,https://www.tiktok.com/@johnathan.guo/video/7681030709988969741,True,C16,support;selected_anchor,"Explicit animal-material avoidance or preference for vegan alternatives; product eligibility requires full composition, not appearance.",True
Q321,ttc:7681047329545716494,tt:7681030709988969741,59,https://www.tiktok.com/@johnathan.guo/video/7681030709988969741,True,,context,"Celebrity, designer or authenticity discussion without clear desire to imitate a person. Q293 is explicitly a vendor claim.",False
Q322,ttc:7681143498619388685,tt:7681030709988969741,59,https://www.tiktok.com/@johnathan.guo/video/7681030709988969741,True,C10,support,Self-reported work/laptop use of a named category bag; not verified product performance for Velantra.,False
Q323,ttc:7681511326749491982,tt:7681030709988969741,59,https://www.tiktok.com/@johnathan.guo/video/7681030709988969741,True,C10,support;selected_anchor,"Work, study or training requirements linked to style or an attractive carrying option. Product capability must be checked separately.",True
Q324,ttc:7681589692420817686,tt:7681030709988969741,59,https://www.tiktok.com/@johnathan.guo/video/7681030709988969741,True,C04,support,"Preference for less-obvious bags, discovery, creative design or an uncommon choice; strength varies from a specific reason to positive discovery response.",False
Q325,ttc:7668027316409549582,tt:7666956616465435918,60,https://www.tiktok.com/@kyraboesiger/video/7666956616465435918,True,C10;C11,support;selected_anchor,"Work, study or training requirements linked to style or an attractive carrying option. Product capability must be checked separately.",True
Q326,ttc:7669817628638839582,tt:7666956616465435918,60,https://www.tiktok.com/@kyraboesiger/video/7666956616465435918,True,C10;C11,boundary,"Backpack preference, load, size or carrying-comfort objection. Do not assume every appearance-focused buyer accepts the tradeoff.",False
Q327,ttc:7666998634797761311,tt:7666956616465435918,60,https://www.tiktok.com/@kyraboesiger/video/7666956616465435918,True,C10;C11,boundary,"Backpack preference, load, size or carrying-comfort objection. Do not assume every appearance-focused buyer accepts the tradeoff.",False
Q328,ttc:7667757674638115615,tt:7666956616465435918,60,https://www.tiktok.com/@kyraboesiger/video/7666956616465435918,True,C11,support;selected_anchor,Explicit wish to look cute at the airport while acknowledging that backpacks have a role.,True
Q329,ttc:7667188797684253453,tt:7666956616465435918,60,https://www.tiktok.com/@kyraboesiger/video/7666956616465435918,True,C10;C11,boundary,"Backpack preference, load, size or carrying-comfort objection. Do not assume every appearance-focused buyer accepts the tradeoff.",False
Q330,ttc:7674009812569785119,tt:7666956616465435918,60,https://www.tiktok.com/@kyraboesiger/video/7666956616465435918,True,,limited_or_transaction_signal,"Product admiration, recommendation, ownership, wish or transaction interest without enough independent motive to create another cohort; consult full context before use. Some could support an existing card secondarily.",False
Q331,ttc:7666979114616865567,tt:7666956616465435918,60,https://www.tiktok.com/@kyraboesiger/video/7666956616465435918,True,C11,requirement,Self-reported large-tote preference/use; practical signal rather than a full persona.,False
Q332,ttc:7667073132105138974,tt:7666956616465435918,60,https://www.tiktok.com/@kyraboesiger/video/7666956616465435918,True,C10;C11,boundary,"Backpack preference, load, size or carrying-comfort objection. Do not assume every appearance-focused buyer accepts the tradeoff.",False
Q333,ttc:7676818389072200461,tt:7666956616465435918,60,https://www.tiktok.com/@kyraboesiger/video/7666956616465435918,True,C10;C11,boundary,"Backpack preference, load, size or carrying-comfort objection. Do not assume every appearance-focused buyer accepts the tradeoff.",False
Q334,ttc:7627454613511373585,tt:7627179930677333270,61,https://www.tiktok.com/@aliceinparisofficial/video/7627179930677333270,True,,context,"Sarcastic sunglasses response to a logo rule, not a bag-purchase motive.",False
Q335,ttc:7627556484709548833,tt:7627179930677333270,61,https://www.tiktok.com/@aliceinparisofficial/video/7627179930677333270,True,C13,support,Defends a personally liked bag or freedom of choice against fashion rules; do not treat as agreement with the source creator.,False
Q336,ttc:7627361572374463250,tt:7627179930677333270,61,https://www.tiktok.com/@aliceinparisofficial/video/7627179930677333270,True,C03,qualified_context,Suggests a non-logo alternative but adds an unverified quality allegation.,False
Q337,ttc:7627794366316823318,tt:7627179930677333270,61,https://www.tiktok.com/@aliceinparisofficial/video/7627179930677333270,True,C01;C18,boundary,Explains bag orientation by theft concern rather than a style rule; no product theft-prevention evidence.,False
Q338,ttc:7627429802610721556,tt:7627179930677333270,61,https://www.tiktok.com/@aliceinparisofficial/video/7627179930677333270,True,C01;C18,boundary,Disputed geographic/style rule or counterexample; not reliable population evidence. Named style figures here do not demonstrate imitation intent.,False
Q339,ttc:7627621507116188430,tt:7627179930677333270,61,https://www.tiktok.com/@aliceinparisofficial/video/7627179930677333270,True,C01;C18,boundary,Disputed geographic/style rule or counterexample; not reliable population evidence. Named style figures here do not demonstrate imitation intent.,False
Q340,ttc:7627382436536009490,tt:7627179930677333270,61,https://www.tiktok.com/@aliceinparisofficial/video/7627179930677333270,True,C01;C18,boundary,Disputed geographic/style rule or counterexample; not reliable population evidence. Named style figures here do not demonstrate imitation intent.,False
Q341,ttc:7627459096619188999,tt:7627179930677333270,61,https://www.tiktok.com/@aliceinparisofficial/video/7627179930677333270,True,C01;C18,boundary,Disputed geographic/style rule or counterexample; not reliable population evidence. Named style figures here do not demonstrate imitation intent.,False
Q342,ttc:7630606304059360022,tt:7627179930677333270,61,https://www.tiktok.com/@aliceinparisofficial/video/7627179930677333270,True,C01;C18,boundary,Disputed geographic/style rule or counterexample; not reliable population evidence. Named style figures here do not demonstrate imitation intent.,False
Q343,ttc:7527215779307389710,tt:7527006509264276766,62,https://www.tiktok.com/@michelletimestwo/video/7527006509264276766,True,,transaction_response,"Reseller complaint, skepticism or dispute advice. Trust context, not a new persona or verified allegation.",False
Q344,ttc:7527372095266456351,tt:7527006509264276766,62,https://www.tiktok.com/@michelletimestwo/video/7527006509264276766,True,,transaction_response,"Reseller complaint, skepticism or dispute advice. Trust context, not a new persona or verified allegation.",False
Q345,ttc:7527375460122067743,tt:7527006509264276766,62,https://www.tiktok.com/@michelletimestwo/video/7527006509264276766,True,,transaction_response,"Reseller complaint, skepticism or dispute advice. Trust context, not a new persona or verified allegation.",False
Q346,ttc:7527138176546095927,tt:7527006509264276766,62,https://www.tiktok.com/@michelletimestwo/video/7527006509264276766,True,,transaction_response,"Reseller complaint, skepticism or dispute advice. Trust context, not a new persona or verified allegation.",False
Q347,ttc:7527355828166722318,tt:7527006509264276766,62,https://www.tiktok.com/@michelletimestwo/video/7527006509264276766,True,,transaction_response,"Reseller complaint, skepticism or dispute advice. Trust context, not a new persona or verified allegation.",False
Q348,ttc:7527328070957744926,tt:7527006509264276766,62,https://www.tiktok.com/@michelletimestwo/video/7527006509264276766,True,,transaction_response,"Reseller complaint, skepticism or dispute advice. Trust context, not a new persona or verified allegation.",False
Q349,ttc:7527369708049122078,tt:7527006509264276766,62,https://www.tiktok.com/@michelletimestwo/video/7527006509264276766,True,,transaction_response,"Reseller complaint, skepticism or dispute advice. Trust context, not a new persona or verified allegation.",False
Q350,ttc:7527319395162506015,tt:7527006509264276766,62,https://www.tiktok.com/@michelletimestwo/video/7527006509264276766,True,,transaction_response,"Reseller complaint, skepticism or dispute advice. Trust context, not a new persona or verified allegation.",False
Q351,ttc:7527090453024342839,tt:7527006509264276766,62,https://www.tiktok.com/@michelletimestwo/video/7527006509264276766,True,,transaction_response,"Reseller complaint, skepticism or dispute advice. Trust context, not a new persona or verified allegation.",False
Q352,ttc:7652384736552469261,tt:7652379521559137566,63,https://www.tiktok.com/@imjustbarbs/video/7652379521559137566,True,C05;C06,style_filter,"Specific shape, color, logo, practicality or taste evaluation; useful style boundary, not a demographic or evidence of creator agreement.",False
Q353,ttc:7652645204904248087,tt:7652379521559137566,63,https://www.tiktok.com/@imjustbarbs/video/7652379521559137566,True,C05;C06,style_filter,"Specific shape, color, logo, practicality or taste evaluation; useful style boundary, not a demographic or evidence of creator agreement.",False
Q354,ttc:7652553352283308831,tt:7652379521559137566,63,https://www.tiktok.com/@imjustbarbs/video/7652379521559137566,True,C05;C06,style_filter,"Specific shape, color, logo, practicality or taste evaluation; useful style boundary, not a demographic or evidence of creator agreement.",False
Q355,ttc:7652822959644279565,tt:7652379521559137566,63,https://www.tiktok.com/@imjustbarbs/video/7652379521559137566,True,C13,support,Defends a personally liked bag or freedom of choice against fashion rules; do not treat as agreement with the source creator.,False
Q356,ttc:7652837482689626902,tt:7652379521559137566,63,https://www.tiktok.com/@imjustbarbs/video/7652379521559137566,True,C05;C06,style_filter,"Specific shape, color, logo, practicality or taste evaluation; useful style boundary, not a demographic or evidence of creator agreement.",False
Q357,ttc:7652733793299956493,tt:7652379521559137566,63,https://www.tiktok.com/@imjustbarbs/video/7652379521559137566,True,C13,support,Defends a personally liked bag or freedom of choice against fashion rules; do not treat as agreement with the source creator.,False
Q358,ttc:7653129544438776598,tt:7652379521559137566,63,https://www.tiktok.com/@imjustbarbs/video/7652379521559137566,True,C13,support,Defends a personally liked bag or freedom of choice against fashion rules; do not treat as agreement with the source creator.,False
Q359,ttc:7652825290129851166,tt:7652379521559137566,63,https://www.tiktok.com/@imjustbarbs/video/7652379521559137566,True,C05;C06,style_filter,"Specific shape, color, logo, practicality or taste evaluation; useful style boundary, not a demographic or evidence of creator agreement.",False
Q360,ttc:7652646097022862111,tt:7652379521559137566,63,https://www.tiktok.com/@imjustbarbs/video/7652379521559137566,True,C05;C06,style_filter,"Specific shape, color, logo, practicality or taste evaluation; useful style boundary, not a demographic or evidence of creator agreement.",False
Q361,igc:18105497774096520,ig:DaLPP4XsxGe,64,https://www.instagram.com/p/DaLPP4XsxGe/c/18105497774096520,True,C05;C06,weak,Praises video aesthetics or outfit confidence; weaker than a direct handbag motive and possible engagement-style wording.,False
Q362,igc:17908736892428237,ig:DaLPP4XsxGe,64,https://www.instagram.com/p/DaLPP4XsxGe/c/17908736892428237,True,C05;C06,weak,Praises video aesthetics or outfit confidence; weaker than a direct handbag motive and possible engagement-style wording.,False
Q363,igc:18075729992659100,ig:DaLPP4XsxGe,64,https://www.instagram.com/p/DaLPP4XsxGe/c/18075729992659100,True,C06,support_or_style_signal,"Specific visual attraction to color, finish, shape, texture or personalization; generic/promotion-like examples are weaker than self-reported choice. Q165 has possible promotional language.",False
Q364,igc:18085769498417112,ig:DaLPP4XsxGe,64,https://www.instagram.com/p/DaLPP4XsxGe/c/18085769498417112,True,C06,support_or_style_signal,"Specific visual attraction to color, finish, shape, texture or personalization; generic/promotion-like examples are weaker than self-reported choice. Q165 has possible promotional language.",False
Q365,igc:17935124346292006,ig:DaLPP4XsxGe,64,https://www.instagram.com/p/DaLPP4XsxGe/c/17935124346292006,True,C06,support_or_style_signal,"Specific visual attraction to color, finish, shape, texture or personalization; generic/promotion-like examples are weaker than self-reported choice. Q165 has possible promotional language.",False
Q366,igc:18132540943537072,ig:DaLPP4XsxGe,64,https://www.instagram.com/p/DaLPP4XsxGe/c/18132540943537072,True,C06,support_or_style_signal,"Specific visual attraction to color, finish, shape, texture or personalization; generic/promotion-like examples are weaker than self-reported choice. Q165 has possible promotional language.",False
Q367,igc:17938158663071947,ig:DaLPP4XsxGe,64,https://www.instagram.com/p/DaLPP4XsxGe/c/17938158663071947,True,C06,support_or_style_signal,"Specific visual attraction to color, finish, shape, texture or personalization; generic/promotion-like examples are weaker than self-reported choice. Q165 has possible promotional language.",False
Q368,igc:18126293260731279,ig:DaLPP4XsxGe,64,https://www.instagram.com/p/DaLPP4XsxGe/c/18126293260731279,True,C06,support_or_style_signal,"Specific visual attraction to color, finish, shape, texture or personalization; generic/promotion-like examples are weaker than self-reported choice. Q165 has possible promotional language.",False
Q369,igc:17929355154347611,ig:DaLPP4XsxGe,64,https://www.instagram.com/p/DaLPP4XsxGe/c/17929355154347611,True,,transaction_only,"Product link, size, identity, shipping or purchase question; does not establish a new persona.",False
Q370,igc:18084548477681364,ig:Dcq__agouAR,65,https://www.instagram.com/p/Dcq__agouAR/c/18084548477681364,True,C12,destination_shopping,Destination prices or purchase logistics; adjacent to a travel-memory cohort but not proof of sentimental motive or pre-departure purchase.,False
Q371,igc:17872102800634539,ig:Dcq__agouAR,65,https://www.instagram.com/p/Dcq__agouAR/c/17872102800634539,True,C02,resale_value_context,"Seeking designer value, resale or transaction information; some want the original label. Replica/factory allegations are not facts or proof of switching intent.",False
Q372,igc:18621621028032026,ig:Dcq__agouAR,65,https://www.instagram.com/p/Dcq__agouAR/c/18621621028032026,True,C02,resale_value_context,"Seeking designer value, resale or transaction information; some want the original label. Replica/factory allegations are not facts or proof of switching intent.",False
Q373,igc:18130435111657398,ig:Dcq__agouAR,65,https://www.instagram.com/p/Dcq__agouAR/c/18130435111657398,True,C02,resale_value_context,"Seeking designer value, resale or transaction information; some want the original label. Replica/factory allegations are not facts or proof of switching intent.",False
Q374,igc:18409563076086529,ig:Dcq__agouAR,65,https://www.instagram.com/p/Dcq__agouAR/c/18409563076086529,True,C02,resale_value_context,"Seeking designer value, resale or transaction information; some want the original label. Replica/factory allegations are not facts or proof of switching intent.",False
Q375,igc:18373046566211007,ig:Dcq__agouAR,65,https://www.instagram.com/p/Dcq__agouAR/c/18373046566211007,True,,transaction_only,"Product link, size, identity, shipping or purchase question; does not establish a new persona.",False
Q376,igc:18094061111388320,ig:Dcq__agouAR,65,https://www.instagram.com/p/Dcq__agouAR/c/18094061111388320,True,C02,resale_value_context,"Seeking designer value, resale or transaction information; some want the original label. Replica/factory allegations are not facts or proof of switching intent.",False
Q377,igc:18146704165546396,ig:Dcq__agouAR,65,https://www.instagram.com/p/Dcq__agouAR/c/18146704165546396,True,C02,resale_value_context,"Seeking designer value, resale or transaction information; some want the original label. Replica/factory allegations are not facts or proof of switching intent.",False
Q378,igc:17974987691918608,ig:Dcq__agouAR,65,https://www.instagram.com/p/Dcq__agouAR/c/17974987691918608,True,C15,support,"Interest in men’s bags, styling, first purchase or acceptance. Identity and job details apply only where explicitly stated.",False
Q379,ttc:7639914009735021325,tt:7639552753609510158,66,https://www.tiktok.com/@moniiicamendoza/video/7639552753609510158,True,C17,wish_context,Product already on a wishlist; possible collection interest without a distinct reason.,False
Q380,ttc:7640998074589414175,tt:7639552753609510158,66,https://www.tiktok.com/@moniiicamendoza/video/7639552753609510158,True,C12,support,"Travel purchase, memory, place-of-making preference or attraction to the shopping experience; transfer to an online Velantra purchase is uncertain.",False
Q381,ttc:7640126305887634190,tt:7639552753609510158,66,https://www.tiktok.com/@moniiicamendoza/video/7639552753609510158,True,C12,destination_shopping,Destination prices or purchase logistics; adjacent to a travel-memory cohort but not proof of sentimental motive or pre-departure purchase.,False
Q382,ttc:7651735953140876046,tt:7639552753609510158,66,https://www.tiktok.com/@moniiicamendoza/video/7639552753609510158,True,C12,destination_shopping,Destination prices or purchase logistics; adjacent to a travel-memory cohort but not proof of sentimental motive or pre-departure purchase.,False
Q383,ttc:7639833385544876813,tt:7639552753609510158,66,https://www.tiktok.com/@moniiicamendoza/video/7639552753609510158,True,C18,limited_context,"Destination, timing or seasonal purchase context. Some may be shopping at the destination; narrower pre-trip handbag motive remains unproven.",False
Q384,ttc:7641464958417617694,tt:7639552753609510158,66,https://www.tiktok.com/@moniiicamendoza/video/7639552753609510158,True,C17,support,"Collection ownership, pleasure, an additional purchase or distinct occasion/style roles. Buying for use and buying for financial investment are different.",False
Q385,ttc:7641237166002406175,tt:7639552753609510158,66,https://www.tiktok.com/@moniiicamendoza/video/7639552753609510158,True,C12,destination_shopping,Destination prices or purchase logistics; adjacent to a travel-memory cohort but not proof of sentimental motive or pre-departure purchase.,False
Q386,ttc:7639554564148347661,tt:7639552753609510158,66,https://www.tiktok.com/@moniiicamendoza/video/7639552753609510158,True,,limited_or_transaction_signal,"Product admiration, recommendation, ownership, wish or transaction interest without enough independent motive to create another cohort; consult full context before use. Some could support an existing card secondarily.",False
Q387,ttc:7641205387291296542,tt:7639552753609510158,66,https://www.tiktok.com/@moniiicamendoza/video/7639552753609510158,True,C12,destination_shopping,Destination prices or purchase logistics; adjacent to a travel-memory cohort but not proof of sentimental motive or pre-departure purchase.,False
Q388,igc:18207522847368153,ig:DcRsKHHBW45,67,https://www.instagram.com/p/DcRsKHHBW45/c/18207522847368153,True,,context,"Style interview reactions, identity questions or social commentary; do not infer audience demographics or bag-buying motives.",False
Q389,igc:17954395404256304,ig:DcRsKHHBW45,67,https://www.instagram.com/p/DcRsKHHBW45/c/17954395404256304,True,,context,"Style interview reactions, identity questions or social commentary; do not infer audience demographics or bag-buying motives.",False
Q390,igc:18115017263050243,ig:DcRsKHHBW45,67,https://www.instagram.com/p/DcRsKHHBW45/c/18115017263050243,True,C19,limited_association;selected_anchor,Named character/celebrity style association without explicit imitation purchase. Both Blair comments share a parent post.,True
Q391,igc:18114359504167233,ig:DcRsKHHBW45,67,https://www.instagram.com/p/DcRsKHHBW45/c/18114359504167233,True,C05,support,Prioritizes personal style or the combination of bag and outfit; some entries are requests or critiques rather than completed purchases.,False
Q392,igc:18113562814815233,ig:DcRsKHHBW45,67,https://www.instagram.com/p/DcRsKHHBW45/c/18113562814815233,True,,context,"Style interview reactions, identity questions or social commentary; do not infer audience demographics or bag-buying motives.",False
Q393,igc:17958358820996844,ig:DcRsKHHBW45,67,https://www.instagram.com/p/DcRsKHHBW45/c/17958358820996844,True,,context,"Style interview reactions, identity questions or social commentary; do not infer audience demographics or bag-buying motives.",False
Q394,igc:17919947844429021,ig:DcRsKHHBW45,67,https://www.instagram.com/p/DcRsKHHBW45/c/17919947844429021,True,C05,support,Prioritizes personal style or the combination of bag and outfit; some entries are requests or critiques rather than completed purchases.,False
Q395,igc:18344759968270340,ig:DcRsKHHBW45,67,https://www.instagram.com/p/DcRsKHHBW45/c/18344759968270340,True,,context,"Style interview reactions, identity questions or social commentary; do not infer audience demographics or bag-buying motives.",False
Q396,igc:18133121857653846,ig:DcRsKHHBW45,67,https://www.instagram.com/p/DcRsKHHBW45/c/18133121857653846,True,,context,"Style interview reactions, identity questions or social commentary; do not infer audience demographics or bag-buying motives.",False
Q397,ttc:7659134286251148052,tt:7645168876275354900,68,https://www.tiktok.com/@elaandearth/video/7645168876275354900,True,C10,support,"Work, study or training requirements linked to style or an attractive carrying option. Product capability must be checked separately.",False
Q398,ttc:7655270987962057492,tt:7645168876275354900,68,https://www.tiktok.com/@elaandearth/video/7645168876275354900,True,C10,support,"Work, study or training requirements linked to style or an attractive carrying option. Product capability must be checked separately.",False
Q399,ttc:7655908108995117844,tt:7645168876275354900,68,https://www.tiktok.com/@elaandearth/video/7645168876275354900,True,C06,support_or_style_signal,"Specific visual attraction to color, finish, shape, texture or personalization; generic/promotion-like examples are weaker than self-reported choice. Q165 has possible promotional language.",False
Q400,ttc:7651150638949466900,tt:7645168876275354900,68,https://www.tiktok.com/@elaandearth/video/7645168876275354900,True,C14,gift_evidence;selected_anchor,"Gift intent, recipient reaction or giver report. Preserve negative outcomes and functional limitations; not all are gift-giver statements.",True
Q401,ttc:7650085265365680914,tt:7645168876275354900,68,https://www.tiktok.com/@elaandearth/video/7645168876275354900,True,C10,support;selected_anchor,"Work, study or training requirements linked to style or an attractive carrying option. Product capability must be checked separately.",True
Q402,ttc:7646304880441312007,tt:7645168876275354900,68,https://www.tiktok.com/@elaandearth/video/7645168876275354900,True,C05;C06,limited_social_reward,"Reports another person admiring the bag; category social-response evidence, not a promised Velantra outcome.",False
Q403,ttc:7652752408042078996,tt:7645168876275354900,68,https://www.tiktok.com/@elaandearth/video/7645168876275354900,True,,limited_or_transaction_signal,"Product admiration, recommendation, ownership, wish or transaction interest without enough independent motive to create another cohort; consult full context before use. Some could support an existing card secondarily.",False
Q404,ttc:7676411656125563664,tt:7645168876275354900,68,https://www.tiktok.com/@elaandearth/video/7645168876275354900,True,,exclude,Explicit PR-list request; possible creator/commercial motive rather than independent purchase evidence.,False
Q405,ttc:7665288163430171400,tt:7645168876275354900,68,https://www.tiktok.com/@elaandearth/video/7645168876275354900,True,C08;C10,support;selected_anchor,"Work, study or training requirements linked to style or an attractive carrying option. Product capability must be checked separately.",True
Q406,ttc:7658030794041688862,tt:7649444253394947342,69,https://www.tiktok.com/@bryannawozniak/video/7649444253394947342,True,C19,limited_association;selected_anchor,Named character/celebrity style association without explicit imitation purchase. Both Blair comments share a parent post.,True
Q407,ttc:7650683727232074510,tt:7649444253394947342,69,https://www.tiktok.com/@bryannawozniak/video/7649444253394947342,True,C12,destination_context,Price or shop context in Florence; not sufficient alone for a memory-driven buyer persona.,False
Q408,ttc:7657183201258341150,tt:7649444253394947342,69,https://www.tiktok.com/@bryannawozniak/video/7649444253394947342,True,C12,destination_context,Price or shop context in Florence; not sufficient alone for a memory-driven buyer persona.,False
Q409,ttc:7650217557282177823,tt:7649444253394947342,69,https://www.tiktok.com/@bryannawozniak/video/7649444253394947342,True,C06,support_or_style_signal,"Specific visual attraction to color, finish, shape, texture or personalization; generic/promotion-like examples are weaker than self-reported choice. Q165 has possible promotional language.",False
Q410,ttc:7649590969629016862,tt:7649444253394947342,69,https://www.tiktok.com/@bryannawozniak/video/7649444253394947342,True,C12,destination_context,Price or shop context in Florence; not sufficient alone for a memory-driven buyer persona.,False
Q411,ttc:7650722418013127438,tt:7649444253394947342,69,https://www.tiktok.com/@bryannawozniak/video/7649444253394947342,True,C12,support;selected_anchor,"Travel purchase, memory, place-of-making preference or attraction to the shopping experience; transfer to an online Velantra purchase is uncertain.",True
Q412,ttc:7650154158612644639,tt:7649444253394947342,69,https://www.tiktok.com/@bryannawozniak/video/7649444253394947342,True,C12,destination_context,Price or shop context in Florence; not sufficient alone for a memory-driven buyer persona.,False
Q413,ttc:7656217045130969886,tt:7649444253394947342,69,https://www.tiktok.com/@bryannawozniak/video/7649444253394947342,True,C12,destination_context,Price or shop context in Florence; not sufficient alone for a memory-driven buyer persona.,False
Q414,ttc:7668692694722364182,tt:7649444253394947342,69,https://www.tiktok.com/@bryannawozniak/video/7649444253394947342,True,,exclude,Seller or brand promotion; not independent consumer evidence.,False
Q415,igc:17870247158812316,ig:CpK_T9GqZ3b,70,https://www.instagram.com/p/CpK_T9GqZ3b/c/17870247158812316,True,C02,support,"Explicit budget pressure, price/access question or response to inaccessible luxury; not evidence of income or willingness to switch to Velantra.",False
Q416,igc:17976604178032371,ig:CpK_T9GqZ3b,70,https://www.instagram.com/p/CpK_T9GqZ3b/c/17976604178032371,True,C05;C06,style_filter,"Specific shape, color, logo, practicality or taste evaluation; useful style boundary, not a demographic or evidence of creator agreement.",False
Q417,igc:17882986721804889,ig:CpK_T9GqZ3b,70,https://www.instagram.com/p/CpK_T9GqZ3b/c/17882986721804889,True,C10,limited_requirement,Exaggerated humorous self-description about carrying many things; real packing capacity cannot be inferred.,False
Q418,igc:18049592774493749,ig:CpK_T9GqZ3b,70,https://www.instagram.com/p/CpK_T9GqZ3b/c/18049592774493749,True,,design_suggestion,Asks a designer to reinterpret shopping bags; suggestion rather than an established cohort.,False
Q419,igc:18056472913391649,ig:CpK_T9GqZ3b,70,https://www.instagram.com/p/CpK_T9GqZ3b/c/18056472913391649,True,,exclude,"Video count, appearance or sarcastic content reaction unrelated to a clear handbag choice.",False
Q420,igc:18094981036794301,ig:CpK_T9GqZ3b,70,https://www.instagram.com/p/CpK_T9GqZ3b/c/18094981036794301,True,,exclude,"Video count, appearance or sarcastic content reaction unrelated to a clear handbag choice.",False
Q421,igc:18210822184209673,ig:CpK_T9GqZ3b,70,https://www.instagram.com/p/CpK_T9GqZ3b/c/18210822184209673,True,,exclude,Seller or brand promotion; not independent consumer evidence.,False
Q422,igc:17858962184875253,ig:CpK_T9GqZ3b,70,https://www.instagram.com/p/CpK_T9GqZ3b/c/17858962184875253,True,,exclude,"Video count, appearance or sarcastic content reaction unrelated to a clear handbag choice.",False
Q423,igc:18276029770114483,ig:CpK_T9GqZ3b,70,https://www.instagram.com/p/CpK_T9GqZ3b/c/18276029770114483,True,C02,resale_value_context,"Seeking designer value, resale or transaction information; some want the original label. Replica/factory allegations are not facts or proof of switching intent.",False
Q424,igc:17982439688889349,ig:Dbdnok1ttWG,71,https://www.instagram.com/p/Dbdnok1ttWG/c/17982439688889349,True,,judgment_reaction,"Humor, ratings, disagreement or repeated creator wording. Some approval exists, but buying to gain male approval is not demonstrated.",False
Q425,igc:17986057998053297,ig:Dbdnok1ttWG,71,https://www.instagram.com/p/Dbdnok1ttWG/c/17986057998053297,True,,judgment_reaction,"Humor, ratings, disagreement or repeated creator wording. Some approval exists, but buying to gain male approval is not demonstrated.",False
Q426,igc:18411654910156271,ig:Dbdnok1ttWG,71,https://www.instagram.com/p/Dbdnok1ttWG/c/18411654910156271,True,,judgment_reaction,"Humor, ratings, disagreement or repeated creator wording. Some approval exists, but buying to gain male approval is not demonstrated.",False
Q427,igc:17876200446626656,ig:Dbdnok1ttWG,71,https://www.instagram.com/p/Dbdnok1ttWG/c/17876200446626656,True,,judgment_reaction,"Humor, ratings, disagreement or repeated creator wording. Some approval exists, but buying to gain male approval is not demonstrated.",False
Q428,igc:18109151405027361,ig:Dbdnok1ttWG,71,https://www.instagram.com/p/Dbdnok1ttWG/c/18109151405027361,True,,judgment_reaction,"Humor, ratings, disagreement or repeated creator wording. Some approval exists, but buying to gain male approval is not demonstrated.",False
Q429,igc:17906498034518376,ig:Dbdnok1ttWG,71,https://www.instagram.com/p/Dbdnok1ttWG/c/17906498034518376,True,,judgment_reaction,"Humor, ratings, disagreement or repeated creator wording. Some approval exists, but buying to gain male approval is not demonstrated.",False
Q430,igc:18463145827141958,ig:Dbdnok1ttWG,71,https://www.instagram.com/p/Dbdnok1ttWG/c/18463145827141958,True,C01;C04,boundary,Describes quiet-luxury distinctiveness as performative; low-logo styling does not guarantee positive reception.,False
Q431,igc:17897787807571484,ig:Dbdnok1ttWG,71,https://www.instagram.com/p/Dbdnok1ttWG/c/17897787807571484,True,C05;C06,style_filter,"Specific shape, color, logo, practicality or taste evaluation; useful style boundary, not a demographic or evidence of creator agreement.",False
Q432,igc:18017077796944862,ig:Dbdnok1ttWG,71,https://www.instagram.com/p/Dbdnok1ttWG/c/18017077796944862,True,C13,support,Defends a personally liked bag or freedom of choice against fashion rules; do not treat as agreement with the source creator.,False
Q433,igc:17852029089333365,ig:DEzlTFitiVD,72,https://www.instagram.com/p/DEzlTFitiVD/c/17852029089333365,True,,seller_history,Recalls the creator selling unique bags; not clean consumer evidence for a new buyer persona.,False
Q434,igc:18056153177506974,ig:DEzlTFitiVD,72,https://www.instagram.com/p/DEzlTFitiVD/c/18056153177506974,True,,transaction_only,"Product link, size, identity, shipping or purchase question; does not establish a new persona.",False
Q435,igc:18021348311643562,ig:DEzlTFitiVD,72,https://www.instagram.com/p/DEzlTFitiVD/c/18021348311643562,True,,limited_or_transaction_signal,"Product admiration, recommendation, ownership, wish or transaction interest without enough independent motive to create another cohort; consult full context before use. Some could support an existing card secondarily.",False
Q436,igc:18266124475248129,ig:DEzlTFitiVD,72,https://www.instagram.com/p/DEzlTFitiVD/c/18266124475248129,True,C17,support;selected_anchor,"Collection ownership, pleasure, an additional purchase or distinct occasion/style roles. Buying for use and buying for financial investment are different.",True
Q437,igc:18058395958939836,ig:DEzlTFitiVD,72,https://www.instagram.com/p/DEzlTFitiVD/c/18058395958939836,True,,seller_history,Recalls the creator selling unique bags; not clean consumer evidence for a new buyer persona.,False
Q438,igc:17943723446937395,ig:DEzlTFitiVD,72,https://www.instagram.com/p/DEzlTFitiVD/c/17943723446937395,True,,transaction_only,"Product link, size, identity, shipping or purchase question; does not establish a new persona.",False
Q439,igc:18486062563059134,ig:DEzlTFitiVD,72,https://www.instagram.com/p/DEzlTFitiVD/c/18486062563059134,True,,limited_or_transaction_signal,"Product admiration, recommendation, ownership, wish or transaction interest without enough independent motive to create another cohort; consult full context before use. Some could support an existing card secondarily.",False
Q440,igc:18055040945004729,ig:DEzlTFitiVD,72,https://www.instagram.com/p/DEzlTFitiVD/c/18055040945004729,True,C06,support_or_style_signal,"Specific visual attraction to color, finish, shape, texture or personalization; generic/promotion-like examples are weaker than self-reported choice. Q165 has possible promotional language.",False
Q441,igc:18030864719613611,ig:DEzlTFitiVD,72,https://www.instagram.com/p/DEzlTFitiVD/c/18030864719613611,True,,exclude,"Creator appearance or video-production praise, not a bag motivation.",False
Q442,igc:18113274508937967,ig:DakxW-YMug9,73,https://www.instagram.com/p/DakxW-YMug9/c/18113274508937967,True,C16,support,"Explicit animal-material avoidance or preference for vegan alternatives; product eligibility requires full composition, not appearance.",False
Q443,igc:18094585436570848,ig:DakxW-YMug9,73,https://www.instagram.com/p/DakxW-YMug9/c/18094585436570848,True,,limited_or_transaction_signal,"Product admiration, recommendation, ownership, wish or transaction interest without enough independent motive to create another cohort; consult full context before use. Some could support an existing card secondarily.",False
Q444,igc:17887691628417804,ig:DakxW-YMug9,73,https://www.instagram.com/p/DakxW-YMug9/c/17887691628417804,True,,limited_or_transaction_signal,"Product admiration, recommendation, ownership, wish or transaction interest without enough independent motive to create another cohort; consult full context before use. Some could support an existing card secondarily.",False
Q445,igc:17891024592578413,ig:DakxW-YMug9,73,https://www.instagram.com/p/DakxW-YMug9/c/17891024592578413,True,,limited_or_transaction_signal,"Product admiration, recommendation, ownership, wish or transaction interest without enough independent motive to create another cohort; consult full context before use. Some could support an existing card secondarily.",False
Q446,igc:18029809403835794,ig:DakxW-YMug9,73,https://www.instagram.com/p/DakxW-YMug9/c/18029809403835794,True,,limited_or_transaction_signal,"Product admiration, recommendation, ownership, wish or transaction interest without enough independent motive to create another cohort; consult full context before use. Some could support an existing card secondarily.",False
Q447,igc:17939868636272815,ig:DakxW-YMug9,73,https://www.instagram.com/p/DakxW-YMug9/c/17939868636272815,True,C06,support_or_style_signal;selected_anchor,"Specific visual attraction to color, finish, shape, texture or personalization; generic/promotion-like examples are weaker than self-reported choice. Q165 has possible promotional language.",True
Q448,igc:18123054169772414,ig:DakxW-YMug9,73,https://www.instagram.com/p/DakxW-YMug9/c/18123054169772414,True,,limited_or_transaction_signal,"Product admiration, recommendation, ownership, wish or transaction interest without enough independent motive to create another cohort; consult full context before use. Some could support an existing card secondarily.",False
Q449,igc:18113966278727431,ig:DakxW-YMug9,73,https://www.instagram.com/p/DakxW-YMug9/c/18113966278727431,True,,limited_or_transaction_signal,"Product admiration, recommendation, ownership, wish or transaction interest without enough independent motive to create another cohort; consult full context before use. Some could support an existing card secondarily.",False
Q450,igc:17861464692661160,ig:DakxW-YMug9,73,https://www.instagram.com/p/DakxW-YMug9/c/17861464692661160,True,,limited_or_transaction_signal,"Product admiration, recommendation, ownership, wish or transaction interest without enough independent motive to create another cohort; consult full context before use. Some could support an existing card secondarily.",False
Q451,ttc:7617141513319383839,tt:7616492357252287757,74,https://www.tiktok.com/@native.handbags/video/7616492357252287757,True,,boundary,Challenges a handmade-versus-luxury premise; no manufacturing claims are verified by this comment.,False
Q452,ttc:7616750338573665037,tt:7616492357252287757,74,https://www.tiktok.com/@native.handbags/video/7616492357252287757,True,C02,support,"Explicit budget pressure, price/access question or response to inaccessible luxury; not evidence of income or willingness to switch to Velantra.",False
Q453,ttc:7616747412253934349,tt:7616492357252287757,74,https://www.tiktok.com/@native.handbags/video/7616492357252287757,True,,limited_or_transaction_signal,"Product admiration, recommendation, ownership, wish or transaction interest without enough independent motive to create another cohort; consult full context before use. Some could support an existing card secondarily.",False
Q454,ttc:7616510753633960718,tt:7616492357252287757,74,https://www.tiktok.com/@native.handbags/video/7616492357252287757,True,C05;C06,style_filter,"Specific shape, color, logo, practicality or taste evaluation; useful style boundary, not a demographic or evidence of creator agreement.",False
Q455,ttc:7616960636526822162,tt:7616492357252287757,74,https://www.tiktok.com/@native.handbags/video/7616492357252287757,True,C03,qualified_value_context,Designer-overrated opinion or agreement under a small-maker post; no personal designer-exit history established.,False
Q456,ttc:7616682774452142878,tt:7616492357252287757,74,https://www.tiktok.com/@native.handbags/video/7616492357252287757,True,C03,qualified_value_context,Designer-overrated opinion or agreement under a small-maker post; no personal designer-exit history established.,False
Q457,ttc:7616520097201439501,tt:7616492357252287757,74,https://www.tiktok.com/@native.handbags/video/7616492357252287757,True,,limited_or_transaction_signal,"Product admiration, recommendation, ownership, wish or transaction interest without enough independent motive to create another cohort; consult full context before use. Some could support an existing card secondarily.",False
Q458,ttc:7617539668514538271,tt:7616492357252287757,74,https://www.tiktok.com/@native.handbags/video/7616492357252287757,True,,limited_or_transaction_signal,"Product admiration, recommendation, ownership, wish or transaction interest without enough independent motive to create another cohort; consult full context before use. Some could support an existing card secondarily.",False
Q459,ttc:7616754348299879198,tt:7616492357252287757,74,https://www.tiktok.com/@native.handbags/video/7616492357252287757,True,,limited_or_transaction_signal,"Product admiration, recommendation, ownership, wish or transaction interest without enough independent motive to create another cohort; consult full context before use. Some could support an existing card secondarily.",False
Q460,ttc:7678535417193513741,tt:7676645924118007070,75,https://www.tiktok.com/@britt.rae2/video/7676645924118007070,True,C09,support_or_requirement,"Material, construction, surface-care or durability evaluation. Alleged quality failures are unverified and concern the referenced category product.",False
Q461,ttc:7677328283286045454,tt:7676645924118007070,75,https://www.tiktok.com/@britt.rae2/video/7676645924118007070,True,C02,support,"Explicit budget pressure, price/access question or response to inaccessible luxury; not evidence of income or willingness to switch to Velantra.",False
Q462,ttc:7679423261076259614,tt:7676645924118007070,75,https://www.tiktok.com/@britt.rae2/video/7676645924118007070,True,C14,gift_evidence;selected_anchor,"Gift intent, recipient reaction or giver report. Preserve negative outcomes and functional limitations; not all are gift-giver statements.",True
Q463,ttc:7677053792344408863,tt:7676645924118007070,75,https://www.tiktok.com/@britt.rae2/video/7676645924118007070,True,,decision_condition,"Stock, delivery, policy, checkout, website or shipping issue; no persona assigned merely from the complaint/request.",False
Q464,ttc:7680000733781459743,tt:7676645924118007070,75,https://www.tiktok.com/@britt.rae2/video/7676645924118007070,True,,transaction_only,"Product link, size, identity, shipping or purchase question; does not establish a new persona.",False
Q465,ttc:7677060208607429406,tt:7676645924118007070,75,https://www.tiktok.com/@britt.rae2/video/7676645924118007070,True,,transaction_only,"Product link, size, identity, shipping or purchase question; does not establish a new persona.",False
Q466,ttc:7676900110903247629,tt:7676645924118007070,75,https://www.tiktok.com/@britt.rae2/video/7676645924118007070,True,,transaction_only,"Product link, size, identity, shipping or purchase question; does not establish a new persona.",False
Q467,ttc:7680818999677043486,tt:7676645924118007070,75,https://www.tiktok.com/@britt.rae2/video/7676645924118007070,True,,transaction_only,"Product link, size, identity, shipping or purchase question; does not establish a new persona.",False
Q468,ttc:7676970219587748621,tt:7676645924118007070,75,https://www.tiktok.com/@britt.rae2/video/7676645924118007070,True,,decision_condition,"Stock, delivery, policy, checkout, website or shipping issue; no persona assigned merely from the complaint/request.",False
Q469,igc:17894554371467390,ig:DX93093O4y2,76,https://www.instagram.com/p/DX93093O4y2/c/17894554371467390,True,,limited_or_transaction_signal,"Product admiration, recommendation, ownership, wish or transaction interest without enough independent motive to create another cohort; consult full context before use. Some could support an existing card secondarily.",False
Q470,igc:18405761971153637,ig:DX93093O4y2,76,https://www.instagram.com/p/DX93093O4y2/c/18405761971153637,True,,limited_or_transaction_signal,"Product admiration, recommendation, ownership, wish or transaction interest without enough independent motive to create another cohort; consult full context before use. Some could support an existing card secondarily.",False
Q471,igc:17987345060843060,ig:DX93093O4y2,76,https://www.instagram.com/p/DX93093O4y2/c/17987345060843060,True,C17,support,"Collection ownership, pleasure, an additional purchase or distinct occasion/style roles. Buying for use and buying for financial investment are different.",False
Q472,igc:17871010074565754,ig:DX93093O4y2,76,https://www.instagram.com/p/DX93093O4y2/c/17871010074565754,True,C11,proof_request,"Asks to see normal-speed packing, a useful evidence request rather than a persona.",False
Q473,igc:18315595408273094,ig:DX93093O4y2,76,https://www.instagram.com/p/DX93093O4y2/c/18315595408273094,True,C02;C03,boundary,Defends expensive luggage and rejects compromise; cannot assume all viewers want a lower price.,False
Q474,igc:17890329570409166,ig:DX93093O4y2,76,https://www.instagram.com/p/DX93093O4y2/c/17890329570409166,True,,exclude,"Creator appearance or video-production praise, not a bag motivation.",False
Q475,igc:18107378899770683,ig:DX93093O4y2,76,https://www.instagram.com/p/DX93093O4y2/c/18107378899770683,True,,limited_or_transaction_signal,"Product admiration, recommendation, ownership, wish or transaction interest without enough independent motive to create another cohort; consult full context before use. Some could support an existing card secondarily.",False
Q476,igc:18212088046354091,ig:DX93093O4y2,76,https://www.instagram.com/p/DX93093O4y2/c/18212088046354091,True,C11,decision_condition,Weight-limit experience and modular packing/value critique; not current policy advice or evidence of Velantra capability.,False
Q477,igc:17959941348153373,ig:DX93093O4y2,76,https://www.instagram.com/p/DX93093O4y2/c/17959941348153373,True,C11,decision_condition,Weight-limit experience and modular packing/value critique; not current policy advice or evidence of Velantra capability.,False
Q478,igc:18073466468387092,ig:DUzgCcTE6zD,77,https://www.instagram.com/p/DUzgCcTE6zD/c/18073466468387092,True,C14,recipient_context,Gift/partner appreciation in audience language; not direct evidence of the giver decision or male approval as a motive. Some are Malay and not quoted in the cohort cards.,False
Q479,igc:18093474140293142,ig:DUzgCcTE6zD,77,https://www.instagram.com/p/DUzgCcTE6zD/c/18093474140293142,True,,context,"Brand list, well wishes, brand confusion or buying-location question; no clear new persona motive.",False
Q480,igc:17856459939567495,ig:DUzgCcTE6zD,77,https://www.instagram.com/p/DUzgCcTE6zD/c/17856459939567495,True,C14,recipient_context,Gift/partner appreciation in audience language; not direct evidence of the giver decision or male approval as a motive. Some are Malay and not quoted in the cohort cards.,False
Q481,igc:18069294923208502,ig:DUzgCcTE6zD,77,https://www.instagram.com/p/DUzgCcTE6zD/c/18069294923208502,True,C14,recipient_context,Gift/partner appreciation in audience language; not direct evidence of the giver decision or male approval as a motive. Some are Malay and not quoted in the cohort cards.,False
Q482,igc:17894028855408863,ig:DUzgCcTE6zD,77,https://www.instagram.com/p/DUzgCcTE6zD/c/17894028855408863,True,,context,"Brand list, well wishes, brand confusion or buying-location question; no clear new persona motive.",False
Q483,igc:18080189054201209,ig:DUzgCcTE6zD,77,https://www.instagram.com/p/DUzgCcTE6zD/c/18080189054201209,True,,context,"Brand list, well wishes, brand confusion or buying-location question; no clear new persona motive.",False
Q484,igc:17906779242178692,ig:DUzgCcTE6zD,77,https://www.instagram.com/p/DUzgCcTE6zD/c/17906779242178692,True,C19,adjacent_influence,"Malay clothing-purchase influence comment; adjacent creator influence, not handbag imitation evidence.",False
Q485,igc:17856663681612705,ig:DUzgCcTE6zD,77,https://www.instagram.com/p/DUzgCcTE6zD/c/17856663681612705,True,,context,"Brand list, well wishes, brand confusion or buying-location question; no clear new persona motive.",False
Q486,igc:17963757729029021,ig:DUzgCcTE6zD,77,https://www.instagram.com/p/DUzgCcTE6zD/c/17963757729029021,True,,context,"Brand list, well wishes, brand confusion or buying-location question; no clear new persona motive.",False
Q487,igc:18087524476653138,ig:DHn-pONT1xi,78,https://www.instagram.com/p/DHn-pONT1xi/c/18087524476653138,True,C03,qualified_value_context,"Contains spending/value criticism but also replicas, manufacture assertions or broader values. Preserve the full context and treat allegations as unverified.",False
Q488,igc:18036556469334732,ig:DHn-pONT1xi,78,https://www.instagram.com/p/DHn-pONT1xi/c/18036556469334732,True,C03,qualified_value_context,"Contains spending/value criticism but also replicas, manufacture assertions or broader values. Preserve the full context and treat allegations as unverified.",False
Q489,igc:17908834509206131,ig:DHn-pONT1xi,78,https://www.instagram.com/p/DHn-pONT1xi/c/17908834509206131,True,,limited_or_transaction_signal,"Product admiration, recommendation, ownership, wish or transaction interest without enough independent motive to create another cohort; consult full context before use. Some could support an existing card secondarily.",False
Q490,igc:18067820603072956,ig:DHn-pONT1xi,78,https://www.instagram.com/p/DHn-pONT1xi/c/18067820603072956,True,C03,qualified_value_context,"Contains spending/value criticism but also replicas, manufacture assertions or broader values. Preserve the full context and treat allegations as unverified.",False
Q491,igc:18117179008604547,ig:DHn-pONT1xi,78,https://www.instagram.com/p/DHn-pONT1xi/c/18117179008604547,True,C03,qualified_value_context,"Contains spending/value criticism but also replicas, manufacture assertions or broader values. Preserve the full context and treat allegations as unverified.",False
Q492,igc:18079676873513768,ig:DHn-pONT1xi,78,https://www.instagram.com/p/DHn-pONT1xi/c/18079676873513768,True,,limited_or_transaction_signal,"Product admiration, recommendation, ownership, wish or transaction interest without enough independent motive to create another cohort; consult full context before use. Some could support an existing card secondarily.",False
Q493,igc:18206229547312836,ig:DHn-pONT1xi,78,https://www.instagram.com/p/DHn-pONT1xi/c/18206229547312836,True,,decision_condition,"Stock, delivery, policy, checkout, website or shipping issue; no persona assigned merely from the complaint/request.",False
Q494,igc:18012390296852636,ig:DHn-pONT1xi,78,https://www.instagram.com/p/DHn-pONT1xi/c/18012390296852636,True,C03,qualified_value_context,"Contains spending/value criticism but also replicas, manufacture assertions or broader values. Preserve the full context and treat allegations as unverified.",False
Q495,igc:18025305809759969,ig:DHn-pONT1xi,78,https://www.instagram.com/p/DHn-pONT1xi/c/18025305809759969,True,,decision_condition,"Stock, delivery, policy, checkout, website or shipping issue; no persona assigned merely from the complaint/request.",False
Q496,igc:18114913937471412,ig:DbNghyXMTzl,79,https://www.instagram.com/p/DbNghyXMTzl/c/18114913937471412,True,,limited_or_transaction_signal,"Product admiration, recommendation, ownership, wish or transaction interest without enough independent motive to create another cohort; consult full context before use. Some could support an existing card secondarily.",False
Q497,igc:18110353594861238,ig:DbNghyXMTzl,79,https://www.instagram.com/p/DbNghyXMTzl/c/18110353594861238,True,,context,"Hypothetical bag-versus-partner choices, insults and resale jokes; no verified gifting, investment or male-approval cohort.",False
Q498,igc:18141367480549822,ig:DbNghyXMTzl,79,https://www.instagram.com/p/DbNghyXMTzl/c/18141367480549822,True,,context,"Hypothetical bag-versus-partner choices, insults and resale jokes; no verified gifting, investment or male-approval cohort.",False
Q499,igc:17873435562572880,ig:DbNghyXMTzl,79,https://www.instagram.com/p/DbNghyXMTzl/c/17873435562572880,True,,context,"Hypothetical bag-versus-partner choices, insults and resale jokes; no verified gifting, investment or male-approval cohort.",False
Q500,igc:18275954896289560,ig:DbNghyXMTzl,79,https://www.instagram.com/p/DbNghyXMTzl/c/18275954896289560,True,,context,"Hypothetical bag-versus-partner choices, insults and resale jokes; no verified gifting, investment or male-approval cohort.",False
Q501,igc:18621488020041968,ig:DbNghyXMTzl,79,https://www.instagram.com/p/DbNghyXMTzl/c/18621488020041968,True,,context,"Hypothetical bag-versus-partner choices, insults and resale jokes; no verified gifting, investment or male-approval cohort.",False
Q502,igc:18165943678462824,ig:DbNghyXMTzl,79,https://www.instagram.com/p/DbNghyXMTzl/c/18165943678462824,True,,context,"Hypothetical bag-versus-partner choices, insults and resale jokes; no verified gifting, investment or male-approval cohort.",False
Q503,igc:18030273380672622,ig:DbNghyXMTzl,79,https://www.instagram.com/p/DbNghyXMTzl/c/18030273380672622,True,,context,"Hypothetical bag-versus-partner choices, insults and resale jokes; no verified gifting, investment or male-approval cohort.",False
Q504,igc:18105287368899667,ig:DbNghyXMTzl,79,https://www.instagram.com/p/DbNghyXMTzl/c/18105287368899667,True,,limited_or_transaction_signal,"Product admiration, recommendation, ownership, wish or transaction interest without enough independent motive to create another cohort; consult full context before use. Some could support an existing card secondarily.",False
Q505,igc:17968507482152256,ig:DcluoTsM_lV,80,https://www.instagram.com/p/DcluoTsM_lV/c/17968507482152256,True,,unverified_claim,Generalizes about expensive luggage owners flying private/first; do not infer income or travel behavior.,False
Q506,igc:18121308374504148,ig:DcluoTsM_lV,80,https://www.instagram.com/p/DcluoTsM_lV/c/18121308374504148,True,,adjacent_or_generic,"Candles, shoes, clothing or general content reaction; not handbag-specific persona evidence.",False
Q507,igc:18070098731727607,ig:DcluoTsM_lV,80,https://www.instagram.com/p/DcluoTsM_lV/c/18070098731727607,True,,adjacent_or_generic,"Candles, shoes, clothing or general content reaction; not handbag-specific persona evidence.",False
Q508,igc:18134398585620968,ig:DcluoTsM_lV,80,https://www.instagram.com/p/DcluoTsM_lV/c/18134398585620968,True,C15,support,"Interest in men’s bags, styling, first purchase or acceptance. Identity and job details apply only where explicitly stated.",False
Q509,igc:18107654957138621,ig:DcluoTsM_lV,80,https://www.instagram.com/p/DcluoTsM_lV/c/18107654957138621,True,C11,security_concern,Belief that conspicuous expensive luggage attracts theft; no factual theft reduction claim is supported.,False
Q510,igc:18010602539951719,ig:DcluoTsM_lV,80,https://www.instagram.com/p/DcluoTsM_lV/c/18010602539951719,True,,adjacent_or_generic,"Candles, shoes, clothing or general content reaction; not handbag-specific persona evidence.",False
Q511,igc:18108690835871700,ig:DcluoTsM_lV,80,https://www.instagram.com/p/DcluoTsM_lV/c/18108690835871700,True,,adjacent_or_generic,"Candles, shoes, clothing or general content reaction; not handbag-specific persona evidence.",False
Q512,igc:17927173842167494,ig:DcluoTsM_lV,80,https://www.instagram.com/p/DcluoTsM_lV/c/17927173842167494,True,,adjacent_or_generic,"Candles, shoes, clothing or general content reaction; not handbag-specific persona evidence.",False
Q513,igc:18184165594411906,ig:DcluoTsM_lV,80,https://www.instagram.com/p/DcluoTsM_lV/c/18184165594411906,True,,adjacent_or_generic,"Candles, shoes, clothing or general content reaction; not handbag-specific persona evidence.",False
Q514,igc:17965665790888401,ig:Chxve5QLpzz,81,https://www.instagram.com/p/Chxve5QLpzz/c/17965665790888401,True,C06,support_or_style_signal,"Specific visual attraction to color, finish, shape, texture or personalization; generic/promotion-like examples are weaker than self-reported choice. Q165 has possible promotional language.",False
Q515,igc:17984133796602877,ig:Chxve5QLpzz,81,https://www.instagram.com/p/Chxve5QLpzz/c/17984133796602877,True,C06,support_or_style_signal,"Specific visual attraction to color, finish, shape, texture or personalization; generic/promotion-like examples are weaker than self-reported choice. Q165 has possible promotional language.",False
Q516,igc:17947982327319719,ig:Chxve5QLpzz,81,https://www.instagram.com/p/Chxve5QLpzz/c/17947982327319719,True,C06,support_or_style_signal,"Specific visual attraction to color, finish, shape, texture or personalization; generic/promotion-like examples are weaker than self-reported choice. Q165 has possible promotional language.",False
Q517,igc:17927814722370429,ig:Chxve5QLpzz,81,https://www.instagram.com/p/Chxve5QLpzz/c/17927814722370429,True,,limited_or_transaction_signal,"Product admiration, recommendation, ownership, wish or transaction interest without enough independent motive to create another cohort; consult full context before use. Some could support an existing card secondarily.",False
Q518,igc:17984786314586318,ig:Chxve5QLpzz,81,https://www.instagram.com/p/Chxve5QLpzz/c/17984786314586318,True,,humor,Joke about a thrift filming scenario; not purchase evidence.,False
Q519,igc:17977777960730506,ig:Chxve5QLpzz,81,https://www.instagram.com/p/Chxve5QLpzz/c/17977777960730506,True,,limited_or_transaction_signal,"Product admiration, recommendation, ownership, wish or transaction interest without enough independent motive to create another cohort; consult full context before use. Some could support an existing card secondarily.",False
Q520,igc:17937246161366935,ig:Chxve5QLpzz,81,https://www.instagram.com/p/Chxve5QLpzz/c/17937246161366935,True,C06,support_or_style_signal,"Specific visual attraction to color, finish, shape, texture or personalization; generic/promotion-like examples are weaker than self-reported choice. Q165 has possible promotional language.",False
Q521,igc:17967511348846703,ig:Chxve5QLpzz,81,https://www.instagram.com/p/Chxve5QLpzz/c/17967511348846703,True,C06,support_or_style_signal,"Specific visual attraction to color, finish, shape, texture or personalization; generic/promotion-like examples are weaker than self-reported choice. Q165 has possible promotional language.",False
Q522,igc:18165878827279836,ig:Chxve5QLpzz,81,https://www.instagram.com/p/Chxve5QLpzz/c/18165878827279836,True,C06,support_or_style_signal,"Specific visual attraction to color, finish, shape, texture or personalization; generic/promotion-like examples are weaker than self-reported choice. Q165 has possible promotional language.",False
Q523,igc:17964749127178666,ig:DU9KqzjDH7Y,82,https://www.instagram.com/p/DU9KqzjDH7Y/c/17964749127178666,True,,language_preference,"Objects to personifying bags; useful voice preference, not a buyer cohort.",False
Q524,igc:18611602135025189,ig:DU9KqzjDH7Y,82,https://www.instagram.com/p/DU9KqzjDH7Y/c/18611602135025189,True,,decision_condition,"Stock, delivery, policy, checkout, website or shipping issue; no persona assigned merely from the complaint/request.",False
Q525,igc:18118991971883534,ig:DU9KqzjDH7Y,82,https://www.instagram.com/p/DU9KqzjDH7Y/c/18118991971883534,True,,decision_condition,"Stock, delivery, policy, checkout, website or shipping issue; no persona assigned merely from the complaint/request.",False
Q526,igc:18090136439305294,ig:DU9KqzjDH7Y,82,https://www.instagram.com/p/DU9KqzjDH7Y/c/18090136439305294,True,,limited_or_transaction_signal,"Product admiration, recommendation, ownership, wish or transaction interest without enough independent motive to create another cohort; consult full context before use. Some could support an existing card secondarily.",False
Q527,igc:18116427778914662,ig:DU9KqzjDH7Y,82,https://www.instagram.com/p/DU9KqzjDH7Y/c/18116427778914662,True,,decision_condition,"Stock, delivery, policy, checkout, website or shipping issue; no persona assigned merely from the complaint/request.",False
Q528,igc:17941077771349022,ig:DU9KqzjDH7Y,82,https://www.instagram.com/p/DU9KqzjDH7Y/c/17941077771349022,True,,limited_or_transaction_signal,"Product admiration, recommendation, ownership, wish or transaction interest without enough independent motive to create another cohort; consult full context before use. Some could support an existing card secondarily.",False
Q529,igc:18024698492886848,ig:DU9KqzjDH7Y,82,https://www.instagram.com/p/DU9KqzjDH7Y/c/18024698492886848,True,,trust_condition,Questions repetitive praise and actual ownership; do not treat all positive comments as verified reviews.,False
Q530,igc:18151422889511995,ig:DU9KqzjDH7Y,82,https://www.instagram.com/p/DU9KqzjDH7Y/c/18151422889511995,True,,limited_or_transaction_signal,"Product admiration, recommendation, ownership, wish or transaction interest without enough independent motive to create another cohort; consult full context before use. Some could support an existing card secondarily.",False
Q531,igc:17990959937825087,ig:DU9KqzjDH7Y,82,https://www.instagram.com/p/DU9KqzjDH7Y/c/17990959937825087,True,,trust_condition,Questions repetitive praise and actual ownership; do not treat all positive comments as verified reviews.,False
Q532,igc:18095247533563003,ig:Da8Z4g3MwcJ,83,https://www.instagram.com/p/Da8Z4g3MwcJ/c/18095247533563003,True,,exclude,Unrelated religious passage; no handbag persona inferred.,False
Q533,igc:18018897245920473,ig:Da8Z4g3MwcJ,83,https://www.instagram.com/p/Da8Z4g3MwcJ/c/18018897245920473,True,,limited_or_transaction_signal,"Product admiration, recommendation, ownership, wish or transaction interest without enough independent motive to create another cohort; consult full context before use. Some could support an existing card secondarily.",False
Q534,igc:18136315231626125,ig:Da8Z4g3MwcJ,83,https://www.instagram.com/p/Da8Z4g3MwcJ/c/18136315231626125,True,C01,support;selected_anchor,Restrained branding or admiration for composed elegance; style-interview praise is broader than a handbag purchase and does not prove wealth.,True
Q535,igc:18126167731768639,ig:Da8Z4g3MwcJ,83,https://www.instagram.com/p/Da8Z4g3MwcJ/c/18126167731768639,True,C01,support,Restrained branding or admiration for composed elegance; style-interview praise is broader than a handbag purchase and does not prove wealth.,False
Q536,igc:18126976243738188,ig:Da8Z4g3MwcJ,83,https://www.instagram.com/p/Da8Z4g3MwcJ/c/18126976243738188,True,C01,support,Restrained branding or admiration for composed elegance; style-interview praise is broader than a handbag purchase and does not prove wealth.,False
Q537,igc:18124024714856363,ig:Da8Z4g3MwcJ,83,https://www.instagram.com/p/Da8Z4g3MwcJ/c/18124024714856363,True,,context,Accent/name observation; no handbag buying motivation or verified class identity.,False
Q538,igc:18110203814137539,ig:Da8Z4g3MwcJ,83,https://www.instagram.com/p/Da8Z4g3MwcJ/c/18110203814137539,True,,limited_or_transaction_signal,"Product admiration, recommendation, ownership, wish or transaction interest without enough independent motive to create another cohort; consult full context before use. Some could support an existing card secondarily.",False
Q539,igc:18028194125684042,ig:Da8Z4g3MwcJ,83,https://www.instagram.com/p/Da8Z4g3MwcJ/c/18028194125684042,True,,context,Accent/name observation; no handbag buying motivation or verified class identity.,False
Q540,igc:18105255947248252,ig:Da8Z4g3MwcJ,83,https://www.instagram.com/p/Da8Z4g3MwcJ/c/18105255947248252,True,C01,support,Restrained branding or admiration for composed elegance; style-interview praise is broader than a handbag purchase and does not prove wealth.,False
Q541,igc:17873331441526319,ig:DZmq1zHAIp-,84,https://www.instagram.com/p/DZmq1zHAIp-/c/17873331441526319,True,C15,boundary,"Gendered resistance to men carrying the shown bag. Preserve as objection, not a demographic or sexuality inference.",False
Q542,igc:17969226993093516,ig:DZmq1zHAIp-,84,https://www.instagram.com/p/DZmq1zHAIp-/c/17969226993093516,True,C15,boundary,"Gendered resistance to men carrying the shown bag. Preserve as objection, not a demographic or sexuality inference.",False
Q543,igc:18180191071398976,ig:DZmq1zHAIp-,84,https://www.instagram.com/p/DZmq1zHAIp-/c/18180191071398976,True,C15,boundary,"Gendered resistance to men carrying the shown bag. Preserve as objection, not a demographic or sexuality inference.",False
Q544,igc:17959781945961479,ig:DZmq1zHAIp-,84,https://www.instagram.com/p/DZmq1zHAIp-/c/17959781945961479,True,C15,support,"Interest in men’s bags, styling, first purchase or acceptance. Identity and job details apply only where explicitly stated.",False
Q545,igc:18445144993187434,ig:DZmq1zHAIp-,84,https://www.instagram.com/p/DZmq1zHAIp-/c/18445144993187434,True,C15,boundary,"Gendered resistance to men carrying the shown bag. Preserve as objection, not a demographic or sexuality inference.",False
Q546,igc:18083175116549723,ig:DZmq1zHAIp-,84,https://www.instagram.com/p/DZmq1zHAIp-/c/18083175116549723,True,C15,support,"Interest in men’s bags, styling, first purchase or acceptance. Identity and job details apply only where explicitly stated.",False
Q547,igc:18470730961109526,ig:DZmq1zHAIp-,84,https://www.instagram.com/p/DZmq1zHAIp-/c/18470730961109526,True,C15,support,"Interest in men’s bags, styling, first purchase or acceptance. Identity and job details apply only where explicitly stated.",False
Q548,igc:18108090023063024,ig:DZmq1zHAIp-,84,https://www.instagram.com/p/DZmq1zHAIp-/c/18108090023063024,True,C15,support;selected_anchor,"Interest in men’s bags, styling, first purchase or acceptance. Identity and job details apply only where explicitly stated.",True
Q549,igc:17983380860862117,ig:DZmq1zHAIp-,84,https://www.instagram.com/p/DZmq1zHAIp-/c/17983380860862117,True,C10;C11,boundary,"Backpack preference, load, size or carrying-comfort objection. Do not assume every appearance-focused buyer accepts the tradeoff.",False
Q550,igc:18095252321130749,ig:DYXpZTYMt0W,85,https://www.instagram.com/p/DYXpZTYMt0W/c/18095252321130749,True,C05;C10,limited_context,Content praise or visual capacity reaction; no tested capacity and no full purchase motive. Product/creator engagement may influence wording.,False
Q551,igc:17947909577998944,ig:DYXpZTYMt0W,85,https://www.instagram.com/p/DYXpZTYMt0W/c/17947909577998944,True,C05;C10,limited_context,Content praise or visual capacity reaction; no tested capacity and no full purchase motive. Product/creator engagement may influence wording.,False
Q552,igc:18109224565907361,ig:DYXpZTYMt0W,85,https://www.instagram.com/p/DYXpZTYMt0W/c/18109224565907361,True,C05;C10,limited_context,Content praise or visual capacity reaction; no tested capacity and no full purchase motive. Product/creator engagement may influence wording.,False
Q553,igc:18092369990223878,ig:DYXpZTYMt0W,85,https://www.instagram.com/p/DYXpZTYMt0W/c/18092369990223878,True,,limited_or_transaction_signal,"Product admiration, recommendation, ownership, wish or transaction interest without enough independent motive to create another cohort; consult full context before use. Some could support an existing card secondarily.",False
Q554,igc:18101071070514814,ig:DYXpZTYMt0W,85,https://www.instagram.com/p/DYXpZTYMt0W/c/18101071070514814,True,,limited_or_transaction_signal,"Product admiration, recommendation, ownership, wish or transaction interest without enough independent motive to create another cohort; consult full context before use. Some could support an existing card secondarily.",False
Q555,igc:17865361545625558,ig:DYXpZTYMt0W,85,https://www.instagram.com/p/DYXpZTYMt0W/c/17865361545625558,True,C05;C10,limited_context,Content praise or visual capacity reaction; no tested capacity and no full purchase motive. Product/creator engagement may influence wording.,False
Q556,igc:18067374629356829,ig:DYXpZTYMt0W,85,https://www.instagram.com/p/DYXpZTYMt0W/c/18067374629356829,True,,limited_or_transaction_signal,"Product admiration, recommendation, ownership, wish or transaction interest without enough independent motive to create another cohort; consult full context before use. Some could support an existing card secondarily.",False
Q557,igc:18080298467445948,ig:DYXpZTYMt0W,85,https://www.instagram.com/p/DYXpZTYMt0W/c/18080298467445948,True,C05;C10,limited_context,Content praise or visual capacity reaction; no tested capacity and no full purchase motive. Product/creator engagement may influence wording.,False
Q558,igc:18112519000699649,ig:DYXpZTYMt0W,85,https://www.instagram.com/p/DYXpZTYMt0W/c/18112519000699649,True,C05;C10,limited_context,Content praise or visual capacity reaction; no tested capacity and no full purchase motive. Product/creator engagement may influence wording.,False
Q559,igc:18390771778178612,ig:DTXlDFdjCuv,86,https://www.instagram.com/p/DTXlDFdjCuv/c/18390771778178612,True,C06,support_or_style_signal,"Specific visual attraction to color, finish, shape, texture or personalization; generic/promotion-like examples are weaker than self-reported choice. Q165 has possible promotional language.",False
Q560,igc:17874613248415708,ig:DTXlDFdjCuv,86,https://www.instagram.com/p/DTXlDFdjCuv/c/17874613248415708,True,C06,support_or_style_signal,"Specific visual attraction to color, finish, shape, texture or personalization; generic/promotion-like examples are weaker than self-reported choice. Q165 has possible promotional language.",False
Q561,igc:17958502484900301,ig:DTXlDFdjCuv,86,https://www.instagram.com/p/DTXlDFdjCuv/c/17958502484900301,True,C02,support,"Explicit budget pressure, price/access question or response to inaccessible luxury; not evidence of income or willingness to switch to Velantra.",False
Q562,igc:18126578884525503,ig:DTXlDFdjCuv,86,https://www.instagram.com/p/DTXlDFdjCuv/c/18126578884525503,True,,limited_or_transaction_signal,"Product admiration, recommendation, ownership, wish or transaction interest without enough independent motive to create another cohort; consult full context before use. Some could support an existing card secondarily.",False
Q563,igc:18032664428762013,ig:DTXlDFdjCuv,86,https://www.instagram.com/p/DTXlDFdjCuv/c/18032664428762013,True,,weak,Style dislike or repeated rating/repurchase wording; do not assume a verified owner experience.,False
Q564,igc:18095637992506463,ig:DTXlDFdjCuv,86,https://www.instagram.com/p/DTXlDFdjCuv/c/18095637992506463,True,,weak,Style dislike or repeated rating/repurchase wording; do not assume a verified owner experience.,False
Q565,igc:17859143859528457,ig:DTXlDFdjCuv,86,https://www.instagram.com/p/DTXlDFdjCuv/c/17859143859528457,True,C06,support_or_style_signal,"Specific visual attraction to color, finish, shape, texture or personalization; generic/promotion-like examples are weaker than self-reported choice. Q165 has possible promotional language.",False
Q566,igc:18192344134340251,ig:DTXlDFdjCuv,86,https://www.instagram.com/p/DTXlDFdjCuv/c/18192344134340251,True,C06,support_or_style_signal,"Specific visual attraction to color, finish, shape, texture or personalization; generic/promotion-like examples are weaker than self-reported choice. Q165 has possible promotional language.",False
Q567,igc:17884845810342447,ig:DTXlDFdjCuv,86,https://www.instagram.com/p/DTXlDFdjCuv/c/17884845810342447,True,,adjacent_or_transaction,"Other-item request, brand reply, travel greeting, expense joke or briefcase location question; insufficient distinct persona evidence.",False
Q568,igc:18090418130156113,ig:DWWdXh7Ebjz,87,https://www.instagram.com/p/DWWdXh7Ebjz/c/18090418130156113,True,,limited_or_transaction_signal,"Product admiration, recommendation, ownership, wish or transaction interest without enough independent motive to create another cohort; consult full context before use. Some could support an existing card secondarily.",False
Q569,igc:17872414320575284,ig:DWWdXh7Ebjz,87,https://www.instagram.com/p/DWWdXh7Ebjz/c/17872414320575284,True,,adjacent_or_transaction,"Other-item request, brand reply, travel greeting, expense joke or briefcase location question; insufficient distinct persona evidence.",False
Q570,igc:18169326145366167,ig:DWWdXh7Ebjz,87,https://www.instagram.com/p/DWWdXh7Ebjz/c/18169326145366167,True,,adjacent_or_transaction,"Other-item request, brand reply, travel greeting, expense joke or briefcase location question; insufficient distinct persona evidence.",False
Q571,igc:18221980306313372,ig:DWWdXh7Ebjz,87,https://www.instagram.com/p/DWWdXh7Ebjz/c/18221980306313372,True,,limited_or_transaction_signal,"Product admiration, recommendation, ownership, wish or transaction interest without enough independent motive to create another cohort; consult full context before use. Some could support an existing card secondarily.",False
Q572,igc:18095191139033578,ig:DWWdXh7Ebjz,87,https://www.instagram.com/p/DWWdXh7Ebjz/c/18095191139033578,True,,limited_or_transaction_signal,"Product admiration, recommendation, ownership, wish or transaction interest without enough independent motive to create another cohort; consult full context before use. Some could support an existing card secondarily.",False
Q573,igc:18099967655480796,ig:DWWdXh7Ebjz,87,https://www.instagram.com/p/DWWdXh7Ebjz/c/18099967655480796,True,,limited_or_transaction_signal,"Product admiration, recommendation, ownership, wish or transaction interest without enough independent motive to create another cohort; consult full context before use. Some could support an existing card secondarily.",False
Q574,igc:18089227396940922,ig:DWWdXh7Ebjz,87,https://www.instagram.com/p/DWWdXh7Ebjz/c/18089227396940922,True,,limited_or_transaction_signal,"Product admiration, recommendation, ownership, wish or transaction interest without enough independent motive to create another cohort; consult full context before use. Some could support an existing card secondarily.",False
Q575,igc:18005429297857421,ig:DWWdXh7Ebjz,87,https://www.instagram.com/p/DWWdXh7Ebjz/c/18005429297857421,True,,limited_or_transaction_signal,"Product admiration, recommendation, ownership, wish or transaction interest without enough independent motive to create another cohort; consult full context before use. Some could support an existing card secondarily.",False
Q576,igc:18447680857107366,ig:DWWdXh7Ebjz,87,https://www.instagram.com/p/DWWdXh7Ebjz/c/18447680857107366,True,,adjacent_or_transaction,"Other-item request, brand reply, travel greeting, expense joke or briefcase location question; insufficient distinct persona evidence.",False
Q577,igc:18107135650928214,ig:DXuGrZxDfhJ,88,https://www.instagram.com/p/DXuGrZxDfhJ/c/18107135650928214,True,,adjacent_or_transaction,"Other-item request, brand reply, travel greeting, expense joke or briefcase location question; insufficient distinct persona evidence.",False
Q578,igc:18308668387302751,ig:DXuGrZxDfhJ,88,https://www.instagram.com/p/DXuGrZxDfhJ/c/18308668387302751,True,,limited_or_transaction_signal,"Product admiration, recommendation, ownership, wish or transaction interest without enough independent motive to create another cohort; consult full context before use. Some could support an existing card secondarily.",False
Q579,igc:18084846809367856,ig:DXuGrZxDfhJ,88,https://www.instagram.com/p/DXuGrZxDfhJ/c/18084846809367856,True,,adjacent_or_transaction,"Other-item request, brand reply, travel greeting, expense joke or briefcase location question; insufficient distinct persona evidence.",False
Q580,igc:17995822067817784,ig:DXuGrZxDfhJ,88,https://www.instagram.com/p/DXuGrZxDfhJ/c/17995822067817784,True,,limited_or_transaction_signal,"Product admiration, recommendation, ownership, wish or transaction interest without enough independent motive to create another cohort; consult full context before use. Some could support an existing card secondarily.",False
Q581,igc:18090916238182976,ig:DXuGrZxDfhJ,88,https://www.instagram.com/p/DXuGrZxDfhJ/c/18090916238182976,True,,limited_or_transaction_signal,"Product admiration, recommendation, ownership, wish or transaction interest without enough independent motive to create another cohort; consult full context before use. Some could support an existing card secondarily.",False
Q582,igc:18054958922725288,ig:DXuGrZxDfhJ,88,https://www.instagram.com/p/DXuGrZxDfhJ/c/18054958922725288,True,C15,boundary,"Gendered resistance to men carrying the shown bag. Preserve as objection, not a demographic or sexuality inference.",False
Q583,igc:18012466481908915,ig:DXuGrZxDfhJ,88,https://www.instagram.com/p/DXuGrZxDfhJ/c/18012466481908915,True,,adjacent_or_transaction,"Other-item request, brand reply, travel greeting, expense joke or briefcase location question; insufficient distinct persona evidence.",False
Q584,igc:17915808009385192,ig:DXuGrZxDfhJ,88,https://www.instagram.com/p/DXuGrZxDfhJ/c/17915808009385192,True,,exclude,Seller or brand promotion; not independent consumer evidence.,False
Q585,igc:17998063403770628,ig:DXuGrZxDfhJ,88,https://www.instagram.com/p/DXuGrZxDfhJ/c/17998063403770628,True,C09,support_or_requirement,"Material, construction, surface-care or durability evaluation. Alleged quality failures are unverified and concern the referenced category product.",False
Q586,igc:18133125481630693,ig:DcsvVuPv-VR,89,https://www.instagram.com/p/DcsvVuPv-VR/c/18133125481630693,True,,decision_condition,"Stock, delivery, policy, checkout, website or shipping issue; no persona assigned merely from the complaint/request.",False
Q587,igc:18118495373301564,ig:DcsvVuPv-VR,89,https://www.instagram.com/p/DcsvVuPv-VR/c/18118495373301564,True,,decision_condition,"Stock, delivery, policy, checkout, website or shipping issue; no persona assigned merely from the complaint/request.",False
Q588,igc:17969710773139223,ig:DcsvVuPv-VR,89,https://www.instagram.com/p/DcsvVuPv-VR/c/17969710773139223,True,,adjacent_or_incomplete,"Clothing/fragrance stock questions, an incomplete sentence or lookbook request; not a handbag cohort.",False
Q589,igc:18090310583158833,ig:DcsvVuPv-VR,89,https://www.instagram.com/p/DcsvVuPv-VR/c/18090310583158833,True,,adjacent_or_incomplete,"Clothing/fragrance stock questions, an incomplete sentence or lookbook request; not a handbag cohort.",False
Q590,igc:17938354725096045,ig:DcsvVuPv-VR,89,https://www.instagram.com/p/DcsvVuPv-VR/c/17938354725096045,True,,decision_condition,"Stock, delivery, policy, checkout, website or shipping issue; no persona assigned merely from the complaint/request.",False
Q591,igc:18088473182442993,ig:DcsvVuPv-VR,89,https://www.instagram.com/p/DcsvVuPv-VR/c/18088473182442993,True,,adjacent_or_incomplete,"Clothing/fragrance stock questions, an incomplete sentence or lookbook request; not a handbag cohort.",False
Q592,igc:18111265108953198,ig:DcsvVuPv-VR,89,https://www.instagram.com/p/DcsvVuPv-VR/c/18111265108953198,True,,adjacent_or_incomplete,"Clothing/fragrance stock questions, an incomplete sentence or lookbook request; not a handbag cohort.",False
Q593,igc:17993951423830777,ig:DcsvVuPv-VR,89,https://www.instagram.com/p/DcsvVuPv-VR/c/17993951423830777,True,,adjacent_or_incomplete,"Clothing/fragrance stock questions, an incomplete sentence or lookbook request; not a handbag cohort.",False
Q594,igc:18070507517727317,ig:DcsvVuPv-VR,89,https://www.instagram.com/p/DcsvVuPv-VR/c/18070507517727317,True,,adjacent_or_incomplete,"Clothing/fragrance stock questions, an incomplete sentence or lookbook request; not a handbag cohort.",False
Q595,igc:17956326993216069,ig:DbvWK7jAGj7,90,https://www.instagram.com/p/DbvWK7jAGj7/c/17956326993216069,True,C16,support;selected_anchor,"Explicit animal-material avoidance or preference for vegan alternatives; product eligibility requires full composition, not appearance.",True
Q596,igc:18108200603033655,ig:DbvWK7jAGj7,90,https://www.instagram.com/p/DbvWK7jAGj7/c/18108200603033655,True,,decision_condition,"Stock, delivery, policy, checkout, website or shipping issue; no persona assigned merely from the complaint/request.",False
Q597,igc:18129289624674031,ig:DbvWK7jAGj7,90,https://www.instagram.com/p/DbvWK7jAGj7/c/18129289624674031,True,C10;C11,decision_condition,Crossbody attachment or lunch-box fit request; verify exact SKU rather than extrapolating from appearance.,False
Q598,igc:18106365221584094,ig:DbvWK7jAGj7,90,https://www.instagram.com/p/DbvWK7jAGj7/c/18106365221584094,True,C06,support_or_style_signal,"Specific visual attraction to color, finish, shape, texture or personalization; generic/promotion-like examples are weaker than self-reported choice. Q165 has possible promotional language.",False
Q599,igc:18016297283920443,ig:DbvWK7jAGj7,90,https://www.instagram.com/p/DbvWK7jAGj7/c/18016297283920443,True,C10;C11,boundary,"Backpack preference, load, size or carrying-comfort objection. Do not assume every appearance-focused buyer accepts the tradeoff.",False
Q600,igc:18442308514134817,ig:DbvWK7jAGj7,90,https://www.instagram.com/p/DbvWK7jAGj7/c/18442308514134817,True,,decision_condition,"Stock, delivery, policy, checkout, website or shipping issue; no persona assigned merely from the complaint/request.",False
Q601,igc:17869105716637210,ig:DbvWK7jAGj7,90,https://www.instagram.com/p/DbvWK7jAGj7/c/17869105716637210,True,,decision_condition,"Stock, delivery, policy, checkout, website or shipping issue; no persona assigned merely from the complaint/request.",False
Q602,igc:18055715111788106,ig:DbvWK7jAGj7,90,https://www.instagram.com/p/DbvWK7jAGj7/c/18055715111788106,True,C10;C11,decision_condition,Crossbody attachment or lunch-box fit request; verify exact SKU rather than extrapolating from appearance.,False
Q603,igc:18150244108521490,ig:DbvWK7jAGj7,90,https://www.instagram.com/p/DbvWK7jAGj7/c/18150244108521490,True,C10;C11,boundary,"Backpack preference, load, size or carrying-comfort objection. Do not assume every appearance-focused buyer accepts the tradeoff.",False
