angle_key,comment_id,post_id,evidence_type,source_url
new_brand,igc:18402435172150392,ig:DZf-NuYgpG-,analyst_inspected_anchor,https://www.instagram.com/p/DZf-NuYgpG-/c/18402435172150392
new_brand,ttc:7540232524867044118,tt:7493277078276640031,analyst_inspected_anchor,https://www.tiktok.com/@steffieinthecity/video/7493277078276640031
new_brand,igc:18023654878488966,ig:Cl2HtNBtl03,analyst_inspected_anchor,https://www.instagram.com/p/Cl2HtNBtl03/c/18023654878488966
new_brand,igc:18059238019887743,ig:C7AKRw8Sy6U,automatic_lexical_match,https://www.instagram.com/p/C7AKRw8Sy6U/c/18059238019887743
new_brand,igc:18326180227264025,ig:DYXpZTYMt0W,automatic_lexical_match,https://www.instagram.com/p/DYXpZTYMt0W/c/18326180227264025
new_brand,igc:18059423528142034,ig:DO8lWKXClxX,automatic_lexical_match,https://www.instagram.com/p/DO8lWKXClxX/c/18059423528142034
new_brand,igc:18404114083095441,ig:Db9QfF-zVhz,automatic_lexical_match,https://www.instagram.com/p/Db9QfF-zVhz/c/18404114083095441
new_brand,igc:18092848196564132,ig:DafssF9IRyI,automatic_lexical_match,https://www.instagram.com/p/DafssF9IRyI/c/18092848196564132
new_brand,igc:18095252321130749,ig:DYXpZTYMt0W,automatic_lexical_match,https://www.instagram.com/p/DYXpZTYMt0W/c/18095252321130749
new_brand,igc:18112660838497092,ig:DY9scFmAKgj,automatic_lexical_match,https://www.instagram.com/p/DY9scFmAKgj/c/18112660838497092
new_brand,igc:18042656318780937,ig:DWWdXh7Ebjz,automatic_lexical_match,https://www.instagram.com/p/DWWdXh7Ebjz/c/18042656318780937
new_brand,igc:17929355154347611,ig:DaLPP4XsxGe,automatic_lexical_match,https://www.instagram.com/p/DaLPP4XsxGe/c/17929355154347611
new_brand,igc:17907706770473915,ig:Dc_mbf-NPdT,automatic_lexical_match,https://www.instagram.com/p/Dc_mbf-NPdT/c/17907706770473915
new_brand,igc:18076971461707882,ig:Dc_mbf-NPdT,automatic_lexical_match,https://www.instagram.com/p/Dc_mbf-NPdT/c/18076971461707882
new_brand,igc:17911218150141638,ig:DQ4SzAXAPfT,automatic_lexical_match,https://www.instagram.com/p/DQ4SzAXAPfT/c/17911218150141638
new_brand,ttc:7669606379954733854,tt:7668001244018986273,automatic_lexical_match,https://www.tiktok.com/@spiritual.materialist/video/7668001244018986273
new_brand,igc:18023654878488966,ig:Cl2HtNBtl03,automatic_lexical_match,https://www.instagram.com/p/Cl2HtNBtl03/c/18023654878488966
new_brand,igc:17905231719400934,ig:DVk4fULkyW9,automatic_lexical_match,https://www.instagram.com/p/DVk4fULkyW9/c/17905231719400934
new_brand,igc:18113604616702903,ig:DNoPkkKOTKB,automatic_lexical_match,https://www.instagram.com/p/DNoPkkKOTKB/c/18113604616702903
new_brand,igc:17866810197473400,ig:DTXlDFdjCuv,automatic_lexical_match,https://www.instagram.com/p/DTXlDFdjCuv/c/17866810197473400
new_brand,igc:17889392766494307,ig:DWPcpwIkyCr,automatic_lexical_match,https://www.instagram.com/p/DWPcpwIkyCr/c/17889392766494307
new_brand,ttc:7674176937707062038,tt:7672790276276079903,automatic_lexical_match,https://www.tiktok.com/@imjustbarbs/video/7672790276276079903
new_brand,ttc:7616571342184366879,tt:7616492357252287757,automatic_lexical_match,https://www.tiktok.com/@native.handbags/video/7616492357252287757
new_brand,ttc:7540232524867044118,tt:7493277078276640031,automatic_lexical_match,https://www.tiktok.com/@steffieinthecity/video/7493277078276640031
new_brand,ttc:7616763713404027679,tt:7616492357252287757,automatic_lexical_match,https://www.tiktok.com/@native.handbags/video/7616492357252287757
new_brand,ttc:7647622722630501151,tt:7639422063865777430,automatic_lexical_match,https://www.tiktok.com/@iamsaraouardi/video/7639422063865777430
new_brand,ttc:7643116362760045343,tt:7639422063865777430,automatic_lexical_match,https://www.tiktok.com/@iamsaraouardi/video/7639422063865777430
new_brand,ttc:7643054838465299232,tt:7639422063865777430,automatic_lexical_match,https://www.tiktok.com/@iamsaraouardi/video/7639422063865777430
new_brand,ttc:7643154030537196310,tt:7627179930677333270,automatic_lexical_match,https://www.tiktok.com/@aliceinparisofficial/video/7627179930677333270
new_brand,ttc:7681303398101140227,tt:7681030709988969741,automatic_lexical_match,https://www.tiktok.com/@johnathan.guo/video/7681030709988969741
new_brand,ttc:7682088993044103952,tt:7681030709988969741,automatic_lexical_match,https://www.tiktok.com/@johnathan.guo/video/7681030709988969741
new_brand,ttc:7647277861150245654,tt:7647171189097565463,automatic_lexical_match,https://www.tiktok.com/@thepassportus/video/7647171189097565463
new_brand,ttc:7617210622917018381,tt:7616492357252287757,automatic_lexical_match,https://www.tiktok.com/@native.handbags/video/7616492357252287757
new_brand,ttc:7656788059749614349,tt:7639422063865777430,automatic_lexical_match,https://www.tiktok.com/@iamsaraouardi/video/7639422063865777430
new_brand,ttc:7683904098274345741,tt:7676645924118007070,automatic_lexical_match,https://www.tiktok.com/@britt.rae2/video/7676645924118007070
new_brand,ttc:7568207158262268686,tt:7555972915817237773,automatic_lexical_match,https://www.tiktok.com/@skyleranneolson/video/7555972915817237773
new_brand,ttc:7527403923646579511,tt:7527006509264276766,automatic_lexical_match,https://www.tiktok.com/@michelletimestwo/video/7527006509264276766
new_brand,ttc:7412194315184915232,tt:7412155936476826913,automatic_lexical_match,https://www.tiktok.com/@gabriellaluxurymum/video/7412155936476826913
new_brand,ttc:7556516909359121182,tt:7555972915817237773,automatic_lexical_match,https://www.tiktok.com/@skyleranneolson/video/7555972915817237773
new_brand,ttc:7563512599607100180,tt:7555972915817237773,automatic_lexical_match,https://www.tiktok.com/@skyleranneolson/video/7555972915817237773
new_brand,ttc:7556761599395709727,tt:7555972915817237773,automatic_lexical_match,https://www.tiktok.com/@skyleranneolson/video/7555972915817237773
new_brand,igc:18077293142281651,ig:DNTT_G8JV1n,automatic_lexical_match,https://www.instagram.com/p/DNTT_G8JV1n/
new_brand,igc:17871522015631604,ig:Db6xEKshX4-,automatic_lexical_match,https://www.instagram.com/p/Db6xEKshX4-/
new_brand,igc:17871693537595017,ig:Dc1-4kliRSm,automatic_lexical_match,https://www.instagram.com/p/Dc1-4kliRSm/
new_brand,igc:18112142449963051,ig:DcOTLRoJ9OQ,automatic_lexical_match,https://www.instagram.com/p/DcOTLRoJ9OQ/
new_brand,igc:18080269976692260,ig:DcmMWyvyP54,automatic_lexical_match,https://www.instagram.com/p/DcmMWyvyP54/
founder,igc:18107526293010575,ig:DaAQeKXMGaz,analyst_inspected_anchor,https://www.instagram.com/p/DaAQeKXMGaz/c/18107526293010575
founder,igc:17957956311158802,ig:DadwnM1hmXa,automatic_lexical_match,https://www.instagram.com/p/DadwnM1hmXa/c/17957956311158802
founder,igc:17957550603174955,ig:DbLcoPLgWMl,automatic_lexical_match,https://www.instagram.com/p/DbLcoPLgWMl/c/17957550603174955
founder,igc:17919759861324350,ig:DW5CM72iBZF,automatic_lexical_match,https://www.instagram.com/p/DW5CM72iBZF/c/17919759861324350
founder,igc:18073011139938468,ig:DKzkvhDq8Pt,automatic_lexical_match,https://www.instagram.com/p/DKzkvhDq8Pt/c/18073011139938468
founder,igc:18074954975440418,ig:DVw2w0gjiW8,automatic_lexical_match,https://www.instagram.com/p/DVw2w0gjiW8/c/18074954975440418
founder,ttc:7527871459646669581,tt:7527006509264276766,automatic_lexical_match,https://www.tiktok.com/@michelletimestwo/video/7527006509264276766
founder,igc:18280029007291491,ig:DdCg5gXTjJ_,automatic_lexical_match,https://www.instagram.com/p/DdCg5gXTjJ_/
designer_spend,ttc:7238890847571854107,tt:7218302653489483051,analyst_inspected_anchor,https://www.tiktok.com/@steffieinthecity/video/7218302653489483051
designer_spend,ttc:7232883425286783790,tt:7218302653489483051,analyst_inspected_anchor,https://www.tiktok.com/@steffieinthecity/video/7218302653489483051
designer_spend,ttc:7652538901458699030,tt:7652379521559137566,analyst_inspected_anchor,https://www.tiktok.com/@imjustbarbs/video/7652379521559137566
designer_spend,igc:18276138619261973,ig:C7AKRw8Sy6U,automatic_lexical_match,https://www.instagram.com/p/C7AKRw8Sy6U/c/18276138619261973
designer_spend,igc:18150874786513452,ig:Da05LKzRsq3,automatic_lexical_match,https://www.instagram.com/p/Da05LKzRsq3/c/18150874786513452
designer_spend,igc:18064668173738277,ig:Da05LKzRsq3,automatic_lexical_match,https://www.instagram.com/p/Da05LKzRsq3/c/18064668173738277
designer_spend,igc:18009326207945919,ig:Da05LKzRsq3,automatic_lexical_match,https://www.instagram.com/p/Da05LKzRsq3/c/18009326207945919
designer_spend,igc:17951521995198895,ig:Da05LKzRsq3,automatic_lexical_match,https://www.instagram.com/p/Da05LKzRsq3/c/17951521995198895
designer_spend,igc:18183111460360369,ig:Da05LKzRsq3,automatic_lexical_match,https://www.instagram.com/p/Da05LKzRsq3/c/18183111460360369
designer_spend,igc:17897279967557028,ig:Da05LKzRsq3,automatic_lexical_match,https://www.instagram.com/p/Da05LKzRsq3/c/17897279967557028
designer_spend,igc:18482316709101321,ig:DcOkDmFOC7I,automatic_lexical_match,https://www.instagram.com/p/DcOkDmFOC7I/c/18482316709101321
designer_spend,igc:18105255947248252,ig:Da8Z4g3MwcJ,automatic_lexical_match,https://www.instagram.com/p/Da8Z4g3MwcJ/c/18105255947248252
designer_spend,igc:18074527649347873,ig:DaQtCPki27D,automatic_lexical_match,https://www.instagram.com/p/DaQtCPki27D/c/18074527649347873
designer_spend,igc:18091119311393053,ig:DU9KqzjDH7Y,automatic_lexical_match,https://www.instagram.com/p/DU9KqzjDH7Y/c/18091119311393053
designer_spend,igc:17937858597344570,ig:DbdW5anAxg5,automatic_lexical_match,https://www.instagram.com/p/DbdW5anAxg5/c/17937858597344570
designer_spend,igc:17901259491587739,ig:DcRsKHHBW45,automatic_lexical_match,https://www.instagram.com/p/DcRsKHHBW45/c/17901259491587739
designer_spend,igc:18092804384148299,ig:DcRsKHHBW45,automatic_lexical_match,https://www.instagram.com/p/DcRsKHHBW45/c/18092804384148299
designer_spend,igc:17975136626918909,ig:DYc_80vh7Yd,automatic_lexical_match,https://www.instagram.com/p/DYc_80vh7Yd/c/17975136626918909
designer_spend,igc:18068369702546787,ig:DYPRepaNGq3,automatic_lexical_match,https://www.instagram.com/p/DYPRepaNGq3/c/18068369702546787
designer_spend,igc:18593490811035173,ig:DYaSFa9tmVC,automatic_lexical_match,https://www.instagram.com/p/DYaSFa9tmVC/c/18593490811035173
designer_spend,igc:18112306915762184,ig:DU9KqzjDH7Y,automatic_lexical_match,https://www.instagram.com/p/DU9KqzjDH7Y/c/18112306915762184
designer_spend,igc:18115309471936326,ig:Db94oszt8Xt,automatic_lexical_match,https://www.instagram.com/p/Db94oszt8Xt/c/18115309471936326
designer_spend,igc:17905909440476328,ig:Db94oszt8Xt,automatic_lexical_match,https://www.instagram.com/p/Db94oszt8Xt/c/17905909440476328
designer_spend,igc:18124037818800787,ig:DR1QtjoAEn-,automatic_lexical_match,https://www.instagram.com/p/DR1QtjoAEn-/c/18124037818800787
designer_spend,igc:18002346599794096,ig:DcRsKHHBW45,automatic_lexical_match,https://www.instagram.com/p/DcRsKHHBW45/c/18002346599794096
designer_spend,igc:17945959092332066,ig:Da2-DkKAmcW,automatic_lexical_match,https://www.instagram.com/p/Da2-DkKAmcW/c/17945959092332066
designer_spend,igc:17957956311158802,ig:DadwnM1hmXa,automatic_lexical_match,https://www.instagram.com/p/DadwnM1hmXa/c/17957956311158802
designer_spend,igc:17956826316076569,ig:DadwnM1hmXa,automatic_lexical_match,https://www.instagram.com/p/DadwnM1hmXa/c/17956826316076569
designer_spend,igc:18214417507330844,ig:DZOsGdmMppU,automatic_lexical_match,https://www.instagram.com/p/DZOsGdmMppU/c/18214417507330844
designer_spend,igc:17979999522101826,ig:DaQtCPki27D,automatic_lexical_match,https://www.instagram.com/p/DaQtCPki27D/c/17979999522101826
designer_spend,igc:18126584347732709,ig:DaQtCPki27D,automatic_lexical_match,https://www.instagram.com/p/DaQtCPki27D/c/18126584347732709
designer_spend,igc:18085036766657248,ig:DaQtCPki27D,automatic_lexical_match,https://www.instagram.com/p/DaQtCPki27D/c/18085036766657248
designer_spend,igc:18111593693484178,ig:DDXIojFNwC4,automatic_lexical_match,https://www.instagram.com/p/DDXIojFNwC4/c/18111593693484178
designer_spend,igc:18327378439286287,ig:DDXIojFNwC4,automatic_lexical_match,https://www.instagram.com/p/DDXIojFNwC4/c/18327378439286287
designer_spend,igc:17933093949211560,ig:DDXIojFNwC4,automatic_lexical_match,https://www.instagram.com/p/DDXIojFNwC4/c/17933093949211560
designer_spend,igc:18033153626558468,ig:DDXIojFNwC4,automatic_lexical_match,https://www.instagram.com/p/DDXIojFNwC4/c/18033153626558468
designer_spend,igc:18435887326105813,ig:DDXIojFNwC4,automatic_lexical_match,https://www.instagram.com/p/DDXIojFNwC4/c/18435887326105813
designer_spend,igc:18033339620768385,ig:DDXIojFNwC4,automatic_lexical_match,https://www.instagram.com/p/DDXIojFNwC4/c/18033339620768385
designer_spend,igc:18120905044898187,ig:Da7-1Qcgcb3,automatic_lexical_match,https://www.instagram.com/p/Da7-1Qcgcb3/c/18120905044898187
designer_spend,igc:17931270543124029,ig:DbEHV44MYoJ,automatic_lexical_match,https://www.instagram.com/p/DbEHV44MYoJ/c/17931270543124029
designer_spend,igc:17857253715692094,ig:DbEHV44MYoJ,automatic_lexical_match,https://www.instagram.com/p/DbEHV44MYoJ/c/17857253715692094
designer_spend,igc:18103391774613648,ig:DakxW-YMug9,automatic_lexical_match,https://www.instagram.com/p/DakxW-YMug9/c/18103391774613648
designer_spend,igc:18093320462639002,ig:DSWB_i_ALqB,automatic_lexical_match,https://www.instagram.com/p/DSWB_i_ALqB/c/18093320462639002
designer_spend,igc:18045644948813122,ig:DSWB_i_ALqB,automatic_lexical_match,https://www.instagram.com/p/DSWB_i_ALqB/c/18045644948813122
designer_spend,igc:18345073564220178,ig:DaQtCPki27D,automatic_lexical_match,https://www.instagram.com/p/DaQtCPki27D/c/18345073564220178
designer_spend,igc:18183974053399108,ig:DaQtCPki27D,automatic_lexical_match,https://www.instagram.com/p/DaQtCPki27D/c/18183974053399108
designer_spend,igc:17975806848117636,ig:DaQtCPki27D,automatic_lexical_match,https://www.instagram.com/p/DaQtCPki27D/c/17975806848117636
designer_spend,igc:18017184128912334,ig:DYwfKoko68c,automatic_lexical_match,https://www.instagram.com/p/DYwfKoko68c/c/18017184128912334
designer_spend,igc:18102548657071459,ig:DYwfKoko68c,automatic_lexical_match,https://www.instagram.com/p/DYwfKoko68c/c/18102548657071459
designer_spend,igc:18347587033170341,ig:Da05LKzRsq3,automatic_lexical_match,https://www.instagram.com/p/Da05LKzRsq3/c/18347587033170341
designer_spend,igc:18030825638552763,ig:DDXIojFNwC4,automatic_lexical_match,https://www.instagram.com/p/DDXIojFNwC4/c/18030825638552763
designer_spend,igc:18079084841161196,ig:DDXIojFNwC4,automatic_lexical_match,https://www.instagram.com/p/DDXIojFNwC4/c/18079084841161196
designer_spend,igc:17981754062890718,ig:DDXIojFNwC4,automatic_lexical_match,https://www.instagram.com/p/DDXIojFNwC4/c/17981754062890718
designer_spend,igc:18107526293010575,ig:DaAQeKXMGaz,automatic_lexical_match,https://www.instagram.com/p/DaAQeKXMGaz/c/18107526293010575
designer_spend,igc:18075976142440087,ig:Db94oszt8Xt,automatic_lexical_match,https://www.instagram.com/p/Db94oszt8Xt/c/18075976142440087
designer_spend,igc:17886563841468310,ig:Db94oszt8Xt,automatic_lexical_match,https://www.instagram.com/p/Db94oszt8Xt/c/17886563841468310
designer_spend,igc:18192803248385721,ig:DSWB_i_ALqB,automatic_lexical_match,https://www.instagram.com/p/DSWB_i_ALqB/c/18192803248385721
designer_spend,igc:17880819054074195,ig:C7AKRw8Sy6U,automatic_lexical_match,https://www.instagram.com/p/C7AKRw8Sy6U/c/17880819054074195
designer_spend,igc:18110203814137539,ig:Da8Z4g3MwcJ,automatic_lexical_match,https://www.instagram.com/p/Da8Z4g3MwcJ/c/18110203814137539
designer_spend,igc:17903054859549368,ig:DZ53bCjhSh8,automatic_lexical_match,https://www.instagram.com/p/DZ53bCjhSh8/c/17903054859549368
designer_spend,igc:18132086647615907,ig:DU9KqzjDH7Y,automatic_lexical_match,https://www.instagram.com/p/DU9KqzjDH7Y/c/18132086647615907
designer_spend,igc:17903459223448432,ig:DYwfKoko68c,automatic_lexical_match,https://www.instagram.com/p/DYwfKoko68c/c/17903459223448432
designer_spend,igc:17989281576002196,ig:DaQtCPki27D,automatic_lexical_match,https://www.instagram.com/p/DaQtCPki27D/c/17989281576002196
designer_spend,igc:17883761619671630,ig:DaQtCPki27D,automatic_lexical_match,https://www.instagram.com/p/DaQtCPki27D/c/17883761619671630
designer_spend,igc:18063172709734127,ig:DbEHV44MYoJ,automatic_lexical_match,https://www.instagram.com/p/DbEHV44MYoJ/c/18063172709734127
designer_spend,igc:18358255393240793,ig:Da0XTTfhZxa,automatic_lexical_match,https://www.instagram.com/p/Da0XTTfhZxa/c/18358255393240793
designer_spend,igc:17862661332474688,ig:DPG9kZ5kZWk,automatic_lexical_match,https://www.instagram.com/p/DPG9kZ5kZWk/c/17862661332474688
designer_spend,igc:18038855156467501,ig:DO8lWKXClxX,automatic_lexical_match,https://www.instagram.com/p/DO8lWKXClxX/c/18038855156467501
designer_spend,igc:18334555468159045,ig:DDXIojFNwC4,automatic_lexical_match,https://www.instagram.com/p/DDXIojFNwC4/c/18334555468159045
designer_spend,igc:18033574160381250,ig:DDXIojFNwC4,automatic_lexical_match,https://www.instagram.com/p/DDXIojFNwC4/c/18033574160381250
designer_spend,igc:17932409312967796,ig:DDXIojFNwC4,automatic_lexical_match,https://www.instagram.com/p/DDXIojFNwC4/c/17932409312967796
designer_spend,igc:18081775639562339,ig:DDXIojFNwC4,automatic_lexical_match,https://www.instagram.com/p/DDXIojFNwC4/c/18081775639562339
designer_spend,igc:18100225595569578,ig:DR1QtjoAEn-,automatic_lexical_match,https://www.instagram.com/p/DR1QtjoAEn-/c/18100225595569578
designer_spend,igc:18103441826282242,ig:DZOsGdmMppU,automatic_lexical_match,https://www.instagram.com/p/DZOsGdmMppU/c/18103441826282242
designer_spend,igc:18168251695426034,ig:DZOsGdmMppU,automatic_lexical_match,https://www.instagram.com/p/DZOsGdmMppU/c/18168251695426034
designer_spend,igc:18114422893680732,ig:DYU6BvfAVmQ,automatic_lexical_match,https://www.instagram.com/p/DYU6BvfAVmQ/c/18114422893680732
designer_spend,igc:18114285316875598,ig:DYwfKoko68c,automatic_lexical_match,https://www.instagram.com/p/DYwfKoko68c/c/18114285316875598
designer_spend,igc:18085321166417607,ig:DYwfKoko68c,automatic_lexical_match,https://www.instagram.com/p/DYwfKoko68c/c/18085321166417607
designer_spend,igc:18394258654205625,ig:DcRsKHHBW45,automatic_lexical_match,https://www.instagram.com/p/DcRsKHHBW45/c/18394258654205625
designer_spend,igc:18105413830772634,ig:C6tk06ngawl,automatic_lexical_match,https://www.instagram.com/p/C6tk06ngawl/c/18105413830772634
designer_spend,igc:18115026143472547,ig:Db94oszt8Xt,automatic_lexical_match,https://www.instagram.com/p/Db94oszt8Xt/c/18115026143472547
designer_spend,igc:18119651210477351,ig:Db94oszt8Xt,automatic_lexical_match,https://www.instagram.com/p/Db94oszt8Xt/c/18119651210477351
designer_spend,igc:18108890237471653,ig:Da0XTTfhZxa,automatic_lexical_match,https://www.instagram.com/p/Da0XTTfhZxa/c/18108890237471653
designer_spend,igc:18121031107924806,ig:DcaSvauA5KA,automatic_lexical_match,https://www.instagram.com/p/DcaSvauA5KA/c/18121031107924806
designer_spend,igc:18077746769686266,ig:DbZVk6fg-RU,automatic_lexical_match,https://www.instagram.com/p/DbZVk6fg-RU/c/18077746769686266
designer_spend,igc:17981138094023003,ig:DbEHV44MYoJ,automatic_lexical_match,https://www.instagram.com/p/DbEHV44MYoJ/c/17981138094023003
designer_spend,igc:18082108490299884,ig:Dax4VNvKxnZ,automatic_lexical_match,https://www.instagram.com/p/Dax4VNvKxnZ/c/18082108490299884
designer_spend,igc:18331120432249001,ig:DZOsGdmMppU,automatic_lexical_match,https://www.instagram.com/p/DZOsGdmMppU/c/18331120432249001
designer_spend,igc:18223138645325568,ig:DaQtCPki27D,automatic_lexical_match,https://www.instagram.com/p/DaQtCPki27D/c/18223138645325568
designer_spend,igc:17938850667259050,ig:DaQtCPki27D,automatic_lexical_match,https://www.instagram.com/p/DaQtCPki27D/c/17938850667259050
designer_spend,igc:18096252452246718,ig:DaQtCPki27D,automatic_lexical_match,https://www.instagram.com/p/DaQtCPki27D/c/18096252452246718
designer_spend,igc:18631272478028316,ig:DcRsKHHBW45,automatic_lexical_match,https://www.instagram.com/p/DcRsKHHBW45/c/18631272478028316
designer_spend,igc:18376814005234546,ig:Db94oszt8Xt,automatic_lexical_match,https://www.instagram.com/p/Db94oszt8Xt/c/18376814005234546
designer_spend,igc:18333655729256620,ig:Db94oszt8Xt,automatic_lexical_match,https://www.instagram.com/p/Db94oszt8Xt/c/18333655729256620
designer_spend,igc:17905075992555258,ig:Dagg5MRz8eF,automatic_lexical_match,https://www.instagram.com/p/Dagg5MRz8eF/c/17905075992555258
designer_spend,igc:17898896001499308,ig:Da0Y7Pusq2x,automatic_lexical_match,https://www.instagram.com/p/Da0Y7Pusq2x/c/17898896001499308
designer_spend,igc:17951363328231780,ig:DZA3DR8It05,automatic_lexical_match,https://www.instagram.com/p/DZA3DR8It05/c/17951363328231780
designer_spend,igc:17959222436980971,ig:DZA3DR8It05,automatic_lexical_match,https://www.instagram.com/p/DZA3DR8It05/c/17959222436980971
designer_spend,igc:18104247830259888,ig:DZpphJ8sdwB,automatic_lexical_match,https://www.instagram.com/p/DZpphJ8sdwB/c/18104247830259888
designer_spend,igc:17862260304676772,ig:DZpphJ8sdwB,automatic_lexical_match,https://www.instagram.com/p/DZpphJ8sdwB/c/17862260304676772
designer_spend,igc:17995654784957050,ig:DYU6BvfAVmQ,automatic_lexical_match,https://www.instagram.com/p/DYU6BvfAVmQ/c/17995654784957050
designer_spend,igc:17959392297190008,ig:DbZVk6fg-RU,automatic_lexical_match,https://www.instagram.com/p/DbZVk6fg-RU/c/17959392297190008
designer_spend,igc:18071988626430863,ig:DZ3oWtBlJFz,automatic_lexical_match,https://www.instagram.com/p/DZ3oWtBlJFz/c/18071988626430863
designer_spend,igc:17938907112327580,ig:DY5xhWqtfYk,automatic_lexical_match,https://www.instagram.com/p/DY5xhWqtfYk/c/17938907112327580
designer_spend,igc:18109428337814204,ig:DbEHV44MYoJ,automatic_lexical_match,https://www.instagram.com/p/DbEHV44MYoJ/c/18109428337814204
designer_spend,igc:18126179932877692,ig:Db8yT45gqOr,automatic_lexical_match,https://www.instagram.com/p/Db8yT45gqOr/c/18126179932877692
designer_spend,igc:18083722130301176,ig:DcRsKHHBW45,automatic_lexical_match,https://www.instagram.com/p/DcRsKHHBW45/c/18083722130301176
designer_spend,igc:17956111125218185,ig:DcRsKHHBW45,automatic_lexical_match,https://www.instagram.com/p/DcRsKHHBW45/c/17956111125218185
designer_spend,igc:18302423875268737,ig:C6tk06ngawl,automatic_lexical_match,https://www.instagram.com/p/C6tk06ngawl/c/18302423875268737
designer_spend,igc:17950828551014043,ig:DSWB_i_ALqB,automatic_lexical_match,https://www.instagram.com/p/DSWB_i_ALqB/c/17950828551014043
designer_spend,igc:18106097234234172,ig:DW5CM72iBZF,automatic_lexical_match,https://www.instagram.com/p/DW5CM72iBZF/c/18106097234234172
designer_spend,igc:17870250408582440,ig:DW5CM72iBZF,automatic_lexical_match,https://www.instagram.com/p/DW5CM72iBZF/c/17870250408582440
designer_spend,igc:18133125481630693,ig:DcsvVuPv-VR,automatic_lexical_match,https://www.instagram.com/p/DcsvVuPv-VR/c/18133125481630693
designer_spend,igc:18141156157555748,ig:DaQtCPki27D,automatic_lexical_match,https://www.instagram.com/p/DaQtCPki27D/c/18141156157555748
designer_spend,igc:18046376786797894,ig:DZA3DR8It05,automatic_lexical_match,https://www.instagram.com/p/DZA3DR8It05/c/18046376786797894
designer_spend,igc:17884035792458339,ig:DZA3DR8It05,automatic_lexical_match,https://www.instagram.com/p/DZA3DR8It05/c/17884035792458339
designer_spend,igc:17868261321587018,ig:DZA3DR8It05,automatic_lexical_match,https://www.instagram.com/p/DZA3DR8It05/c/17868261321587018
designer_spend,igc:18093635087377465,ig:DZA3DR8It05,automatic_lexical_match,https://www.instagram.com/p/DZA3DR8It05/c/18093635087377465
designer_spend,igc:18084214478291441,ig:Db94oszt8Xt,automatic_lexical_match,https://www.instagram.com/p/Db94oszt8Xt/c/18084214478291441
designer_spend,igc:18436468327177354,ig:DZpphJ8sdwB,automatic_lexical_match,https://www.instagram.com/p/DZpphJ8sdwB/c/18436468327177354
designer_spend,igc:18102177098186725,ig:DZ3gXIzq35d,automatic_lexical_match,https://www.instagram.com/p/DZ3gXIzq35d/c/18102177098186725
designer_spend,igc:17861898756643447,ig:DZ3gXIzq35d,automatic_lexical_match,https://www.instagram.com/p/DZ3gXIzq35d/c/17861898756643447
designer_spend,igc:18116425348773058,ig:DYU6BvfAVmQ,automatic_lexical_match,https://www.instagram.com/p/DYU6BvfAVmQ/c/18116425348773058
designer_spend,igc:18119378887903140,ig:DcbWhitOnk7,automatic_lexical_match,https://www.instagram.com/p/DcbWhitOnk7/c/18119378887903140
designer_spend,igc:18112643465046074,ig:DcbWhitOnk7,automatic_lexical_match,https://www.instagram.com/p/DcbWhitOnk7/c/18112643465046074
designer_spend,igc:18203810524367236,ig:DcMeCLRsyaD,automatic_lexical_match,https://www.instagram.com/p/DcMeCLRsyaD/c/18203810524367236
designer_spend,igc:17899850463439467,ig:DXW4_WnCCzi,automatic_lexical_match,https://www.instagram.com/p/DXW4_WnCCzi/c/17899850463439467
designer_spend,igc:18053557676733620,ig:DXW4_WnCCzi,automatic_lexical_match,https://www.instagram.com/p/DXW4_WnCCzi/c/18053557676733620
designer_spend,igc:18113966278727431,ig:DakxW-YMug9,automatic_lexical_match,https://www.instagram.com/p/DakxW-YMug9/c/18113966278727431
designer_spend,igc:17886973170616087,ig:DbvWK7jAGj7,automatic_lexical_match,https://www.instagram.com/p/DbvWK7jAGj7/c/17886973170616087
designer_spend,igc:18126550498696910,ig:DcqPNjLOTOh,automatic_lexical_match,https://www.instagram.com/p/DcqPNjLOTOh/c/18126550498696910
designer_spend,igc:18109815634995769,ig:DZpphJ8sdwB,automatic_lexical_match,https://www.instagram.com/p/DZpphJ8sdwB/c/18109815634995769
designer_spend,igc:17876396136285923,ig:C6tk06ngawl,automatic_lexical_match,https://www.instagram.com/p/C6tk06ngawl/c/17876396136285923
designer_spend,igc:18100375817458616,ig:Dcq__agouAR,automatic_lexical_match,https://www.instagram.com/p/Dcq__agouAR/c/18100375817458616
designer_spend,igc:18175710058433750,ig:DcluoTsM_lV,automatic_lexical_match,https://www.instagram.com/p/DcluoTsM_lV/c/18175710058433750
designer_spend,igc:18092053916653515,ig:DcluoTsM_lV,automatic_lexical_match,https://www.instagram.com/p/DcluoTsM_lV/c/18092053916653515
designer_spend,igc:18113875255960720,ig:DcluoTsM_lV,automatic_lexical_match,https://www.instagram.com/p/DcluoTsM_lV/c/18113875255960720
designer_spend,igc:18045844082804893,ig:DcluoTsM_lV,automatic_lexical_match,https://www.instagram.com/p/DcluoTsM_lV/c/18045844082804893
designer_spend,igc:17898369624517769,ig:DbEHV44MYoJ,automatic_lexical_match,https://www.instagram.com/p/DbEHV44MYoJ/c/17898369624517769
designer_spend,igc:18123891289776656,ig:DSWB_i_ALqB,automatic_lexical_match,https://www.instagram.com/p/DSWB_i_ALqB/c/18123891289776656
designer_spend,igc:18084087620254240,ig:DSWB_i_ALqB,automatic_lexical_match,https://www.instagram.com/p/DSWB_i_ALqB/c/18084087620254240
designer_spend,igc:17959998831154406,ig:DSWB_i_ALqB,automatic_lexical_match,https://www.instagram.com/p/DSWB_i_ALqB/c/17959998831154406
designer_spend,igc:18081876386689371,ig:Dakb7gKt_lj,automatic_lexical_match,https://www.instagram.com/p/Dakb7gKt_lj/c/18081876386689371
designer_spend,igc:18177889087422252,ig:Dakb7gKt_lj,automatic_lexical_match,https://www.instagram.com/p/Dakb7gKt_lj/c/18177889087422252
designer_spend,igc:17892353955584177,ig:DR1QtjoAEn-,automatic_lexical_match,https://www.instagram.com/p/DR1QtjoAEn-/c/17892353955584177
designer_spend,igc:18159193138461854,ig:DZ3gXIzq35d,automatic_lexical_match,https://www.instagram.com/p/DZ3gXIzq35d/c/18159193138461854
designer_spend,igc:18123374848818007,ig:DZA3DR8It05,automatic_lexical_match,https://www.instagram.com/p/DZA3DR8It05/c/18123374848818007
designer_spend,igc:18047544167612564,ig:DcluoTsM_lV,automatic_lexical_match,https://www.instagram.com/p/DcluoTsM_lV/c/18047544167612564
designer_spend,igc:17948647524257971,ig:DcluoTsM_lV,automatic_lexical_match,https://www.instagram.com/p/DcluoTsM_lV/c/17948647524257971
designer_spend,igc:18107654957138621,ig:DcluoTsM_lV,automatic_lexical_match,https://www.instagram.com/p/DcluoTsM_lV/c/18107654957138621
designer_spend,igc:18112064033089699,ig:DcluoTsM_lV,automatic_lexical_match,https://www.instagram.com/p/DcluoTsM_lV/c/18112064033089699
designer_spend,igc:18010602539951719,ig:DcluoTsM_lV,automatic_lexical_match,https://www.instagram.com/p/DcluoTsM_lV/c/18010602539951719
designer_spend,igc:18219139606332583,ig:DSWB_i_ALqB,automatic_lexical_match,https://www.instagram.com/p/DSWB_i_ALqB/c/18219139606332583
designer_spend,igc:18030707380988636,ig:C7AKRw8Sy6U,automatic_lexical_match,https://www.instagram.com/p/C7AKRw8Sy6U/c/18030707380988636
designer_spend,igc:17906871861430847,ig:DQ4SzAXAPfT,automatic_lexical_match,https://www.instagram.com/p/DQ4SzAXAPfT/c/17906871861430847
designer_spend,igc:17876876064529028,ig:DZpphJ8sdwB,automatic_lexical_match,https://www.instagram.com/p/DZpphJ8sdwB/c/17876876064529028
designer_spend,igc:18003252992776985,ig:DZpphJ8sdwB,automatic_lexical_match,https://www.instagram.com/p/DZpphJ8sdwB/c/18003252992776985
designer_spend,igc:18340040716250586,ig:Dcq__agouAR,automatic_lexical_match,https://www.instagram.com/p/Dcq__agouAR/c/18340040716250586
designer_spend,igc:18041823926815659,ig:Dcq__agouAR,automatic_lexical_match,https://www.instagram.com/p/Dcq__agouAR/c/18041823926815659
designer_spend,igc:18056965148783531,ig:Dakb7gKt_lj,automatic_lexical_match,https://www.instagram.com/p/Dakb7gKt_lj/c/18056965148783531
designer_spend,igc:17897639955555113,ig:Dakb7gKt_lj,automatic_lexical_match,https://www.instagram.com/p/Dakb7gKt_lj/c/17897639955555113
designer_spend,igc:17876331969622524,ig:Dakb7gKt_lj,automatic_lexical_match,https://www.instagram.com/p/Dakb7gKt_lj/c/17876331969622524
designer_spend,igc:17850918024319087,ig:C6tk06ngawl,automatic_lexical_match,https://www.instagram.com/p/C6tk06ngawl/c/17850918024319087
designer_spend,igc:18113154707007769,ig:DbvWK7jAGj7,automatic_lexical_match,https://www.instagram.com/p/DbvWK7jAGj7/c/18113154707007769
designer_spend,igc:18173222470420574,ig:DZ3gXIzq35d,automatic_lexical_match,https://www.instagram.com/p/DZ3gXIzq35d/c/18173222470420574
designer_spend,igc:18108690835871700,ig:DcluoTsM_lV,automatic_lexical_match,https://www.instagram.com/p/DcluoTsM_lV/c/18108690835871700
designer_spend,igc:18108527378040394,ig:DcluoTsM_lV,automatic_lexical_match,https://www.instagram.com/p/DcluoTsM_lV/c/18108527378040394
designer_spend,igc:17917982946492786,ig:DQ4SzAXAPfT,automatic_lexical_match,https://www.instagram.com/p/DQ4SzAXAPfT/c/17917982946492786
designer_spend,igc:18619941868036864,ig:Dcgl2JFNPPf,automatic_lexical_match,https://www.instagram.com/p/Dcgl2JFNPPf/c/18619941868036864
designer_spend,igc:18199845307374720,ig:Dcgl2JFNPPf,automatic_lexical_match,https://www.instagram.com/p/Dcgl2JFNPPf/c/18199845307374720
designer_spend,igc:18027347180671228,ig:DZpphJ8sdwB,automatic_lexical_match,https://www.instagram.com/p/DZpphJ8sdwB/c/18027347180671228
designer_spend,igc:17935616043323645,ig:DZpphJ8sdwB,automatic_lexical_match,https://www.instagram.com/p/DZpphJ8sdwB/c/17935616043323645
designer_spend,igc:18113823265794144,ig:Dcgl2JFNPPf,automatic_lexical_match,https://www.instagram.com/p/Dcgl2JFNPPf/c/18113823265794144
designer_spend,igc:18099839996281069,ig:Dcgl2JFNPPf,automatic_lexical_match,https://www.instagram.com/p/Dcgl2JFNPPf/c/18099839996281069
designer_spend,igc:18186842044407230,ig:DcluoTsM_lV,automatic_lexical_match,https://www.instagram.com/p/DcluoTsM_lV/c/18186842044407230
designer_spend,igc:18130435111657398,ig:Dcq__agouAR,automatic_lexical_match,https://www.instagram.com/p/Dcq__agouAR/c/18130435111657398
designer_spend,igc:18109352852116540,ig:Dcq__agouAR,automatic_lexical_match,https://www.instagram.com/p/Dcq__agouAR/c/18109352852116540
designer_spend,igc:17898315306505287,ig:DZpphJ8sdwB,automatic_lexical_match,https://www.instagram.com/p/DZpphJ8sdwB/c/17898315306505287
designer_spend,igc:18096645776262373,ig:DZpphJ8sdwB,automatic_lexical_match,https://www.instagram.com/p/DZpphJ8sdwB/c/18096645776262373
designer_spend,igc:18008617280933742,ig:Dakb7gKt_lj,automatic_lexical_match,https://www.instagram.com/p/Dakb7gKt_lj/c/18008617280933742
designer_spend,igc:18141367480549822,ig:DbNghyXMTzl,automatic_lexical_match,https://www.instagram.com/p/DbNghyXMTzl/c/18141367480549822
designer_spend,igc:18018412829856374,ig:DZpphJ8sdwB,automatic_lexical_match,https://www.instagram.com/p/DZpphJ8sdwB/c/18018412829856374
designer_spend,igc:18062711417782435,ig:DcbWhitOnk7,automatic_lexical_match,https://www.instagram.com/p/DcbWhitOnk7/c/18062711417782435
designer_spend,igc:18111719054099060,ig:Dcq__agouAR,automatic_lexical_match,https://www.instagram.com/p/Dcq__agouAR/c/18111719054099060
designer_spend,igc:18411766984153312,ig:Dcq__agouAR,automatic_lexical_match,https://www.instagram.com/p/Dcq__agouAR/c/18411766984153312
designer_spend,igc:18100951154108764,ig:Dcq__agouAR,automatic_lexical_match,https://www.instagram.com/p/Dcq__agouAR/c/18100951154108764
designer_spend,igc:18409563076086529,ig:Dcq__agouAR,automatic_lexical_match,https://www.instagram.com/p/Dcq__agouAR/c/18409563076086529
designer_spend,igc:18328490446279874,ig:Dcq__agouAR,automatic_lexical_match,https://www.instagram.com/p/Dcq__agouAR/c/18328490446279874
designer_spend,igc:17944244364299831,ig:DczLYq1goao,automatic_lexical_match,https://www.instagram.com/p/DczLYq1goao/c/17944244364299831
designer_spend,igc:18064174748734031,ig:DX93093O4y2,automatic_lexical_match,https://www.instagram.com/p/DX93093O4y2/c/18064174748734031
designer_spend,igc:18130286284676492,ig:Dcq__agouAR,automatic_lexical_match,https://www.instagram.com/p/Dcq__agouAR/c/18130286284676492
designer_spend,igc:17986321278060079,ig:Dcq__agouAR,automatic_lexical_match,https://www.instagram.com/p/Dcq__agouAR/c/17986321278060079
designer_spend,igc:18103783324899294,ig:DQ4SzAXAPfT,automatic_lexical_match,https://www.instagram.com/p/DQ4SzAXAPfT/c/18103783324899294
designer_spend,igc:17984220594061626,ig:DcbWhitOnk7,automatic_lexical_match,https://www.instagram.com/p/DcbWhitOnk7/c/17984220594061626
designer_spend,igc:18240059698310506,ig:DX93093O4y2,automatic_lexical_match,https://www.instagram.com/p/DX93093O4y2/c/18240059698310506
designer_spend,igc:17973794483921212,ig:DbNghyXMTzl,automatic_lexical_match,https://www.instagram.com/p/DbNghyXMTzl/c/17973794483921212
designer_spend,igc:18157988038414886,ig:DQ4SzAXAPfT,automatic_lexical_match,https://www.instagram.com/p/DQ4SzAXAPfT/c/18157988038414886
designer_spend,igc:18059951213040057,ig:DMQIVJ_IkDC,automatic_lexical_match,https://www.instagram.com/p/DMQIVJ_IkDC/c/18059951213040057
designer_spend,igc:17905809030323950,ig:DQ4SzAXAPfT,automatic_lexical_match,https://www.instagram.com/p/DQ4SzAXAPfT/c/17905809030323950
designer_spend,igc:17980889769048670,ig:DX93093O4y2,automatic_lexical_match,https://www.instagram.com/p/DX93093O4y2/c/17980889769048670
designer_spend,igc:17959941348153373,ig:DX93093O4y2,automatic_lexical_match,https://www.instagram.com/p/DX93093O4y2/c/17959941348153373
designer_spend,igc:18600769786020539,ig:DX93093O4y2,automatic_lexical_match,https://www.instagram.com/p/DX93093O4y2/c/18600769786020539
designer_spend,ttc:7668179307797922591,tt:7668001244018986273,automatic_lexical_match,https://www.tiktok.com/@spiritual.materialist/video/7668001244018986273
designer_spend,ttc:7668885875270451982,tt:7668001244018986273,automatic_lexical_match,https://www.tiktok.com/@spiritual.materialist/video/7668001244018986273
designer_spend,ttc:7669011147115234069,tt:7668001244018986273,automatic_lexical_match,https://www.tiktok.com/@spiritual.materialist/video/7668001244018986273
designer_spend,ttc:7669035805683614497,tt:7668001244018986273,automatic_lexical_match,https://www.tiktok.com/@spiritual.materialist/video/7668001244018986273
designer_spend,igc:18110624017828429,ig:DXHN9y1CnR6,automatic_lexical_match,https://www.instagram.com/p/DXHN9y1CnR6/c/18110624017828429
designer_spend,igc:18405119824082502,ig:DZXja24oPYD,automatic_lexical_match,https://www.instagram.com/p/DZXja24oPYD/c/18405119824082502
designer_spend,igc:17987930318843958,ig:DZpmcoOtlmY,automatic_lexical_match,https://www.instagram.com/p/DZpmcoOtlmY/c/17987930318843958
designer_spend,igc:18040858652607069,ig:DZpmcoOtlmY,automatic_lexical_match,https://www.instagram.com/p/DZpmcoOtlmY/c/18040858652607069
designer_spend,igc:18353661622154387,ig:DKzkvhDq8Pt,automatic_lexical_match,https://www.instagram.com/p/DKzkvhDq8Pt/c/18353661622154387
designer_spend,igc:17996342461830209,ig:CpK_T9GqZ3b,automatic_lexical_match,https://www.instagram.com/p/CpK_T9GqZ3b/c/17996342461830209
designer_spend,igc:18066684503746522,ig:DZ5YybMyYZp,automatic_lexical_match,https://www.instagram.com/p/DZ5YybMyYZp/c/18066684503746522
designer_spend,igc:17951860581111586,ig:DWCTTyCDOeW,automatic_lexical_match,https://www.instagram.com/p/DWCTTyCDOeW/c/17951860581111586
designer_spend,igc:18011506892949879,ig:DXtUXg6BH2W,automatic_lexical_match,https://www.instagram.com/p/DXtUXg6BH2W/c/18011506892949879
designer_spend,igc:18084611420178540,ig:DXtUXg6BH2W,automatic_lexical_match,https://www.instagram.com/p/DXtUXg6BH2W/c/18084611420178540
designer_spend,igc:18106711888815257,ig:DZsU_2KI8Tt,automatic_lexical_match,https://www.instagram.com/p/DZsU_2KI8Tt/c/18106711888815257
designer_spend,igc:18008200493922936,ig:DWjtT1jDfxp,automatic_lexical_match,https://www.instagram.com/p/DWjtT1jDfxp/c/18008200493922936
designer_spend,igc:17999057996919690,ig:DLh5lpAoogu,automatic_lexical_match,https://www.instagram.com/p/DLh5lpAoogu/c/17999057996919690
designer_spend,igc:18312451018213306,ig:DLh5lpAoogu,automatic_lexical_match,https://www.instagram.com/p/DLh5lpAoogu/c/18312451018213306
designer_spend,igc:18056070584522247,ig:DLh5lpAoogu,automatic_lexical_match,https://www.instagram.com/p/DLh5lpAoogu/c/18056070584522247
designer_spend,igc:18115350160975090,ig:DHn-pONT1xi,automatic_lexical_match,https://www.instagram.com/p/DHn-pONT1xi/c/18115350160975090
designer_spend,igc:18123171832768449,ig:DP8t35viVcZ,automatic_lexical_match,https://www.instagram.com/p/DP8t35viVcZ/c/18123171832768449
designer_spend,igc:17978429027712260,ig:DKzkvhDq8Pt,automatic_lexical_match,https://www.instagram.com/p/DKzkvhDq8Pt/c/17978429027712260
designer_spend,igc:18311025853232524,ig:DKzkvhDq8Pt,automatic_lexical_match,https://www.instagram.com/p/DKzkvhDq8Pt/c/18311025853232524
designer_spend,igc:18108755965627709,ig:DSLgtUIkmC4,automatic_lexical_match,https://www.instagram.com/p/DSLgtUIkmC4/c/18108755965627709
designer_spend,igc:18067142435244283,ig:DGa5ahNMX3E,automatic_lexical_match,https://www.instagram.com/p/DGa5ahNMX3E/c/18067142435244283
designer_spend,igc:18250991122158921,ig:CpK_T9GqZ3b,automatic_lexical_match,https://www.instagram.com/p/CpK_T9GqZ3b/c/18250991122158921
designer_spend,igc:18103715396311746,ig:DWiRl9nDf9T,automatic_lexical_match,https://www.instagram.com/p/DWiRl9nDf9T/c/18103715396311746
designer_spend,igc:17903379924361108,ig:DTXlDFdjCuv,automatic_lexical_match,https://www.instagram.com/p/DTXlDFdjCuv/c/17903379924361108
designer_spend,igc:18050889713387436,ig:DKpXzP3A3ig,automatic_lexical_match,https://www.instagram.com/p/DKpXzP3A3ig/c/18050889713387436
designer_spend,igc:18213046162226852,ig:CpK_T9GqZ3b,automatic_lexical_match,https://www.instagram.com/p/CpK_T9GqZ3b/c/18213046162226852
designer_spend,igc:17881328682414720,ig:DV7ZvweIZY2,automatic_lexical_match,https://www.instagram.com/p/DV7ZvweIZY2/c/17881328682414720
designer_spend,igc:17963281146047032,ig:DV7ZvweIZY2,automatic_lexical_match,https://www.instagram.com/p/DV7ZvweIZY2/c/17963281146047032
designer_spend,igc:17846623460848287,ig:Chxve5QLpzz,automatic_lexical_match,https://www.instagram.com/p/Chxve5QLpzz/c/17846623460848287
designer_spend,igc:18124691737773100,ig:DZ5YybMyYZp,automatic_lexical_match,https://www.instagram.com/p/DZ5YybMyYZp/c/18124691737773100
designer_spend,igc:18106243388018427,ig:DZ5YybMyYZp,automatic_lexical_match,https://www.instagram.com/p/DZ5YybMyYZp/c/18106243388018427
designer_spend,igc:17970763691937350,ig:DZ5YybMyYZp,automatic_lexical_match,https://www.instagram.com/p/DZ5YybMyYZp/c/17970763691937350
designer_spend,igc:18476514778128667,ig:DZ5YybMyYZp,automatic_lexical_match,https://www.instagram.com/p/DZ5YybMyYZp/c/18476514778128667
designer_spend,igc:18144811249551029,ig:DZ5YybMyYZp,automatic_lexical_match,https://www.instagram.com/p/DZ5YybMyYZp/c/18144811249551029
designer_spend,igc:17890754829185244,ig:DGa5ahNMX3E,automatic_lexical_match,https://www.instagram.com/p/DGa5ahNMX3E/c/17890754829185244
designer_spend,igc:18106419272601922,ig:DWgfrM8DESy,automatic_lexical_match,https://www.instagram.com/p/DWgfrM8DESy/c/18106419272601922
designer_spend,igc:18148247443376433,ig:DKpXzP3A3ig,automatic_lexical_match,https://www.instagram.com/p/DKpXzP3A3ig/c/18148247443376433
designer_spend,igc:18180857158360708,ig:DNoPkkKOTKB,automatic_lexical_match,https://www.instagram.com/p/DNoPkkKOTKB/c/18180857158360708
designer_spend,igc:18181477912374099,ig:DSUPUC0iF5r,automatic_lexical_match,https://www.instagram.com/p/DSUPUC0iF5r/c/18181477912374099
designer_spend,igc:17985538070954921,ig:DSUPUC0iF5r,automatic_lexical_match,https://www.instagram.com/p/DSUPUC0iF5r/c/17985538070954921
designer_spend,igc:18123519850775490,ig:DZ5YybMyYZp,automatic_lexical_match,https://www.instagram.com/p/DZ5YybMyYZp/c/18123519850775490
designer_spend,igc:18389635981144322,ig:DSUPUC0iF5r,automatic_lexical_match,https://www.instagram.com/p/DSUPUC0iF5r/c/18389635981144322
designer_spend,igc:17874655272481525,ig:DSUPUC0iF5r,automatic_lexical_match,https://www.instagram.com/p/DSUPUC0iF5r/c/17874655272481525
designer_spend,igc:17958502484900301,ig:DTXlDFdjCuv,automatic_lexical_match,https://www.instagram.com/p/DTXlDFdjCuv/c/17958502484900301
designer_spend,igc:18032098838568365,ig:DTXlDFdjCuv,automatic_lexical_match,https://www.instagram.com/p/DTXlDFdjCuv/c/18032098838568365
designer_spend,igc:18025305809759969,ig:DHn-pONT1xi,automatic_lexical_match,https://www.instagram.com/p/DHn-pONT1xi/c/18025305809759969
designer_spend,igc:18300979531250566,ig:DHn-pONT1xi,automatic_lexical_match,https://www.instagram.com/p/DHn-pONT1xi/c/18300979531250566
designer_spend,igc:18119458288869055,ig:DZ5YybMyYZp,automatic_lexical_match,https://www.instagram.com/p/DZ5YybMyYZp/c/18119458288869055
designer_spend,igc:17934324375282975,ig:DZ5YybMyYZp,automatic_lexical_match,https://www.instagram.com/p/DZ5YybMyYZp/c/17934324375282975
designer_spend,igc:18084528902665090,ig:DWgfrM8DESy,automatic_lexical_match,https://www.instagram.com/p/DWgfrM8DESy/c/18084528902665090
designer_spend,igc:17876780714831139,ig:CpK_T9GqZ3b,automatic_lexical_match,https://www.instagram.com/p/CpK_T9GqZ3b/c/17876780714831139
designer_spend,igc:18090963188073617,ig:DSUPUC0iF5r,automatic_lexical_match,https://www.instagram.com/p/DSUPUC0iF5r/c/18090963188073617
designer_spend,igc:18555973228036860,ig:DSUPUC0iF5r,automatic_lexical_match,https://www.instagram.com/p/DSUPUC0iF5r/c/18555973228036860
designer_spend,igc:18092078777605634,ig:DZ5YybMyYZp,automatic_lexical_match,https://www.instagram.com/p/DZ5YybMyYZp/c/18092078777605634
designer_spend,igc:18396444475084154,ig:DZ5YybMyYZp,automatic_lexical_match,https://www.instagram.com/p/DZ5YybMyYZp/c/18396444475084154
designer_spend,igc:17915965458017309,ig:DHn-pONT1xi,automatic_lexical_match,https://www.instagram.com/p/DHn-pONT1xi/c/17915965458017309
designer_spend,igc:18071001352941803,ig:DGa5ahNMX3E,automatic_lexical_match,https://www.instagram.com/p/DGa5ahNMX3E/c/18071001352941803
designer_spend,igc:17966800339936828,ig:Cl2HtNBtl03,automatic_lexical_match,https://www.instagram.com/p/Cl2HtNBtl03/c/17966800339936828
designer_spend,igc:17946212435406528,ig:CpK_T9GqZ3b,automatic_lexical_match,https://www.instagram.com/p/CpK_T9GqZ3b/c/17946212435406528
designer_spend,igc:18099007598597317,ig:DWw2XKnEdVb,automatic_lexical_match,https://www.instagram.com/p/DWw2XKnEdVb/c/18099007598597317
designer_spend,igc:18035831141643292,ig:DHn-pONT1xi,automatic_lexical_match,https://www.instagram.com/p/DHn-pONT1xi/c/18035831141643292
designer_spend,igc:18087524476653138,ig:DHn-pONT1xi,automatic_lexical_match,https://www.instagram.com/p/DHn-pONT1xi/c/18087524476653138
designer_spend,igc:18031640459376320,ig:DHn-pONT1xi,automatic_lexical_match,https://www.instagram.com/p/DHn-pONT1xi/c/18031640459376320
designer_spend,igc:17946970106459681,ig:Cl2HtNBtl03,automatic_lexical_match,https://www.instagram.com/p/Cl2HtNBtl03/c/17946970106459681
designer_spend,igc:18261163330119727,ig:Cl2HtNBtl03,automatic_lexical_match,https://www.instagram.com/p/Cl2HtNBtl03/c/18261163330119727
designer_spend,ttc:7238890847571854107,tt:7218302653489483051,automatic_lexical_match,https://www.tiktok.com/@steffieinthecity/video/7218302653489483051
designer_spend,ttc:7232883425286783790,tt:7218302653489483051,automatic_lexical_match,https://www.tiktok.com/@steffieinthecity/video/7218302653489483051
designer_spend,ttc:7223517251662676763,tt:7218302653489483051,automatic_lexical_match,https://www.tiktok.com/@steffieinthecity/video/7218302653489483051
designer_spend,ttc:7218368432970089262,tt:7218302653489483051,automatic_lexical_match,https://www.tiktok.com/@steffieinthecity/video/7218302653489483051
designer_spend,ttc:7443851000018502401,tt:7218302653489483051,automatic_lexical_match,https://www.tiktok.com/@steffieinthecity/video/7218302653489483051
designer_spend,ttc:7682035099597275918,tt:7677618243946777869,automatic_lexical_match,https://www.tiktok.com/@chicfinds.bags/video/7677618243946777869
designer_spend,ttc:7568186211019195157,tt:7567478564996664584,automatic_lexical_match,https://www.tiktok.com/@mignoncobra/video/7567478564996664584
designer_spend,ttc:7625243491631563528,tt:7218302653489483051,automatic_lexical_match,https://www.tiktok.com/@steffieinthecity/video/7218302653489483051
designer_spend,ttc:7456247132300968735,tt:7446949907094621483,automatic_lexical_match,https://www.tiktok.com/@maleyanichole/video/7446949907094621483
designer_spend,ttc:7649784677629248278,tt:7649663518626581782,automatic_lexical_match,https://www.tiktok.com/@thelovedlux/video/7649663518626581782
designer_spend,ttc:7443104435960185607,tt:7218302653489483051,automatic_lexical_match,https://www.tiktok.com/@steffieinthecity/video/7218302653489483051
designer_spend,ttc:7616750338573665037,tt:7616492357252287757,automatic_lexical_match,https://www.tiktok.com/@native.handbags/video/7616492357252287757
designer_spend,ttc:7540232524867044118,tt:7493277078276640031,automatic_lexical_match,https://www.tiktok.com/@steffieinthecity/video/7493277078276640031
designer_spend,ttc:7541454998774121246,tt:7493277078276640031,automatic_lexical_match,https://www.tiktok.com/@steffieinthecity/video/7493277078276640031
designer_spend,ttc:7589916786292769591,tt:7589057437001420062,automatic_lexical_match,https://www.tiktok.com/@hothealthywealthyandwise/video/7589057437001420062
designer_spend,ttc:7600558491459650359,tt:7589057437001420062,automatic_lexical_match,https://www.tiktok.com/@hothealthywealthyandwise/video/7589057437001420062
designer_spend,ttc:7597132424679523085,tt:7589057437001420062,automatic_lexical_match,https://www.tiktok.com/@hothealthywealthyandwise/video/7589057437001420062
designer_spend,ttc:7595102841309201182,tt:7589057437001420062,automatic_lexical_match,https://www.tiktok.com/@hothealthywealthyandwise/video/7589057437001420062
designer_spend,ttc:7610568359390970638,tt:7589057437001420062,automatic_lexical_match,https://www.tiktok.com/@hothealthywealthyandwise/video/7589057437001420062
designer_spend,ttc:7608373111952605966,tt:7589057437001420062,automatic_lexical_match,https://www.tiktok.com/@hothealthywealthyandwise/video/7589057437001420062
designer_spend,ttc:7666996324173529886,tt:7666956616465435918,automatic_lexical_match,https://www.tiktok.com/@kyraboesiger/video/7666956616465435918
designer_spend,ttc:7671237667220374302,tt:7666956616465435918,automatic_lexical_match,https://www.tiktok.com/@kyraboesiger/video/7666956616465435918
designer_spend,ttc:7603344876571722510,tt:7449222569577745694,automatic_lexical_match,https://www.tiktok.com/@luxuryandarts/video/7449222569577745694
designer_spend,ttc:7449790979681813280,tt:7449222569577745694,automatic_lexical_match,https://www.tiktok.com/@luxuryandarts/video/7449222569577745694
designer_spend,ttc:7647046508799836958,tt:7616792692030278926,automatic_lexical_match,https://www.tiktok.com/@curlsandcoins/video/7616792692030278926
designer_spend,ttc:7635587869651272462,tt:7616792692030278926,automatic_lexical_match,https://www.tiktok.com/@curlsandcoins/video/7616792692030278926
designer_spend,ttc:7616793027553608462,tt:7616792692030278926,automatic_lexical_match,https://www.tiktok.com/@curlsandcoins/video/7616792692030278926
designer_spend,ttc:7651618695399129870,tt:7639422063865777430,automatic_lexical_match,https://www.tiktok.com/@iamsaraouardi/video/7639422063865777430
designer_spend,ttc:7651720141605241631,tt:7639422063865777430,automatic_lexical_match,https://www.tiktok.com/@iamsaraouardi/video/7639422063865777430
designer_spend,ttc:7646562425823707907,tt:7639422063865777430,automatic_lexical_match,https://www.tiktok.com/@iamsaraouardi/video/7639422063865777430
designer_spend,ttc:7650985800633762582,tt:7649444253394947342,automatic_lexical_match,https://www.tiktok.com/@bryannawozniak/video/7649444253394947342
designer_spend,ttc:7650683727232074510,tt:7649444253394947342,automatic_lexical_match,https://www.tiktok.com/@bryannawozniak/video/7649444253394947342
designer_spend,ttc:7652159565022397198,tt:7649444253394947342,automatic_lexical_match,https://www.tiktok.com/@bryannawozniak/video/7649444253394947342
designer_spend,ttc:7650939260745188109,tt:7649444253394947342,automatic_lexical_match,https://www.tiktok.com/@bryannawozniak/video/7649444253394947342
designer_spend,ttc:7646120786977702689,tt:7627179930677333270,automatic_lexical_match,https://www.tiktok.com/@aliceinparisofficial/video/7627179930677333270
designer_spend,ttc:7657556663188783905,tt:7649444253394947342,automatic_lexical_match,https://www.tiktok.com/@bryannawozniak/video/7649444253394947342
designer_spend,ttc:7661723757166019350,tt:7661349233068346646,automatic_lexical_match,https://www.tiktok.com/@heightandhustle/video/7661349233068346646
designer_spend,ttc:7661383105873396513,tt:7661349233068346646,automatic_lexical_match,https://www.tiktok.com/@heightandhustle/video/7661349233068346646
designer_spend,ttc:7661758476116542211,tt:7661349233068346646,automatic_lexical_match,https://www.tiktok.com/@heightandhustle/video/7661349233068346646
designer_spend,ttc:7662046929841488660,tt:7661349233068346646,automatic_lexical_match,https://www.tiktok.com/@heightandhustle/video/7661349233068346646
designer_spend,ttc:7677706630506791712,tt:7661349233068346646,automatic_lexical_match,https://www.tiktok.com/@heightandhustle/video/7661349233068346646
designer_spend,ttc:7681170701168624406,tt:7681030709988969741,automatic_lexical_match,https://www.tiktok.com/@johnathan.guo/video/7681030709988969741
designer_spend,ttc:7681815123162809102,tt:7681030709988969741,automatic_lexical_match,https://www.tiktok.com/@johnathan.guo/video/7681030709988969741
designer_spend,ttc:7683073826569880342,tt:7681030709988969741,automatic_lexical_match,https://www.tiktok.com/@johnathan.guo/video/7681030709988969741
designer_spend,ttc:7665011332487529229,tt:7662002150159125762,automatic_lexical_match,https://www.tiktok.com/@aliceinparisofficial/video/7662002150159125762
designer_spend,ttc:7662189509832246038,tt:7662002150159125762,automatic_lexical_match,https://www.tiktok.com/@aliceinparisofficial/video/7662002150159125762
designer_spend,ttc:7491304503968777015,tt:7491264828397374742,automatic_lexical_match,https://www.tiktok.com/@miarosemcgrath/video/7491264828397374742
designer_spend,ttc:7621290656824689430,tt:7620834527749033238,automatic_lexical_match,https://www.tiktok.com/@lucyhitchcock/video/7620834527749033238
designer_spend,ttc:7621236631182410518,tt:7620834527749033238,automatic_lexical_match,https://www.tiktok.com/@lucyhitchcock/video/7620834527749033238
designer_spend,ttc:7621261531594294038,tt:7620834527749033238,automatic_lexical_match,https://www.tiktok.com/@lucyhitchcock/video/7620834527749033238
designer_spend,ttc:7621476872568603414,tt:7620834527749033238,automatic_lexical_match,https://www.tiktok.com/@lucyhitchcock/video/7620834527749033238
designer_spend,ttc:7678527294781113106,tt:7645168876275354900,automatic_lexical_match,https://www.tiktok.com/@elaandearth/video/7645168876275354900
designer_spend,ttc:7676725462973940500,tt:7645168876275354900,automatic_lexical_match,https://www.tiktok.com/@elaandearth/video/7645168876275354900
designer_spend,ttc:7652406067875922702,tt:7652379521559137566,automatic_lexical_match,https://www.tiktok.com/@imjustbarbs/video/7652379521559137566
designer_spend,ttc:7653040335916761869,tt:7652379521559137566,automatic_lexical_match,https://www.tiktok.com/@imjustbarbs/video/7652379521559137566
designer_spend,ttc:7664658976856146711,tt:7661349233068346646,automatic_lexical_match,https://www.tiktok.com/@heightandhustle/video/7661349233068346646
designer_spend,ttc:7678113853733405470,tt:7661349233068346646,automatic_lexical_match,https://www.tiktok.com/@heightandhustle/video/7661349233068346646
designer_spend,ttc:7640538780018148109,tt:7639552753609510158,automatic_lexical_match,https://www.tiktok.com/@moniiicamendoza/video/7639552753609510158
designer_spend,ttc:7640392342184313614,tt:7639552753609510158,automatic_lexical_match,https://www.tiktok.com/@moniiicamendoza/video/7639552753609510158
designer_spend,ttc:7640468395423236878,tt:7639552753609510158,automatic_lexical_match,https://www.tiktok.com/@moniiicamendoza/video/7639552753609510158
designer_spend,ttc:7572600850423563022,tt:7218302653489483051,automatic_lexical_match,https://www.tiktok.com/@steffieinthecity/video/7218302653489483051
designer_spend,ttc:7621147046225691414,tt:7620834527749033238,automatic_lexical_match,https://www.tiktok.com/@lucyhitchcock/video/7620834527749033238
designer_spend,ttc:7621257002312975126,tt:7620834527749033238,automatic_lexical_match,https://www.tiktok.com/@lucyhitchcock/video/7620834527749033238
designer_spend,ttc:7621315241557820182,tt:7620834527749033238,automatic_lexical_match,https://www.tiktok.com/@lucyhitchcock/video/7620834527749033238
designer_spend,ttc:7654241653746303775,tt:7652379521559137566,automatic_lexical_match,https://www.tiktok.com/@imjustbarbs/video/7652379521559137566
designer_spend,ttc:7640346050070610719,tt:7639552753609510158,automatic_lexical_match,https://www.tiktok.com/@moniiicamendoza/video/7639552753609510158
designer_spend,ttc:7654366773077148417,tt:7639552753609510158,automatic_lexical_match,https://www.tiktok.com/@moniiicamendoza/video/7639552753609510158
designer_spend,igc:18100611626017238,ig:DdJPm0RjYAP,automatic_lexical_match,https://www.instagram.com/p/DdJPm0RjYAP/c/18100611626017238
designer_spend,igc:18120028000909457,ig:DdGrcfVCcso,automatic_lexical_match,https://www.instagram.com/p/DdGrcfVCcso/c/18120028000909457
designer_spend,igc:18096408290529372,ig:DbopI80TuC2,automatic_lexical_match,https://www.instagram.com/p/DbopI80TuC2/c/18096408290529372
designer_spend,igc:18137552257523781,ig:DbopI80TuC2,automatic_lexical_match,https://www.instagram.com/p/DbopI80TuC2/c/18137552257523781
designer_spend,igc:17994944714960597,ig:DVw2w0gjiW8,automatic_lexical_match,https://www.instagram.com/p/DVw2w0gjiW8/c/17994944714960597
designer_spend,igc:18001626686937811,ig:DVw2w0gjiW8,automatic_lexical_match,https://www.instagram.com/p/DVw2w0gjiW8/c/18001626686937811
designer_spend,igc:18138388843717286,ig:DdJPm0RjYAP,automatic_lexical_match,https://www.instagram.com/p/DdJPm0RjYAP/c/18138388843717286
designer_spend,igc:18333097456254347,ig:DbptyvPzNi3,automatic_lexical_match,https://www.instagram.com/p/DbptyvPzNi3/c/18333097456254347
designer_spend,igc:18131169463564279,ig:DVw2w0gjiW8,automatic_lexical_match,https://www.instagram.com/p/DVw2w0gjiW8/c/18131169463564279
designer_spend,igc:17961511643980315,ig:DcwKBp-zayN,automatic_lexical_match,https://www.instagram.com/p/DcwKBp-zayN/c/17961511643980315
designer_spend,igc:18128722903757726,ig:DdIAWblCPui,automatic_lexical_match,https://www.instagram.com/p/DdIAWblCPui/c/18128722903757726
designer_spend,igc:18138872227467391,ig:DJ_994UpN_7,automatic_lexical_match,https://www.instagram.com/p/DJ_994UpN_7/c/18138872227467391
designer_spend,igc:17860257411666432,ig:DVw2w0gjiW8,automatic_lexical_match,https://www.instagram.com/p/DVw2w0gjiW8/c/17860257411666432
designer_spend,igc:17873825259633893,ig:DdIAWblCPui,automatic_lexical_match,https://www.instagram.com/p/DdIAWblCPui/c/17873825259633893
designer_spend,igc:18601142263030797,ig:DYeoiNrMrKp,automatic_lexical_match,https://www.instagram.com/p/DYeoiNrMrKp/c/18601142263030797
designer_spend,igc:17885081964618051,ig:Dc0_95Ust3q,automatic_lexical_match,https://www.instagram.com/p/Dc0_95Ust3q/c/17885081964618051
designer_spend,igc:17985426977860011,ig:DJ_994UpN_7,automatic_lexical_match,https://www.instagram.com/p/DJ_994UpN_7/c/17985426977860011
designer_spend,igc:17925629871078245,ig:DJ_994UpN_7,automatic_lexical_match,https://www.instagram.com/p/DJ_994UpN_7/c/17925629871078245
designer_spend,igc:18016787621592206,ig:DJ_994UpN_7,automatic_lexical_match,https://www.instagram.com/p/DJ_994UpN_7/c/18016787621592206
designer_spend,igc:18087466663839776,ig:DJ_994UpN_7,automatic_lexical_match,https://www.instagram.com/p/DJ_994UpN_7/c/18087466663839776
designer_spend,igc:18099762853588598,ig:DJ_994UpN_7,automatic_lexical_match,https://www.instagram.com/p/DJ_994UpN_7/c/18099762853588598
designer_spend,igc:17933955270387730,ig:DdEF89jD48L,automatic_lexical_match,https://www.instagram.com/p/DdEF89jD48L/c/17933955270387730
designer_spend,ttc:7670780218596360990,tt:7670290170209438989,automatic_lexical_match,https://www.tiktok.com/@jessicanlinn/video/7670290170209438989
designer_spend,ttc:7671084732700803853,tt:7670290170209438989,automatic_lexical_match,https://www.tiktok.com/@jessicanlinn/video/7670290170209438989
designer_spend,ttc:7683653897492071199,tt:7677722775099936030,automatic_lexical_match,https://www.tiktok.com/@erinmillerartistry/video/7677722775099936030
designer_spend,ttc:7677053792344408863,tt:7676645924118007070,automatic_lexical_match,https://www.tiktok.com/@britt.rae2/video/7676645924118007070
designer_spend,ttc:7677328283286045454,tt:7676645924118007070,automatic_lexical_match,https://www.tiktok.com/@britt.rae2/video/7676645924118007070
designer_spend,ttc:7682281841081336607,tt:7670290170209438989,automatic_lexical_match,https://www.tiktok.com/@jessicanlinn/video/7670290170209438989
designer_spend,ttc:7670632929992000257,tt:7670290170209438989,automatic_lexical_match,https://www.tiktok.com/@jessicanlinn/video/7670290170209438989
designer_spend,ttc:7677954491740308237,tt:7670290170209438989,automatic_lexical_match,https://www.tiktok.com/@jessicanlinn/video/7670290170209438989
designer_spend,ttc:7557770352748610315,tt:7555972915817237773,automatic_lexical_match,https://www.tiktok.com/@skyleranneolson/video/7555972915817237773
designer_spend,ttc:7669449511047627533,tt:7652535489613909262,automatic_lexical_match,https://www.tiktok.com/@drews_view22/video/7652535489613909262
designer_spend,ttc:7665107728646243102,tt:7652535489613909262,automatic_lexical_match,https://www.tiktok.com/@drews_view22/video/7652535489613909262
designer_spend,ttc:7656832803602318111,tt:7652535489613909262,automatic_lexical_match,https://www.tiktok.com/@drews_view22/video/7652535489613909262
designer_spend,ttc:7615432372122010382,tt:7615428241423109389,automatic_lexical_match,https://www.tiktok.com/@mariawithcheese/video/7615428241423109389
designer_spend,ttc:7654805838859928351,tt:7648130942166502670,automatic_lexical_match,https://www.tiktok.com/@coach_angelbeck/video/7648130942166502670
designer_spend,ttc:7658397703089636126,tt:7648130942166502670,automatic_lexical_match,https://www.tiktok.com/@coach_angelbeck/video/7648130942166502670
designer_spend,ttc:7653219869890200334,tt:7652535489613909262,automatic_lexical_match,https://www.tiktok.com/@drews_view22/video/7652535489613909262
designer_spend,ttc:7527633569746912013,tt:7527006509264276766,automatic_lexical_match,https://www.tiktok.com/@michelletimestwo/video/7527006509264276766
designer_spend,ttc:7527393792984236830,tt:7527006509264276766,automatic_lexical_match,https://www.tiktok.com/@michelletimestwo/video/7527006509264276766
designer_spend,ttc:7527090453024342839,tt:7527006509264276766,automatic_lexical_match,https://www.tiktok.com/@michelletimestwo/video/7527006509264276766
designer_spend,ttc:7412165226256220961,tt:7412155936476826913,automatic_lexical_match,https://www.tiktok.com/@gabriellaluxurymum/video/7412155936476826913
designer_spend,ttc:7648680196237853471,tt:7644223029496646942,automatic_lexical_match,https://www.tiktok.com/@candace_annn/video/7644223029496646942
designer_spend,ttc:7661726762157753119,tt:7660723867878493454,automatic_lexical_match,https://www.tiktok.com/@flippingfarrell/video/7660723867878493454
designer_spend,ttc:7660969021072032542,tt:7660723867878493454,automatic_lexical_match,https://www.tiktok.com/@flippingfarrell/video/7660723867878493454
designer_spend,ttc:7661010050832007949,tt:7660723867878493454,automatic_lexical_match,https://www.tiktok.com/@flippingfarrell/video/7660723867878493454
designer_spend,ttc:7661022397101949727,tt:7660723867878493454,automatic_lexical_match,https://www.tiktok.com/@flippingfarrell/video/7660723867878493454
designer_spend,ttc:7660963231330714399,tt:7660723867878493454,automatic_lexical_match,https://www.tiktok.com/@flippingfarrell/video/7660723867878493454
designer_spend,ttc:7661737864929968926,tt:7660723867878493454,automatic_lexical_match,https://www.tiktok.com/@flippingfarrell/video/7660723867878493454
designer_spend,ttc:7661211688478688030,tt:7660723867878493454,automatic_lexical_match,https://www.tiktok.com/@flippingfarrell/video/7660723867878493454
designer_spend,ttc:7660996770784838414,tt:7660723867878493454,automatic_lexical_match,https://www.tiktok.com/@flippingfarrell/video/7660723867878493454
designer_spend,ttc:7683191418885718816,tt:7682857812308790550,automatic_lexical_match,https://www.tiktok.com/@josayzso/video/7682857812308790550
designer_spend,ttc:7680615955499696909,tt:7676645924118007070,automatic_lexical_match,https://www.tiktok.com/@britt.rae2/video/7676645924118007070
designer_spend,ttc:7658638397960078110,tt:7648130942166502670,automatic_lexical_match,https://www.tiktok.com/@coach_angelbeck/video/7648130942166502670
designer_spend,ttc:7527329841377755959,tt:7527006509264276766,automatic_lexical_match,https://www.tiktok.com/@michelletimestwo/video/7527006509264276766
designer_spend,ttc:7620580271674540831,tt:7527006509264276766,automatic_lexical_match,https://www.tiktok.com/@michelletimestwo/video/7527006509264276766
designer_spend,ttc:7528156325491065630,tt:7527006509264276766,automatic_lexical_match,https://www.tiktok.com/@michelletimestwo/video/7527006509264276766
designer_spend,ttc:7527343049120269087,tt:7527006509264276766,automatic_lexical_match,https://www.tiktok.com/@michelletimestwo/video/7527006509264276766
designer_spend,ttc:7527356445621404429,tt:7527006509264276766,automatic_lexical_match,https://www.tiktok.com/@michelletimestwo/video/7527006509264276766
designer_spend,ttc:7527348905622766391,tt:7527006509264276766,automatic_lexical_match,https://www.tiktok.com/@michelletimestwo/video/7527006509264276766
designer_spend,ttc:7527600339161400078,tt:7527006509264276766,automatic_lexical_match,https://www.tiktok.com/@michelletimestwo/video/7527006509264276766
designer_spend,ttc:7527405863095763726,tt:7527006509264276766,automatic_lexical_match,https://www.tiktok.com/@michelletimestwo/video/7527006509264276766
designer_spend,ttc:7527457425851695903,tt:7527006509264276766,automatic_lexical_match,https://www.tiktok.com/@michelletimestwo/video/7527006509264276766
designer_spend,ttc:7528151614529880887,tt:7527006509264276766,automatic_lexical_match,https://www.tiktok.com/@michelletimestwo/video/7527006509264276766
designer_spend,ttc:7527553498126648078,tt:7527006509264276766,automatic_lexical_match,https://www.tiktok.com/@michelletimestwo/video/7527006509264276766
designer_spend,ttc:7527665158744425247,tt:7527006509264276766,automatic_lexical_match,https://www.tiktok.com/@michelletimestwo/video/7527006509264276766
designer_spend,ttc:7660969921244988173,tt:7660723867878493454,automatic_lexical_match,https://www.tiktok.com/@flippingfarrell/video/7660723867878493454
designer_spend,ttc:7661220790192997150,tt:7660723867878493454,automatic_lexical_match,https://www.tiktok.com/@flippingfarrell/video/7660723867878493454
designer_spend,ttc:7661015091831669534,tt:7660723867878493454,automatic_lexical_match,https://www.tiktok.com/@flippingfarrell/video/7660723867878493454
designer_spend,ttc:7660940367462826782,tt:7660723867878493454,automatic_lexical_match,https://www.tiktok.com/@flippingfarrell/video/7660723867878493454
designer_spend,ttc:7662075303653819167,tt:7660723867878493454,automatic_lexical_match,https://www.tiktok.com/@flippingfarrell/video/7660723867878493454
designer_spend,ttc:7661003362435597086,tt:7660723867878493454,automatic_lexical_match,https://www.tiktok.com/@flippingfarrell/video/7660723867878493454
designer_spend,igc:18082287122664351,ig:Db6xEKshX4-,automatic_lexical_match,https://www.instagram.com/p/Db6xEKshX4-/
designer_spend,igc:18104258594225248,ig:Db6xEKshX4-,automatic_lexical_match,https://www.instagram.com/p/Db6xEKshX4-/
designer_spend,igc:17973360815916756,ig:DbmNj3zvQDA,automatic_lexical_match,https://www.instagram.com/p/DbmNj3zvQDA/
designer_spend,igc:18005776391779676,ig:DcybQ_uOUm3,automatic_lexical_match,https://www.instagram.com/p/DcybQ_uOUm3/
designer_spend,igc:18404245885093086,ig:DcybQ_uOUm3,automatic_lexical_match,https://www.instagram.com/p/DcybQ_uOUm3/
designer_spend,igc:18095827154636534,ig:DcybQ_uOUm3,automatic_lexical_match,https://www.instagram.com/p/DcybQ_uOUm3/
designer_spend,igc:18132697243561245,ig:DcybQ_uOUm3,automatic_lexical_match,https://www.instagram.com/p/DcybQ_uOUm3/
designer_spend,igc:18090983957243480,ig:DdHRsZ5ubNp,automatic_lexical_match,https://www.instagram.com/p/DdHRsZ5ubNp/
designer_spend,igc:18096965501528711,ig:DcMFRwOB_V9,automatic_lexical_match,https://www.instagram.com/p/DcMFRwOB_V9/
designer_spend,igc:18091862414640162,ig:DcbPPiQqe_s,automatic_lexical_match,https://www.instagram.com/p/DcbPPiQqe_s/
designer_spend,igc:17862895059640055,ig:DaTlpabx8aY,automatic_lexical_match,https://www.instagram.com/p/DaTlpabx8aY/
designer_spend,igc:17885236476667272,ig:Daltv8PhsXS,automatic_lexical_match,https://www.instagram.com/p/Daltv8PhsXS/
designer_spend,igc:17896069458518561,ig:Daltv8PhsXS,automatic_lexical_match,https://www.instagram.com/p/Daltv8PhsXS/
designer_spend,igc:18109927889061221,ig:Daltv8PhsXS,automatic_lexical_match,https://www.instagram.com/p/Daltv8PhsXS/
designer_spend,igc:18119274145899267,ig:DcQ2N5_I2Hx,automatic_lexical_match,https://www.instagram.com/p/DcQ2N5_I2Hx/
designer_spend,igc:18052882904577106,ig:DcQ2N5_I2Hx,automatic_lexical_match,https://www.instagram.com/p/DcQ2N5_I2Hx/
designer_spend,igc:18388963351163473,ig:DcQ2N5_I2Hx,automatic_lexical_match,https://www.instagram.com/p/DcQ2N5_I2Hx/
designer_spend,igc:18122717248865656,ig:DK2Bg2ERrgc,automatic_lexical_match,https://www.instagram.com/p/DK2Bg2ERrgc/
designer_spend,igc:17900050656349658,ig:DbyzTSQPAbz,automatic_lexical_match,https://www.instagram.com/p/DbyzTSQPAbz/
designer_spend,igc:17985590562049180,ig:DcUJ3llotgZ,automatic_lexical_match,https://www.instagram.com/p/DcUJ3llotgZ/
designer_spend,igc:17994829799823220,ig:DcUJ3llotgZ,automatic_lexical_match,https://www.instagram.com/p/DcUJ3llotgZ/
designer_spend,igc:17894436225405847,ig:DcUJ3llotgZ,automatic_lexical_match,https://www.instagram.com/p/DcUJ3llotgZ/
designer_spend,igc:18081731048270770,ig:DavUaDHuMxX,automatic_lexical_match,https://www.instagram.com/p/DavUaDHuMxX/
designer_spend,igc:18137751289571481,ig:DavUaDHuMxX,automatic_lexical_match,https://www.instagram.com/p/DavUaDHuMxX/
designer_spend,igc:18126898717725958,ig:DavUaDHuMxX,automatic_lexical_match,https://www.instagram.com/p/DavUaDHuMxX/
designer_spend,igc:18134018515606807,ig:DavUaDHuMxX,automatic_lexical_match,https://www.instagram.com/p/DavUaDHuMxX/
designer_spend,igc:18419007787146624,ig:DceirRDgu_y,automatic_lexical_match,https://www.instagram.com/p/DceirRDgu_y/
old_money,ttc:7218355825714660142,tt:7218302653489483051,analyst_inspected_anchor,https://www.tiktok.com/@steffieinthecity/video/7218302653489483051
old_money,igc:18137552257523781,ig:DbopI80TuC2,analyst_inspected_anchor,https://www.instagram.com/p/DbopI80TuC2/c/18137552257523781
old_money,igc:18096408290529372,ig:DbopI80TuC2,analyst_inspected_anchor,https://www.instagram.com/p/DbopI80TuC2/c/18096408290529372
old_money,igc:18130641220671878,ig:Da8Z4g3MwcJ,automatic_lexical_match,https://www.instagram.com/p/Da8Z4g3MwcJ/c/18130641220671878
old_money,igc:18105255947248252,ig:Da8Z4g3MwcJ,automatic_lexical_match,https://www.instagram.com/p/Da8Z4g3MwcJ/c/18105255947248252
old_money,igc:18116280016970645,ig:Da8Z4g3MwcJ,automatic_lexical_match,https://www.instagram.com/p/Da8Z4g3MwcJ/c/18116280016970645
old_money,igc:18223608436324383,ig:DaLPP4XsxGe,automatic_lexical_match,https://www.instagram.com/p/DaLPP4XsxGe/c/18223608436324383
old_money,igc:18618195808019754,ig:Dbdnok1ttWG,automatic_lexical_match,https://www.instagram.com/p/Dbdnok1ttWG/c/18618195808019754
old_money,igc:18105581174618419,ig:DbEHV44MYoJ,automatic_lexical_match,https://www.instagram.com/p/DbEHV44MYoJ/c/18105581174618419
old_money,igc:18219003502328882,ig:DDXIojFNwC4,automatic_lexical_match,https://www.instagram.com/p/DDXIojFNwC4/c/18219003502328882
old_money,igc:18089994515313924,ig:DcdqdquuB0l,automatic_lexical_match,https://www.instagram.com/p/DcdqdquuB0l/c/18089994515313924
old_money,igc:18122140373311287,ig:DcljDRyKTWR,automatic_lexical_match,https://www.instagram.com/p/DcljDRyKTWR/c/18122140373311287
old_money,igc:18112339493048909,ig:DcljDRyKTWR,automatic_lexical_match,https://www.instagram.com/p/DcljDRyKTWR/c/18112339493048909
old_money,igc:18115309471936326,ig:Db94oszt8Xt,automatic_lexical_match,https://www.instagram.com/p/Db94oszt8Xt/c/18115309471936326
old_money,igc:17905909440476328,ig:Db94oszt8Xt,automatic_lexical_match,https://www.instagram.com/p/Db94oszt8Xt/c/17905909440476328
old_money,igc:18002346599794096,ig:DcRsKHHBW45,automatic_lexical_match,https://www.instagram.com/p/DcRsKHHBW45/c/18002346599794096
old_money,igc:18120831529793735,ig:DadwnM1hmXa,automatic_lexical_match,https://www.instagram.com/p/DadwnM1hmXa/c/18120831529793735
old_money,igc:18017077796944862,ig:Dbdnok1ttWG,automatic_lexical_match,https://www.instagram.com/p/Dbdnok1ttWG/c/18017077796944862
old_money,igc:17987266650111879,ig:Da8Z4g3MwcJ,automatic_lexical_match,https://www.instagram.com/p/Da8Z4g3MwcJ/c/17987266650111879
old_money,igc:18017184128912334,ig:DYwfKoko68c,automatic_lexical_match,https://www.instagram.com/p/DYwfKoko68c/c/18017184128912334
old_money,igc:18606849301013860,ig:DYwfKoko68c,automatic_lexical_match,https://www.instagram.com/p/DYwfKoko68c/c/18606849301013860
old_money,igc:18075976142440087,ig:Db94oszt8Xt,automatic_lexical_match,https://www.instagram.com/p/Db94oszt8Xt/c/18075976142440087
old_money,igc:17886563841468310,ig:Db94oszt8Xt,automatic_lexical_match,https://www.instagram.com/p/Db94oszt8Xt/c/17886563841468310
old_money,igc:18153436615509711,ig:DbUtXy0t5oJ,automatic_lexical_match,https://www.instagram.com/p/DbUtXy0t5oJ/c/18153436615509711
old_money,igc:18092848196564132,ig:DafssF9IRyI,automatic_lexical_match,https://www.instagram.com/p/DafssF9IRyI/c/18092848196564132
old_money,igc:17945843034084738,ig:Da8Z4g3MwcJ,automatic_lexical_match,https://www.instagram.com/p/Da8Z4g3MwcJ/c/17945843034084738
old_money,igc:18172265383427116,ig:Da0Y7Pusq2x,automatic_lexical_match,https://www.instagram.com/p/Da0Y7Pusq2x/c/18172265383427116
old_money,igc:17903459223448432,ig:DYwfKoko68c,automatic_lexical_match,https://www.instagram.com/p/DYwfKoko68c/c/17903459223448432
old_money,igc:18175221130326274,ig:DHvgPHWqmW2,automatic_lexical_match,https://www.instagram.com/p/DHvgPHWqmW2/c/18175221130326274
old_money,igc:17876445540560803,ig:DWWdXh7Ebjz,automatic_lexical_match,https://www.instagram.com/p/DWWdXh7Ebjz/c/17876445540560803
old_money,igc:18107844326008910,ig:DafssF9IRyI,automatic_lexical_match,https://www.instagram.com/p/DafssF9IRyI/c/18107844326008910
old_money,igc:18103909838220376,ig:DcRsKHHBW45,automatic_lexical_match,https://www.instagram.com/p/DcRsKHHBW45/c/18103909838220376
old_money,igc:18142393846576637,ig:DcRsKHHBW45,automatic_lexical_match,https://www.instagram.com/p/DcRsKHHBW45/c/18142393846576637
old_money,igc:18076976720710618,ig:Da8Z4g3MwcJ,automatic_lexical_match,https://www.instagram.com/p/Da8Z4g3MwcJ/c/18076976720710618
old_money,igc:18102422015196714,ig:Da8Z4g3MwcJ,automatic_lexical_match,https://www.instagram.com/p/Da8Z4g3MwcJ/c/18102422015196714
old_money,igc:18105712633942616,ig:Da8Z4g3MwcJ,automatic_lexical_match,https://www.instagram.com/p/Da8Z4g3MwcJ/c/18105712633942616
old_money,igc:18115026143472547,ig:Db94oszt8Xt,automatic_lexical_match,https://www.instagram.com/p/Db94oszt8Xt/c/18115026143472547
old_money,igc:18119651210477351,ig:Db94oszt8Xt,automatic_lexical_match,https://www.instagram.com/p/Db94oszt8Xt/c/18119651210477351
old_money,igc:17981138094023003,ig:DbEHV44MYoJ,automatic_lexical_match,https://www.instagram.com/p/DbEHV44MYoJ/c/17981138094023003
old_money,igc:18117935296793754,ig:DYitde2xgiC,automatic_lexical_match,https://www.instagram.com/p/DYitde2xgiC/c/18117935296793754
old_money,igc:18082108490299884,ig:Dax4VNvKxnZ,automatic_lexical_match,https://www.instagram.com/p/Dax4VNvKxnZ/c/18082108490299884
old_money,igc:18631272478028316,ig:DcRsKHHBW45,automatic_lexical_match,https://www.instagram.com/p/DcRsKHHBW45/c/18631272478028316
old_money,igc:18376814005234546,ig:Db94oszt8Xt,automatic_lexical_match,https://www.instagram.com/p/Db94oszt8Xt/c/18376814005234546
old_money,igc:18333655729256620,ig:Db94oszt8Xt,automatic_lexical_match,https://www.instagram.com/p/Db94oszt8Xt/c/18333655729256620
old_money,igc:18219006136335552,ig:Da0Y7Pusq2x,automatic_lexical_match,https://www.instagram.com/p/Da0Y7Pusq2x/c/18219006136335552
old_money,igc:18201591211322633,ig:Da0Y7Pusq2x,automatic_lexical_match,https://www.instagram.com/p/Da0Y7Pusq2x/c/18201591211322633
old_money,igc:18055976051550703,ig:Da8Z4g3MwcJ,automatic_lexical_match,https://www.instagram.com/p/Da8Z4g3MwcJ/c/18055976051550703
old_money,igc:18199968118327629,ig:Da8Z4g3MwcJ,automatic_lexical_match,https://www.instagram.com/p/Da8Z4g3MwcJ/c/18199968118327629
old_money,igc:18093894644382688,ig:Da8Z4g3MwcJ,automatic_lexical_match,https://www.instagram.com/p/Da8Z4g3MwcJ/c/18093894644382688
old_money,igc:18160955761462884,ig:DafssF9IRyI,automatic_lexical_match,https://www.instagram.com/p/DafssF9IRyI/c/18160955761462884
old_money,igc:17957550603174955,ig:DbLcoPLgWMl,automatic_lexical_match,https://www.instagram.com/p/DbLcoPLgWMl/c/17957550603174955
old_money,igc:18168792790461103,ig:DbbRz2SgFfY,automatic_lexical_match,https://www.instagram.com/p/DbbRz2SgFfY/c/18168792790461103
old_money,igc:18115017263050243,ig:DcRsKHHBW45,automatic_lexical_match,https://www.instagram.com/p/DcRsKHHBW45/c/18115017263050243
old_money,igc:18083722130301176,ig:DcRsKHHBW45,automatic_lexical_match,https://www.instagram.com/p/DcRsKHHBW45/c/18083722130301176
old_money,igc:18095860781438055,ig:DcRsKHHBW45,automatic_lexical_match,https://www.instagram.com/p/DcRsKHHBW45/c/18095860781438055
old_money,igc:18159354622494921,ig:DcRsKHHBW45,automatic_lexical_match,https://www.instagram.com/p/DcRsKHHBW45/c/18159354622494921
old_money,igc:18148798213535890,ig:DcUxPf9DjMi,automatic_lexical_match,https://www.instagram.com/p/DcUxPf9DjMi/c/18148798213535890
old_money,igc:17930502234143477,ig:Da8Z4g3MwcJ,automatic_lexical_match,https://www.instagram.com/p/Da8Z4g3MwcJ/c/17930502234143477
old_money,igc:18135863656589650,ig:DW5CM72iBZF,automatic_lexical_match,https://www.instagram.com/p/DW5CM72iBZF/c/18135863656589650
old_money,igc:18189624529395579,ig:DcbWhitOnk7,automatic_lexical_match,https://www.instagram.com/p/DcbWhitOnk7/c/18189624529395579
old_money,igc:18126167731768639,ig:Da8Z4g3MwcJ,automatic_lexical_match,https://www.instagram.com/p/Da8Z4g3MwcJ/c/18126167731768639
old_money,igc:17909416800286589,ig:Da8Z4g3MwcJ,automatic_lexical_match,https://www.instagram.com/p/Da8Z4g3MwcJ/c/17909416800286589
old_money,igc:18111184241041320,ig:Da8Z4g3MwcJ,automatic_lexical_match,https://www.instagram.com/p/Da8Z4g3MwcJ/c/18111184241041320
old_money,igc:18126976243738188,ig:Da8Z4g3MwcJ,automatic_lexical_match,https://www.instagram.com/p/Da8Z4g3MwcJ/c/18126976243738188
old_money,igc:17930368854145153,ig:Dai_VLvz_X3,automatic_lexical_match,https://www.instagram.com/p/Dai_VLvz_X3/c/17930368854145153
old_money,igc:17885658495596349,ig:DZ3gXIzq35d,automatic_lexical_match,https://www.instagram.com/p/DZ3gXIzq35d/c/17885658495596349
old_money,igc:18002722493943136,ig:DXrxcfHjkmV,automatic_lexical_match,https://www.instagram.com/p/DXrxcfHjkmV/c/18002722493943136
old_money,igc:18202577920329652,ig:Dcq__agouAR,automatic_lexical_match,https://www.instagram.com/p/Dcq__agouAR/c/18202577920329652
old_money,igc:18056965148783531,ig:Dakb7gKt_lj,automatic_lexical_match,https://www.instagram.com/p/Dakb7gKt_lj/c/18056965148783531
old_money,igc:18089514563429678,ig:DcbWhitOnk7,automatic_lexical_match,https://www.instagram.com/p/DcbWhitOnk7/c/18089514563429678
old_money,igc:18127048939714935,ig:DZ3gXIzq35d,automatic_lexical_match,https://www.instagram.com/p/DZ3gXIzq35d/c/18127048939714935
old_money,igc:18196611796383378,ig:Dc2_9ydS0x1,automatic_lexical_match,https://www.instagram.com/p/Dc2_9ydS0x1/c/18196611796383378
old_money,igc:18094736828550333,ig:DcbWhitOnk7,automatic_lexical_match,https://www.instagram.com/p/DcbWhitOnk7/c/18094736828550333
old_money,igc:17905892319488942,ig:Dc2_9ydS0x1,automatic_lexical_match,https://www.instagram.com/p/Dc2_9ydS0x1/c/17905892319488942
old_money,igc:18333828616249548,ig:Dai_VLvz_X3,automatic_lexical_match,https://www.instagram.com/p/Dai_VLvz_X3/c/18333828616249548
old_money,ttc:7668055728308978445,tt:7668001244018986273,automatic_lexical_match,https://www.tiktok.com/@spiritual.materialist/video/7668001244018986273
old_money,ttc:7668055139727524622,tt:7668001244018986273,automatic_lexical_match,https://www.tiktok.com/@spiritual.materialist/video/7668001244018986273
old_money,ttc:7668129686710911745,tt:7668001244018986273,automatic_lexical_match,https://www.tiktok.com/@spiritual.materialist/video/7668001244018986273
old_money,ttc:7668474325507605255,tt:7668001244018986273,automatic_lexical_match,https://www.tiktok.com/@spiritual.materialist/video/7668001244018986273
old_money,ttc:7668109849629278989,tt:7668001244018986273,automatic_lexical_match,https://www.tiktok.com/@spiritual.materialist/video/7668001244018986273
old_money,ttc:7669830994296029970,tt:7668001244018986273,automatic_lexical_match,https://www.tiktok.com/@spiritual.materialist/video/7668001244018986273
old_money,ttc:7668080449184514830,tt:7668001244018986273,automatic_lexical_match,https://www.tiktok.com/@spiritual.materialist/video/7668001244018986273
old_money,ttc:7668915947453498125,tt:7668001244018986273,automatic_lexical_match,https://www.tiktok.com/@spiritual.materialist/video/7668001244018986273
old_money,ttc:7668651261731095318,tt:7668001244018986273,automatic_lexical_match,https://www.tiktok.com/@spiritual.materialist/video/7668001244018986273
old_money,igc:17954544761521427,ig:Cl2HtNBtl03,automatic_lexical_match,https://www.instagram.com/p/Cl2HtNBtl03/c/17954544761521427
old_money,igc:18053060741152708,ig:DGit5LyJaGI,automatic_lexical_match,https://www.instagram.com/p/DGit5LyJaGI/c/18053060741152708
old_money,igc:18191483185391709,ig:DWY-mFRkc8F,automatic_lexical_match,https://www.instagram.com/p/DWY-mFRkc8F/c/18191483185391709
old_money,igc:17996342461830209,ig:CpK_T9GqZ3b,automatic_lexical_match,https://www.instagram.com/p/CpK_T9GqZ3b/c/17996342461830209
old_money,igc:18189180925385120,ig:DZsU_2KI8Tt,automatic_lexical_match,https://www.instagram.com/p/DZsU_2KI8Tt/c/18189180925385120
old_money,igc:17979323328004853,ig:DUzgCcTE6zD,automatic_lexical_match,https://www.instagram.com/p/DUzgCcTE6zD/c/17979323328004853
old_money,igc:18115350160975090,ig:DHn-pONT1xi,automatic_lexical_match,https://www.instagram.com/p/DHn-pONT1xi/c/18115350160975090
old_money,igc:17979436088833982,ig:DHqsRoAsQeN,automatic_lexical_match,https://www.instagram.com/p/DHqsRoAsQeN/c/17979436088833982
old_money,igc:18086432705009377,ig:DSLgtUIkmC4,automatic_lexical_match,https://www.instagram.com/p/DSLgtUIkmC4/c/18086432705009377
old_money,igc:18069221591305804,ig:DSUPUC0iF5r,automatic_lexical_match,https://www.instagram.com/p/DSUPUC0iF5r/c/18069221591305804
old_money,igc:18122202325288122,ig:Cl2HtNBtl03,automatic_lexical_match,https://www.instagram.com/p/Cl2HtNBtl03/c/18122202325288122
old_money,igc:17890028132792799,ig:CpK_T9GqZ3b,automatic_lexical_match,https://www.instagram.com/p/CpK_T9GqZ3b/c/17890028132792799
old_money,igc:18091634300083576,ig:DUzgCcTE6zD,automatic_lexical_match,https://www.instagram.com/p/DUzgCcTE6zD/c/18091634300083576
old_money,igc:17890145837731576,ig:CpK_T9GqZ3b,automatic_lexical_match,https://www.instagram.com/p/CpK_T9GqZ3b/c/17890145837731576
old_money,igc:17962997137788014,ig:Chxve5QLpzz,automatic_lexical_match,https://www.instagram.com/p/Chxve5QLpzz/c/17962997137788014
old_money,igc:18030271876424999,ig:Cl2HtNBtl03,automatic_lexical_match,https://www.instagram.com/p/Cl2HtNBtl03/c/18030271876424999
old_money,igc:18077630054214985,ig:DSUPUC0iF5r,automatic_lexical_match,https://www.instagram.com/p/DSUPUC0iF5r/c/18077630054214985
old_money,igc:17946970106459681,ig:Cl2HtNBtl03,automatic_lexical_match,https://www.instagram.com/p/Cl2HtNBtl03/c/17946970106459681
old_money,ttc:7674486881291387669,tt:7672790276276079903,automatic_lexical_match,https://www.tiktok.com/@imjustbarbs/video/7672790276276079903
old_money,ttc:7238890847571854107,tt:7218302653489483051,automatic_lexical_match,https://www.tiktok.com/@steffieinthecity/video/7218302653489483051
old_money,ttc:7218355825714660142,tt:7218302653489483051,automatic_lexical_match,https://www.tiktok.com/@steffieinthecity/video/7218302653489483051
old_money,ttc:7684129702319588126,tt:7683875254153792782,automatic_lexical_match,https://www.tiktok.com/@h89722980/video/7683875254153792782
old_money,ttc:7242859710586749702,tt:7218302653489483051,automatic_lexical_match,https://www.tiktok.com/@steffieinthecity/video/7218302653489483051
old_money,ttc:7459941899031085842,tt:7448201110705294600,automatic_lexical_match,https://www.tiktok.com/@flaxi4/video/7448201110705294600
old_money,ttc:7616800234194289438,tt:7616792692030278926,automatic_lexical_match,https://www.tiktok.com/@curlsandcoins/video/7616792692030278926
old_money,ttc:7645606210313650957,tt:7639422063865777430,automatic_lexical_match,https://www.tiktok.com/@iamsaraouardi/video/7639422063865777430
old_money,ttc:7654970808548852510,tt:7649444253394947342,automatic_lexical_match,https://www.tiktok.com/@bryannawozniak/video/7649444253394947342
old_money,ttc:7672501122184332054,tt:7661349233068346646,automatic_lexical_match,https://www.tiktok.com/@heightandhustle/video/7661349233068346646
old_money,ttc:7672233908192559903,tt:7672086495074749728,automatic_lexical_match,https://www.tiktok.com/@yevtopyer/video/7672086495074749728
old_money,ttc:7221148532434060059,tt:7218302653489483051,automatic_lexical_match,https://www.tiktok.com/@steffieinthecity/video/7218302653489483051
old_money,ttc:7491586586506330902,tt:7491264828397374742,automatic_lexical_match,https://www.tiktok.com/@miarosemcgrath/video/7491264828397374742
old_money,ttc:7652393002660807454,tt:7652379521559137566,automatic_lexical_match,https://www.tiktok.com/@imjustbarbs/video/7652379521559137566
old_money,ttc:7652628822660236052,tt:7652379521559137566,automatic_lexical_match,https://www.tiktok.com/@imjustbarbs/video/7652379521559137566
old_money,ttc:7656278872032559902,tt:7649444253394947342,automatic_lexical_match,https://www.tiktok.com/@bryannawozniak/video/7649444253394947342
old_money,ttc:7652894393347851026,tt:7652379521559137566,automatic_lexical_match,https://www.tiktok.com/@imjustbarbs/video/7652379521559137566
old_money,ttc:7630596672002949910,tt:7627179930677333270,automatic_lexical_match,https://www.tiktok.com/@aliceinparisofficial/video/7627179930677333270
old_money,igc:17900763993573470,ig:DctUggloWmq,automatic_lexical_match,https://www.instagram.com/p/DctUggloWmq/c/17900763993573470
old_money,igc:18120028000909457,ig:DdGrcfVCcso,automatic_lexical_match,https://www.instagram.com/p/DdGrcfVCcso/c/18120028000909457
old_money,igc:18148899259496074,ig:DbopI80TuC2,automatic_lexical_match,https://www.instagram.com/p/DbopI80TuC2/c/18148899259496074
old_money,igc:18096408290529372,ig:DbopI80TuC2,automatic_lexical_match,https://www.instagram.com/p/DbopI80TuC2/c/18096408290529372
old_money,igc:18137552257523781,ig:DbopI80TuC2,automatic_lexical_match,https://www.instagram.com/p/DbopI80TuC2/c/18137552257523781
old_money,igc:17972474495900653,ig:DWmvHcVAQla,automatic_lexical_match,https://www.instagram.com/p/DWmvHcVAQla/c/17972474495900653
old_money,igc:18127510843774319,ig:DcwKBp-zayN,automatic_lexical_match,https://www.instagram.com/p/DcwKBp-zayN/c/18127510843774319
old_money,igc:18621885385020991,ig:DcwKBp-zayN,automatic_lexical_match,https://www.instagram.com/p/DcwKBp-zayN/c/18621885385020991
old_money,igc:18365134342245121,ig:DcwKBp-zayN,automatic_lexical_match,https://www.instagram.com/p/DcwKBp-zayN/c/18365134342245121
old_money,igc:17882767836653083,ig:DcwKBp-zayN,automatic_lexical_match,https://www.instagram.com/p/DcwKBp-zayN/c/17882767836653083
old_money,igc:17957072586228285,ig:DcwKBp-zayN,automatic_lexical_match,https://www.instagram.com/p/DcwKBp-zayN/c/17957072586228285
old_money,igc:18119560333866143,ig:DcwKBp-zayN,automatic_lexical_match,https://www.instagram.com/p/DcwKBp-zayN/c/18119560333866143
old_money,igc:17876167032553340,ig:DcwKBp-zayN,automatic_lexical_match,https://www.instagram.com/p/DcwKBp-zayN/c/17876167032553340
old_money,igc:17913194763453364,ig:DcwKBp-zayN,automatic_lexical_match,https://www.instagram.com/p/DcwKBp-zayN/c/17913194763453364
old_money,igc:17899724481574068,ig:DcwKBp-zayN,automatic_lexical_match,https://www.instagram.com/p/DcwKBp-zayN/c/17899724481574068
old_money,igc:18114488668958905,ig:DcwKBp-zayN,automatic_lexical_match,https://www.instagram.com/p/DcwKBp-zayN/c/18114488668958905
old_money,igc:18027846584881688,ig:DcwKBp-zayN,automatic_lexical_match,https://www.instagram.com/p/DcwKBp-zayN/c/18027846584881688
old_money,igc:18123229885818647,ig:DcwKBp-zayN,automatic_lexical_match,https://www.instagram.com/p/DcwKBp-zayN/c/18123229885818647
old_money,igc:18352174711247327,ig:DcwKBp-zayN,automatic_lexical_match,https://www.instagram.com/p/DcwKBp-zayN/c/18352174711247327
old_money,igc:18131328376650292,ig:DYeoiNrMrKp,automatic_lexical_match,https://www.instagram.com/p/DYeoiNrMrKp/c/18131328376650292
old_money,igc:18106973995867850,ig:DbopI80TuC2,automatic_lexical_match,https://www.instagram.com/p/DbopI80TuC2/c/18106973995867850
old_money,igc:18141811603576458,ig:Dc0_95Ust3q,automatic_lexical_match,https://www.instagram.com/p/Dc0_95Ust3q/c/18141811603576458
old_money,igc:17971680486104245,ig:DS5aU7XDv7U,automatic_lexical_match,https://www.instagram.com/p/DS5aU7XDv7U/c/17971680486104245
old_money,igc:17894974200656717,ig:DcwKBp-zayN,automatic_lexical_match,https://www.instagram.com/p/DcwKBp-zayN/c/17894974200656717
old_money,igc:18089841128441615,ig:DcwKBp-zayN,automatic_lexical_match,https://www.instagram.com/p/DcwKBp-zayN/c/18089841128441615
old_money,igc:18073047296443876,ig:DcwKBp-zayN,automatic_lexical_match,https://www.instagram.com/p/DcwKBp-zayN/c/18073047296443876
old_money,igc:17900292579568027,ig:DcwKBp-zayN,automatic_lexical_match,https://www.instagram.com/p/DcwKBp-zayN/c/17900292579568027
old_money,igc:17961511643980315,ig:DcwKBp-zayN,automatic_lexical_match,https://www.instagram.com/p/DcwKBp-zayN/c/17961511643980315
old_money,igc:18629645800011874,ig:DdFN8U1ADOY,automatic_lexical_match,https://www.instagram.com/p/DdFN8U1ADOY/c/18629645800011874
old_money,igc:18136821874590038,ig:DYeoiNrMrKp,automatic_lexical_match,https://www.instagram.com/p/DYeoiNrMrKp/c/18136821874590038
old_money,igc:18072963608611358,ig:DS5aU7XDv7U,automatic_lexical_match,https://www.instagram.com/p/DS5aU7XDv7U/c/18072963608611358
old_money,igc:18030143339824846,ig:DYeoiNrMrKp,automatic_lexical_match,https://www.instagram.com/p/DYeoiNrMrKp/c/18030143339824846
old_money,igc:18393819223199366,ig:DS5aU7XDv7U,automatic_lexical_match,https://www.instagram.com/p/DS5aU7XDv7U/c/18393819223199366
old_money,igc:18099762853588598,ig:DJ_994UpN_7,automatic_lexical_match,https://www.instagram.com/p/DJ_994UpN_7/c/18099762853588598
old_money,ttc:7670992903254180629,tt:7670290170209438989,automatic_lexical_match,https://www.tiktok.com/@jessicanlinn/video/7670290170209438989
old_money,ttc:7677015615517999886,tt:7676869158180572438,automatic_lexical_match,https://www.tiktok.com/@iamsaraouardi/video/7676869158180572438
old_money,ttc:7677318376251015943,tt:7666796165639277846,automatic_lexical_match,https://www.tiktok.com/@iamsaraouardi/video/7666796165639277846
old_money,ttc:7680000733781459743,tt:7676645924118007070,automatic_lexical_match,https://www.tiktok.com/@britt.rae2/video/7676645924118007070
old_money,ttc:7683260413237445390,tt:7670290170209438989,automatic_lexical_match,https://www.tiktok.com/@jessicanlinn/video/7670290170209438989
old_money,ttc:7660891263554765581,tt:7644223029496646942,automatic_lexical_match,https://www.tiktok.com/@candace_annn/video/7644223029496646942
old_money,igc:18077346737678074,ig:DbuAhVjRlaG,automatic_lexical_match,https://www.instagram.com/p/DbuAhVjRlaG/
old_money,igc:18214032199351193,ig:DdEvhJquv3N,automatic_lexical_match,https://www.instagram.com/p/DdEvhJquv3N/
old_money,igc:17994232301830251,ig:DdEvhJquv3N,automatic_lexical_match,https://www.instagram.com/p/DdEvhJquv3N/
old_money,igc:17907036258534371,ig:DdEvhJquv3N,automatic_lexical_match,https://www.instagram.com/p/DdEvhJquv3N/
old_money,igc:18101961920000290,ig:DdEvhJquv3N,automatic_lexical_match,https://www.instagram.com/p/DdEvhJquv3N/
old_money,igc:17910351381468007,ig:DdEvhJquv3N,automatic_lexical_match,https://www.instagram.com/p/DdEvhJquv3N/
old_money,igc:17893431876414217,ig:DdEvhJquv3N,automatic_lexical_match,https://www.instagram.com/p/DdEvhJquv3N/
old_money,igc:18086938355289213,ig:DdEvhJquv3N,automatic_lexical_match,https://www.instagram.com/p/DdEvhJquv3N/
old_money,igc:18218499448337279,ig:DdEvhJquv3N,automatic_lexical_match,https://www.instagram.com/p/DdEvhJquv3N/
old_money,igc:18016784054732081,ig:DdEvhJquv3N,automatic_lexical_match,https://www.instagram.com/p/DdEvhJquv3N/
old_money,igc:18113405390048120,ig:DdEvhJquv3N,automatic_lexical_match,https://www.instagram.com/p/DdEvhJquv3N/
old_money,igc:18113108210052584,ig:DdEvhJquv3N,automatic_lexical_match,https://www.instagram.com/p/DdEvhJquv3N/
old_money,igc:17922372588203622,ig:DdEvhJquv3N,automatic_lexical_match,https://www.instagram.com/p/DdEvhJquv3N/
old_money,igc:18083611331690225,ig:DdEvhJquv3N,automatic_lexical_match,https://www.instagram.com/p/DdEvhJquv3N/
old_money,igc:17946182772316227,ig:Dc_q3RPBd1b,automatic_lexical_match,https://www.instagram.com/p/Dc_q3RPBd1b/
old_money,igc:18045753383813686,ig:Dc_q3RPBd1b,automatic_lexical_match,https://www.instagram.com/p/Dc_q3RPBd1b/
old_money,igc:18098420750637680,ig:Dc_q3RPBd1b,automatic_lexical_match,https://www.instagram.com/p/Dc_q3RPBd1b/
old_money,igc:18035828348834440,ig:Dc_q3RPBd1b,automatic_lexical_match,https://www.instagram.com/p/Dc_q3RPBd1b/
old_money,igc:18050147879653556,ig:Dc_q3RPBd1b,automatic_lexical_match,https://www.instagram.com/p/Dc_q3RPBd1b/
old_money,igc:17907392250491241,ig:Dc_q3RPBd1b,automatic_lexical_match,https://www.instagram.com/p/Dc_q3RPBd1b/
old_money,igc:18115190398784373,ig:Dc_q3RPBd1b,automatic_lexical_match,https://www.instagram.com/p/Dc_q3RPBd1b/
old_money,igc:18122904817860464,ig:Dc_q3RPBd1b,automatic_lexical_match,https://www.instagram.com/p/Dc_q3RPBd1b/
old_money,igc:18066742538507274,ig:Dc_q3RPBd1b,automatic_lexical_match,https://www.instagram.com/p/Dc_q3RPBd1b/
old_money,igc:17904363372482517,ig:Dc_q3RPBd1b,automatic_lexical_match,https://www.instagram.com/p/Dc_q3RPBd1b/
old_money,igc:18407437681095302,ig:Dc_q3RPBd1b,automatic_lexical_match,https://www.instagram.com/p/Dc_q3RPBd1b/
old_money,igc:18621785911000861,ig:Dc_q3RPBd1b,automatic_lexical_match,https://www.instagram.com/p/Dc_q3RPBd1b/
old_money,igc:17930849244146059,ig:Dc_q3RPBd1b,automatic_lexical_match,https://www.instagram.com/p/Dc_q3RPBd1b/
old_money,igc:18114962935985505,ig:Dc_q3RPBd1b,automatic_lexical_match,https://www.instagram.com/p/Dc_q3RPBd1b/
european_style,ttc:7644161713147724557,tt:7639422063865777430,analyst_inspected_anchor,https://www.tiktok.com/@iamsaraouardi/video/7639422063865777430
european_style,ttc:7628376001387184918,tt:7627179930677333270,analyst_inspected_anchor,https://www.tiktok.com/@aliceinparisofficial/video/7627179930677333270
european_style,ttc:7627595535117796118,tt:7627179930677333270,analyst_inspected_anchor,https://www.tiktok.com/@aliceinparisofficial/video/7627179930677333270
european_style,igc:17903920854556166,ig:DcWLvteqezx,automatic_lexical_match,https://www.instagram.com/p/DcWLvteqezx/c/17903920854556166
european_style,igc:18083531639303035,ig:DcWLvteqezx,automatic_lexical_match,https://www.instagram.com/p/DcWLvteqezx/c/18083531639303035
european_style,igc:18114669352958085,ig:DcWLvteqezx,automatic_lexical_match,https://www.instagram.com/p/DcWLvteqezx/c/18114669352958085
european_style,igc:18092312954306699,ig:DcWLvteqezx,automatic_lexical_match,https://www.instagram.com/p/DcWLvteqezx/c/18092312954306699
european_style,igc:18084614768282461,ig:DcWLvteqezx,automatic_lexical_match,https://www.instagram.com/p/DcWLvteqezx/c/18084614768282461
european_style,igc:17995183649822430,ig:DcWLvteqezx,automatic_lexical_match,https://www.instagram.com/p/DcWLvteqezx/c/17995183649822430
european_style,igc:17966018607172138,ig:DcWLvteqezx,automatic_lexical_match,https://www.instagram.com/p/DcWLvteqezx/c/17966018607172138
european_style,igc:17983545684107015,ig:DYSXIp6MRCO,automatic_lexical_match,https://www.instagram.com/p/DYSXIp6MRCO/c/17983545684107015
european_style,igc:18068369702546787,ig:DYPRepaNGq3,automatic_lexical_match,https://www.instagram.com/p/DYPRepaNGq3/c/18068369702546787
european_style,igc:18215321362345682,ig:DcWLvteqezx,automatic_lexical_match,https://www.instagram.com/p/DcWLvteqezx/c/18215321362345682
european_style,igc:18127377154682700,ig:DcWLvteqezx,automatic_lexical_match,https://www.instagram.com/p/DcWLvteqezx/c/18127377154682700
european_style,igc:18091637324134941,ig:DcWLvteqezx,automatic_lexical_match,https://www.instagram.com/p/DcWLvteqezx/c/18091637324134941
european_style,igc:17960489055188024,ig:DcWLvteqezx,automatic_lexical_match,https://www.instagram.com/p/DcWLvteqezx/c/17960489055188024
european_style,igc:17921629473201535,ig:DcWLvteqezx,automatic_lexical_match,https://www.instagram.com/p/DcWLvteqezx/c/17921629473201535
european_style,igc:18101845658093195,ig:DcWLvteqezx,automatic_lexical_match,https://www.instagram.com/p/DcWLvteqezx/c/18101845658093195
european_style,igc:18023620109886892,ig:DcljDRyKTWR,automatic_lexical_match,https://www.instagram.com/p/DcljDRyKTWR/c/18023620109886892
european_style,igc:17920637100204957,ig:DYwfKoko68c,automatic_lexical_match,https://www.instagram.com/p/DYwfKoko68c/c/17920637100204957
european_style,igc:18105072692518082,ig:DadwnM1hmXa,automatic_lexical_match,https://www.instagram.com/p/DadwnM1hmXa/c/18105072692518082
european_style,igc:18134732914595275,ig:DYPRepaNGq3,automatic_lexical_match,https://www.instagram.com/p/DYPRepaNGq3/c/18134732914595275
european_style,igc:18606849301013860,ig:DYwfKoko68c,automatic_lexical_match,https://www.instagram.com/p/DYwfKoko68c/c/18606849301013860
european_style,igc:18368872042158676,ig:DPG9kZ5kZWk,automatic_lexical_match,https://www.instagram.com/p/DPG9kZ5kZWk/c/18368872042158676
european_style,igc:18150819823460429,ig:DcWLvteqezx,automatic_lexical_match,https://www.instagram.com/p/DcWLvteqezx/c/18150819823460429
european_style,igc:18126012604765077,ig:DcWLvteqezx,automatic_lexical_match,https://www.instagram.com/p/DcWLvteqezx/c/18126012604765077
european_style,igc:17964718362166091,ig:DcWLvteqezx,automatic_lexical_match,https://www.instagram.com/p/DcWLvteqezx/c/17964718362166091
european_style,igc:17904810072508115,ig:DcWLvteqezx,automatic_lexical_match,https://www.instagram.com/p/DcWLvteqezx/c/17904810072508115
european_style,igc:17990566950035526,ig:DcWLvteqezx,automatic_lexical_match,https://www.instagram.com/p/DcWLvteqezx/c/17990566950035526
european_style,igc:17905430508536904,ig:DZmq1zHAIp-,automatic_lexical_match,https://www.instagram.com/p/DZmq1zHAIp-/c/17905430508536904
european_style,igc:18029167304850088,ig:DSWB_i_ALqB,automatic_lexical_match,https://www.instagram.com/p/DSWB_i_ALqB/c/18029167304850088
european_style,igc:18093023951176327,ig:DcljDRyKTWR,automatic_lexical_match,https://www.instagram.com/p/DcljDRyKTWR/c/18093023951176327
european_style,igc:18594970693047062,ig:DaQtCPki27D,automatic_lexical_match,https://www.instagram.com/p/DaQtCPki27D/c/18594970693047062
european_style,igc:18114567497055864,ig:DcEudEWJgzk,automatic_lexical_match,https://www.instagram.com/p/DcEudEWJgzk/c/18114567497055864
european_style,igc:17979148388869732,ig:DPG9kZ5kZWk,automatic_lexical_match,https://www.instagram.com/p/DPG9kZ5kZWk/c/17979148388869732
european_style,igc:17916741264394424,ig:DZf-NuYgpG-,automatic_lexical_match,https://www.instagram.com/p/DZf-NuYgpG-/c/17916741264394424
european_style,igc:18472052686112144,ig:DcWLvteqezx,automatic_lexical_match,https://www.instagram.com/p/DcWLvteqezx/c/18472052686112144
european_style,igc:18091084058129463,ig:DcWLvteqezx,automatic_lexical_match,https://www.instagram.com/p/DcWLvteqezx/c/18091084058129463
european_style,igc:18093140534408154,ig:DcWLvteqezx,automatic_lexical_match,https://www.instagram.com/p/DcWLvteqezx/c/18093140534408154
european_style,igc:18101292029621712,ig:DcWLvteqezx,automatic_lexical_match,https://www.instagram.com/p/DcWLvteqezx/c/18101292029621712
european_style,igc:17965234608159316,ig:DcWLvteqezx,automatic_lexical_match,https://www.instagram.com/p/DcWLvteqezx/c/17965234608159316
european_style,igc:18109022540122033,ig:DcWLvteqezx,automatic_lexical_match,https://www.instagram.com/p/DcWLvteqezx/c/18109022540122033
european_style,igc:18217405177339511,ig:DbZVk6fg-RU,automatic_lexical_match,https://www.instagram.com/p/DbZVk6fg-RU/c/18217405177339511
european_style,igc:17896322463662005,ig:DcWLvteqezx,automatic_lexical_match,https://www.instagram.com/p/DcWLvteqezx/c/17896322463662005
european_style,igc:18618103615027088,ig:DcWLvteqezx,automatic_lexical_match,https://www.instagram.com/p/DcWLvteqezx/c/18618103615027088
european_style,igc:18069305000743640,ig:DcWLvteqezx,automatic_lexical_match,https://www.instagram.com/p/DcWLvteqezx/c/18069305000743640
european_style,igc:18112411315968548,ig:DcWLvteqezx,automatic_lexical_match,https://www.instagram.com/p/DcWLvteqezx/c/18112411315968548
european_style,igc:18368996305210724,ig:DcWLvteqezx,automatic_lexical_match,https://www.instagram.com/p/DcWLvteqezx/c/18368996305210724
european_style,igc:18090582689134179,ig:DbZVk6fg-RU,automatic_lexical_match,https://www.instagram.com/p/DbZVk6fg-RU/c/18090582689134179
european_style,igc:18123894034833121,ig:DbZVk6fg-RU,automatic_lexical_match,https://www.instagram.com/p/DbZVk6fg-RU/c/18123894034833121
european_style,igc:18234646813308702,ig:DYwfKoko68c,automatic_lexical_match,https://www.instagram.com/p/DYwfKoko68c/c/18234646813308702
european_style,igc:18095367542387681,ig:DcsvVuPv-VR,automatic_lexical_match,https://www.instagram.com/p/DcsvVuPv-VR/c/18095367542387681
european_style,igc:17976666138009733,ig:DYXpZTYMt0W,automatic_lexical_match,https://www.instagram.com/p/DYXpZTYMt0W/c/17976666138009733
european_style,igc:18121071823679013,ig:DYXpZTYMt0W,automatic_lexical_match,https://www.instagram.com/p/DYXpZTYMt0W/c/18121071823679013
european_style,igc:18080298467445948,ig:DYXpZTYMt0W,automatic_lexical_match,https://www.instagram.com/p/DYXpZTYMt0W/c/18080298467445948
european_style,igc:17995819271816554,ig:DcWLvteqezx,automatic_lexical_match,https://www.instagram.com/p/DcWLvteqezx/c/17995819271816554
european_style,igc:18110547818042841,ig:DcWLvteqezx,automatic_lexical_match,https://www.instagram.com/p/DcWLvteqezx/c/18110547818042841
european_style,igc:17945500386057517,ig:DcWLvteqezx,automatic_lexical_match,https://www.instagram.com/p/DcWLvteqezx/c/17945500386057517
european_style,igc:17897516991661355,ig:DcWLvteqezx,automatic_lexical_match,https://www.instagram.com/p/DcWLvteqezx/c/17897516991661355
european_style,igc:17890372122612264,ig:DcWLvteqezx,automatic_lexical_match,https://www.instagram.com/p/DcWLvteqezx/c/17890372122612264
european_style,igc:17891831355584343,ig:DYPRepaNGq3,automatic_lexical_match,https://www.instagram.com/p/DYPRepaNGq3/c/17891831355584343
european_style,igc:17942501856080322,ig:DYXpZTYMt0W,automatic_lexical_match,https://www.instagram.com/p/DYXpZTYMt0W/c/17942501856080322
european_style,igc:18181434490403799,ig:Dah9EpQsKIZ,automatic_lexical_match,https://www.instagram.com/p/Dah9EpQsKIZ/c/18181434490403799
european_style,igc:18318754666261268,ig:DYwfKoko68c,automatic_lexical_match,https://www.instagram.com/p/DYwfKoko68c/c/18318754666261268
european_style,igc:18416945995159495,ig:Dbdnok1ttWG,automatic_lexical_match,https://www.instagram.com/p/Dbdnok1ttWG/c/18416945995159495
european_style,igc:18121418240480346,ig:DcqPNjLOTOh,automatic_lexical_match,https://www.instagram.com/p/DcqPNjLOTOh/c/18121418240480346
european_style,igc:18120907870833327,ig:DSWB_i_ALqB,automatic_lexical_match,https://www.instagram.com/p/DSWB_i_ALqB/c/18120907870833327
european_style,igc:18124446868802964,ig:Dcgl2JFNPPf,automatic_lexical_match,https://www.instagram.com/p/Dcgl2JFNPPf/c/18124446868802964
european_style,igc:18161879620486712,ig:Dc2_9ydS0x1,automatic_lexical_match,https://www.instagram.com/p/Dc2_9ydS0x1/c/18161879620486712
european_style,igc:18056965148783531,ig:Dakb7gKt_lj,automatic_lexical_match,https://www.instagram.com/p/Dakb7gKt_lj/c/18056965148783531
european_style,igc:17910383043282269,ig:Dcq__agouAR,automatic_lexical_match,https://www.instagram.com/p/Dcq__agouAR/c/17910383043282269
european_style,igc:17889942102462397,ig:DW5CM72iBZF,automatic_lexical_match,https://www.instagram.com/p/DW5CM72iBZF/c/17889942102462397
european_style,igc:18164598109480190,ig:DcWLvteqezx,automatic_lexical_match,https://www.instagram.com/p/DcWLvteqezx/c/18164598109480190
european_style,igc:18055160513566982,ig:DcWLvteqezx,automatic_lexical_match,https://www.instagram.com/p/DcWLvteqezx/c/18055160513566982
european_style,igc:17949778824251958,ig:DcWLvteqezx,automatic_lexical_match,https://www.instagram.com/p/DcWLvteqezx/c/17949778824251958
european_style,igc:18007978994959695,ig:DcWLvteqezx,automatic_lexical_match,https://www.instagram.com/p/DcWLvteqezx/c/18007978994959695
european_style,igc:17905805871303169,ig:DcWLvteqezx,automatic_lexical_match,https://www.instagram.com/p/DcWLvteqezx/c/17905805871303169
european_style,igc:18112213249618319,ig:DQ4SzAXAPfT,automatic_lexical_match,https://www.instagram.com/p/DQ4SzAXAPfT/c/18112213249618319
european_style,igc:18096645521198705,ig:DX93093O4y2,automatic_lexical_match,https://www.instagram.com/p/DX93093O4y2/c/18096645521198705
european_style,igc:17985881043010177,ig:Dai_VLvz_X3,automatic_lexical_match,https://www.instagram.com/p/Dai_VLvz_X3/c/17985881043010177
european_style,ttc:7668670790602474270,tt:7668001244018986273,automatic_lexical_match,https://www.tiktok.com/@spiritual.materialist/video/7668001244018986273
european_style,igc:18328048270262689,ig:Cl2HtNBtl03,automatic_lexical_match,https://www.instagram.com/p/Cl2HtNBtl03/c/18328048270262689
european_style,igc:18315598921174237,ig:Cl2HtNBtl03,automatic_lexical_match,https://www.instagram.com/p/Cl2HtNBtl03/c/18315598921174237
european_style,igc:18041106589389807,ig:Cl2HtNBtl03,automatic_lexical_match,https://www.instagram.com/p/Cl2HtNBtl03/c/18041106589389807
european_style,igc:17970895325899172,ig:DVYyB3gDn75,automatic_lexical_match,https://www.instagram.com/p/DVYyB3gDn75/c/17970895325899172
european_style,igc:18022265618835705,ig:DVYyB3gDn75,automatic_lexical_match,https://www.instagram.com/p/DVYyB3gDn75/c/18022265618835705
european_style,igc:17892159090464460,ig:DVYyB3gDn75,automatic_lexical_match,https://www.instagram.com/p/DVYyB3gDn75/c/17892159090464460
european_style,igc:18096096227121958,ig:DVYyB3gDn75,automatic_lexical_match,https://www.instagram.com/p/DVYyB3gDn75/c/18096096227121958
european_style,igc:17936728782239494,ig:DVYyB3gDn75,automatic_lexical_match,https://www.instagram.com/p/DVYyB3gDn75/c/17936728782239494
european_style,igc:18109358206846326,ig:DVYyB3gDn75,automatic_lexical_match,https://www.instagram.com/p/DVYyB3gDn75/c/18109358206846326
european_style,igc:18579070021012717,ig:DVYyB3gDn75,automatic_lexical_match,https://www.instagram.com/p/DVYyB3gDn75/c/18579070021012717
european_style,igc:18047045351773197,ig:DVYyB3gDn75,automatic_lexical_match,https://www.instagram.com/p/DVYyB3gDn75/c/18047045351773197
european_style,igc:17982566744992612,ig:DVYyB3gDn75,automatic_lexical_match,https://www.instagram.com/p/DVYyB3gDn75/c/17982566744992612
european_style,igc:18119066044565473,ig:DVYyB3gDn75,automatic_lexical_match,https://www.instagram.com/p/DVYyB3gDn75/c/18119066044565473
european_style,igc:18152555362465638,ig:DVYyB3gDn75,automatic_lexical_match,https://www.instagram.com/p/DVYyB3gDn75/c/18152555362465638
european_style,igc:17993090402948041,ig:DVYyB3gDn75,automatic_lexical_match,https://www.instagram.com/p/DVYyB3gDn75/c/17993090402948041
european_style,igc:18019759022659476,ig:DVYyB3gDn75,automatic_lexical_match,https://www.instagram.com/p/DVYyB3gDn75/c/18019759022659476
european_style,igc:18096565445275601,ig:DVYyB3gDn75,automatic_lexical_match,https://www.instagram.com/p/DVYyB3gDn75/c/18096565445275601
european_style,igc:17979323328004853,ig:DUzgCcTE6zD,automatic_lexical_match,https://www.instagram.com/p/DUzgCcTE6zD/c/17979323328004853
european_style,igc:17867284353668181,ig:DVYyB3gDn75,automatic_lexical_match,https://www.instagram.com/p/DVYyB3gDn75/c/17867284353668181
european_style,igc:18122485693616331,ig:DVYyB3gDn75,automatic_lexical_match,https://www.instagram.com/p/DVYyB3gDn75/c/18122485693616331
european_style,igc:17873595873592931,ig:DVYyB3gDn75,automatic_lexical_match,https://www.instagram.com/p/DVYyB3gDn75/c/17873595873592931
european_style,igc:17872371402468469,ig:DVYyB3gDn75,automatic_lexical_match,https://www.instagram.com/p/DVYyB3gDn75/c/17872371402468469
european_style,igc:18161246347426046,ig:DVYyB3gDn75,automatic_lexical_match,https://www.instagram.com/p/DVYyB3gDn75/c/18161246347426046
european_style,igc:18101929067484100,ig:DVYyB3gDn75,automatic_lexical_match,https://www.instagram.com/p/DVYyB3gDn75/c/18101929067484100
european_style,igc:18189043237369293,ig:DVYyB3gDn75,automatic_lexical_match,https://www.instagram.com/p/DVYyB3gDn75/c/18189043237369293
european_style,igc:18102885451937309,ig:DVYyB3gDn75,automatic_lexical_match,https://www.instagram.com/p/DVYyB3gDn75/c/18102885451937309
european_style,igc:18078859862110180,ig:DVYyB3gDn75,automatic_lexical_match,https://www.instagram.com/p/DVYyB3gDn75/c/18078859862110180
european_style,igc:18521230510077307,ig:DVYyB3gDn75,automatic_lexical_match,https://www.instagram.com/p/DVYyB3gDn75/c/18521230510077307
european_style,igc:17879572605408071,ig:DVYyB3gDn75,automatic_lexical_match,https://www.instagram.com/p/DVYyB3gDn75/c/17879572605408071
european_style,igc:17904603753224880,ig:DVYyB3gDn75,automatic_lexical_match,https://www.instagram.com/p/DVYyB3gDn75/c/17904603753224880
european_style,igc:17952476469114155,ig:DVYyB3gDn75,automatic_lexical_match,https://www.instagram.com/p/DVYyB3gDn75/c/17952476469114155
european_style,igc:17917129107322967,ig:DVYyB3gDn75,automatic_lexical_match,https://www.instagram.com/p/DVYyB3gDn75/c/17917129107322967
european_style,igc:17921714448294926,ig:DVYyB3gDn75,automatic_lexical_match,https://www.instagram.com/p/DVYyB3gDn75/c/17921714448294926
european_style,igc:18031277018804990,ig:DWbguQIBF1Z,automatic_lexical_match,https://www.instagram.com/p/DWbguQIBF1Z/c/18031277018804990
european_style,igc:17887132158473271,ig:DWbguQIBF1Z,automatic_lexical_match,https://www.instagram.com/p/DWbguQIBF1Z/c/17887132158473271
european_style,igc:18096205835031249,ig:DWbguQIBF1Z,automatic_lexical_match,https://www.instagram.com/p/DWbguQIBF1Z/c/18096205835031249
european_style,igc:17985855746968807,ig:DWbguQIBF1Z,automatic_lexical_match,https://www.instagram.com/p/DWbguQIBF1Z/c/17985855746968807
european_style,igc:18106721743854066,ig:DWbguQIBF1Z,automatic_lexical_match,https://www.instagram.com/p/DWbguQIBF1Z/c/18106721743854066
european_style,igc:17851984020659012,ig:DWbguQIBF1Z,automatic_lexical_match,https://www.instagram.com/p/DWbguQIBF1Z/c/17851984020659012
european_style,igc:17856531810651599,ig:DWbguQIBF1Z,automatic_lexical_match,https://www.instagram.com/p/DWbguQIBF1Z/c/17856531810651599
european_style,igc:18396514231146815,ig:DWbguQIBF1Z,automatic_lexical_match,https://www.instagram.com/p/DWbguQIBF1Z/c/18396514231146815
european_style,igc:18110029798842101,ig:DWbguQIBF1Z,automatic_lexical_match,https://www.instagram.com/p/DWbguQIBF1Z/c/18110029798842101
european_style,igc:18093187367464831,ig:DWbguQIBF1Z,automatic_lexical_match,https://www.instagram.com/p/DWbguQIBF1Z/c/18093187367464831
european_style,igc:17929337460246309,ig:DWbguQIBF1Z,automatic_lexical_match,https://www.instagram.com/p/DWbguQIBF1Z/c/17929337460246309
european_style,igc:18110904097816203,ig:DWbguQIBF1Z,automatic_lexical_match,https://www.instagram.com/p/DWbguQIBF1Z/c/18110904097816203
european_style,igc:17934795210213038,ig:DWbguQIBF1Z,automatic_lexical_match,https://www.instagram.com/p/DWbguQIBF1Z/c/17934795210213038
european_style,igc:17858712987626659,ig:DWbguQIBF1Z,automatic_lexical_match,https://www.instagram.com/p/DWbguQIBF1Z/c/17858712987626659
european_style,igc:17866491705608871,ig:DWbguQIBF1Z,automatic_lexical_match,https://www.instagram.com/p/DWbguQIBF1Z/c/17866491705608871
european_style,igc:17919764036932970,ig:DEzlTFitiVD,automatic_lexical_match,https://www.instagram.com/p/DEzlTFitiVD/c/17919764036932970
european_style,igc:17894171130288783,ig:DVYyB3gDn75,automatic_lexical_match,https://www.instagram.com/p/DVYyB3gDn75/c/17894171130288783
european_style,igc:18395494999194897,ig:DVYyB3gDn75,automatic_lexical_match,https://www.instagram.com/p/DVYyB3gDn75/c/18395494999194897
european_style,igc:18084724343251883,ig:DVYyB3gDn75,automatic_lexical_match,https://www.instagram.com/p/DVYyB3gDn75/c/18084724343251883
european_style,igc:18087625724186044,ig:DVYyB3gDn75,automatic_lexical_match,https://www.instagram.com/p/DVYyB3gDn75/c/18087625724186044
european_style,igc:18572151778001617,ig:DVYyB3gDn75,automatic_lexical_match,https://www.instagram.com/p/DVYyB3gDn75/c/18572151778001617
european_style,igc:18003070472707956,ig:DVYyB3gDn75,automatic_lexical_match,https://www.instagram.com/p/DVYyB3gDn75/c/18003070472707956
european_style,igc:17850917541645259,ig:DVYyB3gDn75,automatic_lexical_match,https://www.instagram.com/p/DVYyB3gDn75/c/17850917541645259
european_style,igc:18085912487221210,ig:DVYyB3gDn75,automatic_lexical_match,https://www.instagram.com/p/DVYyB3gDn75/c/18085912487221210
european_style,igc:17932157295226350,ig:DVYyB3gDn75,automatic_lexical_match,https://www.instagram.com/p/DVYyB3gDn75/c/17932157295226350
european_style,igc:17991106517931195,ig:DVYyB3gDn75,automatic_lexical_match,https://www.instagram.com/p/DVYyB3gDn75/c/17991106517931195
european_style,igc:18165064234414734,ig:DVYyB3gDn75,automatic_lexical_match,https://www.instagram.com/p/DVYyB3gDn75/c/18165064234414734
european_style,igc:18350899828225700,ig:DVYyB3gDn75,automatic_lexical_match,https://www.instagram.com/p/DVYyB3gDn75/c/18350899828225700
european_style,igc:18213146998321648,ig:DVYyB3gDn75,automatic_lexical_match,https://www.instagram.com/p/DVYyB3gDn75/c/18213146998321648
european_style,igc:17889379869448271,ig:DVYyB3gDn75,automatic_lexical_match,https://www.instagram.com/p/DVYyB3gDn75/c/17889379869448271
european_style,igc:18098423221761520,ig:DVYyB3gDn75,automatic_lexical_match,https://www.instagram.com/p/DVYyB3gDn75/c/18098423221761520
european_style,igc:18060687614414308,ig:DWbguQIBF1Z,automatic_lexical_match,https://www.instagram.com/p/DWbguQIBF1Z/c/18060687614414308
european_style,igc:18138461809516401,ig:DWbguQIBF1Z,automatic_lexical_match,https://www.instagram.com/p/DWbguQIBF1Z/c/18138461809516401
european_style,igc:18357024394233135,ig:DWbguQIBF1Z,automatic_lexical_match,https://www.instagram.com/p/DWbguQIBF1Z/c/18357024394233135
european_style,igc:18118322131641291,ig:DWbguQIBF1Z,automatic_lexical_match,https://www.instagram.com/p/DWbguQIBF1Z/c/18118322131641291
european_style,igc:18188120473365296,ig:DWbguQIBF1Z,automatic_lexical_match,https://www.instagram.com/p/DWbguQIBF1Z/c/18188120473365296
european_style,igc:18093626701894256,ig:DWbguQIBF1Z,automatic_lexical_match,https://www.instagram.com/p/DWbguQIBF1Z/c/18093626701894256
european_style,igc:18154860730455060,ig:DWbguQIBF1Z,automatic_lexical_match,https://www.instagram.com/p/DWbguQIBF1Z/c/18154860730455060
european_style,igc:18107906020840931,ig:DWbguQIBF1Z,automatic_lexical_match,https://www.instagram.com/p/DWbguQIBF1Z/c/18107906020840931
european_style,igc:17963336814024092,ig:DWbguQIBF1Z,automatic_lexical_match,https://www.instagram.com/p/DWbguQIBF1Z/c/17963336814024092
european_style,igc:18107286970808237,ig:DWbguQIBF1Z,automatic_lexical_match,https://www.instagram.com/p/DWbguQIBF1Z/c/18107286970808237
european_style,igc:18074488766543381,ig:DWbguQIBF1Z,automatic_lexical_match,https://www.instagram.com/p/DWbguQIBF1Z/c/18074488766543381
european_style,igc:18148604503475161,ig:DWbguQIBF1Z,automatic_lexical_match,https://www.instagram.com/p/DWbguQIBF1Z/c/18148604503475161
european_style,igc:17921408373289216,ig:DWbguQIBF1Z,automatic_lexical_match,https://www.instagram.com/p/DWbguQIBF1Z/c/17921408373289216
european_style,igc:17890645122327051,ig:DWbguQIBF1Z,automatic_lexical_match,https://www.instagram.com/p/DWbguQIBF1Z/c/17890645122327051
european_style,igc:18051168656722481,ig:DWbguQIBF1Z,automatic_lexical_match,https://www.instagram.com/p/DWbguQIBF1Z/c/18051168656722481
european_style,igc:17939138327458940,ig:Cl2HtNBtl03,automatic_lexical_match,https://www.instagram.com/p/Cl2HtNBtl03/c/17939138327458940
european_style,igc:17884582161462382,ig:DVtfKSuke22,automatic_lexical_match,https://www.instagram.com/p/DVtfKSuke22/c/17884582161462382
european_style,igc:17858803185617830,ig:DVYyB3gDn75,automatic_lexical_match,https://www.instagram.com/p/DVYyB3gDn75/c/17858803185617830
european_style,igc:18096079921972754,ig:DVYyB3gDn75,automatic_lexical_match,https://www.instagram.com/p/DVYyB3gDn75/c/18096079921972754
european_style,igc:18098679740310040,ig:DVYyB3gDn75,automatic_lexical_match,https://www.instagram.com/p/DVYyB3gDn75/c/18098679740310040
european_style,igc:17878690662514371,ig:DVYyB3gDn75,automatic_lexical_match,https://www.instagram.com/p/DVYyB3gDn75/c/17878690662514371
european_style,igc:18108203860645701,ig:DVYyB3gDn75,automatic_lexical_match,https://www.instagram.com/p/DVYyB3gDn75/c/18108203860645701
european_style,igc:18122482786581554,ig:DVYyB3gDn75,automatic_lexical_match,https://www.instagram.com/p/DVYyB3gDn75/c/18122482786581554
european_style,igc:17866891347592682,ig:DVYyB3gDn75,automatic_lexical_match,https://www.instagram.com/p/DVYyB3gDn75/c/17866891347592682
european_style,igc:18108967828828338,ig:DVYyB3gDn75,automatic_lexical_match,https://www.instagram.com/p/DVYyB3gDn75/c/18108967828828338
european_style,igc:18057906773408641,ig:DVYyB3gDn75,automatic_lexical_match,https://www.instagram.com/p/DVYyB3gDn75/c/18057906773408641
european_style,igc:18069914033553060,ig:DVYyB3gDn75,automatic_lexical_match,https://www.instagram.com/p/DVYyB3gDn75/c/18069914033553060
european_style,igc:18122372884587059,ig:DVYyB3gDn75,automatic_lexical_match,https://www.instagram.com/p/DVYyB3gDn75/c/18122372884587059
european_style,igc:18310176121259058,ig:DVYyB3gDn75,automatic_lexical_match,https://www.instagram.com/p/DVYyB3gDn75/c/18310176121259058
european_style,igc:17980888658810156,ig:DVYyB3gDn75,automatic_lexical_match,https://www.instagram.com/p/DVYyB3gDn75/c/17980888658810156
european_style,igc:18174429364383602,ig:DVYyB3gDn75,automatic_lexical_match,https://www.instagram.com/p/DVYyB3gDn75/c/18174429364383602
european_style,igc:18091868906031208,ig:DVYyB3gDn75,automatic_lexical_match,https://www.instagram.com/p/DVYyB3gDn75/c/18091868906031208
european_style,igc:18117179008604547,ig:DHn-pONT1xi,automatic_lexical_match,https://www.instagram.com/p/DHn-pONT1xi/c/18117179008604547
european_style,igc:17852793855368349,ig:DEzlTFitiVD,automatic_lexical_match,https://www.instagram.com/p/DEzlTFitiVD/c/17852793855368349
european_style,igc:18486062563059134,ig:DEzlTFitiVD,automatic_lexical_match,https://www.instagram.com/p/DEzlTFitiVD/c/18486062563059134
european_style,igc:18010350380845665,ig:DWbguQIBF1Z,automatic_lexical_match,https://www.instagram.com/p/DWbguQIBF1Z/c/18010350380845665
european_style,igc:17901569232407837,ig:DWbguQIBF1Z,automatic_lexical_match,https://www.instagram.com/p/DWbguQIBF1Z/c/17901569232407837
european_style,igc:18246225007305395,ig:DWbguQIBF1Z,automatic_lexical_match,https://www.instagram.com/p/DWbguQIBF1Z/c/18246225007305395
european_style,igc:18098338306812862,ig:DWbguQIBF1Z,automatic_lexical_match,https://www.instagram.com/p/DWbguQIBF1Z/c/18098338306812862
european_style,igc:17884427139373783,ig:DWbguQIBF1Z,automatic_lexical_match,https://www.instagram.com/p/DWbguQIBF1Z/c/17884427139373783
european_style,igc:18110958490818530,ig:DWbguQIBF1Z,automatic_lexical_match,https://www.instagram.com/p/DWbguQIBF1Z/c/18110958490818530
european_style,igc:18094891009843790,ig:DWbguQIBF1Z,automatic_lexical_match,https://www.instagram.com/p/DWbguQIBF1Z/c/18094891009843790
european_style,igc:18115851181636601,ig:DWbguQIBF1Z,automatic_lexical_match,https://www.instagram.com/p/DWbguQIBF1Z/c/18115851181636601
european_style,igc:18576869665056225,ig:DWbguQIBF1Z,automatic_lexical_match,https://www.instagram.com/p/DWbguQIBF1Z/c/18576869665056225
european_style,igc:17874878433564394,ig:DWbguQIBF1Z,automatic_lexical_match,https://www.instagram.com/p/DWbguQIBF1Z/c/17874878433564394
european_style,igc:17865555321609163,ig:DWbguQIBF1Z,automatic_lexical_match,https://www.instagram.com/p/DWbguQIBF1Z/c/17865555321609163
european_style,igc:17922849480279056,ig:DWbguQIBF1Z,automatic_lexical_match,https://www.instagram.com/p/DWbguQIBF1Z/c/17922849480279056
european_style,igc:18026850026800143,ig:DWbguQIBF1Z,automatic_lexical_match,https://www.instagram.com/p/DWbguQIBF1Z/c/18026850026800143
european_style,igc:18407219215182554,ig:DWbguQIBF1Z,automatic_lexical_match,https://www.instagram.com/p/DWbguQIBF1Z/c/18407219215182554
european_style,igc:18009700376838938,ig:DVYyB3gDn75,automatic_lexical_match,https://www.instagram.com/p/DVYyB3gDn75/c/18009700376838938
european_style,igc:17956276562936211,ig:DVYyB3gDn75,automatic_lexical_match,https://www.instagram.com/p/DVYyB3gDn75/c/17956276562936211
european_style,igc:18110883178684070,ig:DVYyB3gDn75,automatic_lexical_match,https://www.instagram.com/p/DVYyB3gDn75/c/18110883178684070
european_style,igc:18072749345185804,ig:DVYyB3gDn75,automatic_lexical_match,https://www.instagram.com/p/DVYyB3gDn75/c/18072749345185804
european_style,igc:17878555593507990,ig:DVYyB3gDn75,automatic_lexical_match,https://www.instagram.com/p/DVYyB3gDn75/c/17878555593507990
european_style,igc:18392009188158483,ig:DVYyB3gDn75,automatic_lexical_match,https://www.instagram.com/p/DVYyB3gDn75/c/18392009188158483
european_style,igc:18148724839454443,ig:DVYyB3gDn75,automatic_lexical_match,https://www.instagram.com/p/DVYyB3gDn75/c/18148724839454443
european_style,igc:17876106735535536,ig:DVYyB3gDn75,automatic_lexical_match,https://www.instagram.com/p/DVYyB3gDn75/c/17876106735535536
european_style,igc:18423694768187954,ig:DVYyB3gDn75,automatic_lexical_match,https://www.instagram.com/p/DVYyB3gDn75/c/18423694768187954
european_style,igc:18089097707136723,ig:DVYyB3gDn75,automatic_lexical_match,https://www.instagram.com/p/DVYyB3gDn75/c/18089097707136723
european_style,igc:18114172402584184,ig:DVYyB3gDn75,automatic_lexical_match,https://www.instagram.com/p/DVYyB3gDn75/c/18114172402584184
european_style,igc:18385660789082599,ig:DVYyB3gDn75,automatic_lexical_match,https://www.instagram.com/p/DVYyB3gDn75/c/18385660789082599
european_style,igc:18057457109438391,ig:DVYyB3gDn75,automatic_lexical_match,https://www.instagram.com/p/DVYyB3gDn75/c/18057457109438391
european_style,igc:17930950767052693,ig:DVYyB3gDn75,automatic_lexical_match,https://www.instagram.com/p/DVYyB3gDn75/c/17930950767052693
european_style,igc:18067066043277891,ig:DGa5ahNMX3E,automatic_lexical_match,https://www.instagram.com/p/DGa5ahNMX3E/c/18067066043277891
european_style,igc:18141044176462378,ig:DSUPUC0iF5r,automatic_lexical_match,https://www.instagram.com/p/DSUPUC0iF5r/c/18141044176462378
european_style,igc:18084195308586260,ig:DVYyB3gDn75,automatic_lexical_match,https://www.instagram.com/p/DVYyB3gDn75/c/18084195308586260
european_style,igc:17923104873252042,ig:DVYyB3gDn75,automatic_lexical_match,https://www.instagram.com/p/DVYyB3gDn75/c/17923104873252042
european_style,igc:17944000347133367,ig:DVYyB3gDn75,automatic_lexical_match,https://www.instagram.com/p/DVYyB3gDn75/c/17944000347133367
european_style,igc:18046724261738697,ig:DVYyB3gDn75,automatic_lexical_match,https://www.instagram.com/p/DVYyB3gDn75/c/18046724261738697
european_style,igc:18100793435498206,ig:DVYyB3gDn75,automatic_lexical_match,https://www.instagram.com/p/DVYyB3gDn75/c/18100793435498206
european_style,igc:18104301439897659,ig:DWbguQIBF1Z,automatic_lexical_match,https://www.instagram.com/p/DWbguQIBF1Z/c/18104301439897659
european_style,igc:18446019412112804,ig:DWbguQIBF1Z,automatic_lexical_match,https://www.instagram.com/p/DWbguQIBF1Z/c/18446019412112804
european_style,igc:17956231563088983,ig:DWbguQIBF1Z,automatic_lexical_match,https://www.instagram.com/p/DWbguQIBF1Z/c/17956231563088983
european_style,igc:18065166053418565,ig:DWbguQIBF1Z,automatic_lexical_match,https://www.instagram.com/p/DWbguQIBF1Z/c/18065166053418565
european_style,igc:18260824189288923,ig:DWbguQIBF1Z,automatic_lexical_match,https://www.instagram.com/p/DWbguQIBF1Z/c/18260824189288923
european_style,igc:18064687172672315,ig:DWbguQIBF1Z,automatic_lexical_match,https://www.instagram.com/p/DWbguQIBF1Z/c/18064687172672315
european_style,igc:18453143563106917,ig:DWbguQIBF1Z,automatic_lexical_match,https://www.instagram.com/p/DWbguQIBF1Z/c/18453143563106917
european_style,igc:18126228391581159,ig:DWbguQIBF1Z,automatic_lexical_match,https://www.instagram.com/p/DWbguQIBF1Z/c/18126228391581159
european_style,igc:18103306363941177,ig:DWbguQIBF1Z,automatic_lexical_match,https://www.instagram.com/p/DWbguQIBF1Z/c/18103306363941177
european_style,igc:18023122091815143,ig:DWbguQIBF1Z,automatic_lexical_match,https://www.instagram.com/p/DWbguQIBF1Z/c/18023122091815143
european_style,igc:18131328805535480,ig:DWbguQIBF1Z,automatic_lexical_match,https://www.instagram.com/p/DWbguQIBF1Z/c/18131328805535480
european_style,igc:18206133637329046,ig:DWbguQIBF1Z,automatic_lexical_match,https://www.instagram.com/p/DWbguQIBF1Z/c/18206133637329046
european_style,igc:17920115193123996,ig:DWbguQIBF1Z,automatic_lexical_match,https://www.instagram.com/p/DWbguQIBF1Z/c/17920115193123996
european_style,igc:18103429123926838,ig:DWbguQIBF1Z,automatic_lexical_match,https://www.instagram.com/p/DWbguQIBF1Z/c/18103429123926838
european_style,igc:17964589323025356,ig:DWbguQIBF1Z,automatic_lexical_match,https://www.instagram.com/p/DWbguQIBF1Z/c/17964589323025356
european_style,igc:17852621271691727,ig:DWbguQIBF1Z,automatic_lexical_match,https://www.instagram.com/p/DWbguQIBF1Z/c/17852621271691727
european_style,igc:18112640722775413,ig:DWbguQIBF1Z,automatic_lexical_match,https://www.instagram.com/p/DWbguQIBF1Z/c/18112640722775413
european_style,igc:17880440802393971,ig:DWbguQIBF1Z,automatic_lexical_match,https://www.instagram.com/p/DWbguQIBF1Z/c/17880440802393971
european_style,igc:18320036827254476,ig:DWbguQIBF1Z,automatic_lexical_match,https://www.instagram.com/p/DWbguQIBF1Z/c/18320036827254476
european_style,igc:18157868785448057,ig:DWbguQIBF1Z,automatic_lexical_match,https://www.instagram.com/p/DWbguQIBF1Z/c/18157868785448057
european_style,igc:18071393375642008,ig:DWbguQIBF1Z,automatic_lexical_match,https://www.instagram.com/p/DWbguQIBF1Z/c/18071393375642008
european_style,igc:18098928697805103,ig:DWbguQIBF1Z,automatic_lexical_match,https://www.instagram.com/p/DWbguQIBF1Z/c/18098928697805103
european_style,igc:18123805069599780,ig:DWbguQIBF1Z,automatic_lexical_match,https://www.instagram.com/p/DWbguQIBF1Z/c/18123805069599780
european_style,igc:18331435168219592,ig:DWbguQIBF1Z,automatic_lexical_match,https://www.instagram.com/p/DWbguQIBF1Z/c/18331435168219592
european_style,igc:18065102825663380,ig:DWbguQIBF1Z,automatic_lexical_match,https://www.instagram.com/p/DWbguQIBF1Z/c/18065102825663380
european_style,igc:18116151124581408,ig:DWbguQIBF1Z,automatic_lexical_match,https://www.instagram.com/p/DWbguQIBF1Z/c/18116151124581408
european_style,igc:18097371491075877,ig:DWbguQIBF1Z,automatic_lexical_match,https://www.instagram.com/p/DWbguQIBF1Z/c/18097371491075877
european_style,igc:18090759490935019,ig:DWbguQIBF1Z,automatic_lexical_match,https://www.instagram.com/p/DWbguQIBF1Z/c/18090759490935019
european_style,igc:18087877129971694,ig:DWbguQIBF1Z,automatic_lexical_match,https://www.instagram.com/p/DWbguQIBF1Z/c/18087877129971694
european_style,igc:17913952730650446,ig:Cl2HtNBtl03,automatic_lexical_match,https://www.instagram.com/p/Cl2HtNBtl03/c/17913952730650446
european_style,igc:17966234302897545,ig:Cl2HtNBtl03,automatic_lexical_match,https://www.instagram.com/p/Cl2HtNBtl03/c/17966234302897545
european_style,igc:17946191372258951,ig:Cl2HtNBtl03,automatic_lexical_match,https://www.instagram.com/p/Cl2HtNBtl03/c/17946191372258951
european_style,igc:18092059156510181,ig:DGa5ahNMX3E,automatic_lexical_match,https://www.instagram.com/p/DGa5ahNMX3E/c/18092059156510181
european_style,igc:17911903098358778,ig:DWbguQIBF1Z,automatic_lexical_match,https://www.instagram.com/p/DWbguQIBF1Z/c/17911903098358778
european_style,igc:18336674809300457,ig:DWbguQIBF1Z,automatic_lexical_match,https://www.instagram.com/p/DWbguQIBF1Z/c/18336674809300457
european_style,igc:18164005486413564,ig:DWbguQIBF1Z,automatic_lexical_match,https://www.instagram.com/p/DWbguQIBF1Z/c/18164005486413564
european_style,igc:18004975100717107,ig:DWbguQIBF1Z,automatic_lexical_match,https://www.instagram.com/p/DWbguQIBF1Z/c/18004975100717107
european_style,igc:18072927389538042,ig:DWbguQIBF1Z,automatic_lexical_match,https://www.instagram.com/p/DWbguQIBF1Z/c/18072927389538042
european_style,igc:18261163330119727,ig:Cl2HtNBtl03,automatic_lexical_match,https://www.instagram.com/p/Cl2HtNBtl03/c/18261163330119727
european_style,ttc:7673110549064057622,tt:7672790276276079903,automatic_lexical_match,https://www.tiktok.com/@imjustbarbs/video/7672790276276079903
european_style,ttc:7680822949586748173,tt:7672790276276079903,automatic_lexical_match,https://www.tiktok.com/@imjustbarbs/video/7672790276276079903
european_style,ttc:7679872066451358486,tt:7672790276276079903,automatic_lexical_match,https://www.tiktok.com/@imjustbarbs/video/7672790276276079903
european_style,ttc:7683970045541696274,tt:7672790276276079903,automatic_lexical_match,https://www.tiktok.com/@imjustbarbs/video/7672790276276079903
european_style,ttc:7675369267189023489,tt:7672790276276079903,automatic_lexical_match,https://www.tiktok.com/@imjustbarbs/video/7672790276276079903
european_style,ttc:7683524647950893831,tt:7672790276276079903,automatic_lexical_match,https://www.tiktok.com/@imjustbarbs/video/7672790276276079903
european_style,ttc:7218420936595948330,tt:7218302653489483051,automatic_lexical_match,https://www.tiktok.com/@steffieinthecity/video/7218302653489483051
european_style,ttc:7238538844592997147,tt:7218302653489483051,automatic_lexical_match,https://www.tiktok.com/@steffieinthecity/video/7218302653489483051
european_style,ttc:7658096646866338580,tt:7218302653489483051,automatic_lexical_match,https://www.tiktok.com/@steffieinthecity/video/7218302653489483051
european_style,ttc:7232039235804545798,tt:7218302653489483051,automatic_lexical_match,https://www.tiktok.com/@steffieinthecity/video/7218302653489483051
european_style,ttc:7454807319466836766,tt:7218302653489483051,automatic_lexical_match,https://www.tiktok.com/@steffieinthecity/video/7218302653489483051
european_style,ttc:7500958542032356103,tt:7493277078276640031,automatic_lexical_match,https://www.tiktok.com/@steffieinthecity/video/7493277078276640031
european_style,ttc:7666995620461511437,tt:7666956616465435918,automatic_lexical_match,https://www.tiktok.com/@kyraboesiger/video/7666956616465435918
european_style,ttc:7669817628638839582,tt:7666956616465435918,automatic_lexical_match,https://www.tiktok.com/@kyraboesiger/video/7666956616465435918
european_style,ttc:7683612231616103182,tt:7666956616465435918,automatic_lexical_match,https://www.tiktok.com/@kyraboesiger/video/7666956616465435918
european_style,ttc:7671237667220374302,tt:7666956616465435918,automatic_lexical_match,https://www.tiktok.com/@kyraboesiger/video/7666956616465435918
european_style,ttc:7643271581753590541,tt:7643265440549965074,automatic_lexical_match,https://www.tiktok.com/@alliegoodbun/video/7643265440549965074
european_style,ttc:7677282878228759327,tt:7616792692030278926,automatic_lexical_match,https://www.tiktok.com/@curlsandcoins/video/7616792692030278926
european_style,ttc:7668027316409549582,tt:7666956616465435918,automatic_lexical_match,https://www.tiktok.com/@kyraboesiger/video/7666956616465435918
european_style,ttc:7644862757560926984,tt:7639422063865777430,automatic_lexical_match,https://www.tiktok.com/@iamsaraouardi/video/7639422063865777430
european_style,ttc:7651182288847291168,tt:7639422063865777430,automatic_lexical_match,https://www.tiktok.com/@iamsaraouardi/video/7639422063865777430
european_style,ttc:7650923156450050829,tt:7639422063865777430,automatic_lexical_match,https://www.tiktok.com/@iamsaraouardi/video/7639422063865777430
european_style,ttc:7645403135536825119,tt:7639422063865777430,automatic_lexical_match,https://www.tiktok.com/@iamsaraouardi/video/7639422063865777430
european_style,ttc:7644161713147724557,tt:7639422063865777430,automatic_lexical_match,https://www.tiktok.com/@iamsaraouardi/video/7639422063865777430
european_style,ttc:7655047076053697294,tt:7639422063865777430,automatic_lexical_match,https://www.tiktok.com/@iamsaraouardi/video/7639422063865777430
european_style,ttc:7627595535117796118,tt:7627179930677333270,automatic_lexical_match,https://www.tiktok.com/@aliceinparisofficial/video/7627179930677333270
european_style,ttc:7627303078546457374,tt:7627179930677333270,automatic_lexical_match,https://www.tiktok.com/@aliceinparisofficial/video/7627179930677333270
european_style,ttc:7628376001387184918,tt:7627179930677333270,automatic_lexical_match,https://www.tiktok.com/@aliceinparisofficial/video/7627179930677333270
european_style,ttc:7643544232820949774,tt:7627179930677333270,automatic_lexical_match,https://www.tiktok.com/@aliceinparisofficial/video/7627179930677333270
european_style,ttc:7637829562194477846,tt:7627179930677333270,automatic_lexical_match,https://www.tiktok.com/@aliceinparisofficial/video/7627179930677333270
european_style,ttc:7631823599444427540,tt:7627179930677333270,automatic_lexical_match,https://www.tiktok.com/@aliceinparisofficial/video/7627179930677333270
european_style,ttc:7627382436536009490,tt:7627179930677333270,automatic_lexical_match,https://www.tiktok.com/@aliceinparisofficial/video/7627179930677333270
european_style,ttc:7647150682861945607,tt:7627179930677333270,automatic_lexical_match,https://www.tiktok.com/@aliceinparisofficial/video/7627179930677333270
european_style,ttc:7640937087943852822,tt:7627179930677333270,automatic_lexical_match,https://www.tiktok.com/@aliceinparisofficial/video/7627179930677333270
european_style,ttc:7643303803601404703,tt:7627179930677333270,automatic_lexical_match,https://www.tiktok.com/@aliceinparisofficial/video/7627179930677333270
european_style,ttc:7681744556253250326,tt:7661349233068346646,automatic_lexical_match,https://www.tiktok.com/@heightandhustle/video/7661349233068346646
european_style,ttc:7681032174137082646,tt:7681030709988969741,automatic_lexical_match,https://www.tiktok.com/@johnathan.guo/video/7681030709988969741
european_style,ttc:7681338264343102222,tt:7681030709988969741,automatic_lexical_match,https://www.tiktok.com/@johnathan.guo/video/7681030709988969741
european_style,ttc:7681721244622521101,tt:7681030709988969741,automatic_lexical_match,https://www.tiktok.com/@johnathan.guo/video/7681030709988969741
european_style,ttc:7675880923217232654,tt:7647171189097565463,automatic_lexical_match,https://www.tiktok.com/@thepassportus/video/7647171189097565463
european_style,ttc:7642695072333021982,tt:7637153666067123486,automatic_lexical_match,https://www.tiktok.com/@_sierramayhew/video/7637153666067123486
european_style,ttc:7637502383170814750,tt:7637153666067123486,automatic_lexical_match,https://www.tiktok.com/@_sierramayhew/video/7637153666067123486
european_style,ttc:7646833120335086367,tt:7637153666067123486,automatic_lexical_match,https://www.tiktok.com/@_sierramayhew/video/7637153666067123486
european_style,ttc:7672639870150148878,tt:7672086495074749728,automatic_lexical_match,https://www.tiktok.com/@yevtopyer/video/7672086495074749728
european_style,ttc:7673289753433539358,tt:7672086495074749728,automatic_lexical_match,https://www.tiktok.com/@yevtopyer/video/7672086495074749728
european_style,ttc:7682459639972561696,tt:7672086495074749728,automatic_lexical_match,https://www.tiktok.com/@yevtopyer/video/7672086495074749728
european_style,ttc:7675424390352372502,tt:7672086495074749728,automatic_lexical_match,https://www.tiktok.com/@yevtopyer/video/7672086495074749728
european_style,ttc:7663644242196071199,tt:7662002150159125762,automatic_lexical_match,https://www.tiktok.com/@aliceinparisofficial/video/7662002150159125762
european_style,ttc:7665237255996949278,tt:7662002150159125762,automatic_lexical_match,https://www.tiktok.com/@aliceinparisofficial/video/7662002150159125762
european_style,ttc:7665011332487529229,tt:7662002150159125762,automatic_lexical_match,https://www.tiktok.com/@aliceinparisofficial/video/7662002150159125762
european_style,ttc:7662391081992028958,tt:7662002150159125762,automatic_lexical_match,https://www.tiktok.com/@aliceinparisofficial/video/7662002150159125762
european_style,ttc:7664764257645003533,tt:7662002150159125762,automatic_lexical_match,https://www.tiktok.com/@aliceinparisofficial/video/7662002150159125762
european_style,ttc:7674114972154086152,tt:7662002150159125762,automatic_lexical_match,https://www.tiktok.com/@aliceinparisofficial/video/7662002150159125762
european_style,ttc:7621290656824689430,tt:7620834527749033238,automatic_lexical_match,https://www.tiktok.com/@lucyhitchcock/video/7620834527749033238
european_style,ttc:7621105783656563478,tt:7620834527749033238,automatic_lexical_match,https://www.tiktok.com/@lucyhitchcock/video/7620834527749033238
european_style,ttc:7669493041409409805,tt:7666956616465435918,automatic_lexical_match,https://www.tiktok.com/@kyraboesiger/video/7666956616465435918
european_style,ttc:7644304529639621389,tt:7639422063865777430,automatic_lexical_match,https://www.tiktok.com/@iamsaraouardi/video/7639422063865777430
european_style,ttc:7627949346680963862,tt:7627179930677333270,automatic_lexical_match,https://www.tiktok.com/@aliceinparisofficial/video/7627179930677333270
european_style,ttc:7627802512938386198,tt:7627179930677333270,automatic_lexical_match,https://www.tiktok.com/@aliceinparisofficial/video/7627179930677333270
european_style,ttc:7630553794136654614,tt:7627179930677333270,automatic_lexical_match,https://www.tiktok.com/@aliceinparisofficial/video/7627179930677333270
european_style,ttc:7656879028515210006,tt:7649444253394947342,automatic_lexical_match,https://www.tiktok.com/@bryannawozniak/video/7649444253394947342
european_style,ttc:7649927083749278477,tt:7649444253394947342,automatic_lexical_match,https://www.tiktok.com/@bryannawozniak/video/7649444253394947342
european_style,ttc:7641405966078116638,tt:7639552753609510158,automatic_lexical_match,https://www.tiktok.com/@moniiicamendoza/video/7639552753609510158
european_style,ttc:7640321578110042910,tt:7639552753609510158,automatic_lexical_match,https://www.tiktok.com/@moniiicamendoza/video/7639552753609510158
european_style,ttc:7627458802934252319,tt:7627179930677333270,automatic_lexical_match,https://www.tiktok.com/@aliceinparisofficial/video/7627179930677333270
european_style,ttc:7662128787693552402,tt:7662002150159125762,automatic_lexical_match,https://www.tiktok.com/@aliceinparisofficial/video/7662002150159125762
european_style,ttc:7626725948876210957,tt:7620834527749033238,automatic_lexical_match,https://www.tiktok.com/@lucyhitchcock/video/7620834527749033238
european_style,ttc:7621468114484675350,tt:7620834527749033238,automatic_lexical_match,https://www.tiktok.com/@lucyhitchcock/video/7620834527749033238
european_style,ttc:7633555548378039053,tt:7620834527749033238,automatic_lexical_match,https://www.tiktok.com/@lucyhitchcock/video/7620834527749033238
european_style,ttc:7635026517017346846,tt:7620834527749033238,automatic_lexical_match,https://www.tiktok.com/@lucyhitchcock/video/7620834527749033238
european_style,ttc:7620951970307867414,tt:7620834527749033238,automatic_lexical_match,https://www.tiktok.com/@lucyhitchcock/video/7620834527749033238
european_style,ttc:7627429802610721556,tt:7627179930677333270,automatic_lexical_match,https://www.tiktok.com/@aliceinparisofficial/video/7627179930677333270
european_style,ttc:7641986580421165837,tt:7627179930677333270,automatic_lexical_match,https://www.tiktok.com/@aliceinparisofficial/video/7627179930677333270
european_style,ttc:7641322606227014414,tt:7639552753609510158,automatic_lexical_match,https://www.tiktok.com/@moniiicamendoza/video/7639552753609510158
european_style,igc:17947016544145897,ig:DVw2w0gjiW8,automatic_lexical_match,https://www.instagram.com/p/DVw2w0gjiW8/c/17947016544145897
european_style,igc:18141811603576458,ig:Dc0_95Ust3q,automatic_lexical_match,https://www.instagram.com/p/Dc0_95Ust3q/c/18141811603576458
european_style,igc:18130203421736289,ig:Dc0_95Ust3q,automatic_lexical_match,https://www.instagram.com/p/Dc0_95Ust3q/c/18130203421736289
european_style,igc:18062430650782635,ig:Dc0_95Ust3q,automatic_lexical_match,https://www.instagram.com/p/Dc0_95Ust3q/c/18062430650782635
european_style,igc:17945193756317274,ig:Dc0_95Ust3q,automatic_lexical_match,https://www.instagram.com/p/Dc0_95Ust3q/c/17945193756317274
european_style,igc:18184481542416780,ig:Dc0_95Ust3q,automatic_lexical_match,https://www.instagram.com/p/Dc0_95Ust3q/c/18184481542416780
european_style,igc:17987778465101224,ig:DdHk9gHKDZ8,automatic_lexical_match,https://www.instagram.com/p/DdHk9gHKDZ8/c/17987778465101224
european_style,igc:18427348156149419,ig:DdHk9gHKDZ8,automatic_lexical_match,https://www.instagram.com/p/DdHk9gHKDZ8/c/18427348156149419
european_style,igc:18094285013418281,ig:DdHk9gHKDZ8,automatic_lexical_match,https://www.instagram.com/p/DdHk9gHKDZ8/c/18094285013418281
european_style,igc:18232378330321346,ig:DdHk9gHKDZ8,automatic_lexical_match,https://www.instagram.com/p/DdHk9gHKDZ8/c/18232378330321346
european_style,igc:17944487139329095,ig:DdHk9gHKDZ8,automatic_lexical_match,https://www.instagram.com/p/DdHk9gHKDZ8/c/17944487139329095
european_style,igc:17971229292147148,ig:DdHk9gHKDZ8,automatic_lexical_match,https://www.instagram.com/p/DdHk9gHKDZ8/c/17971229292147148
european_style,igc:18027425417880279,ig:DdHk9gHKDZ8,automatic_lexical_match,https://www.instagram.com/p/DdHk9gHKDZ8/c/18027425417880279
european_style,igc:17862860064675499,ig:DdHk9gHKDZ8,automatic_lexical_match,https://www.instagram.com/p/DdHk9gHKDZ8/c/17862860064675499
european_style,igc:18343701724270714,ig:DdHk9gHKDZ8,automatic_lexical_match,https://www.instagram.com/p/DdHk9gHKDZ8/c/18343701724270714
european_style,igc:18194359468390803,ig:DdHk9gHKDZ8,automatic_lexical_match,https://www.instagram.com/p/DdHk9gHKDZ8/c/18194359468390803
european_style,igc:18425338297194318,ig:DdHk9gHKDZ8,automatic_lexical_match,https://www.instagram.com/p/DdHk9gHKDZ8/c/18425338297194318
european_style,igc:18089136506659890,ig:DdHk9gHKDZ8,automatic_lexical_match,https://www.instagram.com/p/DdHk9gHKDZ8/c/18089136506659890
european_style,igc:18123767083886509,ig:DdHk9gHKDZ8,automatic_lexical_match,https://www.instagram.com/p/DdHk9gHKDZ8/c/18123767083886509
european_style,igc:18158145286495764,ig:DdHk9gHKDZ8,automatic_lexical_match,https://www.instagram.com/p/DdHk9gHKDZ8/c/18158145286495764
european_style,igc:17997354485816760,ig:DdHk9gHKDZ8,automatic_lexical_match,https://www.instagram.com/p/DdHk9gHKDZ8/c/17997354485816760
european_style,igc:17905244706486137,ig:DdHk9gHKDZ8,automatic_lexical_match,https://www.instagram.com/p/DdHk9gHKDZ8/c/17905244706486137
european_style,igc:18388866532207943,ig:DdHk9gHKDZ8,automatic_lexical_match,https://www.instagram.com/p/DdHk9gHKDZ8/c/18388866532207943
european_style,igc:18202261579374119,ig:DdHk9gHKDZ8,automatic_lexical_match,https://www.instagram.com/p/DdHk9gHKDZ8/c/18202261579374119
european_style,igc:17956944609233685,ig:DdHk9gHKDZ8,automatic_lexical_match,https://www.instagram.com/p/DdHk9gHKDZ8/c/17956944609233685
european_style,igc:17869334343639494,ig:DdHk9gHKDZ8,automatic_lexical_match,https://www.instagram.com/p/DdHk9gHKDZ8/c/17869334343639494
european_style,igc:17982076923072640,ig:DdHk9gHKDZ8,automatic_lexical_match,https://www.instagram.com/p/DdHk9gHKDZ8/c/17982076923072640
european_style,igc:18126153895700622,ig:DdHk9gHKDZ8,automatic_lexical_match,https://www.instagram.com/p/DdHk9gHKDZ8/c/18126153895700622
european_style,igc:17971279239138883,ig:DdHk9gHKDZ8,automatic_lexical_match,https://www.instagram.com/p/DdHk9gHKDZ8/c/17971279239138883
european_style,igc:18203279005363148,ig:DdHk9gHKDZ8,automatic_lexical_match,https://www.instagram.com/p/DdHk9gHKDZ8/c/18203279005363148
european_style,igc:18364290262245841,ig:DdHk9gHKDZ8,automatic_lexical_match,https://www.instagram.com/p/DdHk9gHKDZ8/c/18364290262245841
european_style,igc:17928259353162947,ig:DdCMb62oJ-V,automatic_lexical_match,https://www.instagram.com/p/DdCMb62oJ-V/c/17928259353162947
european_style,igc:18101667884075982,ig:DdCMb62oJ-V,automatic_lexical_match,https://www.instagram.com/p/DdCMb62oJ-V/c/18101667884075982
european_style,igc:17913083922457494,ig:DdCMb62oJ-V,automatic_lexical_match,https://www.instagram.com/p/DdCMb62oJ-V/c/17913083922457494
european_style,igc:17883354408500880,ig:DdCMb62oJ-V,automatic_lexical_match,https://www.instagram.com/p/DdCMb62oJ-V/c/17883354408500880
european_style,igc:17872343106587140,ig:DdCMb62oJ-V,automatic_lexical_match,https://www.instagram.com/p/DdCMb62oJ-V/c/17872343106587140
european_style,igc:18132968641655698,ig:DdCMb62oJ-V,automatic_lexical_match,https://www.instagram.com/p/DdCMb62oJ-V/c/18132968641655698
european_style,igc:18095432501413820,ig:DdCMb62oJ-V,automatic_lexical_match,https://www.instagram.com/p/DdCMb62oJ-V/c/18095432501413820
european_style,igc:18141010849505909,ig:DdCMb62oJ-V,automatic_lexical_match,https://www.instagram.com/p/DdCMb62oJ-V/c/18141010849505909
european_style,igc:18624938197034646,ig:DdCMb62oJ-V,automatic_lexical_match,https://www.instagram.com/p/DdCMb62oJ-V/c/18624938197034646
european_style,igc:18007818419978232,ig:DdCMb62oJ-V,automatic_lexical_match,https://www.instagram.com/p/DdCMb62oJ-V/c/18007818419978232
european_style,igc:18109085536875296,ig:DdCMb62oJ-V,automatic_lexical_match,https://www.instagram.com/p/DdCMb62oJ-V/c/18109085536875296
european_style,igc:18140065738591177,ig:DdCMb62oJ-V,automatic_lexical_match,https://www.instagram.com/p/DdCMb62oJ-V/c/18140065738591177
european_style,igc:18343141606264067,ig:Dc0_95Ust3q,automatic_lexical_match,https://www.instagram.com/p/Dc0_95Ust3q/c/18343141606264067
european_style,igc:18245091283310427,ig:Dc0_95Ust3q,automatic_lexical_match,https://www.instagram.com/p/Dc0_95Ust3q/c/18245091283310427
european_style,igc:18088557113659324,ig:Dc0_95Ust3q,automatic_lexical_match,https://www.instagram.com/p/Dc0_95Ust3q/c/18088557113659324
european_style,igc:18140718310606664,ig:Dc0_95Ust3q,automatic_lexical_match,https://www.instagram.com/p/Dc0_95Ust3q/c/18140718310606664
european_style,igc:18337184476287621,ig:DdFEmYnIfJ8,automatic_lexical_match,https://www.instagram.com/p/DdFEmYnIfJ8/c/18337184476287621
european_style,igc:18102781217268210,ig:DdFEmYnIfJ8,automatic_lexical_match,https://www.instagram.com/p/DdFEmYnIfJ8/c/18102781217268210
european_style,igc:18169016686414131,ig:DdFEmYnIfJ8,automatic_lexical_match,https://www.instagram.com/p/DdFEmYnIfJ8/c/18169016686414131
european_style,igc:18095216873184820,ig:DdFEmYnIfJ8,automatic_lexical_match,https://www.instagram.com/p/DdFEmYnIfJ8/c/18095216873184820
european_style,igc:18128049250811969,ig:DdFEmYnIfJ8,automatic_lexical_match,https://www.instagram.com/p/DdFEmYnIfJ8/c/18128049250811969
european_style,igc:17980105214899060,ig:DdFEmYnIfJ8,automatic_lexical_match,https://www.instagram.com/p/DdFEmYnIfJ8/c/17980105214899060
european_style,igc:18098973044137306,ig:DdFEmYnIfJ8,automatic_lexical_match,https://www.instagram.com/p/DdFEmYnIfJ8/c/18098973044137306
european_style,igc:18133867561650191,ig:DdFEmYnIfJ8,automatic_lexical_match,https://www.instagram.com/p/DdFEmYnIfJ8/c/18133867561650191
european_style,igc:18062103116530430,ig:DdFEmYnIfJ8,automatic_lexical_match,https://www.instagram.com/p/DdFEmYnIfJ8/c/18062103116530430
european_style,igc:17956226142237142,ig:DdFEmYnIfJ8,automatic_lexical_match,https://www.instagram.com/p/DdFEmYnIfJ8/c/17956226142237142
european_style,igc:18123469213873522,ig:DdFEmYnIfJ8,automatic_lexical_match,https://www.instagram.com/p/DdFEmYnIfJ8/c/18123469213873522
european_style,igc:17956813500219049,ig:DdFEmYnIfJ8,automatic_lexical_match,https://www.instagram.com/p/DdFEmYnIfJ8/c/17956813500219049
european_style,igc:17999395835805852,ig:DdFEmYnIfJ8,automatic_lexical_match,https://www.instagram.com/p/DdFEmYnIfJ8/c/17999395835805852
european_style,igc:18040650929684430,ig:DdFEmYnIfJ8,automatic_lexical_match,https://www.instagram.com/p/DdFEmYnIfJ8/c/18040650929684430
european_style,igc:18626477488015764,ig:DdFEmYnIfJ8,automatic_lexical_match,https://www.instagram.com/p/DdFEmYnIfJ8/c/18626477488015764
european_style,igc:17951496030038211,ig:DdHk9gHKDZ8,automatic_lexical_match,https://www.instagram.com/p/DdHk9gHKDZ8/c/17951496030038211
european_style,igc:17891856267609170,ig:DdHk9gHKDZ8,automatic_lexical_match,https://www.instagram.com/p/DdHk9gHKDZ8/c/17891856267609170
european_style,igc:18179804380423225,ig:DdHk9gHKDZ8,automatic_lexical_match,https://www.instagram.com/p/DdHk9gHKDZ8/c/18179804380423225
european_style,igc:18110407085172074,ig:DdHk9gHKDZ8,automatic_lexical_match,https://www.instagram.com/p/DdHk9gHKDZ8/c/18110407085172074
european_style,igc:17922952968424044,ig:DdHk9gHKDZ8,automatic_lexical_match,https://www.instagram.com/p/DdHk9gHKDZ8/c/17922952968424044
european_style,igc:18209764054322049,ig:DdHk9gHKDZ8,automatic_lexical_match,https://www.instagram.com/p/DdHk9gHKDZ8/c/18209764054322049
european_style,igc:18017070719731710,ig:DdHk9gHKDZ8,automatic_lexical_match,https://www.instagram.com/p/DdHk9gHKDZ8/c/18017070719731710
european_style,igc:17914526391461365,ig:DdHk9gHKDZ8,automatic_lexical_match,https://www.instagram.com/p/DdHk9gHKDZ8/c/17914526391461365
european_style,igc:18140854078574030,ig:DdHk9gHKDZ8,automatic_lexical_match,https://www.instagram.com/p/DdHk9gHKDZ8/c/18140854078574030
european_style,igc:18088014695392619,ig:DdHk9gHKDZ8,automatic_lexical_match,https://www.instagram.com/p/DdHk9gHKDZ8/c/18088014695392619
european_style,igc:18589709422070244,ig:DdHk9gHKDZ8,automatic_lexical_match,https://www.instagram.com/p/DdHk9gHKDZ8/c/18589709422070244
european_style,igc:17909551539497088,ig:DdHk9gHKDZ8,automatic_lexical_match,https://www.instagram.com/p/DdHk9gHKDZ8/c/17909551539497088
european_style,igc:17996999165813254,ig:Dc0_95Ust3q,automatic_lexical_match,https://www.instagram.com/p/Dc0_95Ust3q/c/17996999165813254
european_style,igc:18184802053407704,ig:Dc0_95Ust3q,automatic_lexical_match,https://www.instagram.com/p/Dc0_95Ust3q/c/18184802053407704
european_style,igc:18125877676757686,ig:Dc0_95Ust3q,automatic_lexical_match,https://www.instagram.com/p/Dc0_95Ust3q/c/18125877676757686
european_style,igc:17997488354810314,ig:Dc0_95Ust3q,automatic_lexical_match,https://www.instagram.com/p/Dc0_95Ust3q/c/17997488354810314
european_style,igc:18091791377305900,ig:Dc0_95Ust3q,automatic_lexical_match,https://www.instagram.com/p/Dc0_95Ust3q/c/18091791377305900
european_style,igc:18194728132382221,ig:Dc0_95Ust3q,automatic_lexical_match,https://www.instagram.com/p/Dc0_95Ust3q/c/18194728132382221
european_style,igc:18368016136245739,ig:DdCMb62oJ-V,automatic_lexical_match,https://www.instagram.com/p/DdCMb62oJ-V/c/18368016136245739
european_style,igc:18116361007942464,ig:DdCMb62oJ-V,automatic_lexical_match,https://www.instagram.com/p/DdCMb62oJ-V/c/18116361007942464
european_style,igc:17903383299559480,ig:DdCMb62oJ-V,automatic_lexical_match,https://www.instagram.com/p/DdCMb62oJ-V/c/17903383299559480
european_style,igc:18457017520139112,ig:DdCMb62oJ-V,automatic_lexical_match,https://www.instagram.com/p/DdCMb62oJ-V/c/18457017520139112
european_style,igc:18111608210041906,ig:DdCMb62oJ-V,automatic_lexical_match,https://www.instagram.com/p/DdCMb62oJ-V/c/18111608210041906
european_style,igc:18141495496510846,ig:DdCMb62oJ-V,automatic_lexical_match,https://www.instagram.com/p/DdCMb62oJ-V/c/18141495496510846
european_style,igc:17905965552507475,ig:DdCMb62oJ-V,automatic_lexical_match,https://www.instagram.com/p/DdCMb62oJ-V/c/17905965552507475
european_style,igc:18102210061998449,ig:DdCMb62oJ-V,automatic_lexical_match,https://www.instagram.com/p/DdCMb62oJ-V/c/18102210061998449
european_style,igc:18119549317904902,ig:DdCMb62oJ-V,automatic_lexical_match,https://www.instagram.com/p/DdCMb62oJ-V/c/18119549317904902
european_style,igc:18003645185978667,ig:DdCMb62oJ-V,automatic_lexical_match,https://www.instagram.com/p/DdCMb62oJ-V/c/18003645185978667
european_style,igc:18133666945726092,ig:DdCMb62oJ-V,automatic_lexical_match,https://www.instagram.com/p/DdCMb62oJ-V/c/18133666945726092
european_style,igc:17944358172300342,ig:DdCMb62oJ-V,automatic_lexical_match,https://www.instagram.com/p/DdCMb62oJ-V/c/17944358172300342
european_style,igc:17907999501493322,ig:DdCMb62oJ-V,automatic_lexical_match,https://www.instagram.com/p/DdCMb62oJ-V/c/17907999501493322
european_style,igc:17868356037644496,ig:DdFEmYnIfJ8,automatic_lexical_match,https://www.instagram.com/p/DdFEmYnIfJ8/c/17868356037644496
european_style,igc:18113180456097512,ig:DdFEmYnIfJ8,automatic_lexical_match,https://www.instagram.com/p/DdFEmYnIfJ8/c/18113180456097512
european_style,igc:18129036772776675,ig:DdFEmYnIfJ8,automatic_lexical_match,https://www.instagram.com/p/DdFEmYnIfJ8/c/18129036772776675
european_style,igc:17965538301077802,ig:DdFEmYnIfJ8,automatic_lexical_match,https://www.instagram.com/p/DdFEmYnIfJ8/c/17965538301077802
european_style,igc:17959791114253966,ig:DdFEmYnIfJ8,automatic_lexical_match,https://www.instagram.com/p/DdFEmYnIfJ8/c/17959791114253966
european_style,igc:18095211599548286,ig:DdFEmYnIfJ8,automatic_lexical_match,https://www.instagram.com/p/DdFEmYnIfJ8/c/18095211599548286
european_style,igc:17868561438642918,ig:DdFEmYnIfJ8,automatic_lexical_match,https://www.instagram.com/p/DdFEmYnIfJ8/c/17868561438642918
european_style,igc:17954910333210334,ig:DdFEmYnIfJ8,automatic_lexical_match,https://www.instagram.com/p/DdFEmYnIfJ8/c/17954910333210334
european_style,igc:18157927108447308,ig:DdFEmYnIfJ8,automatic_lexical_match,https://www.instagram.com/p/DdFEmYnIfJ8/c/18157927108447308
european_style,igc:17956389729234251,ig:DdFEmYnIfJ8,automatic_lexical_match,https://www.instagram.com/p/DdFEmYnIfJ8/c/17956389729234251
european_style,igc:18113973160909628,ig:DdFEmYnIfJ8,automatic_lexical_match,https://www.instagram.com/p/DdFEmYnIfJ8/c/18113973160909628
european_style,igc:18141270403571865,ig:DdFEmYnIfJ8,automatic_lexical_match,https://www.instagram.com/p/DdFEmYnIfJ8/c/18141270403571865
european_style,igc:18332713687256473,ig:DdFEmYnIfJ8,automatic_lexical_match,https://www.instagram.com/p/DdFEmYnIfJ8/c/18332713687256473
european_style,igc:18345694165267946,ig:DdFEmYnIfJ8,automatic_lexical_match,https://www.instagram.com/p/DdFEmYnIfJ8/c/18345694165267946
european_style,igc:18165173221467927,ig:DdFEmYnIfJ8,automatic_lexical_match,https://www.instagram.com/p/DdFEmYnIfJ8/c/18165173221467927
european_style,igc:17982322104115539,ig:DdHk9gHKDZ8,automatic_lexical_match,https://www.instagram.com/p/DdHk9gHKDZ8/c/17982322104115539
european_style,igc:18334698130283734,ig:DdHk9gHKDZ8,automatic_lexical_match,https://www.instagram.com/p/DdHk9gHKDZ8/c/18334698130283734
european_style,igc:18204225928371178,ig:DdHk9gHKDZ8,automatic_lexical_match,https://www.instagram.com/p/DdHk9gHKDZ8/c/18204225928371178
european_style,igc:18102961028265737,ig:DdHk9gHKDZ8,automatic_lexical_match,https://www.instagram.com/p/DdHk9gHKDZ8/c/18102961028265737
european_style,igc:17916385959451671,ig:DdHk9gHKDZ8,automatic_lexical_match,https://www.instagram.com/p/DdHk9gHKDZ8/c/17916385959451671
european_style,igc:18138689137720319,ig:DdHk9gHKDZ8,automatic_lexical_match,https://www.instagram.com/p/DdHk9gHKDZ8/c/18138689137720319
european_style,igc:18581545435070845,ig:DdHk9gHKDZ8,automatic_lexical_match,https://www.instagram.com/p/DdHk9gHKDZ8/c/18581545435070845
european_style,igc:17889824256676349,ig:DdHk9gHKDZ8,automatic_lexical_match,https://www.instagram.com/p/DdHk9gHKDZ8/c/17889824256676349
european_style,igc:18113533361284950,ig:DdHk9gHKDZ8,automatic_lexical_match,https://www.instagram.com/p/DdHk9gHKDZ8/c/18113533361284950
european_style,igc:18128169193689899,ig:DdHk9gHKDZ8,automatic_lexical_match,https://www.instagram.com/p/DdHk9gHKDZ8/c/18128169193689899
european_style,igc:18120810320489490,ig:DdHk9gHKDZ8,automatic_lexical_match,https://www.instagram.com/p/DdHk9gHKDZ8/c/18120810320489490
european_style,igc:18129885976670981,ig:Dc0_95Ust3q,automatic_lexical_match,https://www.instagram.com/p/Dc0_95Ust3q/c/18129885976670981
european_style,igc:18619492228046199,ig:Dc0_95Ust3q,automatic_lexical_match,https://www.instagram.com/p/Dc0_95Ust3q/c/18619492228046199
european_style,igc:18215208700343672,ig:Dc0_95Ust3q,automatic_lexical_match,https://www.instagram.com/p/Dc0_95Ust3q/c/18215208700343672
european_style,igc:17965428335963619,ig:Dc0_95Ust3q,automatic_lexical_match,https://www.instagram.com/p/Dc0_95Ust3q/c/17965428335963619
european_style,igc:17904115065485333,ig:Dc0_95Ust3q,automatic_lexical_match,https://www.instagram.com/p/Dc0_95Ust3q/c/17904115065485333
european_style,igc:18107533919599560,ig:Dc0_95Ust3q,automatic_lexical_match,https://www.instagram.com/p/Dc0_95Ust3q/c/18107533919599560
european_style,igc:18051878933586450,ig:Dc0_95Ust3q,automatic_lexical_match,https://www.instagram.com/p/Dc0_95Ust3q/c/18051878933586450
european_style,igc:17877212691543101,ig:DdCMb62oJ-V,automatic_lexical_match,https://www.instagram.com/p/DdCMb62oJ-V/c/17877212691543101
european_style,igc:18099443666343114,ig:DdCMb62oJ-V,automatic_lexical_match,https://www.instagram.com/p/DdCMb62oJ-V/c/18099443666343114
european_style,igc:17905712145489618,ig:DdCMb62oJ-V,automatic_lexical_match,https://www.instagram.com/p/DdCMb62oJ-V/c/17905712145489618
european_style,igc:18116925068290515,ig:DdCMb62oJ-V,automatic_lexical_match,https://www.instagram.com/p/DdCMb62oJ-V/c/18116925068290515
european_style,igc:18083212070310143,ig:DdCMb62oJ-V,automatic_lexical_match,https://www.instagram.com/p/DdCMb62oJ-V/c/18083212070310143
european_style,igc:18205064413366792,ig:DdCMb62oJ-V,automatic_lexical_match,https://www.instagram.com/p/DdCMb62oJ-V/c/18205064413366792
european_style,igc:18060208610676375,ig:DdCMb62oJ-V,automatic_lexical_match,https://www.instagram.com/p/DdCMb62oJ-V/c/18060208610676375
european_style,igc:17910459084287398,ig:DdCMb62oJ-V,automatic_lexical_match,https://www.instagram.com/p/DdCMb62oJ-V/c/17910459084287398
european_style,igc:17933645181366504,ig:DdCMb62oJ-V,automatic_lexical_match,https://www.instagram.com/p/DdCMb62oJ-V/c/17933645181366504
european_style,igc:18124102165852748,ig:DdCMb62oJ-V,automatic_lexical_match,https://www.instagram.com/p/DdCMb62oJ-V/c/18124102165852748
european_style,igc:18214212406353025,ig:DdCMb62oJ-V,automatic_lexical_match,https://www.instagram.com/p/DdCMb62oJ-V/c/18214212406353025
european_style,igc:18115123072766504,ig:DdCMb62oJ-V,automatic_lexical_match,https://www.instagram.com/p/DdCMb62oJ-V/c/18115123072766504
european_style,igc:18128835856705973,ig:DdCMb62oJ-V,automatic_lexical_match,https://www.instagram.com/p/DdCMb62oJ-V/c/18128835856705973
european_style,igc:18103459664240199,ig:DdCMb62oJ-V,automatic_lexical_match,https://www.instagram.com/p/DdCMb62oJ-V/c/18103459664240199
european_style,igc:18110835017080322,ig:DdCMb62oJ-V,automatic_lexical_match,https://www.instagram.com/p/DdCMb62oJ-V/c/18110835017080322
european_style,igc:17868578688641295,ig:DdFEmYnIfJ8,automatic_lexical_match,https://www.instagram.com/p/DdFEmYnIfJ8/c/17868578688641295
european_style,igc:18115956880971970,ig:DdFEmYnIfJ8,automatic_lexical_match,https://www.instagram.com/p/DdFEmYnIfJ8/c/18115956880971970
european_style,igc:18353911429169468,ig:DdFEmYnIfJ8,automatic_lexical_match,https://www.instagram.com/p/DdFEmYnIfJ8/c/18353911429169468
european_style,igc:18114120895815260,ig:DdFEmYnIfJ8,automatic_lexical_match,https://www.instagram.com/p/DdFEmYnIfJ8/c/18114120895815260
european_style,igc:18089320352660429,ig:DdFEmYnIfJ8,automatic_lexical_match,https://www.instagram.com/p/DdFEmYnIfJ8/c/18089320352660429
european_style,igc:17934549678379951,ig:DdFEmYnIfJ8,automatic_lexical_match,https://www.instagram.com/p/DdFEmYnIfJ8/c/17934549678379951
european_style,igc:17949306423256583,ig:DdFEmYnIfJ8,automatic_lexical_match,https://www.instagram.com/p/DdFEmYnIfJ8/c/17949306423256583
european_style,igc:17944817499298667,ig:DdFEmYnIfJ8,automatic_lexical_match,https://www.instagram.com/p/DdFEmYnIfJ8/c/17944817499298667
european_style,igc:17935089348124234,ig:DdFEmYnIfJ8,automatic_lexical_match,https://www.instagram.com/p/DdFEmYnIfJ8/c/17935089348124234
european_style,igc:18067873592759824,ig:DdFEmYnIfJ8,automatic_lexical_match,https://www.instagram.com/p/DdFEmYnIfJ8/c/18067873592759824
european_style,igc:18164016733463688,ig:DdFEmYnIfJ8,automatic_lexical_match,https://www.instagram.com/p/DdFEmYnIfJ8/c/18164016733463688
european_style,igc:17886306339617837,ig:DdFEmYnIfJ8,automatic_lexical_match,https://www.instagram.com/p/DdFEmYnIfJ8/c/17886306339617837
european_style,igc:17895663654670771,ig:DdFEmYnIfJ8,automatic_lexical_match,https://www.instagram.com/p/DdFEmYnIfJ8/c/17895663654670771
european_style,igc:18165567787464243,ig:DdFEmYnIfJ8,automatic_lexical_match,https://www.instagram.com/p/DdFEmYnIfJ8/c/18165567787464243
european_style,igc:18217121884339391,ig:DdFEmYnIfJ8,automatic_lexical_match,https://www.instagram.com/p/DdFEmYnIfJ8/c/18217121884339391
european_style,igc:17906474088487217,ig:DdCMb62oJ-V,automatic_lexical_match,https://www.instagram.com/p/DdCMb62oJ-V/c/17906474088487217
european_style,igc:17907436344506526,ig:DdCMb62oJ-V,automatic_lexical_match,https://www.instagram.com/p/DdCMb62oJ-V/c/17907436344506526
european_style,igc:18418585891158242,ig:DdCMb62oJ-V,automatic_lexical_match,https://www.instagram.com/p/DdCMb62oJ-V/c/18418585891158242
european_style,igc:18106676966156513,ig:DdCMb62oJ-V,automatic_lexical_match,https://www.instagram.com/p/DdCMb62oJ-V/c/18106676966156513
european_style,igc:17886333018617503,ig:DdCMb62oJ-V,automatic_lexical_match,https://www.instagram.com/p/DdCMb62oJ-V/c/17886333018617503
european_style,igc:18148546450552079,ig:DdCMb62oJ-V,automatic_lexical_match,https://www.instagram.com/p/DdCMb62oJ-V/c/18148546450552079
european_style,igc:18083589770309947,ig:DdCMb62oJ-V,automatic_lexical_match,https://www.instagram.com/p/DdCMb62oJ-V/c/18083589770309947
european_style,igc:18074426624429554,ig:DdCMb62oJ-V,automatic_lexical_match,https://www.instagram.com/p/DdCMb62oJ-V/c/18074426624429554
european_style,igc:17964656175178962,ig:DdCMb62oJ-V,automatic_lexical_match,https://www.instagram.com/p/DdCMb62oJ-V/c/17964656175178962
european_style,igc:18132025762641860,ig:DdCMb62oJ-V,automatic_lexical_match,https://www.instagram.com/p/DdCMb62oJ-V/c/18132025762641860
european_style,igc:18111740564115658,ig:DdCMb62oJ-V,automatic_lexical_match,https://www.instagram.com/p/DdCMb62oJ-V/c/18111740564115658
european_style,igc:17957860764206740,ig:DdCMb62oJ-V,automatic_lexical_match,https://www.instagram.com/p/DdCMb62oJ-V/c/17957860764206740
european_style,igc:18112319662999817,ig:DdCMb62oJ-V,automatic_lexical_match,https://www.instagram.com/p/DdCMb62oJ-V/c/18112319662999817
european_style,igc:18083171408303923,ig:DdCMb62oJ-V,automatic_lexical_match,https://www.instagram.com/p/DdCMb62oJ-V/c/18083171408303923
european_style,igc:18129223150738335,ig:DdHk9gHKDZ8,automatic_lexical_match,https://www.instagram.com/p/DdHk9gHKDZ8/c/18129223150738335
european_style,igc:17907485343507250,ig:DdHk9gHKDZ8,automatic_lexical_match,https://www.instagram.com/p/DdHk9gHKDZ8/c/17907485343507250
european_style,igc:18629138647049638,ig:DdHk9gHKDZ8,automatic_lexical_match,https://www.instagram.com/p/DdHk9gHKDZ8/c/18629138647049638
european_style,igc:18096308087533211,ig:DdHk9gHKDZ8,automatic_lexical_match,https://www.instagram.com/p/DdHk9gHKDZ8/c/18096308087533211
european_style,igc:18189376669403054,ig:DdHk9gHKDZ8,automatic_lexical_match,https://www.instagram.com/p/DdHk9gHKDZ8/c/18189376669403054
european_style,igc:18104367083264424,ig:DdHk9gHKDZ8,automatic_lexical_match,https://www.instagram.com/p/DdHk9gHKDZ8/c/18104367083264424
european_style,igc:18440461978127044,ig:DdHk9gHKDZ8,automatic_lexical_match,https://www.instagram.com/p/DdHk9gHKDZ8/c/18440461978127044
european_style,igc:17958590984997861,ig:DdHk9gHKDZ8,automatic_lexical_match,https://www.instagram.com/p/DdHk9gHKDZ8/c/17958590984997861
european_style,igc:18088715225230667,ig:DdHk9gHKDZ8,automatic_lexical_match,https://www.instagram.com/p/DdHk9gHKDZ8/c/18088715225230667
european_style,igc:18085287785289230,ig:DdHk9gHKDZ8,automatic_lexical_match,https://www.instagram.com/p/DdHk9gHKDZ8/c/18085287785289230
european_style,igc:17945265543299782,ig:DdHk9gHKDZ8,automatic_lexical_match,https://www.instagram.com/p/DdHk9gHKDZ8/c/17945265543299782
european_style,igc:17930301210145564,ig:Dc0_95Ust3q,automatic_lexical_match,https://www.instagram.com/p/Dc0_95Ust3q/c/17930301210145564
european_style,igc:18013209848747956,ig:Dc0_95Ust3q,automatic_lexical_match,https://www.instagram.com/p/Dc0_95Ust3q/c/18013209848747956
european_style,igc:17976963654109384,ig:Dc0_95Ust3q,automatic_lexical_match,https://www.instagram.com/p/Dc0_95Ust3q/c/17976963654109384
european_style,igc:18098127845042109,ig:Dc0_95Ust3q,automatic_lexical_match,https://www.instagram.com/p/Dc0_95Ust3q/c/18098127845042109
european_style,igc:18107224508163050,ig:DdCMb62oJ-V,automatic_lexical_match,https://www.instagram.com/p/DdCMb62oJ-V/c/18107224508163050
european_style,igc:17951344920036570,ig:DdCMb62oJ-V,automatic_lexical_match,https://www.instagram.com/p/DdCMb62oJ-V/c/17951344920036570
european_style,igc:18128062078705558,ig:DdCMb62oJ-V,automatic_lexical_match,https://www.instagram.com/p/DdCMb62oJ-V/c/18128062078705558
european_style,igc:18065904482749205,ig:DdCMb62oJ-V,automatic_lexical_match,https://www.instagram.com/p/DdCMb62oJ-V/c/18065904482749205
european_style,igc:17973321837135078,ig:DdCMb62oJ-V,automatic_lexical_match,https://www.instagram.com/p/DdCMb62oJ-V/c/17973321837135078
european_style,igc:17901763116569497,ig:DdCMb62oJ-V,automatic_lexical_match,https://www.instagram.com/p/DdCMb62oJ-V/c/17901763116569497
european_style,igc:18377606200232718,ig:DdCMb62oJ-V,automatic_lexical_match,https://www.instagram.com/p/DdCMb62oJ-V/c/18377606200232718
european_style,igc:18130768909666892,ig:DdCMb62oJ-V,automatic_lexical_match,https://www.instagram.com/p/DdCMb62oJ-V/c/18130768909666892
european_style,igc:18109250657587751,ig:DdCMb62oJ-V,automatic_lexical_match,https://www.instagram.com/p/DdCMb62oJ-V/c/18109250657587751
european_style,igc:17907571326525041,ig:DdCMb62oJ-V,automatic_lexical_match,https://www.instagram.com/p/DdCMb62oJ-V/c/17907571326525041
european_style,igc:17890799799437966,ig:DdCMb62oJ-V,automatic_lexical_match,https://www.instagram.com/p/DdCMb62oJ-V/c/17890799799437966
european_style,igc:17879993304624193,ig:DdCMb62oJ-V,automatic_lexical_match,https://www.instagram.com/p/DdCMb62oJ-V/c/17879993304624193
european_style,igc:18627531853016579,ig:DdCMb62oJ-V,automatic_lexical_match,https://www.instagram.com/p/DdCMb62oJ-V/c/18627531853016579
european_style,igc:17984203725119815,ig:DdCMb62oJ-V,automatic_lexical_match,https://www.instagram.com/p/DdCMb62oJ-V/c/17984203725119815
european_style,igc:18191264200393251,ig:Dc0_95Ust3q,automatic_lexical_match,https://www.instagram.com/p/Dc0_95Ust3q/c/18191264200393251
european_style,igc:17961930629979428,ig:Dc0_95Ust3q,automatic_lexical_match,https://www.instagram.com/p/Dc0_95Ust3q/c/17961930629979428
european_style,igc:18172570585444046,ig:Dc0_95Ust3q,automatic_lexical_match,https://www.instagram.com/p/Dc0_95Ust3q/c/18172570585444046
european_style,igc:18113564963097485,ig:Dc0_95Ust3q,automatic_lexical_match,https://www.instagram.com/p/Dc0_95Ust3q/c/18113564963097485
european_style,igc:18129074821809734,ig:Dc0_95Ust3q,automatic_lexical_match,https://www.instagram.com/p/Dc0_95Ust3q/c/18129074821809734
european_style,igc:18099833357364638,ig:DdHk9gHKDZ8,automatic_lexical_match,https://www.instagram.com/p/DdHk9gHKDZ8/c/18099833357364638
european_style,igc:18097933178146114,ig:DdHk9gHKDZ8,automatic_lexical_match,https://www.instagram.com/p/DdHk9gHKDZ8/c/18097933178146114
european_style,igc:17991008367042263,ig:DdHk9gHKDZ8,automatic_lexical_match,https://www.instagram.com/p/DdHk9gHKDZ8/c/17991008367042263
european_style,igc:18188140168405768,ig:DdHk9gHKDZ8,automatic_lexical_match,https://www.instagram.com/p/DdHk9gHKDZ8/c/18188140168405768
european_style,igc:18088961225345028,ig:DdHk9gHKDZ8,automatic_lexical_match,https://www.instagram.com/p/DdHk9gHKDZ8/c/18088961225345028
european_style,igc:18114463426799495,ig:DdHk9gHKDZ8,automatic_lexical_match,https://www.instagram.com/p/DdHk9gHKDZ8/c/18114463426799495
european_style,igc:18427306846177372,ig:DdHk9gHKDZ8,automatic_lexical_match,https://www.instagram.com/p/DdHk9gHKDZ8/c/18427306846177372
european_style,igc:18114526880472348,ig:DdHk9gHKDZ8,automatic_lexical_match,https://www.instagram.com/p/DdHk9gHKDZ8/c/18114526880472348
european_style,igc:18087089558237612,ig:DdHk9gHKDZ8,automatic_lexical_match,https://www.instagram.com/p/DdHk9gHKDZ8/c/18087089558237612
european_style,igc:17940309144350843,ig:DdHk9gHKDZ8,automatic_lexical_match,https://www.instagram.com/p/DdHk9gHKDZ8/c/17940309144350843
european_style,igc:18111062248866564,ig:DdHk9gHKDZ8,automatic_lexical_match,https://www.instagram.com/p/DdHk9gHKDZ8/c/18111062248866564
european_style,igc:18442572526126155,ig:DdHk9gHKDZ8,automatic_lexical_match,https://www.instagram.com/p/DdHk9gHKDZ8/c/18442572526126155
european_style,igc:18103103921617935,ig:DdHk9gHKDZ8,automatic_lexical_match,https://www.instagram.com/p/DdHk9gHKDZ8/c/18103103921617935
european_style,igc:18109752164133299,ig:DdGrcfVCcso,automatic_lexical_match,https://www.instagram.com/p/DdGrcfVCcso/c/18109752164133299
european_style,igc:18095124377250973,ig:DdGrcfVCcso,automatic_lexical_match,https://www.instagram.com/p/DdGrcfVCcso/c/18095124377250973
european_style,igc:18112712441002749,ig:DdHk9gHKDZ8,automatic_lexical_match,https://www.instagram.com/p/DdHk9gHKDZ8/c/18112712441002749
european_style,igc:17940421746351629,ig:DdHk9gHKDZ8,automatic_lexical_match,https://www.instagram.com/p/DdHk9gHKDZ8/c/17940421746351629
european_style,igc:17959896195206334,ig:DdHk9gHKDZ8,automatic_lexical_match,https://www.instagram.com/p/DdHk9gHKDZ8/c/17959896195206334
european_style,igc:18624863278057729,ig:DdHk9gHKDZ8,automatic_lexical_match,https://www.instagram.com/p/DdHk9gHKDZ8/c/18624863278057729
european_style,igc:18105666104266456,ig:DdHk9gHKDZ8,automatic_lexical_match,https://www.instagram.com/p/DdHk9gHKDZ8/c/18105666104266456
european_style,igc:18169597000458779,ig:DdHk9gHKDZ8,automatic_lexical_match,https://www.instagram.com/p/DdHk9gHKDZ8/c/18169597000458779
european_style,igc:18128550370706688,ig:DdHk9gHKDZ8,automatic_lexical_match,https://www.instagram.com/p/DdHk9gHKDZ8/c/18128550370706688
european_style,igc:18113393956824643,ig:DdHk9gHKDZ8,automatic_lexical_match,https://www.instagram.com/p/DdHk9gHKDZ8/c/18113393956824643
european_style,igc:18127970497703590,ig:DdHk9gHKDZ8,automatic_lexical_match,https://www.instagram.com/p/DdHk9gHKDZ8/c/18127970497703590
european_style,igc:18440564782130032,ig:DdHk9gHKDZ8,automatic_lexical_match,https://www.instagram.com/p/DdHk9gHKDZ8/c/18440564782130032
european_style,igc:17957641107249655,ig:DdCMb62oJ-V,automatic_lexical_match,https://www.instagram.com/p/DdCMb62oJ-V/c/17957641107249655
european_style,igc:17935084068123784,ig:DdCMb62oJ-V,automatic_lexical_match,https://www.instagram.com/p/DdCMb62oJ-V/c/17935084068123784
european_style,igc:18123555031849223,ig:DdCMb62oJ-V,automatic_lexical_match,https://www.instagram.com/p/DdCMb62oJ-V/c/18123555031849223
european_style,igc:17957981637229768,ig:DdCMb62oJ-V,automatic_lexical_match,https://www.instagram.com/p/DdCMb62oJ-V/c/17957981637229768
european_style,igc:17916717885242481,ig:DdCMb62oJ-V,automatic_lexical_match,https://www.instagram.com/p/DdCMb62oJ-V/c/17916717885242481
european_style,igc:18107658416521103,ig:DdCMb62oJ-V,automatic_lexical_match,https://www.instagram.com/p/DdCMb62oJ-V/c/18107658416521103
european_style,igc:17988303662856500,ig:DdCMb62oJ-V,automatic_lexical_match,https://www.instagram.com/p/DdCMb62oJ-V/c/17988303662856500
european_style,igc:17970642867139909,ig:DdCMb62oJ-V,automatic_lexical_match,https://www.instagram.com/p/DdCMb62oJ-V/c/17970642867139909
european_style,igc:18125483392888285,ig:DdCMb62oJ-V,automatic_lexical_match,https://www.instagram.com/p/DdCMb62oJ-V/c/18125483392888285
european_style,igc:17884235907684114,ig:DdCMb62oJ-V,automatic_lexical_match,https://www.instagram.com/p/DdCMb62oJ-V/c/17884235907684114
european_style,igc:18093188228393977,ig:DdCMb62oJ-V,automatic_lexical_match,https://www.instagram.com/p/DdCMb62oJ-V/c/18093188228393977
european_style,igc:18074500133430046,ig:DdCMb62oJ-V,automatic_lexical_match,https://www.instagram.com/p/DdCMb62oJ-V/c/18074500133430046
european_style,igc:18107364230520125,ig:DdCMb62oJ-V,automatic_lexical_match,https://www.instagram.com/p/DdCMb62oJ-V/c/18107364230520125
european_style,igc:18124108463503793,ig:DdCMb62oJ-V,automatic_lexical_match,https://www.instagram.com/p/DdCMb62oJ-V/c/18124108463503793
european_style,igc:18087674561230609,ig:DdCMb62oJ-V,automatic_lexical_match,https://www.instagram.com/p/DdCMb62oJ-V/c/18087674561230609
european_style,igc:18124438795858759,ig:DdCMb62oJ-V,automatic_lexical_match,https://www.instagram.com/p/DdCMb62oJ-V/c/18124438795858759
european_style,igc:18224915260332924,ig:DdCMb62oJ-V,automatic_lexical_match,https://www.instagram.com/p/DdCMb62oJ-V/c/18224915260332924
european_style,igc:18107767565169092,ig:DdCMb62oJ-V,automatic_lexical_match,https://www.instagram.com/p/DdCMb62oJ-V/c/18107767565169092
european_style,igc:18382164295224300,ig:DdCMb62oJ-V,automatic_lexical_match,https://www.instagram.com/p/DdCMb62oJ-V/c/18382164295224300
european_style,igc:18090617066558483,ig:DdCMb62oJ-V,automatic_lexical_match,https://www.instagram.com/p/DdCMb62oJ-V/c/18090617066558483
european_style,igc:18114168436787975,ig:DdCMb62oJ-V,automatic_lexical_match,https://www.instagram.com/p/DdCMb62oJ-V/c/18114168436787975
european_style,igc:17922487179206073,ig:DdCMb62oJ-V,automatic_lexical_match,https://www.instagram.com/p/DdCMb62oJ-V/c/17922487179206073
european_style,igc:18075233114408534,ig:DdCMb62oJ-V,automatic_lexical_match,https://www.instagram.com/p/DdCMb62oJ-V/c/18075233114408534
european_style,igc:18088194542375041,ig:DdCMb62oJ-V,automatic_lexical_match,https://www.instagram.com/p/DdCMb62oJ-V/c/18088194542375041
european_style,ttc:7670571539762578197,tt:7670290170209438989,automatic_lexical_match,https://www.tiktok.com/@jessicanlinn/video/7670290170209438989
european_style,ttc:7672038456424104734,tt:7670290170209438989,automatic_lexical_match,https://www.tiktok.com/@jessicanlinn/video/7670290170209438989
european_style,ttc:7684049386314335007,tt:7683272484434562318,automatic_lexical_match,https://www.tiktok.com/@taylorwingg/video/7683272484434562318
european_style,ttc:7683282210468578080,tt:7683272484434562318,automatic_lexical_match,https://www.tiktok.com/@taylorwingg/video/7683272484434562318
european_style,ttc:7683294707548472078,tt:7683272484434562318,automatic_lexical_match,https://www.tiktok.com/@taylorwingg/video/7683272484434562318
european_style,ttc:7683140110838711071,tt:7676869158180572438,automatic_lexical_match,https://www.tiktok.com/@iamsaraouardi/video/7676869158180572438
european_style,ttc:7683099682449163021,tt:7676869158180572438,automatic_lexical_match,https://www.tiktok.com/@iamsaraouardi/video/7676869158180572438
european_style,ttc:7680196003865428750,tt:7676869158180572438,automatic_lexical_match,https://www.tiktok.com/@iamsaraouardi/video/7676869158180572438
european_style,ttc:7677682247827309320,tt:7676869158180572438,automatic_lexical_match,https://www.tiktok.com/@iamsaraouardi/video/7676869158180572438
european_style,ttc:7678087820607947538,tt:7676869158180572438,automatic_lexical_match,https://www.tiktok.com/@iamsaraouardi/video/7676869158180572438
european_style,ttc:7678352584831550221,tt:7676869158180572438,automatic_lexical_match,https://www.tiktok.com/@iamsaraouardi/video/7676869158180572438
european_style,ttc:7681397350480413454,tt:7676869158180572438,automatic_lexical_match,https://www.tiktok.com/@iamsaraouardi/video/7676869158180572438
european_style,ttc:7677015615517999886,tt:7676869158180572438,automatic_lexical_match,https://www.tiktok.com/@iamsaraouardi/video/7676869158180572438
european_style,ttc:7677770706819007252,tt:7676869158180572438,automatic_lexical_match,https://www.tiktok.com/@iamsaraouardi/video/7676869158180572438
european_style,ttc:7677430436729897742,tt:7676869158180572438,automatic_lexical_match,https://www.tiktok.com/@iamsaraouardi/video/7676869158180572438
european_style,ttc:7684232164078568223,tt:7677722775099936030,automatic_lexical_match,https://www.tiktok.com/@erinmillerartistry/video/7677722775099936030
european_style,ttc:7683994540177195797,tt:7677722775099936030,automatic_lexical_match,https://www.tiktok.com/@erinmillerartistry/video/7677722775099936030
european_style,ttc:7683670811492434704,tt:7677722775099936030,automatic_lexical_match,https://www.tiktok.com/@erinmillerartistry/video/7677722775099936030
european_style,ttc:7681147947757585165,tt:7677722775099936030,automatic_lexical_match,https://www.tiktok.com/@erinmillerartistry/video/7677722775099936030
european_style,ttc:7681191990402941710,tt:7677722775099936030,automatic_lexical_match,https://www.tiktok.com/@erinmillerartistry/video/7677722775099936030
european_style,ttc:7677985117919216398,tt:7677722775099936030,automatic_lexical_match,https://www.tiktok.com/@erinmillerartistry/video/7677722775099936030
european_style,ttc:7678813518791115551,tt:7677722775099936030,automatic_lexical_match,https://www.tiktok.com/@erinmillerartistry/video/7677722775099936030
european_style,ttc:7677318376251015943,tt:7666796165639277846,automatic_lexical_match,https://www.tiktok.com/@iamsaraouardi/video/7666796165639277846
european_style,ttc:7683958162776933150,tt:7666796165639277846,automatic_lexical_match,https://www.tiktok.com/@iamsaraouardi/video/7666796165639277846
european_style,ttc:7678158549457961746,tt:7666796165639277846,automatic_lexical_match,https://www.tiktok.com/@iamsaraouardi/video/7666796165639277846
european_style,ttc:7678072183092740894,tt:7666796165639277846,automatic_lexical_match,https://www.tiktok.com/@iamsaraouardi/video/7666796165639277846
european_style,ttc:7678090427966702356,tt:7666796165639277846,automatic_lexical_match,https://www.tiktok.com/@iamsaraouardi/video/7666796165639277846
european_style,ttc:7669862110303060749,tt:7666796165639277846,automatic_lexical_match,https://www.tiktok.com/@iamsaraouardi/video/7666796165639277846
european_style,ttc:7682070730075767566,tt:7666796165639277846,automatic_lexical_match,https://www.tiktok.com/@iamsaraouardi/video/7666796165639277846
european_style,ttc:7678177902610039566,tt:7666796165639277846,automatic_lexical_match,https://www.tiktok.com/@iamsaraouardi/video/7666796165639277846
european_style,ttc:7678905352452735765,tt:7666796165639277846,automatic_lexical_match,https://www.tiktok.com/@iamsaraouardi/video/7666796165639277846
european_style,ttc:7678733165116097301,tt:7666796165639277846,automatic_lexical_match,https://www.tiktok.com/@iamsaraouardi/video/7666796165639277846
european_style,ttc:7672735447239934741,tt:7666796165639277846,automatic_lexical_match,https://www.tiktok.com/@iamsaraouardi/video/7666796165639277846
european_style,ttc:7670372537460933406,tt:7666796165639277846,automatic_lexical_match,https://www.tiktok.com/@iamsaraouardi/video/7666796165639277846
european_style,ttc:7555151745811759903,tt:7554098048394185997,automatic_lexical_match,https://www.tiktok.com/@skyleranneolson/video/7554098048394185997
european_style,ttc:7679489025811825422,tt:7677722775099936030,automatic_lexical_match,https://www.tiktok.com/@erinmillerartistry/video/7677722775099936030
european_style,ttc:7682745241955091221,tt:7677722775099936030,automatic_lexical_match,https://www.tiktok.com/@erinmillerartistry/video/7677722775099936030
european_style,ttc:7678144861564175117,tt:7677722775099936030,automatic_lexical_match,https://www.tiktok.com/@erinmillerartistry/video/7677722775099936030
european_style,ttc:7677991368438547214,tt:7677722775099936030,automatic_lexical_match,https://www.tiktok.com/@erinmillerartistry/video/7677722775099936030
european_style,ttc:7682281841081336607,tt:7670290170209438989,automatic_lexical_match,https://www.tiktok.com/@jessicanlinn/video/7670290170209438989
european_style,ttc:7556255810969977655,tt:7555972915817237773,automatic_lexical_match,https://www.tiktok.com/@skyleranneolson/video/7555972915817237773
european_style,ttc:7556030469583012638,tt:7555972915817237773,automatic_lexical_match,https://www.tiktok.com/@skyleranneolson/video/7555972915817237773
european_style,ttc:7557790772360856321,tt:7555972915817237773,automatic_lexical_match,https://www.tiktok.com/@skyleranneolson/video/7555972915817237773
european_style,ttc:7560050705483481864,tt:7555972915817237773,automatic_lexical_match,https://www.tiktok.com/@skyleranneolson/video/7555972915817237773
european_style,ttc:7678123425177355039,tt:7677722775099936030,automatic_lexical_match,https://www.tiktok.com/@erinmillerartistry/video/7677722775099936030
european_style,ttc:7678346042513244941,tt:7677722775099936030,automatic_lexical_match,https://www.tiktok.com/@erinmillerartistry/video/7677722775099936030
european_style,ttc:7678386207626232607,tt:7677722775099936030,automatic_lexical_match,https://www.tiktok.com/@erinmillerartistry/video/7677722775099936030
european_style,ttc:7678062011750908685,tt:7677722775099936030,automatic_lexical_match,https://www.tiktok.com/@erinmillerartistry/video/7677722775099936030
european_style,ttc:7678169190276858655,tt:7677722775099936030,automatic_lexical_match,https://www.tiktok.com/@erinmillerartistry/video/7677722775099936030
european_style,ttc:7678102161696293663,tt:7677722775099936030,automatic_lexical_match,https://www.tiktok.com/@erinmillerartistry/video/7677722775099936030
european_style,ttc:7677821389291766558,tt:7677722775099936030,automatic_lexical_match,https://www.tiktok.com/@erinmillerartistry/video/7677722775099936030
european_style,ttc:7677999228995797774,tt:7677722775099936030,automatic_lexical_match,https://www.tiktok.com/@erinmillerartistry/video/7677722775099936030
european_style,ttc:7677873044384645918,tt:7677722775099936030,automatic_lexical_match,https://www.tiktok.com/@erinmillerartistry/video/7677722775099936030
european_style,ttc:7680337265558225685,tt:7677722775099936030,automatic_lexical_match,https://www.tiktok.com/@erinmillerartistry/video/7677722775099936030
european_style,ttc:7678056302467384078,tt:7677722775099936030,automatic_lexical_match,https://www.tiktok.com/@erinmillerartistry/video/7677722775099936030
european_style,ttc:7667301243056341792,tt:7666796165639277846,automatic_lexical_match,https://www.tiktok.com/@iamsaraouardi/video/7666796165639277846
european_style,ttc:7560769042145280785,tt:7555972915817237773,automatic_lexical_match,https://www.tiktok.com/@skyleranneolson/video/7555972915817237773
european_style,ttc:7576140595337888543,tt:7555972915817237773,automatic_lexical_match,https://www.tiktok.com/@skyleranneolson/video/7555972915817237773
european_style,ttc:7677750334090052382,tt:7677722775099936030,automatic_lexical_match,https://www.tiktok.com/@erinmillerartistry/video/7677722775099936030
european_style,ttc:7677811728558916366,tt:7677722775099936030,automatic_lexical_match,https://www.tiktok.com/@erinmillerartistry/video/7677722775099936030
european_style,ttc:7678496265336931102,tt:7677722775099936030,automatic_lexical_match,https://www.tiktok.com/@erinmillerartistry/video/7677722775099936030
european_style,ttc:7678018754890990349,tt:7677722775099936030,automatic_lexical_match,https://www.tiktok.com/@erinmillerartistry/video/7677722775099936030
european_style,ttc:7678856883499762445,tt:7677722775099936030,automatic_lexical_match,https://www.tiktok.com/@erinmillerartistry/video/7677722775099936030
european_style,ttc:7683308115382567711,tt:7677722775099936030,automatic_lexical_match,https://www.tiktok.com/@erinmillerartistry/video/7677722775099936030
european_style,igc:18597577828002820,ig:DWWgQIbjqbW,automatic_lexical_match,https://www.instagram.com/p/DWWgQIbjqbW/
european_style,igc:17894518140493778,ig:DWWgQIbjqbW,automatic_lexical_match,https://www.instagram.com/p/DWWgQIbjqbW/
european_style,igc:18114020674867952,ig:DWWgQIbjqbW,automatic_lexical_match,https://www.instagram.com/p/DWWgQIbjqbW/
european_style,igc:17905196367406472,ig:DWWgQIbjqbW,automatic_lexical_match,https://www.instagram.com/p/DWWgQIbjqbW/
european_style,igc:18100012460068242,ig:DWWgQIbjqbW,automatic_lexical_match,https://www.instagram.com/p/DWWgQIbjqbW/
european_style,igc:17943157017160194,ig:DWWgQIbjqbW,automatic_lexical_match,https://www.instagram.com/p/DWWgQIbjqbW/
european_style,igc:17895129180430582,ig:DWWgQIbjqbW,automatic_lexical_match,https://www.instagram.com/p/DWWgQIbjqbW/
european_style,igc:18108668596855765,ig:DWWgQIbjqbW,automatic_lexical_match,https://www.instagram.com/p/DWWgQIbjqbW/
european_style,igc:17855667981634893,ig:DWWgQIbjqbW,automatic_lexical_match,https://www.instagram.com/p/DWWgQIbjqbW/
european_style,igc:18099618223965261,ig:DWWgQIbjqbW,automatic_lexical_match,https://www.instagram.com/p/DWWgQIbjqbW/
european_style,igc:18085135997610536,ig:DWWgQIbjqbW,automatic_lexical_match,https://www.instagram.com/p/DWWgQIbjqbW/
european_style,igc:17998113785929148,ig:DWWgQIbjqbW,automatic_lexical_match,https://www.instagram.com/p/DWWgQIbjqbW/
european_style,igc:17966942643046395,ig:DWWgQIbjqbW,automatic_lexical_match,https://www.instagram.com/p/DWWgQIbjqbW/
european_style,igc:18018316871827189,ig:DWWgQIbjqbW,automatic_lexical_match,https://www.instagram.com/p/DWWgQIbjqbW/
european_style,igc:18361264054244391,ig:DWMKYy0juHC,automatic_lexical_match,https://www.instagram.com/p/DWMKYy0juHC/
european_style,igc:18049952759554392,ig:DWMKYy0juHC,automatic_lexical_match,https://www.instagram.com/p/DWMKYy0juHC/
european_style,igc:18099304322279417,ig:DWMKYy0juHC,automatic_lexical_match,https://www.instagram.com/p/DWMKYy0juHC/
european_style,igc:18461733835106631,ig:DWMKYy0juHC,automatic_lexical_match,https://www.instagram.com/p/DWMKYy0juHC/
european_style,igc:17980184555990286,ig:DWMKYy0juHC,automatic_lexical_match,https://www.instagram.com/p/DWMKYy0juHC/
european_style,igc:18076272911319437,ig:DWMKYy0juHC,automatic_lexical_match,https://www.instagram.com/p/DWMKYy0juHC/
european_style,igc:18097176119277109,ig:DWMKYy0juHC,automatic_lexical_match,https://www.instagram.com/p/DWMKYy0juHC/
european_style,igc:17974068869985372,ig:DWMKYy0juHC,automatic_lexical_match,https://www.instagram.com/p/DWMKYy0juHC/
european_style,igc:17936004783213874,ig:DWMKYy0juHC,automatic_lexical_match,https://www.instagram.com/p/DWMKYy0juHC/
european_style,igc:18132329926555356,ig:DWMKYy0juHC,automatic_lexical_match,https://www.instagram.com/p/DWMKYy0juHC/
european_style,igc:18050112590546030,ig:DWMKYy0juHC,automatic_lexical_match,https://www.instagram.com/p/DWMKYy0juHC/
european_style,igc:17993271818774257,ig:DWMKYy0juHC,automatic_lexical_match,https://www.instagram.com/p/DWMKYy0juHC/
european_style,igc:18126403993513775,ig:DWMKYy0juHC,automatic_lexical_match,https://www.instagram.com/p/DWMKYy0juHC/
european_style,igc:18109598002873460,ig:DWMKYy0juHC,automatic_lexical_match,https://www.instagram.com/p/DWMKYy0juHC/
european_style,igc:18387091423080709,ig:DWMKYy0juHC,automatic_lexical_match,https://www.instagram.com/p/DWMKYy0juHC/
european_style,igc:18586600933060769,ig:DWeGDdcBwnB,automatic_lexical_match,https://www.instagram.com/p/DWeGDdcBwnB/
european_style,igc:17886125487520996,ig:DWeGDdcBwnB,automatic_lexical_match,https://www.instagram.com/p/DWeGDdcBwnB/
european_style,igc:18325677301264449,ig:DWeGDdcBwnB,automatic_lexical_match,https://www.instagram.com/p/DWeGDdcBwnB/
european_style,igc:18003228959874370,ig:DWeGDdcBwnB,automatic_lexical_match,https://www.instagram.com/p/DWeGDdcBwnB/
european_style,igc:18087763997013618,ig:DWeGDdcBwnB,automatic_lexical_match,https://www.instagram.com/p/DWeGDdcBwnB/
european_style,igc:17886980811477793,ig:DWeGDdcBwnB,automatic_lexical_match,https://www.instagram.com/p/DWeGDdcBwnB/
european_style,igc:17909798508205205,ig:DWeGDdcBwnB,automatic_lexical_match,https://www.instagram.com/p/DWeGDdcBwnB/
european_style,igc:17932614069250597,ig:DWeGDdcBwnB,automatic_lexical_match,https://www.instagram.com/p/DWeGDdcBwnB/
european_style,igc:18444659731119612,ig:DWeGDdcBwnB,automatic_lexical_match,https://www.instagram.com/p/DWeGDdcBwnB/
european_style,igc:17917986486346429,ig:DWeGDdcBwnB,automatic_lexical_match,https://www.instagram.com/p/DWeGDdcBwnB/
european_style,igc:18100689460768916,ig:DWeGDdcBwnB,automatic_lexical_match,https://www.instagram.com/p/DWeGDdcBwnB/
european_style,igc:18085551506598867,ig:DWeGDdcBwnB,automatic_lexical_match,https://www.instagram.com/p/DWeGDdcBwnB/
european_style,igc:18088606187007907,ig:DWeGDdcBwnB,automatic_lexical_match,https://www.instagram.com/p/DWeGDdcBwnB/
european_style,igc:18102100466487466,ig:DWeGDdcBwnB,automatic_lexical_match,https://www.instagram.com/p/DWeGDdcBwnB/
european_style,igc:17893165242420852,ig:DdCODJro71q,automatic_lexical_match,https://www.instagram.com/p/DdCODJro71q/
european_style,igc:18154354975451991,ig:DdCODJro71q,automatic_lexical_match,https://www.instagram.com/p/DdCODJro71q/
european_style,igc:18053993291573919,ig:DdCODJro71q,automatic_lexical_match,https://www.instagram.com/p/DdCODJro71q/
european_style,igc:17973037688934364,ig:DdCODJro71q,automatic_lexical_match,https://www.instagram.com/p/DdCODJro71q/
european_style,igc:17967278900960322,ig:Dc9D-ENFH5Q,automatic_lexical_match,https://www.instagram.com/p/Dc9D-ENFH5Q/
european_style,igc:18091862414640162,ig:DcbPPiQqe_s,automatic_lexical_match,https://www.instagram.com/p/DcbPPiQqe_s/
european_style,igc:18096429065388356,ig:DcBrvajsyxo,automatic_lexical_match,https://www.instagram.com/p/DcBrvajsyxo/
european_style,igc:18110990510130854,ig:Dc4ATh_Opnz,automatic_lexical_match,https://www.instagram.com/p/Dc4ATh_Opnz/
european_style,igc:18026519069900289,ig:DdGrhZgOSUH,automatic_lexical_match,https://www.instagram.com/p/DdGrhZgOSUH/
european_style,igc:17982800730119099,ig:DdGrjbjO6pC,automatic_lexical_match,https://www.instagram.com/p/DdGrjbjO6pC/
european_style,igc:18338126899251363,ig:DcOtHPUuA9a,automatic_lexical_match,https://www.instagram.com/p/DcOtHPUuA9a/
euro_trip,igc:17905805871303169,ig:DcWLvteqezx,analyst_inspected_anchor,https://www.instagram.com/p/DcWLvteqezx/c/17905805871303169
euro_trip,igc:17897516991661355,ig:DcWLvteqezx,analyst_inspected_anchor,https://www.instagram.com/p/DcWLvteqezx/c/17897516991661355
euro_trip,ttc:7666995620461511437,tt:7666956616465435918,analyst_inspected_anchor,https://www.tiktok.com/@kyraboesiger/video/7666956616465435918
euro_trip,igc:17903920854556166,ig:DcWLvteqezx,automatic_lexical_match,https://www.instagram.com/p/DcWLvteqezx/c/17903920854556166
euro_trip,igc:18083531639303035,ig:DcWLvteqezx,automatic_lexical_match,https://www.instagram.com/p/DcWLvteqezx/c/18083531639303035
euro_trip,igc:18114669352958085,ig:DcWLvteqezx,automatic_lexical_match,https://www.instagram.com/p/DcWLvteqezx/c/18114669352958085
euro_trip,igc:18092312954306699,ig:DcWLvteqezx,automatic_lexical_match,https://www.instagram.com/p/DcWLvteqezx/c/18092312954306699
euro_trip,igc:18084614768282461,ig:DcWLvteqezx,automatic_lexical_match,https://www.instagram.com/p/DcWLvteqezx/c/18084614768282461
euro_trip,igc:17995183649822430,ig:DcWLvteqezx,automatic_lexical_match,https://www.instagram.com/p/DcWLvteqezx/c/17995183649822430
euro_trip,igc:17966018607172138,ig:DcWLvteqezx,automatic_lexical_match,https://www.instagram.com/p/DcWLvteqezx/c/17966018607172138
euro_trip,igc:18113118101074260,ig:DcgfD_ejl4-,automatic_lexical_match,https://www.instagram.com/p/DcgfD_ejl4-/c/18113118101074260
euro_trip,igc:18282616873294912,ig:DcgfD_ejl4-,automatic_lexical_match,https://www.instagram.com/p/DcgfD_ejl4-/c/18282616873294912
euro_trip,igc:18173106283435111,ig:DcgfD_ejl4-,automatic_lexical_match,https://www.instagram.com/p/DcgfD_ejl4-/c/18173106283435111
euro_trip,igc:17993104728039924,ig:DcgfD_ejl4-,automatic_lexical_match,https://www.instagram.com/p/DcgfD_ejl4-/c/17993104728039924
euro_trip,igc:17983545684107015,ig:DYSXIp6MRCO,automatic_lexical_match,https://www.instagram.com/p/DYSXIp6MRCO/c/17983545684107015
euro_trip,igc:18215321362345682,ig:DcWLvteqezx,automatic_lexical_match,https://www.instagram.com/p/DcWLvteqezx/c/18215321362345682
euro_trip,igc:18127377154682700,ig:DcWLvteqezx,automatic_lexical_match,https://www.instagram.com/p/DcWLvteqezx/c/18127377154682700
euro_trip,igc:18091637324134941,ig:DcWLvteqezx,automatic_lexical_match,https://www.instagram.com/p/DcWLvteqezx/c/18091637324134941
euro_trip,igc:17960489055188024,ig:DcWLvteqezx,automatic_lexical_match,https://www.instagram.com/p/DcWLvteqezx/c/17960489055188024
euro_trip,igc:17921629473201535,ig:DcWLvteqezx,automatic_lexical_match,https://www.instagram.com/p/DcWLvteqezx/c/17921629473201535
euro_trip,igc:18101845658093195,ig:DcWLvteqezx,automatic_lexical_match,https://www.instagram.com/p/DcWLvteqezx/c/18101845658093195
euro_trip,igc:18023620109886892,ig:DcljDRyKTWR,automatic_lexical_match,https://www.instagram.com/p/DcljDRyKTWR/c/18023620109886892
euro_trip,igc:17920637100204957,ig:DYwfKoko68c,automatic_lexical_match,https://www.instagram.com/p/DYwfKoko68c/c/17920637100204957
euro_trip,igc:18105072692518082,ig:DadwnM1hmXa,automatic_lexical_match,https://www.instagram.com/p/DadwnM1hmXa/c/18105072692518082
euro_trip,igc:18090982295380330,ig:DcgfD_ejl4-,automatic_lexical_match,https://www.instagram.com/p/DcgfD_ejl4-/c/18090982295380330
euro_trip,igc:18093545678548244,ig:DcgfD_ejl4-,automatic_lexical_match,https://www.instagram.com/p/DcgfD_ejl4-/c/18093545678548244
euro_trip,igc:17903909016477545,ig:DcgfD_ejl4-,automatic_lexical_match,https://www.instagram.com/p/DcgfD_ejl4-/c/17903909016477545
euro_trip,igc:18134732914595275,ig:DYPRepaNGq3,automatic_lexical_match,https://www.instagram.com/p/DYPRepaNGq3/c/18134732914595275
euro_trip,igc:18051011270380191,ig:DO8lWKXClxX,automatic_lexical_match,https://www.instagram.com/p/DO8lWKXClxX/c/18051011270380191
euro_trip,igc:17910491325239636,ig:DO8lWKXClxX,automatic_lexical_match,https://www.instagram.com/p/DO8lWKXClxX/c/17910491325239636
euro_trip,igc:18059423528142034,ig:DO8lWKXClxX,automatic_lexical_match,https://www.instagram.com/p/DO8lWKXClxX/c/18059423528142034
euro_trip,igc:17901143748288438,ig:DPG9kZ5kZWk,automatic_lexical_match,https://www.instagram.com/p/DPG9kZ5kZWk/c/17901143748288438
euro_trip,igc:18150819823460429,ig:DcWLvteqezx,automatic_lexical_match,https://www.instagram.com/p/DcWLvteqezx/c/18150819823460429
euro_trip,igc:18126012604765077,ig:DcWLvteqezx,automatic_lexical_match,https://www.instagram.com/p/DcWLvteqezx/c/18126012604765077
euro_trip,igc:17964718362166091,ig:DcWLvteqezx,automatic_lexical_match,https://www.instagram.com/p/DcWLvteqezx/c/17964718362166091
euro_trip,igc:17904810072508115,ig:DcWLvteqezx,automatic_lexical_match,https://www.instagram.com/p/DcWLvteqezx/c/17904810072508115
euro_trip,igc:17990566950035526,ig:DcWLvteqezx,automatic_lexical_match,https://www.instagram.com/p/DcWLvteqezx/c/17990566950035526
euro_trip,igc:17905430508536904,ig:DZmq1zHAIp-,automatic_lexical_match,https://www.instagram.com/p/DZmq1zHAIp-/c/17905430508536904
euro_trip,igc:18029167304850088,ig:DSWB_i_ALqB,automatic_lexical_match,https://www.instagram.com/p/DSWB_i_ALqB/c/18029167304850088
euro_trip,igc:18093023951176327,ig:DcljDRyKTWR,automatic_lexical_match,https://www.instagram.com/p/DcljDRyKTWR/c/18093023951176327
euro_trip,igc:18605536135065065,ig:DaLPP4XsxGe,automatic_lexical_match,https://www.instagram.com/p/DaLPP4XsxGe/c/18605536135065065
euro_trip,igc:18538436581077930,ig:DaLPP4XsxGe,automatic_lexical_match,https://www.instagram.com/p/DaLPP4XsxGe/c/18538436581077930
euro_trip,igc:17950952508169885,ig:DY9scFmAKgj,automatic_lexical_match,https://www.instagram.com/p/DY9scFmAKgj/c/17950952508169885
euro_trip,igc:18017296964946395,ig:DX93093O4y2,automatic_lexical_match,https://www.instagram.com/p/DX93093O4y2/c/18017296964946395
euro_trip,igc:18095372834641044,ig:DX93093O4y2,automatic_lexical_match,https://www.instagram.com/p/DX93093O4y2/c/18095372834641044
euro_trip,igc:18594970693047062,ig:DaQtCPki27D,automatic_lexical_match,https://www.instagram.com/p/DaQtCPki27D/c/18594970693047062
euro_trip,igc:18114567497055864,ig:DcEudEWJgzk,automatic_lexical_match,https://www.instagram.com/p/DcEudEWJgzk/c/18114567497055864
euro_trip,igc:17979148388869732,ig:DPG9kZ5kZWk,automatic_lexical_match,https://www.instagram.com/p/DPG9kZ5kZWk/c/17979148388869732
euro_trip,igc:17916741264394424,ig:DZf-NuYgpG-,automatic_lexical_match,https://www.instagram.com/p/DZf-NuYgpG-/c/17916741264394424
euro_trip,igc:18130776469720984,ig:DZf-NuYgpG-,automatic_lexical_match,https://www.instagram.com/p/DZf-NuYgpG-/c/18130776469720984
euro_trip,igc:18058497746387637,ig:DO8lWKXClxX,automatic_lexical_match,https://www.instagram.com/p/DO8lWKXClxX/c/18058497746387637
euro_trip,igc:18100945142242820,ig:DbZB7wJjWEV,automatic_lexical_match,https://www.instagram.com/p/DbZB7wJjWEV/c/18100945142242820
euro_trip,igc:18472052686112144,ig:DcWLvteqezx,automatic_lexical_match,https://www.instagram.com/p/DcWLvteqezx/c/18472052686112144
euro_trip,igc:18091084058129463,ig:DcWLvteqezx,automatic_lexical_match,https://www.instagram.com/p/DcWLvteqezx/c/18091084058129463
euro_trip,igc:18093140534408154,ig:DcWLvteqezx,automatic_lexical_match,https://www.instagram.com/p/DcWLvteqezx/c/18093140534408154
euro_trip,igc:18101292029621712,ig:DcWLvteqezx,automatic_lexical_match,https://www.instagram.com/p/DcWLvteqezx/c/18101292029621712
euro_trip,igc:17965234608159316,ig:DcWLvteqezx,automatic_lexical_match,https://www.instagram.com/p/DcWLvteqezx/c/17965234608159316
euro_trip,igc:18109022540122033,ig:DcWLvteqezx,automatic_lexical_match,https://www.instagram.com/p/DcWLvteqezx/c/18109022540122033
euro_trip,igc:18107643715861392,ig:DWWdXh7Ebjz,automatic_lexical_match,https://www.instagram.com/p/DWWdXh7Ebjz/c/18107643715861392
euro_trip,igc:18076313407858581,ig:DO8lWKXClxX,automatic_lexical_match,https://www.instagram.com/p/DO8lWKXClxX/c/18076313407858581
euro_trip,igc:17894501553327620,ig:DO8lWKXClxX,automatic_lexical_match,https://www.instagram.com/p/DO8lWKXClxX/c/17894501553327620
euro_trip,igc:18485756581103410,ig:DcJd0Y5AGgb,automatic_lexical_match,https://www.instagram.com/p/DcJd0Y5AGgb/c/18485756581103410
euro_trip,igc:18217405177339511,ig:DbZVk6fg-RU,automatic_lexical_match,https://www.instagram.com/p/DbZVk6fg-RU/c/18217405177339511
euro_trip,igc:17937779901317291,ig:Daz3BysAfYj,automatic_lexical_match,https://www.instagram.com/p/Daz3BysAfYj/c/17937779901317291
euro_trip,igc:18134258662717857,ig:DbZB7wJjWEV,automatic_lexical_match,https://www.instagram.com/p/DbZB7wJjWEV/c/18134258662717857
euro_trip,igc:18088526081425712,ig:DbZB7wJjWEV,automatic_lexical_match,https://www.instagram.com/p/DbZB7wJjWEV/c/18088526081425712
euro_trip,igc:18082737407325685,ig:Dc85VrJxehB,automatic_lexical_match,https://www.instagram.com/p/Dc85VrJxehB/c/18082737407325685
euro_trip,igc:18447680857107366,ig:DWWdXh7Ebjz,automatic_lexical_match,https://www.instagram.com/p/DWWdXh7Ebjz/c/18447680857107366
euro_trip,igc:18083464460374000,ig:DWWdXh7Ebjz,automatic_lexical_match,https://www.instagram.com/p/DWWdXh7Ebjz/c/18083464460374000
euro_trip,igc:17896322463662005,ig:DcWLvteqezx,automatic_lexical_match,https://www.instagram.com/p/DcWLvteqezx/c/17896322463662005
euro_trip,igc:18618103615027088,ig:DcWLvteqezx,automatic_lexical_match,https://www.instagram.com/p/DcWLvteqezx/c/18618103615027088
euro_trip,igc:18069305000743640,ig:DcWLvteqezx,automatic_lexical_match,https://www.instagram.com/p/DcWLvteqezx/c/18069305000743640
euro_trip,igc:18112411315968548,ig:DcWLvteqezx,automatic_lexical_match,https://www.instagram.com/p/DcWLvteqezx/c/18112411315968548
euro_trip,igc:18368996305210724,ig:DcWLvteqezx,automatic_lexical_match,https://www.instagram.com/p/DcWLvteqezx/c/18368996305210724
euro_trip,igc:18090582689134179,ig:DbZVk6fg-RU,automatic_lexical_match,https://www.instagram.com/p/DbZVk6fg-RU/c/18090582689134179
euro_trip,igc:18123894034833121,ig:DbZVk6fg-RU,automatic_lexical_match,https://www.instagram.com/p/DbZVk6fg-RU/c/18123894034833121
euro_trip,igc:18123584056850290,ig:Dai_VLvz_X3,automatic_lexical_match,https://www.instagram.com/p/Dai_VLvz_X3/c/18123584056850290
euro_trip,igc:18125523772660871,ig:DafssF9IRyI,automatic_lexical_match,https://www.instagram.com/p/DafssF9IRyI/c/18125523772660871
euro_trip,igc:18378140836162722,ig:DafssF9IRyI,automatic_lexical_match,https://www.instagram.com/p/DafssF9IRyI/c/18378140836162722
euro_trip,igc:18234646813308702,ig:DYwfKoko68c,automatic_lexical_match,https://www.instagram.com/p/DYwfKoko68c/c/18234646813308702
euro_trip,igc:17926587387165509,ig:Dcb0yYByhb-,automatic_lexical_match,https://www.instagram.com/p/Dcb0yYByhb-/c/17926587387165509
euro_trip,igc:18145064839490681,ig:Dai_VLvz_X3,automatic_lexical_match,https://www.instagram.com/p/Dai_VLvz_X3/c/18145064839490681
euro_trip,igc:18296253748259920,ig:C6tk06ngawl,automatic_lexical_match,https://www.instagram.com/p/C6tk06ngawl/c/18296253748259920
euro_trip,igc:18302423875268737,ig:C6tk06ngawl,automatic_lexical_match,https://www.instagram.com/p/C6tk06ngawl/c/18302423875268737
euro_trip,igc:18095367542387681,ig:DcsvVuPv-VR,automatic_lexical_match,https://www.instagram.com/p/DcsvVuPv-VR/c/18095367542387681
euro_trip,igc:18121071823679013,ig:DYXpZTYMt0W,automatic_lexical_match,https://www.instagram.com/p/DYXpZTYMt0W/c/18121071823679013
euro_trip,igc:17995819271816554,ig:DcWLvteqezx,automatic_lexical_match,https://www.instagram.com/p/DcWLvteqezx/c/17995819271816554
euro_trip,igc:18110547818042841,ig:DcWLvteqezx,automatic_lexical_match,https://www.instagram.com/p/DcWLvteqezx/c/18110547818042841
euro_trip,igc:17945500386057517,ig:DcWLvteqezx,automatic_lexical_match,https://www.instagram.com/p/DcWLvteqezx/c/17945500386057517
euro_trip,igc:17897516991661355,ig:DcWLvteqezx,automatic_lexical_match,https://www.instagram.com/p/DcWLvteqezx/c/17897516991661355
euro_trip,igc:17890372122612264,ig:DcWLvteqezx,automatic_lexical_match,https://www.instagram.com/p/DcWLvteqezx/c/17890372122612264
euro_trip,igc:18169326145366167,ig:DWWdXh7Ebjz,automatic_lexical_match,https://www.instagram.com/p/DWWdXh7Ebjz/c/18169326145366167
euro_trip,igc:17942501856080322,ig:DYXpZTYMt0W,automatic_lexical_match,https://www.instagram.com/p/DYXpZTYMt0W/c/17942501856080322
euro_trip,igc:18318754666261268,ig:DYwfKoko68c,automatic_lexical_match,https://www.instagram.com/p/DYwfKoko68c/c/18318754666261268
euro_trip,igc:18074274082631673,ig:C6tk06ngawl,automatic_lexical_match,https://www.instagram.com/p/C6tk06ngawl/c/18074274082631673
euro_trip,igc:18104017988188293,ig:DcluoTsM_lV,automatic_lexical_match,https://www.instagram.com/p/DcluoTsM_lV/c/18104017988188293
euro_trip,igc:18072342380533794,ig:DcluoTsM_lV,automatic_lexical_match,https://www.instagram.com/p/DcluoTsM_lV/c/18072342380533794
euro_trip,igc:18107654957138621,ig:DcluoTsM_lV,automatic_lexical_match,https://www.instagram.com/p/DcluoTsM_lV/c/18107654957138621
euro_trip,igc:18101355281191858,ig:DcluoTsM_lV,automatic_lexical_match,https://www.instagram.com/p/DcluoTsM_lV/c/18101355281191858
euro_trip,igc:18120907870833327,ig:DSWB_i_ALqB,automatic_lexical_match,https://www.instagram.com/p/DSWB_i_ALqB/c/18120907870833327
euro_trip,igc:17953121469213901,ig:DX93093O4y2,automatic_lexical_match,https://www.instagram.com/p/DX93093O4y2/c/17953121469213901
euro_trip,igc:17910383043282269,ig:Dcq__agouAR,automatic_lexical_match,https://www.instagram.com/p/Dcq__agouAR/c/17910383043282269
euro_trip,igc:17889942102462397,ig:DW5CM72iBZF,automatic_lexical_match,https://www.instagram.com/p/DW5CM72iBZF/c/17889942102462397
euro_trip,igc:18052462055797761,ig:Dcq__agouAR,automatic_lexical_match,https://www.instagram.com/p/Dcq__agouAR/c/18052462055797761
euro_trip,igc:18613809481058703,ig:DX93093O4y2,automatic_lexical_match,https://www.instagram.com/p/DX93093O4y2/c/18613809481058703
euro_trip,igc:18153883255500928,ig:DX93093O4y2,automatic_lexical_match,https://www.instagram.com/p/DX93093O4y2/c/18153883255500928
euro_trip,igc:18064174748734031,ig:DX93093O4y2,automatic_lexical_match,https://www.instagram.com/p/DX93093O4y2/c/18064174748734031
euro_trip,igc:18085932809680423,ig:Dc2_9ydS0x1,automatic_lexical_match,https://www.instagram.com/p/Dc2_9ydS0x1/c/18085932809680423
euro_trip,igc:18094432325627006,ig:DX93093O4y2,automatic_lexical_match,https://www.instagram.com/p/DX93093O4y2/c/18094432325627006
euro_trip,igc:18212088046354091,ig:DX93093O4y2,automatic_lexical_match,https://www.instagram.com/p/DX93093O4y2/c/18212088046354091
euro_trip,igc:18164598109480190,ig:DcWLvteqezx,automatic_lexical_match,https://www.instagram.com/p/DcWLvteqezx/c/18164598109480190
euro_trip,igc:18055160513566982,ig:DcWLvteqezx,automatic_lexical_match,https://www.instagram.com/p/DcWLvteqezx/c/18055160513566982
euro_trip,igc:17949778824251958,ig:DcWLvteqezx,automatic_lexical_match,https://www.instagram.com/p/DcWLvteqezx/c/17949778824251958
euro_trip,igc:18007978994959695,ig:DcWLvteqezx,automatic_lexical_match,https://www.instagram.com/p/DcWLvteqezx/c/18007978994959695
euro_trip,igc:17905805871303169,ig:DcWLvteqezx,automatic_lexical_match,https://www.instagram.com/p/DcWLvteqezx/c/17905805871303169
euro_trip,igc:18123921697775663,ig:DX93093O4y2,automatic_lexical_match,https://www.instagram.com/p/DX93093O4y2/c/18123921697775663
euro_trip,igc:17941547988257190,ig:DX93093O4y2,automatic_lexical_match,https://www.instagram.com/p/DX93093O4y2/c/17941547988257190
euro_trip,igc:18112213249618319,ig:DQ4SzAXAPfT,automatic_lexical_match,https://www.instagram.com/p/DQ4SzAXAPfT/c/18112213249618319
euro_trip,igc:18122495020813673,ig:Dai_VLvz_X3,automatic_lexical_match,https://www.instagram.com/p/Dai_VLvz_X3/c/18122495020813673
euro_trip,igc:18096645521198705,ig:DX93093O4y2,automatic_lexical_match,https://www.instagram.com/p/DX93093O4y2/c/18096645521198705
euro_trip,igc:17959941348153373,ig:DX93093O4y2,automatic_lexical_match,https://www.instagram.com/p/DX93093O4y2/c/17959941348153373
euro_trip,igc:18330422152265592,ig:Dai_VLvz_X3,automatic_lexical_match,https://www.instagram.com/p/Dai_VLvz_X3/c/18330422152265592
euro_trip,igc:18405761971153637,ig:DX93093O4y2,automatic_lexical_match,https://www.instagram.com/p/DX93093O4y2/c/18405761971153637
euro_trip,igc:17985881043010177,ig:Dai_VLvz_X3,automatic_lexical_match,https://www.instagram.com/p/Dai_VLvz_X3/c/17985881043010177
euro_trip,igc:18145918945513640,ig:Dai_VLvz_X3,automatic_lexical_match,https://www.instagram.com/p/Dai_VLvz_X3/c/18145918945513640
euro_trip,ttc:7668670790602474270,tt:7668001244018986273,automatic_lexical_match,https://www.tiktok.com/@spiritual.materialist/video/7668001244018986273
euro_trip,igc:18328048270262689,ig:Cl2HtNBtl03,automatic_lexical_match,https://www.instagram.com/p/Cl2HtNBtl03/c/18328048270262689
euro_trip,igc:18315598921174237,ig:Cl2HtNBtl03,automatic_lexical_match,https://www.instagram.com/p/Cl2HtNBtl03/c/18315598921174237
euro_trip,igc:18041106589389807,ig:Cl2HtNBtl03,automatic_lexical_match,https://www.instagram.com/p/Cl2HtNBtl03/c/18041106589389807
euro_trip,igc:17970895325899172,ig:DVYyB3gDn75,automatic_lexical_match,https://www.instagram.com/p/DVYyB3gDn75/c/17970895325899172
euro_trip,igc:18022265618835705,ig:DVYyB3gDn75,automatic_lexical_match,https://www.instagram.com/p/DVYyB3gDn75/c/18022265618835705
euro_trip,igc:17892159090464460,ig:DVYyB3gDn75,automatic_lexical_match,https://www.instagram.com/p/DVYyB3gDn75/c/17892159090464460
euro_trip,igc:18096096227121958,ig:DVYyB3gDn75,automatic_lexical_match,https://www.instagram.com/p/DVYyB3gDn75/c/18096096227121958
euro_trip,igc:17936728782239494,ig:DVYyB3gDn75,automatic_lexical_match,https://www.instagram.com/p/DVYyB3gDn75/c/17936728782239494
euro_trip,igc:18109358206846326,ig:DVYyB3gDn75,automatic_lexical_match,https://www.instagram.com/p/DVYyB3gDn75/c/18109358206846326
euro_trip,igc:18579070021012717,ig:DVYyB3gDn75,automatic_lexical_match,https://www.instagram.com/p/DVYyB3gDn75/c/18579070021012717
euro_trip,igc:18047045351773197,ig:DVYyB3gDn75,automatic_lexical_match,https://www.instagram.com/p/DVYyB3gDn75/c/18047045351773197
euro_trip,igc:17982566744992612,ig:DVYyB3gDn75,automatic_lexical_match,https://www.instagram.com/p/DVYyB3gDn75/c/17982566744992612
euro_trip,igc:18119066044565473,ig:DVYyB3gDn75,automatic_lexical_match,https://www.instagram.com/p/DVYyB3gDn75/c/18119066044565473
euro_trip,igc:18152555362465638,ig:DVYyB3gDn75,automatic_lexical_match,https://www.instagram.com/p/DVYyB3gDn75/c/18152555362465638
euro_trip,igc:17993090402948041,ig:DVYyB3gDn75,automatic_lexical_match,https://www.instagram.com/p/DVYyB3gDn75/c/17993090402948041
euro_trip,igc:18019759022659476,ig:DVYyB3gDn75,automatic_lexical_match,https://www.instagram.com/p/DVYyB3gDn75/c/18019759022659476
euro_trip,igc:18096565445275601,ig:DVYyB3gDn75,automatic_lexical_match,https://www.instagram.com/p/DVYyB3gDn75/c/18096565445275601
euro_trip,igc:18343826254214477,ig:DWCTTyCDOeW,automatic_lexical_match,https://www.instagram.com/p/DWCTTyCDOeW/c/18343826254214477
euro_trip,igc:17867284353668181,ig:DVYyB3gDn75,automatic_lexical_match,https://www.instagram.com/p/DVYyB3gDn75/c/17867284353668181
euro_trip,igc:18122485693616331,ig:DVYyB3gDn75,automatic_lexical_match,https://www.instagram.com/p/DVYyB3gDn75/c/18122485693616331
euro_trip,igc:17873595873592931,ig:DVYyB3gDn75,automatic_lexical_match,https://www.instagram.com/p/DVYyB3gDn75/c/17873595873592931
euro_trip,igc:17872371402468469,ig:DVYyB3gDn75,automatic_lexical_match,https://www.instagram.com/p/DVYyB3gDn75/c/17872371402468469
euro_trip,igc:18161246347426046,ig:DVYyB3gDn75,automatic_lexical_match,https://www.instagram.com/p/DVYyB3gDn75/c/18161246347426046
euro_trip,igc:18101929067484100,ig:DVYyB3gDn75,automatic_lexical_match,https://www.instagram.com/p/DVYyB3gDn75/c/18101929067484100
euro_trip,igc:18189043237369293,ig:DVYyB3gDn75,automatic_lexical_match,https://www.instagram.com/p/DVYyB3gDn75/c/18189043237369293
euro_trip,igc:18102885451937309,ig:DVYyB3gDn75,automatic_lexical_match,https://www.instagram.com/p/DVYyB3gDn75/c/18102885451937309
euro_trip,igc:18078859862110180,ig:DVYyB3gDn75,automatic_lexical_match,https://www.instagram.com/p/DVYyB3gDn75/c/18078859862110180
euro_trip,igc:18521230510077307,ig:DVYyB3gDn75,automatic_lexical_match,https://www.instagram.com/p/DVYyB3gDn75/c/18521230510077307
euro_trip,igc:17879572605408071,ig:DVYyB3gDn75,automatic_lexical_match,https://www.instagram.com/p/DVYyB3gDn75/c/17879572605408071
euro_trip,igc:17904603753224880,ig:DVYyB3gDn75,automatic_lexical_match,https://www.instagram.com/p/DVYyB3gDn75/c/17904603753224880
euro_trip,igc:17952476469114155,ig:DVYyB3gDn75,automatic_lexical_match,https://www.instagram.com/p/DVYyB3gDn75/c/17952476469114155
euro_trip,igc:17917129107322967,ig:DVYyB3gDn75,automatic_lexical_match,https://www.instagram.com/p/DVYyB3gDn75/c/17917129107322967
euro_trip,igc:17921714448294926,ig:DVYyB3gDn75,automatic_lexical_match,https://www.instagram.com/p/DVYyB3gDn75/c/17921714448294926
euro_trip,igc:18031277018804990,ig:DWbguQIBF1Z,automatic_lexical_match,https://www.instagram.com/p/DWbguQIBF1Z/c/18031277018804990
euro_trip,igc:17887132158473271,ig:DWbguQIBF1Z,automatic_lexical_match,https://www.instagram.com/p/DWbguQIBF1Z/c/17887132158473271
euro_trip,igc:18096205835031249,ig:DWbguQIBF1Z,automatic_lexical_match,https://www.instagram.com/p/DWbguQIBF1Z/c/18096205835031249
euro_trip,igc:17985855746968807,ig:DWbguQIBF1Z,automatic_lexical_match,https://www.instagram.com/p/DWbguQIBF1Z/c/17985855746968807
euro_trip,igc:18106721743854066,ig:DWbguQIBF1Z,automatic_lexical_match,https://www.instagram.com/p/DWbguQIBF1Z/c/18106721743854066
euro_trip,igc:17851984020659012,ig:DWbguQIBF1Z,automatic_lexical_match,https://www.instagram.com/p/DWbguQIBF1Z/c/17851984020659012
euro_trip,igc:17856531810651599,ig:DWbguQIBF1Z,automatic_lexical_match,https://www.instagram.com/p/DWbguQIBF1Z/c/17856531810651599
euro_trip,igc:18396514231146815,ig:DWbguQIBF1Z,automatic_lexical_match,https://www.instagram.com/p/DWbguQIBF1Z/c/18396514231146815
euro_trip,igc:18110029798842101,ig:DWbguQIBF1Z,automatic_lexical_match,https://www.instagram.com/p/DWbguQIBF1Z/c/18110029798842101
euro_trip,igc:18093187367464831,ig:DWbguQIBF1Z,automatic_lexical_match,https://www.instagram.com/p/DWbguQIBF1Z/c/18093187367464831
euro_trip,igc:17929337460246309,ig:DWbguQIBF1Z,automatic_lexical_match,https://www.instagram.com/p/DWbguQIBF1Z/c/17929337460246309
euro_trip,igc:18110904097816203,ig:DWbguQIBF1Z,automatic_lexical_match,https://www.instagram.com/p/DWbguQIBF1Z/c/18110904097816203
euro_trip,igc:17934795210213038,ig:DWbguQIBF1Z,automatic_lexical_match,https://www.instagram.com/p/DWbguQIBF1Z/c/17934795210213038
euro_trip,igc:17858712987626659,ig:DWbguQIBF1Z,automatic_lexical_match,https://www.instagram.com/p/DWbguQIBF1Z/c/17858712987626659
euro_trip,igc:17866491705608871,ig:DWbguQIBF1Z,automatic_lexical_match,https://www.instagram.com/p/DWbguQIBF1Z/c/17866491705608871
euro_trip,igc:17888437074090375,ig:DFQvIehKmjm,automatic_lexical_match,https://www.instagram.com/p/DFQvIehKmjm/c/17888437074090375
euro_trip,igc:17894171130288783,ig:DVYyB3gDn75,automatic_lexical_match,https://www.instagram.com/p/DVYyB3gDn75/c/17894171130288783
euro_trip,igc:18395494999194897,ig:DVYyB3gDn75,automatic_lexical_match,https://www.instagram.com/p/DVYyB3gDn75/c/18395494999194897
euro_trip,igc:18084724343251883,ig:DVYyB3gDn75,automatic_lexical_match,https://www.instagram.com/p/DVYyB3gDn75/c/18084724343251883
euro_trip,igc:18087625724186044,ig:DVYyB3gDn75,automatic_lexical_match,https://www.instagram.com/p/DVYyB3gDn75/c/18087625724186044
euro_trip,igc:18572151778001617,ig:DVYyB3gDn75,automatic_lexical_match,https://www.instagram.com/p/DVYyB3gDn75/c/18572151778001617
euro_trip,igc:18003070472707956,ig:DVYyB3gDn75,automatic_lexical_match,https://www.instagram.com/p/DVYyB3gDn75/c/18003070472707956
euro_trip,igc:17850917541645259,ig:DVYyB3gDn75,automatic_lexical_match,https://www.instagram.com/p/DVYyB3gDn75/c/17850917541645259
euro_trip,igc:18085912487221210,ig:DVYyB3gDn75,automatic_lexical_match,https://www.instagram.com/p/DVYyB3gDn75/c/18085912487221210
euro_trip,igc:17932157295226350,ig:DVYyB3gDn75,automatic_lexical_match,https://www.instagram.com/p/DVYyB3gDn75/c/17932157295226350
euro_trip,igc:17991106517931195,ig:DVYyB3gDn75,automatic_lexical_match,https://www.instagram.com/p/DVYyB3gDn75/c/17991106517931195
euro_trip,igc:18165064234414734,ig:DVYyB3gDn75,automatic_lexical_match,https://www.instagram.com/p/DVYyB3gDn75/c/18165064234414734
euro_trip,igc:18350899828225700,ig:DVYyB3gDn75,automatic_lexical_match,https://www.instagram.com/p/DVYyB3gDn75/c/18350899828225700
euro_trip,igc:18213146998321648,ig:DVYyB3gDn75,automatic_lexical_match,https://www.instagram.com/p/DVYyB3gDn75/c/18213146998321648
euro_trip,igc:17889379869448271,ig:DVYyB3gDn75,automatic_lexical_match,https://www.instagram.com/p/DVYyB3gDn75/c/17889379869448271
euro_trip,igc:18098423221761520,ig:DVYyB3gDn75,automatic_lexical_match,https://www.instagram.com/p/DVYyB3gDn75/c/18098423221761520
euro_trip,igc:18060687614414308,ig:DWbguQIBF1Z,automatic_lexical_match,https://www.instagram.com/p/DWbguQIBF1Z/c/18060687614414308
euro_trip,igc:18138461809516401,ig:DWbguQIBF1Z,automatic_lexical_match,https://www.instagram.com/p/DWbguQIBF1Z/c/18138461809516401
euro_trip,igc:18357024394233135,ig:DWbguQIBF1Z,automatic_lexical_match,https://www.instagram.com/p/DWbguQIBF1Z/c/18357024394233135
euro_trip,igc:18118322131641291,ig:DWbguQIBF1Z,automatic_lexical_match,https://www.instagram.com/p/DWbguQIBF1Z/c/18118322131641291
euro_trip,igc:18188120473365296,ig:DWbguQIBF1Z,automatic_lexical_match,https://www.instagram.com/p/DWbguQIBF1Z/c/18188120473365296
euro_trip,igc:18093626701894256,ig:DWbguQIBF1Z,automatic_lexical_match,https://www.instagram.com/p/DWbguQIBF1Z/c/18093626701894256
euro_trip,igc:18154860730455060,ig:DWbguQIBF1Z,automatic_lexical_match,https://www.instagram.com/p/DWbguQIBF1Z/c/18154860730455060
euro_trip,igc:18107906020840931,ig:DWbguQIBF1Z,automatic_lexical_match,https://www.instagram.com/p/DWbguQIBF1Z/c/18107906020840931
euro_trip,igc:17963336814024092,ig:DWbguQIBF1Z,automatic_lexical_match,https://www.instagram.com/p/DWbguQIBF1Z/c/17963336814024092
euro_trip,igc:18107286970808237,ig:DWbguQIBF1Z,automatic_lexical_match,https://www.instagram.com/p/DWbguQIBF1Z/c/18107286970808237
euro_trip,igc:18074488766543381,ig:DWbguQIBF1Z,automatic_lexical_match,https://www.instagram.com/p/DWbguQIBF1Z/c/18074488766543381
euro_trip,igc:18148604503475161,ig:DWbguQIBF1Z,automatic_lexical_match,https://www.instagram.com/p/DWbguQIBF1Z/c/18148604503475161
euro_trip,igc:17921408373289216,ig:DWbguQIBF1Z,automatic_lexical_match,https://www.instagram.com/p/DWbguQIBF1Z/c/17921408373289216
euro_trip,igc:17890645122327051,ig:DWbguQIBF1Z,automatic_lexical_match,https://www.instagram.com/p/DWbguQIBF1Z/c/17890645122327051
euro_trip,igc:18051168656722481,ig:DWbguQIBF1Z,automatic_lexical_match,https://www.instagram.com/p/DWbguQIBF1Z/c/18051168656722481
euro_trip,igc:17939138327458940,ig:Cl2HtNBtl03,automatic_lexical_match,https://www.instagram.com/p/Cl2HtNBtl03/c/17939138327458940
euro_trip,igc:17858803185617830,ig:DVYyB3gDn75,automatic_lexical_match,https://www.instagram.com/p/DVYyB3gDn75/c/17858803185617830
euro_trip,igc:18096079921972754,ig:DVYyB3gDn75,automatic_lexical_match,https://www.instagram.com/p/DVYyB3gDn75/c/18096079921972754
euro_trip,igc:18098679740310040,ig:DVYyB3gDn75,automatic_lexical_match,https://www.instagram.com/p/DVYyB3gDn75/c/18098679740310040
euro_trip,igc:17878690662514371,ig:DVYyB3gDn75,automatic_lexical_match,https://www.instagram.com/p/DVYyB3gDn75/c/17878690662514371
euro_trip,igc:18108203860645701,ig:DVYyB3gDn75,automatic_lexical_match,https://www.instagram.com/p/DVYyB3gDn75/c/18108203860645701
euro_trip,igc:18122482786581554,ig:DVYyB3gDn75,automatic_lexical_match,https://www.instagram.com/p/DVYyB3gDn75/c/18122482786581554
euro_trip,igc:17866891347592682,ig:DVYyB3gDn75,automatic_lexical_match,https://www.instagram.com/p/DVYyB3gDn75/c/17866891347592682
euro_trip,igc:18108967828828338,ig:DVYyB3gDn75,automatic_lexical_match,https://www.instagram.com/p/DVYyB3gDn75/c/18108967828828338
euro_trip,igc:18057906773408641,ig:DVYyB3gDn75,automatic_lexical_match,https://www.instagram.com/p/DVYyB3gDn75/c/18057906773408641
euro_trip,igc:18069914033553060,ig:DVYyB3gDn75,automatic_lexical_match,https://www.instagram.com/p/DVYyB3gDn75/c/18069914033553060
euro_trip,igc:18122372884587059,ig:DVYyB3gDn75,automatic_lexical_match,https://www.instagram.com/p/DVYyB3gDn75/c/18122372884587059
euro_trip,igc:18310176121259058,ig:DVYyB3gDn75,automatic_lexical_match,https://www.instagram.com/p/DVYyB3gDn75/c/18310176121259058
euro_trip,igc:17980888658810156,ig:DVYyB3gDn75,automatic_lexical_match,https://www.instagram.com/p/DVYyB3gDn75/c/17980888658810156
euro_trip,igc:18174429364383602,ig:DVYyB3gDn75,automatic_lexical_match,https://www.instagram.com/p/DVYyB3gDn75/c/18174429364383602
euro_trip,igc:18091868906031208,ig:DVYyB3gDn75,automatic_lexical_match,https://www.instagram.com/p/DVYyB3gDn75/c/18091868906031208
euro_trip,igc:18010350380845665,ig:DWbguQIBF1Z,automatic_lexical_match,https://www.instagram.com/p/DWbguQIBF1Z/c/18010350380845665
euro_trip,igc:17901569232407837,ig:DWbguQIBF1Z,automatic_lexical_match,https://www.instagram.com/p/DWbguQIBF1Z/c/17901569232407837
euro_trip,igc:18246225007305395,ig:DWbguQIBF1Z,automatic_lexical_match,https://www.instagram.com/p/DWbguQIBF1Z/c/18246225007305395
euro_trip,igc:18098338306812862,ig:DWbguQIBF1Z,automatic_lexical_match,https://www.instagram.com/p/DWbguQIBF1Z/c/18098338306812862
euro_trip,igc:17884427139373783,ig:DWbguQIBF1Z,automatic_lexical_match,https://www.instagram.com/p/DWbguQIBF1Z/c/17884427139373783
euro_trip,igc:18110958490818530,ig:DWbguQIBF1Z,automatic_lexical_match,https://www.instagram.com/p/DWbguQIBF1Z/c/18110958490818530
euro_trip,igc:18094891009843790,ig:DWbguQIBF1Z,automatic_lexical_match,https://www.instagram.com/p/DWbguQIBF1Z/c/18094891009843790
euro_trip,igc:18115851181636601,ig:DWbguQIBF1Z,automatic_lexical_match,https://www.instagram.com/p/DWbguQIBF1Z/c/18115851181636601
euro_trip,igc:18576869665056225,ig:DWbguQIBF1Z,automatic_lexical_match,https://www.instagram.com/p/DWbguQIBF1Z/c/18576869665056225
euro_trip,igc:17874878433564394,ig:DWbguQIBF1Z,automatic_lexical_match,https://www.instagram.com/p/DWbguQIBF1Z/c/17874878433564394
euro_trip,igc:17865555321609163,ig:DWbguQIBF1Z,automatic_lexical_match,https://www.instagram.com/p/DWbguQIBF1Z/c/17865555321609163
euro_trip,igc:17922849480279056,ig:DWbguQIBF1Z,automatic_lexical_match,https://www.instagram.com/p/DWbguQIBF1Z/c/17922849480279056
euro_trip,igc:18026850026800143,ig:DWbguQIBF1Z,automatic_lexical_match,https://www.instagram.com/p/DWbguQIBF1Z/c/18026850026800143
euro_trip,igc:18407219215182554,ig:DWbguQIBF1Z,automatic_lexical_match,https://www.instagram.com/p/DWbguQIBF1Z/c/18407219215182554
euro_trip,igc:18079676873513768,ig:DHn-pONT1xi,automatic_lexical_match,https://www.instagram.com/p/DHn-pONT1xi/c/18079676873513768
euro_trip,igc:18009700376838938,ig:DVYyB3gDn75,automatic_lexical_match,https://www.instagram.com/p/DVYyB3gDn75/c/18009700376838938
euro_trip,igc:17956276562936211,ig:DVYyB3gDn75,automatic_lexical_match,https://www.instagram.com/p/DVYyB3gDn75/c/17956276562936211
euro_trip,igc:18110883178684070,ig:DVYyB3gDn75,automatic_lexical_match,https://www.instagram.com/p/DVYyB3gDn75/c/18110883178684070
euro_trip,igc:18072749345185804,ig:DVYyB3gDn75,automatic_lexical_match,https://www.instagram.com/p/DVYyB3gDn75/c/18072749345185804
euro_trip,igc:17878555593507990,ig:DVYyB3gDn75,automatic_lexical_match,https://www.instagram.com/p/DVYyB3gDn75/c/17878555593507990
euro_trip,igc:18392009188158483,ig:DVYyB3gDn75,automatic_lexical_match,https://www.instagram.com/p/DVYyB3gDn75/c/18392009188158483
euro_trip,igc:18148724839454443,ig:DVYyB3gDn75,automatic_lexical_match,https://www.instagram.com/p/DVYyB3gDn75/c/18148724839454443
euro_trip,igc:17876106735535536,ig:DVYyB3gDn75,automatic_lexical_match,https://www.instagram.com/p/DVYyB3gDn75/c/17876106735535536
euro_trip,igc:18423694768187954,ig:DVYyB3gDn75,automatic_lexical_match,https://www.instagram.com/p/DVYyB3gDn75/c/18423694768187954
euro_trip,igc:18089097707136723,ig:DVYyB3gDn75,automatic_lexical_match,https://www.instagram.com/p/DVYyB3gDn75/c/18089097707136723
euro_trip,igc:18114172402584184,ig:DVYyB3gDn75,automatic_lexical_match,https://www.instagram.com/p/DVYyB3gDn75/c/18114172402584184
euro_trip,igc:18385660789082599,ig:DVYyB3gDn75,automatic_lexical_match,https://www.instagram.com/p/DVYyB3gDn75/c/18385660789082599
euro_trip,igc:18057457109438391,ig:DVYyB3gDn75,automatic_lexical_match,https://www.instagram.com/p/DVYyB3gDn75/c/18057457109438391
euro_trip,igc:17930950767052693,ig:DVYyB3gDn75,automatic_lexical_match,https://www.instagram.com/p/DVYyB3gDn75/c/17930950767052693
euro_trip,igc:18067066043277891,ig:DGa5ahNMX3E,automatic_lexical_match,https://www.instagram.com/p/DGa5ahNMX3E/c/18067066043277891
euro_trip,igc:18141044176462378,ig:DSUPUC0iF5r,automatic_lexical_match,https://www.instagram.com/p/DSUPUC0iF5r/c/18141044176462378
euro_trip,igc:18084195308586260,ig:DVYyB3gDn75,automatic_lexical_match,https://www.instagram.com/p/DVYyB3gDn75/c/18084195308586260
euro_trip,igc:17923104873252042,ig:DVYyB3gDn75,automatic_lexical_match,https://www.instagram.com/p/DVYyB3gDn75/c/17923104873252042
euro_trip,igc:17944000347133367,ig:DVYyB3gDn75,automatic_lexical_match,https://www.instagram.com/p/DVYyB3gDn75/c/17944000347133367
euro_trip,igc:18046724261738697,ig:DVYyB3gDn75,automatic_lexical_match,https://www.instagram.com/p/DVYyB3gDn75/c/18046724261738697
euro_trip,igc:18100793435498206,ig:DVYyB3gDn75,automatic_lexical_match,https://www.instagram.com/p/DVYyB3gDn75/c/18100793435498206
euro_trip,igc:18104301439897659,ig:DWbguQIBF1Z,automatic_lexical_match,https://www.instagram.com/p/DWbguQIBF1Z/c/18104301439897659
euro_trip,igc:18446019412112804,ig:DWbguQIBF1Z,automatic_lexical_match,https://www.instagram.com/p/DWbguQIBF1Z/c/18446019412112804
euro_trip,igc:17956231563088983,ig:DWbguQIBF1Z,automatic_lexical_match,https://www.instagram.com/p/DWbguQIBF1Z/c/17956231563088983
euro_trip,igc:18065166053418565,ig:DWbguQIBF1Z,automatic_lexical_match,https://www.instagram.com/p/DWbguQIBF1Z/c/18065166053418565
euro_trip,igc:18260824189288923,ig:DWbguQIBF1Z,automatic_lexical_match,https://www.instagram.com/p/DWbguQIBF1Z/c/18260824189288923
euro_trip,igc:18064687172672315,ig:DWbguQIBF1Z,automatic_lexical_match,https://www.instagram.com/p/DWbguQIBF1Z/c/18064687172672315
euro_trip,igc:18453143563106917,ig:DWbguQIBF1Z,automatic_lexical_match,https://www.instagram.com/p/DWbguQIBF1Z/c/18453143563106917
euro_trip,igc:18126228391581159,ig:DWbguQIBF1Z,automatic_lexical_match,https://www.instagram.com/p/DWbguQIBF1Z/c/18126228391581159
euro_trip,igc:18103306363941177,ig:DWbguQIBF1Z,automatic_lexical_match,https://www.instagram.com/p/DWbguQIBF1Z/c/18103306363941177
euro_trip,igc:18023122091815143,ig:DWbguQIBF1Z,automatic_lexical_match,https://www.instagram.com/p/DWbguQIBF1Z/c/18023122091815143
euro_trip,igc:18131328805535480,ig:DWbguQIBF1Z,automatic_lexical_match,https://www.instagram.com/p/DWbguQIBF1Z/c/18131328805535480
euro_trip,igc:18206133637329046,ig:DWbguQIBF1Z,automatic_lexical_match,https://www.instagram.com/p/DWbguQIBF1Z/c/18206133637329046
euro_trip,igc:17920115193123996,ig:DWbguQIBF1Z,automatic_lexical_match,https://www.instagram.com/p/DWbguQIBF1Z/c/17920115193123996
euro_trip,igc:18103429123926838,ig:DWbguQIBF1Z,automatic_lexical_match,https://www.instagram.com/p/DWbguQIBF1Z/c/18103429123926838
euro_trip,igc:17964589323025356,ig:DWbguQIBF1Z,automatic_lexical_match,https://www.instagram.com/p/DWbguQIBF1Z/c/17964589323025356
euro_trip,igc:17852621271691727,ig:DWbguQIBF1Z,automatic_lexical_match,https://www.instagram.com/p/DWbguQIBF1Z/c/17852621271691727
euro_trip,igc:18112640722775413,ig:DWbguQIBF1Z,automatic_lexical_match,https://www.instagram.com/p/DWbguQIBF1Z/c/18112640722775413
euro_trip,igc:17880440802393971,ig:DWbguQIBF1Z,automatic_lexical_match,https://www.instagram.com/p/DWbguQIBF1Z/c/17880440802393971
euro_trip,igc:18320036827254476,ig:DWbguQIBF1Z,automatic_lexical_match,https://www.instagram.com/p/DWbguQIBF1Z/c/18320036827254476
euro_trip,igc:18157868785448057,ig:DWbguQIBF1Z,automatic_lexical_match,https://www.instagram.com/p/DWbguQIBF1Z/c/18157868785448057
euro_trip,igc:18071393375642008,ig:DWbguQIBF1Z,automatic_lexical_match,https://www.instagram.com/p/DWbguQIBF1Z/c/18071393375642008
euro_trip,igc:18098928697805103,ig:DWbguQIBF1Z,automatic_lexical_match,https://www.instagram.com/p/DWbguQIBF1Z/c/18098928697805103
euro_trip,igc:18123805069599780,ig:DWbguQIBF1Z,automatic_lexical_match,https://www.instagram.com/p/DWbguQIBF1Z/c/18123805069599780
euro_trip,igc:18331435168219592,ig:DWbguQIBF1Z,automatic_lexical_match,https://www.instagram.com/p/DWbguQIBF1Z/c/18331435168219592
euro_trip,igc:18065102825663380,ig:DWbguQIBF1Z,automatic_lexical_match,https://www.instagram.com/p/DWbguQIBF1Z/c/18065102825663380
euro_trip,igc:18116151124581408,ig:DWbguQIBF1Z,automatic_lexical_match,https://www.instagram.com/p/DWbguQIBF1Z/c/18116151124581408
euro_trip,igc:18097371491075877,ig:DWbguQIBF1Z,automatic_lexical_match,https://www.instagram.com/p/DWbguQIBF1Z/c/18097371491075877
euro_trip,igc:18090759490935019,ig:DWbguQIBF1Z,automatic_lexical_match,https://www.instagram.com/p/DWbguQIBF1Z/c/18090759490935019
euro_trip,igc:18087877129971694,ig:DWbguQIBF1Z,automatic_lexical_match,https://www.instagram.com/p/DWbguQIBF1Z/c/18087877129971694
euro_trip,igc:17966234302897545,ig:Cl2HtNBtl03,automatic_lexical_match,https://www.instagram.com/p/Cl2HtNBtl03/c/17966234302897545
euro_trip,igc:18092059156510181,ig:DGa5ahNMX3E,automatic_lexical_match,https://www.instagram.com/p/DGa5ahNMX3E/c/18092059156510181
euro_trip,igc:17911903098358778,ig:DWbguQIBF1Z,automatic_lexical_match,https://www.instagram.com/p/DWbguQIBF1Z/c/17911903098358778
euro_trip,igc:18336674809300457,ig:DWbguQIBF1Z,automatic_lexical_match,https://www.instagram.com/p/DWbguQIBF1Z/c/18336674809300457
euro_trip,igc:18164005486413564,ig:DWbguQIBF1Z,automatic_lexical_match,https://www.instagram.com/p/DWbguQIBF1Z/c/18164005486413564
euro_trip,igc:18004975100717107,ig:DWbguQIBF1Z,automatic_lexical_match,https://www.instagram.com/p/DWbguQIBF1Z/c/18004975100717107
euro_trip,igc:18072927389538042,ig:DWbguQIBF1Z,automatic_lexical_match,https://www.instagram.com/p/DWbguQIBF1Z/c/18072927389538042
euro_trip,igc:18261163330119727,ig:Cl2HtNBtl03,automatic_lexical_match,https://www.instagram.com/p/Cl2HtNBtl03/c/18261163330119727
euro_trip,igc:18093238712117117,ig:DWANxYblAS8,automatic_lexical_match,https://www.instagram.com/p/DWANxYblAS8/c/18093238712117117
euro_trip,igc:17935052196038651,ig:DWANxYblAS8,automatic_lexical_match,https://www.instagram.com/p/DWANxYblAS8/c/17935052196038651
euro_trip,ttc:7672801142322266893,tt:7672790276276079903,automatic_lexical_match,https://www.tiktok.com/@imjustbarbs/video/7672790276276079903
euro_trip,ttc:7218420936595948330,tt:7218302653489483051,automatic_lexical_match,https://www.tiktok.com/@steffieinthecity/video/7218302653489483051
euro_trip,ttc:7232039235804545798,tt:7218302653489483051,automatic_lexical_match,https://www.tiktok.com/@steffieinthecity/video/7218302653489483051
euro_trip,ttc:7683905176114234143,tt:7683875254153792782,automatic_lexical_match,https://www.tiktok.com/@h89722980/video/7683875254153792782
euro_trip,ttc:7454807319466836766,tt:7218302653489483051,automatic_lexical_match,https://www.tiktok.com/@steffieinthecity/video/7218302653489483051
euro_trip,ttc:7500958542032356103,tt:7493277078276640031,automatic_lexical_match,https://www.tiktok.com/@steffieinthecity/video/7493277078276640031
euro_trip,ttc:7666995620461511437,tt:7666956616465435918,automatic_lexical_match,https://www.tiktok.com/@kyraboesiger/video/7666956616465435918
euro_trip,ttc:7684365870017774366,tt:7666956616465435918,automatic_lexical_match,https://www.tiktok.com/@kyraboesiger/video/7666956616465435918
euro_trip,ttc:7667042549782446861,tt:7666956616465435918,automatic_lexical_match,https://www.tiktok.com/@kyraboesiger/video/7666956616465435918
euro_trip,ttc:7666996324173529886,tt:7666956616465435918,automatic_lexical_match,https://www.tiktok.com/@kyraboesiger/video/7666956616465435918
euro_trip,ttc:7669817628638839582,tt:7666956616465435918,automatic_lexical_match,https://www.tiktok.com/@kyraboesiger/video/7666956616465435918
euro_trip,ttc:7683612231616103182,tt:7666956616465435918,automatic_lexical_match,https://www.tiktok.com/@kyraboesiger/video/7666956616465435918
euro_trip,ttc:7674279474843042590,tt:7666956616465435918,automatic_lexical_match,https://www.tiktok.com/@kyraboesiger/video/7666956616465435918
euro_trip,ttc:7675845226757554975,tt:7666956616465435918,automatic_lexical_match,https://www.tiktok.com/@kyraboesiger/video/7666956616465435918
euro_trip,ttc:7671237667220374302,tt:7666956616465435918,automatic_lexical_match,https://www.tiktok.com/@kyraboesiger/video/7666956616465435918
euro_trip,ttc:7643308972154716950,tt:7643265440549965074,automatic_lexical_match,https://www.tiktok.com/@alliegoodbun/video/7643265440549965074
euro_trip,ttc:7643271581753590541,tt:7643265440549965074,automatic_lexical_match,https://www.tiktok.com/@alliegoodbun/video/7643265440549965074
euro_trip,ttc:7668355643376042774,tt:7643265440549965074,automatic_lexical_match,https://www.tiktok.com/@alliegoodbun/video/7643265440549965074
euro_trip,ttc:7643302383891825439,tt:7643265440549965074,automatic_lexical_match,https://www.tiktok.com/@alliegoodbun/video/7643265440549965074
euro_trip,ttc:7643309163624399630,tt:7643265440549965074,automatic_lexical_match,https://www.tiktok.com/@alliegoodbun/video/7643265440549965074
euro_trip,ttc:7643563662162871060,tt:7643265440549965074,automatic_lexical_match,https://www.tiktok.com/@alliegoodbun/video/7643265440549965074
euro_trip,ttc:7668027316409549582,tt:7666956616465435918,automatic_lexical_match,https://www.tiktok.com/@kyraboesiger/video/7666956616465435918
euro_trip,ttc:7669917259049534239,tt:7666956616465435918,automatic_lexical_match,https://www.tiktok.com/@kyraboesiger/video/7666956616465435918
euro_trip,ttc:7667160425306342158,tt:7666956616465435918,automatic_lexical_match,https://www.tiktok.com/@kyraboesiger/video/7666956616465435918
euro_trip,ttc:7667757674638115615,tt:7666956616465435918,automatic_lexical_match,https://www.tiktok.com/@kyraboesiger/video/7666956616465435918
euro_trip,ttc:7645403135536825119,tt:7639422063865777430,automatic_lexical_match,https://www.tiktok.com/@iamsaraouardi/video/7639422063865777430
euro_trip,ttc:7655047076053697294,tt:7639422063865777430,automatic_lexical_match,https://www.tiktok.com/@iamsaraouardi/video/7639422063865777430
euro_trip,ttc:7627595535117796118,tt:7627179930677333270,automatic_lexical_match,https://www.tiktok.com/@aliceinparisofficial/video/7627179930677333270
euro_trip,ttc:7627303078546457374,tt:7627179930677333270,automatic_lexical_match,https://www.tiktok.com/@aliceinparisofficial/video/7627179930677333270
euro_trip,ttc:7628376001387184918,tt:7627179930677333270,automatic_lexical_match,https://www.tiktok.com/@aliceinparisofficial/video/7627179930677333270
euro_trip,ttc:7643544232820949774,tt:7627179930677333270,automatic_lexical_match,https://www.tiktok.com/@aliceinparisofficial/video/7627179930677333270
euro_trip,ttc:7637829562194477846,tt:7627179930677333270,automatic_lexical_match,https://www.tiktok.com/@aliceinparisofficial/video/7627179930677333270
euro_trip,ttc:7631823599444427540,tt:7627179930677333270,automatic_lexical_match,https://www.tiktok.com/@aliceinparisofficial/video/7627179930677333270
euro_trip,ttc:7640937087943852822,tt:7627179930677333270,automatic_lexical_match,https://www.tiktok.com/@aliceinparisofficial/video/7627179930677333270
euro_trip,ttc:7643303803601404703,tt:7627179930677333270,automatic_lexical_match,https://www.tiktok.com/@aliceinparisofficial/video/7627179930677333270
euro_trip,ttc:7681744556253250326,tt:7661349233068346646,automatic_lexical_match,https://www.tiktok.com/@heightandhustle/video/7661349233068346646
euro_trip,ttc:7681032174137082646,tt:7681030709988969741,automatic_lexical_match,https://www.tiktok.com/@johnathan.guo/video/7681030709988969741
euro_trip,ttc:7681301829900682014,tt:7681030709988969741,automatic_lexical_match,https://www.tiktok.com/@johnathan.guo/video/7681030709988969741
euro_trip,ttc:7681338264343102222,tt:7681030709988969741,automatic_lexical_match,https://www.tiktok.com/@johnathan.guo/video/7681030709988969741
euro_trip,ttc:7681721244622521101,tt:7681030709988969741,automatic_lexical_match,https://www.tiktok.com/@johnathan.guo/video/7681030709988969741
euro_trip,ttc:7675880923217232654,tt:7647171189097565463,automatic_lexical_match,https://www.tiktok.com/@thepassportus/video/7647171189097565463
euro_trip,ttc:7642695072333021982,tt:7637153666067123486,automatic_lexical_match,https://www.tiktok.com/@_sierramayhew/video/7637153666067123486
euro_trip,ttc:7672639870150148878,tt:7672086495074749728,automatic_lexical_match,https://www.tiktok.com/@yevtopyer/video/7672086495074749728
euro_trip,ttc:7675424390352372502,tt:7672086495074749728,automatic_lexical_match,https://www.tiktok.com/@yevtopyer/video/7672086495074749728
euro_trip,ttc:7663644242196071199,tt:7662002150159125762,automatic_lexical_match,https://www.tiktok.com/@aliceinparisofficial/video/7662002150159125762
euro_trip,ttc:7665237255996949278,tt:7662002150159125762,automatic_lexical_match,https://www.tiktok.com/@aliceinparisofficial/video/7662002150159125762
euro_trip,ttc:7665011332487529229,tt:7662002150159125762,automatic_lexical_match,https://www.tiktok.com/@aliceinparisofficial/video/7662002150159125762
euro_trip,ttc:7641604181258617620,tt:7491264828397374742,automatic_lexical_match,https://www.tiktok.com/@miarosemcgrath/video/7491264828397374742
euro_trip,ttc:7508029806060258070,tt:7491264828397374742,automatic_lexical_match,https://www.tiktok.com/@miarosemcgrath/video/7491264828397374742
euro_trip,ttc:7621290656824689430,tt:7620834527749033238,automatic_lexical_match,https://www.tiktok.com/@lucyhitchcock/video/7620834527749033238
euro_trip,ttc:7669493041409409805,tt:7666956616465435918,automatic_lexical_match,https://www.tiktok.com/@kyraboesiger/video/7666956616465435918
euro_trip,ttc:7668509318484607775,tt:7666956616465435918,automatic_lexical_match,https://www.tiktok.com/@kyraboesiger/video/7666956616465435918
euro_trip,ttc:7675372367179563807,tt:7666956616465435918,automatic_lexical_match,https://www.tiktok.com/@kyraboesiger/video/7666956616465435918
euro_trip,ttc:7668428770760278814,tt:7666956616465435918,automatic_lexical_match,https://www.tiktok.com/@kyraboesiger/video/7666956616465435918
euro_trip,ttc:7667659469325091615,tt:7666956616465435918,automatic_lexical_match,https://www.tiktok.com/@kyraboesiger/video/7666956616465435918
euro_trip,ttc:7667044070883459871,tt:7666956616465435918,automatic_lexical_match,https://www.tiktok.com/@kyraboesiger/video/7666956616465435918
euro_trip,ttc:7678934411266573069,tt:7666956616465435918,automatic_lexical_match,https://www.tiktok.com/@kyraboesiger/video/7666956616465435918
euro_trip,ttc:7670500043409490706,tt:7666956616465435918,automatic_lexical_match,https://www.tiktok.com/@kyraboesiger/video/7666956616465435918
euro_trip,ttc:7667380317280600846,tt:7666956616465435918,automatic_lexical_match,https://www.tiktok.com/@kyraboesiger/video/7666956616465435918
euro_trip,ttc:7667637457768170254,tt:7666956616465435918,automatic_lexical_match,https://www.tiktok.com/@kyraboesiger/video/7666956616465435918
euro_trip,ttc:7627949346680963862,tt:7627179930677333270,automatic_lexical_match,https://www.tiktok.com/@aliceinparisofficial/video/7627179930677333270
euro_trip,ttc:7627802512938386198,tt:7627179930677333270,automatic_lexical_match,https://www.tiktok.com/@aliceinparisofficial/video/7627179930677333270
euro_trip,ttc:7630553794136654614,tt:7627179930677333270,automatic_lexical_match,https://www.tiktok.com/@aliceinparisofficial/video/7627179930677333270
euro_trip,ttc:7652351680730170143,tt:7649444253394947342,automatic_lexical_match,https://www.tiktok.com/@bryannawozniak/video/7649444253394947342
euro_trip,ttc:7649927083749278477,tt:7649444253394947342,automatic_lexical_match,https://www.tiktok.com/@bryannawozniak/video/7649444253394947342
euro_trip,ttc:7640097279710593822,tt:7639552753609510158,automatic_lexical_match,https://www.tiktok.com/@moniiicamendoza/video/7639552753609510158
euro_trip,ttc:7641464958417617694,tt:7639552753609510158,automatic_lexical_match,https://www.tiktok.com/@moniiicamendoza/video/7639552753609510158
euro_trip,ttc:7641205387291296542,tt:7639552753609510158,automatic_lexical_match,https://www.tiktok.com/@moniiicamendoza/video/7639552753609510158
euro_trip,ttc:7643535901574267679,tt:7639552753609510158,automatic_lexical_match,https://www.tiktok.com/@moniiicamendoza/video/7639552753609510158
euro_trip,ttc:7640134794773742367,tt:7639552753609510158,automatic_lexical_match,https://www.tiktok.com/@moniiicamendoza/video/7639552753609510158
euro_trip,ttc:7641213919679791885,tt:7639552753609510158,automatic_lexical_match,https://www.tiktok.com/@moniiicamendoza/video/7639552753609510158
euro_trip,ttc:7641405966078116638,tt:7639552753609510158,automatic_lexical_match,https://www.tiktok.com/@moniiicamendoza/video/7639552753609510158
euro_trip,ttc:7640321578110042910,tt:7639552753609510158,automatic_lexical_match,https://www.tiktok.com/@moniiicamendoza/video/7639552753609510158
euro_trip,ttc:7640392342184313614,tt:7639552753609510158,automatic_lexical_match,https://www.tiktok.com/@moniiicamendoza/video/7639552753609510158
euro_trip,ttc:7627458802934252319,tt:7627179930677333270,automatic_lexical_match,https://www.tiktok.com/@aliceinparisofficial/video/7627179930677333270
euro_trip,ttc:7640144185333302046,tt:7639552753609510158,automatic_lexical_match,https://www.tiktok.com/@moniiicamendoza/video/7639552753609510158
euro_trip,ttc:7622196698403914503,tt:7620834527749033238,automatic_lexical_match,https://www.tiktok.com/@lucyhitchcock/video/7620834527749033238
euro_trip,ttc:7620951970307867414,tt:7620834527749033238,automatic_lexical_match,https://www.tiktok.com/@lucyhitchcock/video/7620834527749033238
euro_trip,ttc:7627429802610721556,tt:7627179930677333270,automatic_lexical_match,https://www.tiktok.com/@aliceinparisofficial/video/7627179930677333270
euro_trip,ttc:7641986580421165837,tt:7627179930677333270,automatic_lexical_match,https://www.tiktok.com/@aliceinparisofficial/video/7627179930677333270
euro_trip,ttc:7640978312060060447,tt:7639552753609510158,automatic_lexical_match,https://www.tiktok.com/@moniiicamendoza/video/7639552753609510158
euro_trip,ttc:7640232088608195358,tt:7639552753609510158,automatic_lexical_match,https://www.tiktok.com/@moniiicamendoza/video/7639552753609510158
euro_trip,ttc:7641322606227014414,tt:7639552753609510158,automatic_lexical_match,https://www.tiktok.com/@moniiicamendoza/video/7639552753609510158
euro_trip,igc:18100611626017238,ig:DdJPm0RjYAP,automatic_lexical_match,https://www.instagram.com/p/DdJPm0RjYAP/c/18100611626017238
euro_trip,igc:18016427729723565,ig:Db6dZHTo6JM,automatic_lexical_match,https://www.instagram.com/p/Db6dZHTo6JM/c/18016427729723565
euro_trip,igc:18028809743666546,ig:Db6dZHTo6JM,automatic_lexical_match,https://www.instagram.com/p/Db6dZHTo6JM/c/18028809743666546
euro_trip,igc:18362614387242158,ig:DbopI80TuC2,automatic_lexical_match,https://www.instagram.com/p/DbopI80TuC2/c/18362614387242158
euro_trip,igc:17947016544145897,ig:DVw2w0gjiW8,automatic_lexical_match,https://www.instagram.com/p/DVw2w0gjiW8/c/17947016544145897
euro_trip,igc:18130203421736289,ig:Dc0_95Ust3q,automatic_lexical_match,https://www.instagram.com/p/Dc0_95Ust3q/c/18130203421736289
euro_trip,igc:18062430650782635,ig:Dc0_95Ust3q,automatic_lexical_match,https://www.instagram.com/p/Dc0_95Ust3q/c/18062430650782635
euro_trip,igc:17945193756317274,ig:Dc0_95Ust3q,automatic_lexical_match,https://www.instagram.com/p/Dc0_95Ust3q/c/17945193756317274
euro_trip,igc:18184481542416780,ig:Dc0_95Ust3q,automatic_lexical_match,https://www.instagram.com/p/Dc0_95Ust3q/c/18184481542416780
euro_trip,igc:18118078063933330,ig:Dc0_95Ust3q,automatic_lexical_match,https://www.instagram.com/p/Dc0_95Ust3q/c/18118078063933330
euro_trip,igc:17987778465101224,ig:DdHk9gHKDZ8,automatic_lexical_match,https://www.instagram.com/p/DdHk9gHKDZ8/c/17987778465101224
euro_trip,igc:18427348156149419,ig:DdHk9gHKDZ8,automatic_lexical_match,https://www.instagram.com/p/DdHk9gHKDZ8/c/18427348156149419
euro_trip,igc:18094285013418281,ig:DdHk9gHKDZ8,automatic_lexical_match,https://www.instagram.com/p/DdHk9gHKDZ8/c/18094285013418281
euro_trip,igc:18232378330321346,ig:DdHk9gHKDZ8,automatic_lexical_match,https://www.instagram.com/p/DdHk9gHKDZ8/c/18232378330321346
euro_trip,igc:17944487139329095,ig:DdHk9gHKDZ8,automatic_lexical_match,https://www.instagram.com/p/DdHk9gHKDZ8/c/17944487139329095
euro_trip,igc:17971229292147148,ig:DdHk9gHKDZ8,automatic_lexical_match,https://www.instagram.com/p/DdHk9gHKDZ8/c/17971229292147148
euro_trip,igc:18027425417880279,ig:DdHk9gHKDZ8,automatic_lexical_match,https://www.instagram.com/p/DdHk9gHKDZ8/c/18027425417880279
euro_trip,igc:17862860064675499,ig:DdHk9gHKDZ8,automatic_lexical_match,https://www.instagram.com/p/DdHk9gHKDZ8/c/17862860064675499
euro_trip,igc:18343701724270714,ig:DdHk9gHKDZ8,automatic_lexical_match,https://www.instagram.com/p/DdHk9gHKDZ8/c/18343701724270714
euro_trip,igc:18194359468390803,ig:DdHk9gHKDZ8,automatic_lexical_match,https://www.instagram.com/p/DdHk9gHKDZ8/c/18194359468390803
euro_trip,igc:18425338297194318,ig:DdHk9gHKDZ8,automatic_lexical_match,https://www.instagram.com/p/DdHk9gHKDZ8/c/18425338297194318
euro_trip,igc:18089136506659890,ig:DdHk9gHKDZ8,automatic_lexical_match,https://www.instagram.com/p/DdHk9gHKDZ8/c/18089136506659890
euro_trip,igc:18123767083886509,ig:DdHk9gHKDZ8,automatic_lexical_match,https://www.instagram.com/p/DdHk9gHKDZ8/c/18123767083886509
euro_trip,igc:18203159035326814,ig:DdFbml6mFH7,automatic_lexical_match,https://www.instagram.com/p/DdFbml6mFH7/c/18203159035326814
euro_trip,igc:18158145286495764,ig:DdHk9gHKDZ8,automatic_lexical_match,https://www.instagram.com/p/DdHk9gHKDZ8/c/18158145286495764
euro_trip,igc:17997354485816760,ig:DdHk9gHKDZ8,automatic_lexical_match,https://www.instagram.com/p/DdHk9gHKDZ8/c/17997354485816760
euro_trip,igc:17905244706486137,ig:DdHk9gHKDZ8,automatic_lexical_match,https://www.instagram.com/p/DdHk9gHKDZ8/c/17905244706486137
euro_trip,igc:18388866532207943,ig:DdHk9gHKDZ8,automatic_lexical_match,https://www.instagram.com/p/DdHk9gHKDZ8/c/18388866532207943
euro_trip,igc:18202261579374119,ig:DdHk9gHKDZ8,automatic_lexical_match,https://www.instagram.com/p/DdHk9gHKDZ8/c/18202261579374119
euro_trip,igc:17956944609233685,ig:DdHk9gHKDZ8,automatic_lexical_match,https://www.instagram.com/p/DdHk9gHKDZ8/c/17956944609233685
euro_trip,igc:17869334343639494,ig:DdHk9gHKDZ8,automatic_lexical_match,https://www.instagram.com/p/DdHk9gHKDZ8/c/17869334343639494
euro_trip,igc:17982076923072640,ig:DdHk9gHKDZ8,automatic_lexical_match,https://www.instagram.com/p/DdHk9gHKDZ8/c/17982076923072640
euro_trip,igc:18126153895700622,ig:DdHk9gHKDZ8,automatic_lexical_match,https://www.instagram.com/p/DdHk9gHKDZ8/c/18126153895700622
euro_trip,igc:17971279239138883,ig:DdHk9gHKDZ8,automatic_lexical_match,https://www.instagram.com/p/DdHk9gHKDZ8/c/17971279239138883
euro_trip,igc:18203279005363148,ig:DdHk9gHKDZ8,automatic_lexical_match,https://www.instagram.com/p/DdHk9gHKDZ8/c/18203279005363148
euro_trip,igc:18364290262245841,ig:DdHk9gHKDZ8,automatic_lexical_match,https://www.instagram.com/p/DdHk9gHKDZ8/c/18364290262245841
euro_trip,igc:17928259353162947,ig:DdCMb62oJ-V,automatic_lexical_match,https://www.instagram.com/p/DdCMb62oJ-V/c/17928259353162947
euro_trip,igc:18101667884075982,ig:DdCMb62oJ-V,automatic_lexical_match,https://www.instagram.com/p/DdCMb62oJ-V/c/18101667884075982
euro_trip,igc:17913083922457494,ig:DdCMb62oJ-V,automatic_lexical_match,https://www.instagram.com/p/DdCMb62oJ-V/c/17913083922457494
euro_trip,igc:17883354408500880,ig:DdCMb62oJ-V,automatic_lexical_match,https://www.instagram.com/p/DdCMb62oJ-V/c/17883354408500880
euro_trip,igc:17872343106587140,ig:DdCMb62oJ-V,automatic_lexical_match,https://www.instagram.com/p/DdCMb62oJ-V/c/17872343106587140
euro_trip,igc:18132968641655698,ig:DdCMb62oJ-V,automatic_lexical_match,https://www.instagram.com/p/DdCMb62oJ-V/c/18132968641655698
euro_trip,igc:18095432501413820,ig:DdCMb62oJ-V,automatic_lexical_match,https://www.instagram.com/p/DdCMb62oJ-V/c/18095432501413820
euro_trip,igc:18141010849505909,ig:DdCMb62oJ-V,automatic_lexical_match,https://www.instagram.com/p/DdCMb62oJ-V/c/18141010849505909
euro_trip,igc:18624938197034646,ig:DdCMb62oJ-V,automatic_lexical_match,https://www.instagram.com/p/DdCMb62oJ-V/c/18624938197034646
euro_trip,igc:18007818419978232,ig:DdCMb62oJ-V,automatic_lexical_match,https://www.instagram.com/p/DdCMb62oJ-V/c/18007818419978232
euro_trip,igc:18109085536875296,ig:DdCMb62oJ-V,automatic_lexical_match,https://www.instagram.com/p/DdCMb62oJ-V/c/18109085536875296
euro_trip,igc:18140065738591177,ig:DdCMb62oJ-V,automatic_lexical_match,https://www.instagram.com/p/DdCMb62oJ-V/c/18140065738591177
euro_trip,igc:18343141606264067,ig:Dc0_95Ust3q,automatic_lexical_match,https://www.instagram.com/p/Dc0_95Ust3q/c/18343141606264067
euro_trip,igc:18245091283310427,ig:Dc0_95Ust3q,automatic_lexical_match,https://www.instagram.com/p/Dc0_95Ust3q/c/18245091283310427
euro_trip,igc:18094477118539696,ig:Dc0_95Ust3q,automatic_lexical_match,https://www.instagram.com/p/Dc0_95Ust3q/c/18094477118539696
euro_trip,igc:18140718310606664,ig:Dc0_95Ust3q,automatic_lexical_match,https://www.instagram.com/p/Dc0_95Ust3q/c/18140718310606664
euro_trip,igc:18337184476287621,ig:DdFEmYnIfJ8,automatic_lexical_match,https://www.instagram.com/p/DdFEmYnIfJ8/c/18337184476287621
euro_trip,igc:18102781217268210,ig:DdFEmYnIfJ8,automatic_lexical_match,https://www.instagram.com/p/DdFEmYnIfJ8/c/18102781217268210
euro_trip,igc:18169016686414131,ig:DdFEmYnIfJ8,automatic_lexical_match,https://www.instagram.com/p/DdFEmYnIfJ8/c/18169016686414131
euro_trip,igc:18095216873184820,ig:DdFEmYnIfJ8,automatic_lexical_match,https://www.instagram.com/p/DdFEmYnIfJ8/c/18095216873184820
euro_trip,igc:18128049250811969,ig:DdFEmYnIfJ8,automatic_lexical_match,https://www.instagram.com/p/DdFEmYnIfJ8/c/18128049250811969
euro_trip,igc:17980105214899060,ig:DdFEmYnIfJ8,automatic_lexical_match,https://www.instagram.com/p/DdFEmYnIfJ8/c/17980105214899060
euro_trip,igc:18098973044137306,ig:DdFEmYnIfJ8,automatic_lexical_match,https://www.instagram.com/p/DdFEmYnIfJ8/c/18098973044137306
euro_trip,igc:18133867561650191,ig:DdFEmYnIfJ8,automatic_lexical_match,https://www.instagram.com/p/DdFEmYnIfJ8/c/18133867561650191
euro_trip,igc:18062103116530430,ig:DdFEmYnIfJ8,automatic_lexical_match,https://www.instagram.com/p/DdFEmYnIfJ8/c/18062103116530430
euro_trip,igc:17956226142237142,ig:DdFEmYnIfJ8,automatic_lexical_match,https://www.instagram.com/p/DdFEmYnIfJ8/c/17956226142237142
euro_trip,igc:18123469213873522,ig:DdFEmYnIfJ8,automatic_lexical_match,https://www.instagram.com/p/DdFEmYnIfJ8/c/18123469213873522
euro_trip,igc:17956813500219049,ig:DdFEmYnIfJ8,automatic_lexical_match,https://www.instagram.com/p/DdFEmYnIfJ8/c/17956813500219049
euro_trip,igc:17999395835805852,ig:DdFEmYnIfJ8,automatic_lexical_match,https://www.instagram.com/p/DdFEmYnIfJ8/c/17999395835805852
euro_trip,igc:18040650929684430,ig:DdFEmYnIfJ8,automatic_lexical_match,https://www.instagram.com/p/DdFEmYnIfJ8/c/18040650929684430
euro_trip,igc:18626477488015764,ig:DdFEmYnIfJ8,automatic_lexical_match,https://www.instagram.com/p/DdFEmYnIfJ8/c/18626477488015764
euro_trip,igc:17951496030038211,ig:DdHk9gHKDZ8,automatic_lexical_match,https://www.instagram.com/p/DdHk9gHKDZ8/c/17951496030038211
euro_trip,igc:17891856267609170,ig:DdHk9gHKDZ8,automatic_lexical_match,https://www.instagram.com/p/DdHk9gHKDZ8/c/17891856267609170
euro_trip,igc:18179804380423225,ig:DdHk9gHKDZ8,automatic_lexical_match,https://www.instagram.com/p/DdHk9gHKDZ8/c/18179804380423225
euro_trip,igc:18110407085172074,ig:DdHk9gHKDZ8,automatic_lexical_match,https://www.instagram.com/p/DdHk9gHKDZ8/c/18110407085172074
euro_trip,igc:17922952968424044,ig:DdHk9gHKDZ8,automatic_lexical_match,https://www.instagram.com/p/DdHk9gHKDZ8/c/17922952968424044
euro_trip,igc:18209764054322049,ig:DdHk9gHKDZ8,automatic_lexical_match,https://www.instagram.com/p/DdHk9gHKDZ8/c/18209764054322049
euro_trip,igc:18017070719731710,ig:DdHk9gHKDZ8,automatic_lexical_match,https://www.instagram.com/p/DdHk9gHKDZ8/c/18017070719731710
euro_trip,igc:17914526391461365,ig:DdHk9gHKDZ8,automatic_lexical_match,https://www.instagram.com/p/DdHk9gHKDZ8/c/17914526391461365
euro_trip,igc:18140854078574030,ig:DdHk9gHKDZ8,automatic_lexical_match,https://www.instagram.com/p/DdHk9gHKDZ8/c/18140854078574030
euro_trip,igc:18088014695392619,ig:DdHk9gHKDZ8,automatic_lexical_match,https://www.instagram.com/p/DdHk9gHKDZ8/c/18088014695392619
euro_trip,igc:18589709422070244,ig:DdHk9gHKDZ8,automatic_lexical_match,https://www.instagram.com/p/DdHk9gHKDZ8/c/18589709422070244
euro_trip,igc:17909551539497088,ig:DdHk9gHKDZ8,automatic_lexical_match,https://www.instagram.com/p/DdHk9gHKDZ8/c/17909551539497088
euro_trip,igc:17996999165813254,ig:Dc0_95Ust3q,automatic_lexical_match,https://www.instagram.com/p/Dc0_95Ust3q/c/17996999165813254
euro_trip,igc:18184802053407704,ig:Dc0_95Ust3q,automatic_lexical_match,https://www.instagram.com/p/Dc0_95Ust3q/c/18184802053407704
euro_trip,igc:18125877676757686,ig:Dc0_95Ust3q,automatic_lexical_match,https://www.instagram.com/p/Dc0_95Ust3q/c/18125877676757686
euro_trip,igc:17997488354810314,ig:Dc0_95Ust3q,automatic_lexical_match,https://www.instagram.com/p/Dc0_95Ust3q/c/17997488354810314
euro_trip,igc:18091791377305900,ig:Dc0_95Ust3q,automatic_lexical_match,https://www.instagram.com/p/Dc0_95Ust3q/c/18091791377305900
euro_trip,igc:18194728132382221,ig:Dc0_95Ust3q,automatic_lexical_match,https://www.instagram.com/p/Dc0_95Ust3q/c/18194728132382221
euro_trip,igc:18368016136245739,ig:DdCMb62oJ-V,automatic_lexical_match,https://www.instagram.com/p/DdCMb62oJ-V/c/18368016136245739
euro_trip,igc:18116361007942464,ig:DdCMb62oJ-V,automatic_lexical_match,https://www.instagram.com/p/DdCMb62oJ-V/c/18116361007942464
euro_trip,igc:17903383299559480,ig:DdCMb62oJ-V,automatic_lexical_match,https://www.instagram.com/p/DdCMb62oJ-V/c/17903383299559480
euro_trip,igc:18457017520139112,ig:DdCMb62oJ-V,automatic_lexical_match,https://www.instagram.com/p/DdCMb62oJ-V/c/18457017520139112
euro_trip,igc:18111608210041906,ig:DdCMb62oJ-V,automatic_lexical_match,https://www.instagram.com/p/DdCMb62oJ-V/c/18111608210041906
euro_trip,igc:18141495496510846,ig:DdCMb62oJ-V,automatic_lexical_match,https://www.instagram.com/p/DdCMb62oJ-V/c/18141495496510846
euro_trip,igc:17905965552507475,ig:DdCMb62oJ-V,automatic_lexical_match,https://www.instagram.com/p/DdCMb62oJ-V/c/17905965552507475
euro_trip,igc:18102210061998449,ig:DdCMb62oJ-V,automatic_lexical_match,https://www.instagram.com/p/DdCMb62oJ-V/c/18102210061998449
euro_trip,igc:18119549317904902,ig:DdCMb62oJ-V,automatic_lexical_match,https://www.instagram.com/p/DdCMb62oJ-V/c/18119549317904902
euro_trip,igc:18003645185978667,ig:DdCMb62oJ-V,automatic_lexical_match,https://www.instagram.com/p/DdCMb62oJ-V/c/18003645185978667
euro_trip,igc:18133666945726092,ig:DdCMb62oJ-V,automatic_lexical_match,https://www.instagram.com/p/DdCMb62oJ-V/c/18133666945726092
euro_trip,igc:17944358172300342,ig:DdCMb62oJ-V,automatic_lexical_match,https://www.instagram.com/p/DdCMb62oJ-V/c/17944358172300342
euro_trip,igc:17907999501493322,ig:DdCMb62oJ-V,automatic_lexical_match,https://www.instagram.com/p/DdCMb62oJ-V/c/17907999501493322
euro_trip,igc:17868356037644496,ig:DdFEmYnIfJ8,automatic_lexical_match,https://www.instagram.com/p/DdFEmYnIfJ8/c/17868356037644496
euro_trip,igc:18113180456097512,ig:DdFEmYnIfJ8,automatic_lexical_match,https://www.instagram.com/p/DdFEmYnIfJ8/c/18113180456097512
euro_trip,igc:18129036772776675,ig:DdFEmYnIfJ8,automatic_lexical_match,https://www.instagram.com/p/DdFEmYnIfJ8/c/18129036772776675
euro_trip,igc:17965538301077802,ig:DdFEmYnIfJ8,automatic_lexical_match,https://www.instagram.com/p/DdFEmYnIfJ8/c/17965538301077802
euro_trip,igc:17959791114253966,ig:DdFEmYnIfJ8,automatic_lexical_match,https://www.instagram.com/p/DdFEmYnIfJ8/c/17959791114253966
euro_trip,igc:18095211599548286,ig:DdFEmYnIfJ8,automatic_lexical_match,https://www.instagram.com/p/DdFEmYnIfJ8/c/18095211599548286
euro_trip,igc:17868561438642918,ig:DdFEmYnIfJ8,automatic_lexical_match,https://www.instagram.com/p/DdFEmYnIfJ8/c/17868561438642918
euro_trip,igc:17954910333210334,ig:DdFEmYnIfJ8,automatic_lexical_match,https://www.instagram.com/p/DdFEmYnIfJ8/c/17954910333210334
euro_trip,igc:18157927108447308,ig:DdFEmYnIfJ8,automatic_lexical_match,https://www.instagram.com/p/DdFEmYnIfJ8/c/18157927108447308
euro_trip,igc:17956389729234251,ig:DdFEmYnIfJ8,automatic_lexical_match,https://www.instagram.com/p/DdFEmYnIfJ8/c/17956389729234251
euro_trip,igc:18113973160909628,ig:DdFEmYnIfJ8,automatic_lexical_match,https://www.instagram.com/p/DdFEmYnIfJ8/c/18113973160909628
euro_trip,igc:18141270403571865,ig:DdFEmYnIfJ8,automatic_lexical_match,https://www.instagram.com/p/DdFEmYnIfJ8/c/18141270403571865
euro_trip,igc:18332713687256473,ig:DdFEmYnIfJ8,automatic_lexical_match,https://www.instagram.com/p/DdFEmYnIfJ8/c/18332713687256473
euro_trip,igc:18345694165267946,ig:DdFEmYnIfJ8,automatic_lexical_match,https://www.instagram.com/p/DdFEmYnIfJ8/c/18345694165267946
euro_trip,igc:18165173221467927,ig:DdFEmYnIfJ8,automatic_lexical_match,https://www.instagram.com/p/DdFEmYnIfJ8/c/18165173221467927
euro_trip,igc:17982322104115539,ig:DdHk9gHKDZ8,automatic_lexical_match,https://www.instagram.com/p/DdHk9gHKDZ8/c/17982322104115539
euro_trip,igc:18334698130283734,ig:DdHk9gHKDZ8,automatic_lexical_match,https://www.instagram.com/p/DdHk9gHKDZ8/c/18334698130283734
euro_trip,igc:18204225928371178,ig:DdHk9gHKDZ8,automatic_lexical_match,https://www.instagram.com/p/DdHk9gHKDZ8/c/18204225928371178
euro_trip,igc:18102961028265737,ig:DdHk9gHKDZ8,automatic_lexical_match,https://www.instagram.com/p/DdHk9gHKDZ8/c/18102961028265737
euro_trip,igc:17916385959451671,ig:DdHk9gHKDZ8,automatic_lexical_match,https://www.instagram.com/p/DdHk9gHKDZ8/c/17916385959451671
euro_trip,igc:18138689137720319,ig:DdHk9gHKDZ8,automatic_lexical_match,https://www.instagram.com/p/DdHk9gHKDZ8/c/18138689137720319
euro_trip,igc:18581545435070845,ig:DdHk9gHKDZ8,automatic_lexical_match,https://www.instagram.com/p/DdHk9gHKDZ8/c/18581545435070845
euro_trip,igc:17889824256676349,ig:DdHk9gHKDZ8,automatic_lexical_match,https://www.instagram.com/p/DdHk9gHKDZ8/c/17889824256676349
euro_trip,igc:18113533361284950,ig:DdHk9gHKDZ8,automatic_lexical_match,https://www.instagram.com/p/DdHk9gHKDZ8/c/18113533361284950
euro_trip,igc:18128169193689899,ig:DdHk9gHKDZ8,automatic_lexical_match,https://www.instagram.com/p/DdHk9gHKDZ8/c/18128169193689899
euro_trip,igc:18120810320489490,ig:DdHk9gHKDZ8,automatic_lexical_match,https://www.instagram.com/p/DdHk9gHKDZ8/c/18120810320489490
euro_trip,igc:18129885976670981,ig:Dc0_95Ust3q,automatic_lexical_match,https://www.instagram.com/p/Dc0_95Ust3q/c/18129885976670981
euro_trip,igc:18619492228046199,ig:Dc0_95Ust3q,automatic_lexical_match,https://www.instagram.com/p/Dc0_95Ust3q/c/18619492228046199
euro_trip,igc:18215208700343672,ig:Dc0_95Ust3q,automatic_lexical_match,https://www.instagram.com/p/Dc0_95Ust3q/c/18215208700343672
euro_trip,igc:17965428335963619,ig:Dc0_95Ust3q,automatic_lexical_match,https://www.instagram.com/p/Dc0_95Ust3q/c/17965428335963619
euro_trip,igc:17904115065485333,ig:Dc0_95Ust3q,automatic_lexical_match,https://www.instagram.com/p/Dc0_95Ust3q/c/17904115065485333
euro_trip,igc:18107533919599560,ig:Dc0_95Ust3q,automatic_lexical_match,https://www.instagram.com/p/Dc0_95Ust3q/c/18107533919599560
euro_trip,igc:18125601823814823,ig:Dc0_95Ust3q,automatic_lexical_match,https://www.instagram.com/p/Dc0_95Ust3q/c/18125601823814823
euro_trip,igc:18051878933586450,ig:Dc0_95Ust3q,automatic_lexical_match,https://www.instagram.com/p/Dc0_95Ust3q/c/18051878933586450
euro_trip,igc:17877212691543101,ig:DdCMb62oJ-V,automatic_lexical_match,https://www.instagram.com/p/DdCMb62oJ-V/c/17877212691543101
euro_trip,igc:18099443666343114,ig:DdCMb62oJ-V,automatic_lexical_match,https://www.instagram.com/p/DdCMb62oJ-V/c/18099443666343114
euro_trip,igc:17905712145489618,ig:DdCMb62oJ-V,automatic_lexical_match,https://www.instagram.com/p/DdCMb62oJ-V/c/17905712145489618
euro_trip,igc:18116925068290515,ig:DdCMb62oJ-V,automatic_lexical_match,https://www.instagram.com/p/DdCMb62oJ-V/c/18116925068290515
euro_trip,igc:18083212070310143,ig:DdCMb62oJ-V,automatic_lexical_match,https://www.instagram.com/p/DdCMb62oJ-V/c/18083212070310143
euro_trip,igc:18205064413366792,ig:DdCMb62oJ-V,automatic_lexical_match,https://www.instagram.com/p/DdCMb62oJ-V/c/18205064413366792
euro_trip,igc:18060208610676375,ig:DdCMb62oJ-V,automatic_lexical_match,https://www.instagram.com/p/DdCMb62oJ-V/c/18060208610676375
euro_trip,igc:17910459084287398,ig:DdCMb62oJ-V,automatic_lexical_match,https://www.instagram.com/p/DdCMb62oJ-V/c/17910459084287398
euro_trip,igc:17933645181366504,ig:DdCMb62oJ-V,automatic_lexical_match,https://www.instagram.com/p/DdCMb62oJ-V/c/17933645181366504
euro_trip,igc:18124102165852748,ig:DdCMb62oJ-V,automatic_lexical_match,https://www.instagram.com/p/DdCMb62oJ-V/c/18124102165852748
euro_trip,igc:18214212406353025,ig:DdCMb62oJ-V,automatic_lexical_match,https://www.instagram.com/p/DdCMb62oJ-V/c/18214212406353025
euro_trip,igc:18115123072766504,ig:DdCMb62oJ-V,automatic_lexical_match,https://www.instagram.com/p/DdCMb62oJ-V/c/18115123072766504
euro_trip,igc:18128835856705973,ig:DdCMb62oJ-V,automatic_lexical_match,https://www.instagram.com/p/DdCMb62oJ-V/c/18128835856705973
euro_trip,igc:18103459664240199,ig:DdCMb62oJ-V,automatic_lexical_match,https://www.instagram.com/p/DdCMb62oJ-V/c/18103459664240199
euro_trip,igc:18110835017080322,ig:DdCMb62oJ-V,automatic_lexical_match,https://www.instagram.com/p/DdCMb62oJ-V/c/18110835017080322
euro_trip,igc:17868578688641295,ig:DdFEmYnIfJ8,automatic_lexical_match,https://www.instagram.com/p/DdFEmYnIfJ8/c/17868578688641295
euro_trip,igc:18115956880971970,ig:DdFEmYnIfJ8,automatic_lexical_match,https://www.instagram.com/p/DdFEmYnIfJ8/c/18115956880971970
euro_trip,igc:18353911429169468,ig:DdFEmYnIfJ8,automatic_lexical_match,https://www.instagram.com/p/DdFEmYnIfJ8/c/18353911429169468
euro_trip,igc:18114120895815260,ig:DdFEmYnIfJ8,automatic_lexical_match,https://www.instagram.com/p/DdFEmYnIfJ8/c/18114120895815260
euro_trip,igc:18089320352660429,ig:DdFEmYnIfJ8,automatic_lexical_match,https://www.instagram.com/p/DdFEmYnIfJ8/c/18089320352660429
euro_trip,igc:17934549678379951,ig:DdFEmYnIfJ8,automatic_lexical_match,https://www.instagram.com/p/DdFEmYnIfJ8/c/17934549678379951
euro_trip,igc:17949306423256583,ig:DdFEmYnIfJ8,automatic_lexical_match,https://www.instagram.com/p/DdFEmYnIfJ8/c/17949306423256583
euro_trip,igc:17944817499298667,ig:DdFEmYnIfJ8,automatic_lexical_match,https://www.instagram.com/p/DdFEmYnIfJ8/c/17944817499298667
euro_trip,igc:17935089348124234,ig:DdFEmYnIfJ8,automatic_lexical_match,https://www.instagram.com/p/DdFEmYnIfJ8/c/17935089348124234
euro_trip,igc:18067873592759824,ig:DdFEmYnIfJ8,automatic_lexical_match,https://www.instagram.com/p/DdFEmYnIfJ8/c/18067873592759824
euro_trip,igc:18164016733463688,ig:DdFEmYnIfJ8,automatic_lexical_match,https://www.instagram.com/p/DdFEmYnIfJ8/c/18164016733463688
euro_trip,igc:17886306339617837,ig:DdFEmYnIfJ8,automatic_lexical_match,https://www.instagram.com/p/DdFEmYnIfJ8/c/17886306339617837
euro_trip,igc:17895663654670771,ig:DdFEmYnIfJ8,automatic_lexical_match,https://www.instagram.com/p/DdFEmYnIfJ8/c/17895663654670771
euro_trip,igc:18165567787464243,ig:DdFEmYnIfJ8,automatic_lexical_match,https://www.instagram.com/p/DdFEmYnIfJ8/c/18165567787464243
euro_trip,igc:18217121884339391,ig:DdFEmYnIfJ8,automatic_lexical_match,https://www.instagram.com/p/DdFEmYnIfJ8/c/18217121884339391
euro_trip,igc:17906474088487217,ig:DdCMb62oJ-V,automatic_lexical_match,https://www.instagram.com/p/DdCMb62oJ-V/c/17906474088487217
euro_trip,igc:17907436344506526,ig:DdCMb62oJ-V,automatic_lexical_match,https://www.instagram.com/p/DdCMb62oJ-V/c/17907436344506526
euro_trip,igc:18418585891158242,ig:DdCMb62oJ-V,automatic_lexical_match,https://www.instagram.com/p/DdCMb62oJ-V/c/18418585891158242
euro_trip,igc:18106676966156513,ig:DdCMb62oJ-V,automatic_lexical_match,https://www.instagram.com/p/DdCMb62oJ-V/c/18106676966156513
euro_trip,igc:17886333018617503,ig:DdCMb62oJ-V,automatic_lexical_match,https://www.instagram.com/p/DdCMb62oJ-V/c/17886333018617503
euro_trip,igc:18148546450552079,ig:DdCMb62oJ-V,automatic_lexical_match,https://www.instagram.com/p/DdCMb62oJ-V/c/18148546450552079
euro_trip,igc:18083589770309947,ig:DdCMb62oJ-V,automatic_lexical_match,https://www.instagram.com/p/DdCMb62oJ-V/c/18083589770309947
euro_trip,igc:18074426624429554,ig:DdCMb62oJ-V,automatic_lexical_match,https://www.instagram.com/p/DdCMb62oJ-V/c/18074426624429554
euro_trip,igc:17964656175178962,ig:DdCMb62oJ-V,automatic_lexical_match,https://www.instagram.com/p/DdCMb62oJ-V/c/17964656175178962
euro_trip,igc:18132025762641860,ig:DdCMb62oJ-V,automatic_lexical_match,https://www.instagram.com/p/DdCMb62oJ-V/c/18132025762641860
euro_trip,igc:18111740564115658,ig:DdCMb62oJ-V,automatic_lexical_match,https://www.instagram.com/p/DdCMb62oJ-V/c/18111740564115658
euro_trip,igc:17957860764206740,ig:DdCMb62oJ-V,automatic_lexical_match,https://www.instagram.com/p/DdCMb62oJ-V/c/17957860764206740
euro_trip,igc:18112319662999817,ig:DdCMb62oJ-V,automatic_lexical_match,https://www.instagram.com/p/DdCMb62oJ-V/c/18112319662999817
euro_trip,igc:18083171408303923,ig:DdCMb62oJ-V,automatic_lexical_match,https://www.instagram.com/p/DdCMb62oJ-V/c/18083171408303923
euro_trip,igc:18129223150738335,ig:DdHk9gHKDZ8,automatic_lexical_match,https://www.instagram.com/p/DdHk9gHKDZ8/c/18129223150738335
euro_trip,igc:17907485343507250,ig:DdHk9gHKDZ8,automatic_lexical_match,https://www.instagram.com/p/DdHk9gHKDZ8/c/17907485343507250
euro_trip,igc:18629138647049638,ig:DdHk9gHKDZ8,automatic_lexical_match,https://www.instagram.com/p/DdHk9gHKDZ8/c/18629138647049638
euro_trip,igc:18096308087533211,ig:DdHk9gHKDZ8,automatic_lexical_match,https://www.instagram.com/p/DdHk9gHKDZ8/c/18096308087533211
euro_trip,igc:18189376669403054,ig:DdHk9gHKDZ8,automatic_lexical_match,https://www.instagram.com/p/DdHk9gHKDZ8/c/18189376669403054
euro_trip,igc:18104367083264424,ig:DdHk9gHKDZ8,automatic_lexical_match,https://www.instagram.com/p/DdHk9gHKDZ8/c/18104367083264424
euro_trip,igc:18440461978127044,ig:DdHk9gHKDZ8,automatic_lexical_match,https://www.instagram.com/p/DdHk9gHKDZ8/c/18440461978127044
euro_trip,igc:17958590984997861,ig:DdHk9gHKDZ8,automatic_lexical_match,https://www.instagram.com/p/DdHk9gHKDZ8/c/17958590984997861
euro_trip,igc:18088715225230667,ig:DdHk9gHKDZ8,automatic_lexical_match,https://www.instagram.com/p/DdHk9gHKDZ8/c/18088715225230667
euro_trip,igc:18085287785289230,ig:DdHk9gHKDZ8,automatic_lexical_match,https://www.instagram.com/p/DdHk9gHKDZ8/c/18085287785289230
euro_trip,igc:17945265543299782,ig:DdHk9gHKDZ8,automatic_lexical_match,https://www.instagram.com/p/DdHk9gHKDZ8/c/17945265543299782
euro_trip,igc:17930301210145564,ig:Dc0_95Ust3q,automatic_lexical_match,https://www.instagram.com/p/Dc0_95Ust3q/c/17930301210145564
euro_trip,igc:18013209848747956,ig:Dc0_95Ust3q,automatic_lexical_match,https://www.instagram.com/p/Dc0_95Ust3q/c/18013209848747956
euro_trip,igc:17976963654109384,ig:Dc0_95Ust3q,automatic_lexical_match,https://www.instagram.com/p/Dc0_95Ust3q/c/17976963654109384
euro_trip,igc:18098127845042109,ig:Dc0_95Ust3q,automatic_lexical_match,https://www.instagram.com/p/Dc0_95Ust3q/c/18098127845042109
euro_trip,igc:18107224508163050,ig:DdCMb62oJ-V,automatic_lexical_match,https://www.instagram.com/p/DdCMb62oJ-V/c/18107224508163050
euro_trip,igc:17951344920036570,ig:DdCMb62oJ-V,automatic_lexical_match,https://www.instagram.com/p/DdCMb62oJ-V/c/17951344920036570
euro_trip,igc:18128062078705558,ig:DdCMb62oJ-V,automatic_lexical_match,https://www.instagram.com/p/DdCMb62oJ-V/c/18128062078705558
euro_trip,igc:18065904482749205,ig:DdCMb62oJ-V,automatic_lexical_match,https://www.instagram.com/p/DdCMb62oJ-V/c/18065904482749205
euro_trip,igc:17973321837135078,ig:DdCMb62oJ-V,automatic_lexical_match,https://www.instagram.com/p/DdCMb62oJ-V/c/17973321837135078
euro_trip,igc:17901763116569497,ig:DdCMb62oJ-V,automatic_lexical_match,https://www.instagram.com/p/DdCMb62oJ-V/c/17901763116569497
euro_trip,igc:18377606200232718,ig:DdCMb62oJ-V,automatic_lexical_match,https://www.instagram.com/p/DdCMb62oJ-V/c/18377606200232718
euro_trip,igc:18130768909666892,ig:DdCMb62oJ-V,automatic_lexical_match,https://www.instagram.com/p/DdCMb62oJ-V/c/18130768909666892
euro_trip,igc:18109250657587751,ig:DdCMb62oJ-V,automatic_lexical_match,https://www.instagram.com/p/DdCMb62oJ-V/c/18109250657587751
euro_trip,igc:17907571326525041,ig:DdCMb62oJ-V,automatic_lexical_match,https://www.instagram.com/p/DdCMb62oJ-V/c/17907571326525041
euro_trip,igc:17890799799437966,ig:DdCMb62oJ-V,automatic_lexical_match,https://www.instagram.com/p/DdCMb62oJ-V/c/17890799799437966
euro_trip,igc:17879993304624193,ig:DdCMb62oJ-V,automatic_lexical_match,https://www.instagram.com/p/DdCMb62oJ-V/c/17879993304624193
euro_trip,igc:18627531853016579,ig:DdCMb62oJ-V,automatic_lexical_match,https://www.instagram.com/p/DdCMb62oJ-V/c/18627531853016579
euro_trip,igc:17984203725119815,ig:DdCMb62oJ-V,automatic_lexical_match,https://www.instagram.com/p/DdCMb62oJ-V/c/17984203725119815
euro_trip,igc:18191264200393251,ig:Dc0_95Ust3q,automatic_lexical_match,https://www.instagram.com/p/Dc0_95Ust3q/c/18191264200393251
euro_trip,igc:17961930629979428,ig:Dc0_95Ust3q,automatic_lexical_match,https://www.instagram.com/p/Dc0_95Ust3q/c/17961930629979428
euro_trip,igc:18120079285905506,ig:Dc0_95Ust3q,automatic_lexical_match,https://www.instagram.com/p/Dc0_95Ust3q/c/18120079285905506
euro_trip,igc:18172570585444046,ig:Dc0_95Ust3q,automatic_lexical_match,https://www.instagram.com/p/Dc0_95Ust3q/c/18172570585444046
euro_trip,igc:18113564963097485,ig:Dc0_95Ust3q,automatic_lexical_match,https://www.instagram.com/p/Dc0_95Ust3q/c/18113564963097485
euro_trip,igc:18129074821809734,ig:Dc0_95Ust3q,automatic_lexical_match,https://www.instagram.com/p/Dc0_95Ust3q/c/18129074821809734
euro_trip,igc:18099833357364638,ig:DdHk9gHKDZ8,automatic_lexical_match,https://www.instagram.com/p/DdHk9gHKDZ8/c/18099833357364638
euro_trip,igc:18097933178146114,ig:DdHk9gHKDZ8,automatic_lexical_match,https://www.instagram.com/p/DdHk9gHKDZ8/c/18097933178146114
euro_trip,igc:17991008367042263,ig:DdHk9gHKDZ8,automatic_lexical_match,https://www.instagram.com/p/DdHk9gHKDZ8/c/17991008367042263
euro_trip,igc:18188140168405768,ig:DdHk9gHKDZ8,automatic_lexical_match,https://www.instagram.com/p/DdHk9gHKDZ8/c/18188140168405768
euro_trip,igc:18088961225345028,ig:DdHk9gHKDZ8,automatic_lexical_match,https://www.instagram.com/p/DdHk9gHKDZ8/c/18088961225345028
euro_trip,igc:18114463426799495,ig:DdHk9gHKDZ8,automatic_lexical_match,https://www.instagram.com/p/DdHk9gHKDZ8/c/18114463426799495
euro_trip,igc:18427306846177372,ig:DdHk9gHKDZ8,automatic_lexical_match,https://www.instagram.com/p/DdHk9gHKDZ8/c/18427306846177372
euro_trip,igc:18114526880472348,ig:DdHk9gHKDZ8,automatic_lexical_match,https://www.instagram.com/p/DdHk9gHKDZ8/c/18114526880472348
euro_trip,igc:18087089558237612,ig:DdHk9gHKDZ8,automatic_lexical_match,https://www.instagram.com/p/DdHk9gHKDZ8/c/18087089558237612
euro_trip,igc:17940309144350843,ig:DdHk9gHKDZ8,automatic_lexical_match,https://www.instagram.com/p/DdHk9gHKDZ8/c/17940309144350843
euro_trip,igc:18111062248866564,ig:DdHk9gHKDZ8,automatic_lexical_match,https://www.instagram.com/p/DdHk9gHKDZ8/c/18111062248866564
euro_trip,igc:18442572526126155,ig:DdHk9gHKDZ8,automatic_lexical_match,https://www.instagram.com/p/DdHk9gHKDZ8/c/18442572526126155
euro_trip,igc:18103103921617935,ig:DdHk9gHKDZ8,automatic_lexical_match,https://www.instagram.com/p/DdHk9gHKDZ8/c/18103103921617935
euro_trip,igc:18109752164133299,ig:DdGrcfVCcso,automatic_lexical_match,https://www.instagram.com/p/DdGrcfVCcso/c/18109752164133299
euro_trip,igc:18112712441002749,ig:DdHk9gHKDZ8,automatic_lexical_match,https://www.instagram.com/p/DdHk9gHKDZ8/c/18112712441002749
euro_trip,igc:17940421746351629,ig:DdHk9gHKDZ8,automatic_lexical_match,https://www.instagram.com/p/DdHk9gHKDZ8/c/17940421746351629
euro_trip,igc:17959896195206334,ig:DdHk9gHKDZ8,automatic_lexical_match,https://www.instagram.com/p/DdHk9gHKDZ8/c/17959896195206334
euro_trip,igc:18624863278057729,ig:DdHk9gHKDZ8,automatic_lexical_match,https://www.instagram.com/p/DdHk9gHKDZ8/c/18624863278057729
euro_trip,igc:18105666104266456,ig:DdHk9gHKDZ8,automatic_lexical_match,https://www.instagram.com/p/DdHk9gHKDZ8/c/18105666104266456
euro_trip,igc:18169597000458779,ig:DdHk9gHKDZ8,automatic_lexical_match,https://www.instagram.com/p/DdHk9gHKDZ8/c/18169597000458779
euro_trip,igc:18128550370706688,ig:DdHk9gHKDZ8,automatic_lexical_match,https://www.instagram.com/p/DdHk9gHKDZ8/c/18128550370706688
euro_trip,igc:18113393956824643,ig:DdHk9gHKDZ8,automatic_lexical_match,https://www.instagram.com/p/DdHk9gHKDZ8/c/18113393956824643
euro_trip,igc:18127970497703590,ig:DdHk9gHKDZ8,automatic_lexical_match,https://www.instagram.com/p/DdHk9gHKDZ8/c/18127970497703590
euro_trip,igc:18440564782130032,ig:DdHk9gHKDZ8,automatic_lexical_match,https://www.instagram.com/p/DdHk9gHKDZ8/c/18440564782130032
euro_trip,igc:17957641107249655,ig:DdCMb62oJ-V,automatic_lexical_match,https://www.instagram.com/p/DdCMb62oJ-V/c/17957641107249655
euro_trip,igc:17935084068123784,ig:DdCMb62oJ-V,automatic_lexical_match,https://www.instagram.com/p/DdCMb62oJ-V/c/17935084068123784
euro_trip,igc:18123555031849223,ig:DdCMb62oJ-V,automatic_lexical_match,https://www.instagram.com/p/DdCMb62oJ-V/c/18123555031849223
euro_trip,igc:17957981637229768,ig:DdCMb62oJ-V,automatic_lexical_match,https://www.instagram.com/p/DdCMb62oJ-V/c/17957981637229768
euro_trip,igc:17916717885242481,ig:DdCMb62oJ-V,automatic_lexical_match,https://www.instagram.com/p/DdCMb62oJ-V/c/17916717885242481
euro_trip,igc:18107658416521103,ig:DdCMb62oJ-V,automatic_lexical_match,https://www.instagram.com/p/DdCMb62oJ-V/c/18107658416521103
euro_trip,igc:17988303662856500,ig:DdCMb62oJ-V,automatic_lexical_match,https://www.instagram.com/p/DdCMb62oJ-V/c/17988303662856500
euro_trip,igc:17970642867139909,ig:DdCMb62oJ-V,automatic_lexical_match,https://www.instagram.com/p/DdCMb62oJ-V/c/17970642867139909
euro_trip,igc:18125483392888285,ig:DdCMb62oJ-V,automatic_lexical_match,https://www.instagram.com/p/DdCMb62oJ-V/c/18125483392888285
euro_trip,igc:17884235907684114,ig:DdCMb62oJ-V,automatic_lexical_match,https://www.instagram.com/p/DdCMb62oJ-V/c/17884235907684114
euro_trip,igc:18093188228393977,ig:DdCMb62oJ-V,automatic_lexical_match,https://www.instagram.com/p/DdCMb62oJ-V/c/18093188228393977
euro_trip,igc:18074500133430046,ig:DdCMb62oJ-V,automatic_lexical_match,https://www.instagram.com/p/DdCMb62oJ-V/c/18074500133430046
euro_trip,igc:18107364230520125,ig:DdCMb62oJ-V,automatic_lexical_match,https://www.instagram.com/p/DdCMb62oJ-V/c/18107364230520125
euro_trip,igc:18124108463503793,ig:DdCMb62oJ-V,automatic_lexical_match,https://www.instagram.com/p/DdCMb62oJ-V/c/18124108463503793
euro_trip,igc:18087674561230609,ig:DdCMb62oJ-V,automatic_lexical_match,https://www.instagram.com/p/DdCMb62oJ-V/c/18087674561230609
euro_trip,igc:18124438795858759,ig:DdCMb62oJ-V,automatic_lexical_match,https://www.instagram.com/p/DdCMb62oJ-V/c/18124438795858759
euro_trip,igc:18224915260332924,ig:DdCMb62oJ-V,automatic_lexical_match,https://www.instagram.com/p/DdCMb62oJ-V/c/18224915260332924
euro_trip,igc:18107767565169092,ig:DdCMb62oJ-V,automatic_lexical_match,https://www.instagram.com/p/DdCMb62oJ-V/c/18107767565169092
euro_trip,igc:18382164295224300,ig:DdCMb62oJ-V,automatic_lexical_match,https://www.instagram.com/p/DdCMb62oJ-V/c/18382164295224300
euro_trip,igc:18090617066558483,ig:DdCMb62oJ-V,automatic_lexical_match,https://www.instagram.com/p/DdCMb62oJ-V/c/18090617066558483
euro_trip,igc:18114168436787975,ig:DdCMb62oJ-V,automatic_lexical_match,https://www.instagram.com/p/DdCMb62oJ-V/c/18114168436787975
euro_trip,igc:17922487179206073,ig:DdCMb62oJ-V,automatic_lexical_match,https://www.instagram.com/p/DdCMb62oJ-V/c/17922487179206073
euro_trip,igc:18075233114408534,ig:DdCMb62oJ-V,automatic_lexical_match,https://www.instagram.com/p/DdCMb62oJ-V/c/18075233114408534
euro_trip,igc:18088194542375041,ig:DdCMb62oJ-V,automatic_lexical_match,https://www.instagram.com/p/DdCMb62oJ-V/c/18088194542375041
euro_trip,ttc:7670571539762578197,tt:7670290170209438989,automatic_lexical_match,https://www.tiktok.com/@jessicanlinn/video/7670290170209438989
euro_trip,ttc:7672038456424104734,tt:7670290170209438989,automatic_lexical_match,https://www.tiktok.com/@jessicanlinn/video/7670290170209438989
euro_trip,ttc:7684049386314335007,tt:7683272484434562318,automatic_lexical_match,https://www.tiktok.com/@taylorwingg/video/7683272484434562318
euro_trip,ttc:7683282210468578080,tt:7683272484434562318,automatic_lexical_match,https://www.tiktok.com/@taylorwingg/video/7683272484434562318
euro_trip,ttc:7683294707548472078,tt:7683272484434562318,automatic_lexical_match,https://www.tiktok.com/@taylorwingg/video/7683272484434562318
euro_trip,ttc:7683140110838711071,tt:7676869158180572438,automatic_lexical_match,https://www.tiktok.com/@iamsaraouardi/video/7676869158180572438
euro_trip,ttc:7683099682449163021,tt:7676869158180572438,automatic_lexical_match,https://www.tiktok.com/@iamsaraouardi/video/7676869158180572438
euro_trip,ttc:7680196003865428750,tt:7676869158180572438,automatic_lexical_match,https://www.tiktok.com/@iamsaraouardi/video/7676869158180572438
euro_trip,ttc:7677682247827309320,tt:7676869158180572438,automatic_lexical_match,https://www.tiktok.com/@iamsaraouardi/video/7676869158180572438
euro_trip,ttc:7678087820607947538,tt:7676869158180572438,automatic_lexical_match,https://www.tiktok.com/@iamsaraouardi/video/7676869158180572438
euro_trip,ttc:7678352584831550221,tt:7676869158180572438,automatic_lexical_match,https://www.tiktok.com/@iamsaraouardi/video/7676869158180572438
euro_trip,ttc:7681397350480413454,tt:7676869158180572438,automatic_lexical_match,https://www.tiktok.com/@iamsaraouardi/video/7676869158180572438
euro_trip,ttc:7677015615517999886,tt:7676869158180572438,automatic_lexical_match,https://www.tiktok.com/@iamsaraouardi/video/7676869158180572438
euro_trip,ttc:7677770706819007252,tt:7676869158180572438,automatic_lexical_match,https://www.tiktok.com/@iamsaraouardi/video/7676869158180572438
euro_trip,ttc:7677430436729897742,tt:7676869158180572438,automatic_lexical_match,https://www.tiktok.com/@iamsaraouardi/video/7676869158180572438
euro_trip,ttc:7677807039776080671,tt:7677722775099936030,automatic_lexical_match,https://www.tiktok.com/@erinmillerartistry/video/7677722775099936030
euro_trip,ttc:7684232164078568223,tt:7677722775099936030,automatic_lexical_match,https://www.tiktok.com/@erinmillerartistry/video/7677722775099936030
euro_trip,ttc:7683653897492071199,tt:7677722775099936030,automatic_lexical_match,https://www.tiktok.com/@erinmillerartistry/video/7677722775099936030
euro_trip,ttc:7683994540177195797,tt:7677722775099936030,automatic_lexical_match,https://www.tiktok.com/@erinmillerartistry/video/7677722775099936030
euro_trip,ttc:7683670811492434704,tt:7677722775099936030,automatic_lexical_match,https://www.tiktok.com/@erinmillerartistry/video/7677722775099936030
euro_trip,ttc:7681147947757585165,tt:7677722775099936030,automatic_lexical_match,https://www.tiktok.com/@erinmillerartistry/video/7677722775099936030
euro_trip,ttc:7681191990402941710,tt:7677722775099936030,automatic_lexical_match,https://www.tiktok.com/@erinmillerartistry/video/7677722775099936030
euro_trip,ttc:7677985117919216398,tt:7677722775099936030,automatic_lexical_match,https://www.tiktok.com/@erinmillerartistry/video/7677722775099936030
euro_trip,ttc:7678813518791115551,tt:7677722775099936030,automatic_lexical_match,https://www.tiktok.com/@erinmillerartistry/video/7677722775099936030
euro_trip,ttc:7677318376251015943,tt:7666796165639277846,automatic_lexical_match,https://www.tiktok.com/@iamsaraouardi/video/7666796165639277846
euro_trip,ttc:7683958162776933150,tt:7666796165639277846,automatic_lexical_match,https://www.tiktok.com/@iamsaraouardi/video/7666796165639277846
euro_trip,ttc:7678158549457961746,tt:7666796165639277846,automatic_lexical_match,https://www.tiktok.com/@iamsaraouardi/video/7666796165639277846
euro_trip,ttc:7678072183092740894,tt:7666796165639277846,automatic_lexical_match,https://www.tiktok.com/@iamsaraouardi/video/7666796165639277846
euro_trip,ttc:7678090427966702356,tt:7666796165639277846,automatic_lexical_match,https://www.tiktok.com/@iamsaraouardi/video/7666796165639277846
euro_trip,ttc:7669862110303060749,tt:7666796165639277846,automatic_lexical_match,https://www.tiktok.com/@iamsaraouardi/video/7666796165639277846
euro_trip,ttc:7682070730075767566,tt:7666796165639277846,automatic_lexical_match,https://www.tiktok.com/@iamsaraouardi/video/7666796165639277846
euro_trip,ttc:7678177902610039566,tt:7666796165639277846,automatic_lexical_match,https://www.tiktok.com/@iamsaraouardi/video/7666796165639277846
euro_trip,ttc:7678905352452735765,tt:7666796165639277846,automatic_lexical_match,https://www.tiktok.com/@iamsaraouardi/video/7666796165639277846
euro_trip,ttc:7678733165116097301,tt:7666796165639277846,automatic_lexical_match,https://www.tiktok.com/@iamsaraouardi/video/7666796165639277846
euro_trip,ttc:7672735447239934741,tt:7666796165639277846,automatic_lexical_match,https://www.tiktok.com/@iamsaraouardi/video/7666796165639277846
euro_trip,ttc:7670372537460933406,tt:7666796165639277846,automatic_lexical_match,https://www.tiktok.com/@iamsaraouardi/video/7666796165639277846
euro_trip,ttc:7572079041172554527,tt:7554098048394185997,automatic_lexical_match,https://www.tiktok.com/@skyleranneolson/video/7554098048394185997
euro_trip,ttc:7554138312132182814,tt:7554098048394185997,automatic_lexical_match,https://www.tiktok.com/@skyleranneolson/video/7554098048394185997
euro_trip,ttc:7584439736950276895,tt:7554098048394185997,automatic_lexical_match,https://www.tiktok.com/@skyleranneolson/video/7554098048394185997
euro_trip,ttc:7555151745811759903,tt:7554098048394185997,automatic_lexical_match,https://www.tiktok.com/@skyleranneolson/video/7554098048394185997
euro_trip,ttc:7554217436724740919,tt:7554098048394185997,automatic_lexical_match,https://www.tiktok.com/@skyleranneolson/video/7554098048394185997
euro_trip,ttc:7679489025811825422,tt:7677722775099936030,automatic_lexical_match,https://www.tiktok.com/@erinmillerartistry/video/7677722775099936030
euro_trip,ttc:7682745241955091221,tt:7677722775099936030,automatic_lexical_match,https://www.tiktok.com/@erinmillerartistry/video/7677722775099936030
euro_trip,ttc:7678144861564175117,tt:7677722775099936030,automatic_lexical_match,https://www.tiktok.com/@erinmillerartistry/video/7677722775099936030
euro_trip,ttc:7677991368438547214,tt:7677722775099936030,automatic_lexical_match,https://www.tiktok.com/@erinmillerartistry/video/7677722775099936030
euro_trip,ttc:7682281841081336607,tt:7670290170209438989,automatic_lexical_match,https://www.tiktok.com/@jessicanlinn/video/7670290170209438989
euro_trip,ttc:7603984410861896462,tt:7555972915817237773,automatic_lexical_match,https://www.tiktok.com/@skyleranneolson/video/7555972915817237773
euro_trip,ttc:7556422791600767799,tt:7555972915817237773,automatic_lexical_match,https://www.tiktok.com/@skyleranneolson/video/7555972915817237773
euro_trip,ttc:7556255810969977655,tt:7555972915817237773,automatic_lexical_match,https://www.tiktok.com/@skyleranneolson/video/7555972915817237773
euro_trip,ttc:7593559397940495118,tt:7555972915817237773,automatic_lexical_match,https://www.tiktok.com/@skyleranneolson/video/7555972915817237773
euro_trip,ttc:7557637219550561031,tt:7555972915817237773,automatic_lexical_match,https://www.tiktok.com/@skyleranneolson/video/7555972915817237773
euro_trip,ttc:7557770352748610315,tt:7555972915817237773,automatic_lexical_match,https://www.tiktok.com/@skyleranneolson/video/7555972915817237773
euro_trip,ttc:7555991773228008223,tt:7555972915817237773,automatic_lexical_match,https://www.tiktok.com/@skyleranneolson/video/7555972915817237773
euro_trip,ttc:7556997279292195615,tt:7555972915817237773,automatic_lexical_match,https://www.tiktok.com/@skyleranneolson/video/7555972915817237773
euro_trip,ttc:7556030469583012638,tt:7555972915817237773,automatic_lexical_match,https://www.tiktok.com/@skyleranneolson/video/7555972915817237773
euro_trip,ttc:7556033270259270414,tt:7555972915817237773,automatic_lexical_match,https://www.tiktok.com/@skyleranneolson/video/7555972915817237773
euro_trip,ttc:7586961138466980663,tt:7555972915817237773,automatic_lexical_match,https://www.tiktok.com/@skyleranneolson/video/7555972915817237773
euro_trip,ttc:7560552487452869407,tt:7555972915817237773,automatic_lexical_match,https://www.tiktok.com/@skyleranneolson/video/7555972915817237773
euro_trip,ttc:7569581542411469579,tt:7555972915817237773,automatic_lexical_match,https://www.tiktok.com/@skyleranneolson/video/7555972915817237773
euro_trip,ttc:7556655177467953951,tt:7555972915817237773,automatic_lexical_match,https://www.tiktok.com/@skyleranneolson/video/7555972915817237773
euro_trip,ttc:7601758854133809951,tt:7555972915817237773,automatic_lexical_match,https://www.tiktok.com/@skyleranneolson/video/7555972915817237773
euro_trip,ttc:7586133820655567636,tt:7555972915817237773,automatic_lexical_match,https://www.tiktok.com/@skyleranneolson/video/7555972915817237773
euro_trip,ttc:7557790772360856321,tt:7555972915817237773,automatic_lexical_match,https://www.tiktok.com/@skyleranneolson/video/7555972915817237773
euro_trip,ttc:7560050705483481864,tt:7555972915817237773,automatic_lexical_match,https://www.tiktok.com/@skyleranneolson/video/7555972915817237773
euro_trip,ttc:7559055139216392990,tt:7555972915817237773,automatic_lexical_match,https://www.tiktok.com/@skyleranneolson/video/7555972915817237773
euro_trip,ttc:7678123425177355039,tt:7677722775099936030,automatic_lexical_match,https://www.tiktok.com/@erinmillerartistry/video/7677722775099936030
euro_trip,ttc:7678346042513244941,tt:7677722775099936030,automatic_lexical_match,https://www.tiktok.com/@erinmillerartistry/video/7677722775099936030
euro_trip,ttc:7678386207626232607,tt:7677722775099936030,automatic_lexical_match,https://www.tiktok.com/@erinmillerartistry/video/7677722775099936030
euro_trip,ttc:7678062011750908685,tt:7677722775099936030,automatic_lexical_match,https://www.tiktok.com/@erinmillerartistry/video/7677722775099936030
euro_trip,ttc:7678169190276858655,tt:7677722775099936030,automatic_lexical_match,https://www.tiktok.com/@erinmillerartistry/video/7677722775099936030
euro_trip,ttc:7681940280480924447,tt:7677722775099936030,automatic_lexical_match,https://www.tiktok.com/@erinmillerartistry/video/7677722775099936030
euro_trip,ttc:7678102161696293663,tt:7677722775099936030,automatic_lexical_match,https://www.tiktok.com/@erinmillerartistry/video/7677722775099936030
euro_trip,ttc:7662643502001619719,tt:7652535489613909262,automatic_lexical_match,https://www.tiktok.com/@drews_view22/video/7652535489613909262
euro_trip,ttc:7673735763854852895,tt:7652535489613909262,automatic_lexical_match,https://www.tiktok.com/@drews_view22/video/7652535489613909262
euro_trip,ttc:7677821389291766558,tt:7677722775099936030,automatic_lexical_match,https://www.tiktok.com/@erinmillerartistry/video/7677722775099936030
euro_trip,ttc:7677999228995797774,tt:7677722775099936030,automatic_lexical_match,https://www.tiktok.com/@erinmillerartistry/video/7677722775099936030
euro_trip,ttc:7677873044384645918,tt:7677722775099936030,automatic_lexical_match,https://www.tiktok.com/@erinmillerartistry/video/7677722775099936030
euro_trip,ttc:7680337265558225685,tt:7677722775099936030,automatic_lexical_match,https://www.tiktok.com/@erinmillerartistry/video/7677722775099936030
euro_trip,ttc:7678056302467384078,tt:7677722775099936030,automatic_lexical_match,https://www.tiktok.com/@erinmillerartistry/video/7677722775099936030
euro_trip,ttc:7667301243056341792,tt:7666796165639277846,automatic_lexical_match,https://www.tiktok.com/@iamsaraouardi/video/7666796165639277846
euro_trip,ttc:7556516909359121182,tt:7555972915817237773,automatic_lexical_match,https://www.tiktok.com/@skyleranneolson/video/7555972915817237773
euro_trip,ttc:7566082582866166548,tt:7555972915817237773,automatic_lexical_match,https://www.tiktok.com/@skyleranneolson/video/7555972915817237773
euro_trip,ttc:7556247389653500686,tt:7555972915817237773,automatic_lexical_match,https://www.tiktok.com/@skyleranneolson/video/7555972915817237773
euro_trip,ttc:7557864264573846286,tt:7555972915817237773,automatic_lexical_match,https://www.tiktok.com/@skyleranneolson/video/7555972915817237773
euro_trip,ttc:7556038229225784095,tt:7555972915817237773,automatic_lexical_match,https://www.tiktok.com/@skyleranneolson/video/7555972915817237773
euro_trip,ttc:7558930599470170935,tt:7555972915817237773,automatic_lexical_match,https://www.tiktok.com/@skyleranneolson/video/7555972915817237773
euro_trip,ttc:7560769042145280785,tt:7555972915817237773,automatic_lexical_match,https://www.tiktok.com/@skyleranneolson/video/7555972915817237773
euro_trip,ttc:7574028698526008094,tt:7555972915817237773,automatic_lexical_match,https://www.tiktok.com/@skyleranneolson/video/7555972915817237773
euro_trip,ttc:7576140595337888543,tt:7555972915817237773,automatic_lexical_match,https://www.tiktok.com/@skyleranneolson/video/7555972915817237773
euro_trip,ttc:7677750334090052382,tt:7677722775099936030,automatic_lexical_match,https://www.tiktok.com/@erinmillerartistry/video/7677722775099936030
euro_trip,ttc:7677811728558916366,tt:7677722775099936030,automatic_lexical_match,https://www.tiktok.com/@erinmillerartistry/video/7677722775099936030
euro_trip,ttc:7678496265336931102,tt:7677722775099936030,automatic_lexical_match,https://www.tiktok.com/@erinmillerartistry/video/7677722775099936030
euro_trip,ttc:7678018754890990349,tt:7677722775099936030,automatic_lexical_match,https://www.tiktok.com/@erinmillerartistry/video/7677722775099936030
euro_trip,ttc:7678856883499762445,tt:7677722775099936030,automatic_lexical_match,https://www.tiktok.com/@erinmillerartistry/video/7677722775099936030
euro_trip,ttc:7683308115382567711,tt:7677722775099936030,automatic_lexical_match,https://www.tiktok.com/@erinmillerartistry/video/7677722775099936030
euro_trip,igc:18063655076336532,ig:DVq8AlADT9e,automatic_lexical_match,https://www.instagram.com/p/DVq8AlADT9e/
euro_trip,igc:18056113952461808,ig:DVq8AlADT9e,automatic_lexical_match,https://www.instagram.com/p/DVq8AlADT9e/
euro_trip,igc:17917349358127042,ig:DVq8AlADT9e,automatic_lexical_match,https://www.instagram.com/p/DVq8AlADT9e/
euro_trip,igc:18597577828002820,ig:DWWgQIbjqbW,automatic_lexical_match,https://www.instagram.com/p/DWWgQIbjqbW/
euro_trip,igc:17894518140493778,ig:DWWgQIbjqbW,automatic_lexical_match,https://www.instagram.com/p/DWWgQIbjqbW/
euro_trip,igc:18114020674867952,ig:DWWgQIbjqbW,automatic_lexical_match,https://www.instagram.com/p/DWWgQIbjqbW/
euro_trip,igc:17905196367406472,ig:DWWgQIbjqbW,automatic_lexical_match,https://www.instagram.com/p/DWWgQIbjqbW/
euro_trip,igc:18100012460068242,ig:DWWgQIbjqbW,automatic_lexical_match,https://www.instagram.com/p/DWWgQIbjqbW/
euro_trip,igc:17943157017160194,ig:DWWgQIbjqbW,automatic_lexical_match,https://www.instagram.com/p/DWWgQIbjqbW/
euro_trip,igc:17895129180430582,ig:DWWgQIbjqbW,automatic_lexical_match,https://www.instagram.com/p/DWWgQIbjqbW/
euro_trip,igc:18108668596855765,ig:DWWgQIbjqbW,automatic_lexical_match,https://www.instagram.com/p/DWWgQIbjqbW/
euro_trip,igc:17855667981634893,ig:DWWgQIbjqbW,automatic_lexical_match,https://www.instagram.com/p/DWWgQIbjqbW/
euro_trip,igc:18099618223965261,ig:DWWgQIbjqbW,automatic_lexical_match,https://www.instagram.com/p/DWWgQIbjqbW/
euro_trip,igc:18085135997610536,ig:DWWgQIbjqbW,automatic_lexical_match,https://www.instagram.com/p/DWWgQIbjqbW/
euro_trip,igc:17998113785929148,ig:DWWgQIbjqbW,automatic_lexical_match,https://www.instagram.com/p/DWWgQIbjqbW/
euro_trip,igc:17966942643046395,ig:DWWgQIbjqbW,automatic_lexical_match,https://www.instagram.com/p/DWWgQIbjqbW/
euro_trip,igc:18100593358782196,ig:DWWgQIbjqbW,automatic_lexical_match,https://www.instagram.com/p/DWWgQIbjqbW/
euro_trip,igc:18018316871827189,ig:DWWgQIbjqbW,automatic_lexical_match,https://www.instagram.com/p/DWWgQIbjqbW/
euro_trip,igc:18071066849534374,ig:DWL_6qZDHSS,automatic_lexical_match,https://www.instagram.com/p/DWL_6qZDHSS/
euro_trip,igc:18121527298906873,ig:DWL_6qZDHSS,automatic_lexical_match,https://www.instagram.com/p/DWL_6qZDHSS/
euro_trip,igc:18195974755382719,ig:DWL_6qZDHSS,automatic_lexical_match,https://www.instagram.com/p/DWL_6qZDHSS/
euro_trip,igc:18006216542988071,ig:DWL_6qZDHSS,automatic_lexical_match,https://www.instagram.com/p/DWL_6qZDHSS/
euro_trip,igc:18046572182819398,ig:DWL_6qZDHSS,automatic_lexical_match,https://www.instagram.com/p/DWL_6qZDHSS/
euro_trip,igc:17996604707810603,ig:DWL_6qZDHSS,automatic_lexical_match,https://www.instagram.com/p/DWL_6qZDHSS/
euro_trip,igc:17887685631674558,ig:DWL_6qZDHSS,automatic_lexical_match,https://www.instagram.com/p/DWL_6qZDHSS/
euro_trip,igc:18224602075336161,ig:DWL_6qZDHSS,automatic_lexical_match,https://www.instagram.com/p/DWL_6qZDHSS/
euro_trip,igc:18454945300138104,ig:DWL_6qZDHSS,automatic_lexical_match,https://www.instagram.com/p/DWL_6qZDHSS/
euro_trip,igc:18441511111192271,ig:DWL_6qZDHSS,automatic_lexical_match,https://www.instagram.com/p/DWL_6qZDHSS/
euro_trip,igc:18461992048114964,ig:DWL_6qZDHSS,automatic_lexical_match,https://www.instagram.com/p/DWL_6qZDHSS/
euro_trip,igc:17906254431462791,ig:DWL_6qZDHSS,automatic_lexical_match,https://www.instagram.com/p/DWL_6qZDHSS/
euro_trip,igc:18060132368773899,ig:DWL_6qZDHSS,automatic_lexical_match,https://www.instagram.com/p/DWL_6qZDHSS/
euro_trip,igc:17915902908410910,ig:DWL_6qZDHSS,automatic_lexical_match,https://www.instagram.com/p/DWL_6qZDHSS/
euro_trip,igc:18361264054244391,ig:DWMKYy0juHC,automatic_lexical_match,https://www.instagram.com/p/DWMKYy0juHC/
euro_trip,igc:18049952759554392,ig:DWMKYy0juHC,automatic_lexical_match,https://www.instagram.com/p/DWMKYy0juHC/
euro_trip,igc:18099304322279417,ig:DWMKYy0juHC,automatic_lexical_match,https://www.instagram.com/p/DWMKYy0juHC/
euro_trip,igc:18461733835106631,ig:DWMKYy0juHC,automatic_lexical_match,https://www.instagram.com/p/DWMKYy0juHC/
euro_trip,igc:17980184555990286,ig:DWMKYy0juHC,automatic_lexical_match,https://www.instagram.com/p/DWMKYy0juHC/
euro_trip,igc:18076272911319437,ig:DWMKYy0juHC,automatic_lexical_match,https://www.instagram.com/p/DWMKYy0juHC/
euro_trip,igc:18097176119277109,ig:DWMKYy0juHC,automatic_lexical_match,https://www.instagram.com/p/DWMKYy0juHC/
euro_trip,igc:17974068869985372,ig:DWMKYy0juHC,automatic_lexical_match,https://www.instagram.com/p/DWMKYy0juHC/
euro_trip,igc:17936004783213874,ig:DWMKYy0juHC,automatic_lexical_match,https://www.instagram.com/p/DWMKYy0juHC/
euro_trip,igc:18132329926555356,ig:DWMKYy0juHC,automatic_lexical_match,https://www.instagram.com/p/DWMKYy0juHC/
euro_trip,igc:18050112590546030,ig:DWMKYy0juHC,automatic_lexical_match,https://www.instagram.com/p/DWMKYy0juHC/
euro_trip,igc:17993271818774257,ig:DWMKYy0juHC,automatic_lexical_match,https://www.instagram.com/p/DWMKYy0juHC/
euro_trip,igc:18126403993513775,ig:DWMKYy0juHC,automatic_lexical_match,https://www.instagram.com/p/DWMKYy0juHC/
euro_trip,igc:18109598002873460,ig:DWMKYy0juHC,automatic_lexical_match,https://www.instagram.com/p/DWMKYy0juHC/
euro_trip,igc:18387091423080709,ig:DWMKYy0juHC,automatic_lexical_match,https://www.instagram.com/p/DWMKYy0juHC/
euro_trip,igc:17883082695517687,ig:DVj3D_9AWFG,automatic_lexical_match,https://www.instagram.com/p/DVj3D_9AWFG/
euro_trip,igc:18586600933060769,ig:DWeGDdcBwnB,automatic_lexical_match,https://www.instagram.com/p/DWeGDdcBwnB/
euro_trip,igc:17886125487520996,ig:DWeGDdcBwnB,automatic_lexical_match,https://www.instagram.com/p/DWeGDdcBwnB/
euro_trip,igc:18325677301264449,ig:DWeGDdcBwnB,automatic_lexical_match,https://www.instagram.com/p/DWeGDdcBwnB/
euro_trip,igc:18003228959874370,ig:DWeGDdcBwnB,automatic_lexical_match,https://www.instagram.com/p/DWeGDdcBwnB/
euro_trip,igc:18087763997013618,ig:DWeGDdcBwnB,automatic_lexical_match,https://www.instagram.com/p/DWeGDdcBwnB/
euro_trip,igc:17886980811477793,ig:DWeGDdcBwnB,automatic_lexical_match,https://www.instagram.com/p/DWeGDdcBwnB/
euro_trip,igc:17909798508205205,ig:DWeGDdcBwnB,automatic_lexical_match,https://www.instagram.com/p/DWeGDdcBwnB/
euro_trip,igc:17932614069250597,ig:DWeGDdcBwnB,automatic_lexical_match,https://www.instagram.com/p/DWeGDdcBwnB/
euro_trip,igc:18444659731119612,ig:DWeGDdcBwnB,automatic_lexical_match,https://www.instagram.com/p/DWeGDdcBwnB/
euro_trip,igc:17917986486346429,ig:DWeGDdcBwnB,automatic_lexical_match,https://www.instagram.com/p/DWeGDdcBwnB/
euro_trip,igc:18100689460768916,ig:DWeGDdcBwnB,automatic_lexical_match,https://www.instagram.com/p/DWeGDdcBwnB/
euro_trip,igc:18085551506598867,ig:DWeGDdcBwnB,automatic_lexical_match,https://www.instagram.com/p/DWeGDdcBwnB/
euro_trip,igc:18088606187007907,ig:DWeGDdcBwnB,automatic_lexical_match,https://www.instagram.com/p/DWeGDdcBwnB/
euro_trip,igc:18102100466487466,ig:DWeGDdcBwnB,automatic_lexical_match,https://www.instagram.com/p/DWeGDdcBwnB/
euro_trip,igc:18404245885093086,ig:DcybQ_uOUm3,automatic_lexical_match,https://www.instagram.com/p/DcybQ_uOUm3/
euro_trip,igc:18008046101963845,ig:DdHRsZ5ubNp,automatic_lexical_match,https://www.instagram.com/p/DdHRsZ5ubNp/
euro_trip,igc:17893165242420852,ig:DdCODJro71q,automatic_lexical_match,https://www.instagram.com/p/DdCODJro71q/
euro_trip,igc:18154354975451991,ig:DdCODJro71q,automatic_lexical_match,https://www.instagram.com/p/DdCODJro71q/
euro_trip,igc:18053993291573919,ig:DdCODJro71q,automatic_lexical_match,https://www.instagram.com/p/DdCODJro71q/
euro_trip,igc:17973037688934364,ig:DdCODJro71q,automatic_lexical_match,https://www.instagram.com/p/DdCODJro71q/
euro_trip,igc:17967278900960322,ig:Dc9D-ENFH5Q,automatic_lexical_match,https://www.instagram.com/p/Dc9D-ENFH5Q/
euro_trip,igc:18091862414640162,ig:DcbPPiQqe_s,automatic_lexical_match,https://www.instagram.com/p/DcbPPiQqe_s/
euro_trip,igc:18096429065388356,ig:DcBrvajsyxo,automatic_lexical_match,https://www.instagram.com/p/DcBrvajsyxo/
euro_trip,igc:18026519069900289,ig:DdGrhZgOSUH,automatic_lexical_match,https://www.instagram.com/p/DdGrhZgOSUH/
euro_trip,igc:17904416793491748,ig:DckENC2OJY0,automatic_lexical_match,https://www.instagram.com/p/DckENC2OJY0/
euro_trip,igc:18103343771248525,ig:DdHfBIVOeaq,automatic_lexical_match,https://www.instagram.com/p/DdHfBIVOeaq/
euro_trip,igc:17905408338326962,ig:DdHfBIVOeaq,automatic_lexical_match,https://www.instagram.com/p/DdHfBIVOeaq/
euro_trip,igc:18090655862427647,ig:DdHfBIVOeaq,automatic_lexical_match,https://www.instagram.com/p/DdHfBIVOeaq/
euro_trip,igc:18133799263634962,ig:DdHfBIVOeaq,automatic_lexical_match,https://www.instagram.com/p/DdHfBIVOeaq/
euro_trip,igc:18121953575511024,ig:DdHfBIVOeaq,automatic_lexical_match,https://www.instagram.com/p/DdHfBIVOeaq/
euro_trip,igc:18441939397126826,ig:DdHfBIVOeaq,automatic_lexical_match,https://www.instagram.com/p/DdHfBIVOeaq/
euro_trip,igc:18146974024551618,ig:DdHfBIVOeaq,automatic_lexical_match,https://www.instagram.com/p/DdHfBIVOeaq/
euro_trip,igc:18130219165673524,ig:DdHfBIVOeaq,automatic_lexical_match,https://www.instagram.com/p/DdHfBIVOeaq/
euro_trip,igc:18106200590015820,ig:DbH2zB9wrsh,automatic_lexical_match,https://www.instagram.com/p/DbH2zB9wrsh/
euro_trip,igc:17908104975533330,ig:DdHe6houaqJ,automatic_lexical_match,https://www.instagram.com/p/DdHe6houaqJ/
euro_trip,igc:18103817392970961,ig:DdHe6houaqJ,automatic_lexical_match,https://www.instagram.com/p/DdHe6houaqJ/
euro_trip,igc:17912672439462019,ig:DdHe6houaqJ,automatic_lexical_match,https://www.instagram.com/p/DdHe6houaqJ/
euro_trip,igc:18338126899251363,ig:DcOtHPUuA9a,automatic_lexical_match,https://www.instagram.com/p/DcOtHPUuA9a/
euro_trip,igc:18406142005088989,ig:DcMRIZquFvf,automatic_lexical_match,https://www.instagram.com/p/DcMRIZquFvf/
euro_trip,igc:18103532729228848,ig:DcWKfE4uRaB,automatic_lexical_match,https://www.instagram.com/p/DcWKfE4uRaB/
euro_trip,igc:17962315632195497,ig:DctmVKyBzzd,automatic_lexical_match,https://www.instagram.com/p/DctmVKyBzzd/
euro_trip,igc:18093426794639218,ig:DctmVKyBzzd,automatic_lexical_match,https://www.instagram.com/p/DctmVKyBzzd/
euro_trip,igc:17904793263517643,ig:DctmVKyBzzd,automatic_lexical_match,https://www.instagram.com/p/DctmVKyBzzd/
euro_trip,igc:18376695976236376,ig:DctmVKyBzzd,automatic_lexical_match,https://www.instagram.com/p/DctmVKyBzzd/
euro_trip,igc:17987613426055186,ig:DctmVKyBzzd,automatic_lexical_match,https://www.instagram.com/p/DctmVKyBzzd/
euro_trip,igc:18145554469547109,ig:DctmVKyBzzd,automatic_lexical_match,https://www.instagram.com/p/DctmVKyBzzd/
euro_trip,igc:18074420333413104,ig:DctmVKyBzzd,automatic_lexical_match,https://www.instagram.com/p/DctmVKyBzzd/
euro_trip,igc:17986735500059836,ig:DctmVKyBzzd,automatic_lexical_match,https://www.instagram.com/p/DctmVKyBzzd/
euro_trip,igc:17904565719515036,ig:DctmVKyBzzd,automatic_lexical_match,https://www.instagram.com/p/DctmVKyBzzd/
euro_trip,igc:18123887761634600,ig:DctmVKyBzzd,automatic_lexical_match,https://www.instagram.com/p/DctmVKyBzzd/
outfit_upgrade,igc:18087058910449249,ig:DadwnM1hmXa,analyst_inspected_anchor,https://www.instagram.com/p/DadwnM1hmXa/c/18087058910449249
outfit_upgrade,igc:17962062761880693,ig:DHqsRoAsQeN,analyst_inspected_anchor,https://www.instagram.com/p/DHqsRoAsQeN/c/17962062761880693
outfit_upgrade,igc:18066253277468059,ig:DakxW-YMug9,analyst_inspected_anchor,https://www.instagram.com/p/DakxW-YMug9/c/18066253277468059
outfit_upgrade,igc:18190333471403034,ig:DcwbazQg351,automatic_lexical_match,https://www.instagram.com/p/DcwbazQg351/c/18190333471403034
outfit_upgrade,igc:18325851883276087,ig:DaLPP4XsxGe,automatic_lexical_match,https://www.instagram.com/p/DaLPP4XsxGe/c/18325851883276087
outfit_upgrade,igc:18223608436324383,ig:DaLPP4XsxGe,automatic_lexical_match,https://www.instagram.com/p/DaLPP4XsxGe/c/18223608436324383
outfit_upgrade,igc:17983218933113020,ig:Dax4VNvKxnZ,automatic_lexical_match,https://www.instagram.com/p/Dax4VNvKxnZ/c/17983218933113020
outfit_upgrade,igc:17973912504109280,ig:Dags8BvRQ4z,automatic_lexical_match,https://www.instagram.com/p/Dags8BvRQ4z/c/17973912504109280
outfit_upgrade,igc:18097857731095490,ig:Dags8BvRQ4z,automatic_lexical_match,https://www.instagram.com/p/Dags8BvRQ4z/c/18097857731095490
outfit_upgrade,igc:18094528190455393,ig:Dags8BvRQ4z,automatic_lexical_match,https://www.instagram.com/p/Dags8BvRQ4z/c/18094528190455393
outfit_upgrade,igc:17913746457240179,ig:Dags8BvRQ4z,automatic_lexical_match,https://www.instagram.com/p/Dags8BvRQ4z/c/17913746457240179
outfit_upgrade,igc:18060629282767632,ig:Dags8BvRQ4z,automatic_lexical_match,https://www.instagram.com/p/Dags8BvRQ4z/c/18060629282767632
outfit_upgrade,igc:18122176321697053,ig:Dags8BvRQ4z,automatic_lexical_match,https://www.instagram.com/p/Dags8BvRQ4z/c/18122176321697053
outfit_upgrade,igc:18145905298529920,ig:Dags8BvRQ4z,automatic_lexical_match,https://www.instagram.com/p/Dags8BvRQ4z/c/18145905298529920
outfit_upgrade,igc:18021417902899480,ig:Dags8BvRQ4z,automatic_lexical_match,https://www.instagram.com/p/Dags8BvRQ4z/c/18021417902899480
outfit_upgrade,igc:18096861107458549,ig:Dags8BvRQ4z,automatic_lexical_match,https://www.instagram.com/p/Dags8BvRQ4z/c/18096861107458549
outfit_upgrade,igc:18093049226565742,ig:Dags8BvRQ4z,automatic_lexical_match,https://www.instagram.com/p/Dags8BvRQ4z/c/18093049226565742
outfit_upgrade,igc:17891341443396749,ig:Dags8BvRQ4z,automatic_lexical_match,https://www.instagram.com/p/Dags8BvRQ4z/c/17891341443396749
outfit_upgrade,igc:17939142048298626,ig:Dags8BvRQ4z,automatic_lexical_match,https://www.instagram.com/p/Dags8BvRQ4z/c/17939142048298626
outfit_upgrade,igc:18118637236662389,ig:Dags8BvRQ4z,automatic_lexical_match,https://www.instagram.com/p/Dags8BvRQ4z/c/18118637236662389
outfit_upgrade,igc:18105581174618419,ig:DbEHV44MYoJ,automatic_lexical_match,https://www.instagram.com/p/DbEHV44MYoJ/c/18105581174618419
outfit_upgrade,igc:17975136626918909,ig:DYc_80vh7Yd,automatic_lexical_match,https://www.instagram.com/p/DYc_80vh7Yd/c/17975136626918909
outfit_upgrade,igc:18013957472712119,ig:DaT5VIfs6Sq,automatic_lexical_match,https://www.instagram.com/p/DaT5VIfs6Sq/c/18013957472712119
outfit_upgrade,igc:18140819698607050,ig:DY0AIjaDDbi,automatic_lexical_match,https://www.instagram.com/p/DY0AIjaDDbi/c/18140819698607050
outfit_upgrade,igc:18133033966629264,ig:Dax4VNvKxnZ,automatic_lexical_match,https://www.instagram.com/p/Dax4VNvKxnZ/c/18133033966629264
outfit_upgrade,igc:17969814486154349,ig:DcljDRyKTWR,automatic_lexical_match,https://www.instagram.com/p/DcljDRyKTWR/c/17969814486154349
outfit_upgrade,igc:18112339493048909,ig:DcljDRyKTWR,automatic_lexical_match,https://www.instagram.com/p/DcljDRyKTWR/c/18112339493048909
outfit_upgrade,igc:18087058910449249,ig:DadwnM1hmXa,automatic_lexical_match,https://www.instagram.com/p/DadwnM1hmXa/c/18087058910449249
outfit_upgrade,igc:17901053895466617,ig:DadwnM1hmXa,automatic_lexical_match,https://www.instagram.com/p/DadwnM1hmXa/c/17901053895466617
outfit_upgrade,igc:18120831529793735,ig:DadwnM1hmXa,automatic_lexical_match,https://www.instagram.com/p/DadwnM1hmXa/c/18120831529793735
outfit_upgrade,igc:18088724147106457,ig:DDXIojFNwC4,automatic_lexical_match,https://www.instagram.com/p/DDXIojFNwC4/c/18088724147106457
outfit_upgrade,igc:18108091510794173,ig:DDXIojFNwC4,automatic_lexical_match,https://www.instagram.com/p/DDXIojFNwC4/c/18108091510794173
outfit_upgrade,igc:18109293670996409,ig:Dax_hKCgyw-,automatic_lexical_match,https://www.instagram.com/p/Dax_hKCgyw-/c/18109293670996409
outfit_upgrade,igc:18075794492397225,ig:Da7-1Qcgcb3,automatic_lexical_match,https://www.instagram.com/p/Da7-1Qcgcb3/c/18075794492397225
outfit_upgrade,igc:18136198747619168,ig:Da7-1Qcgcb3,automatic_lexical_match,https://www.instagram.com/p/Da7-1Qcgcb3/c/18136198747619168
outfit_upgrade,igc:18120905044898187,ig:Da7-1Qcgcb3,automatic_lexical_match,https://www.instagram.com/p/Da7-1Qcgcb3/c/18120905044898187
outfit_upgrade,igc:17926880676376683,ig:DbEHV44MYoJ,automatic_lexical_match,https://www.instagram.com/p/DbEHV44MYoJ/c/17926880676376683
outfit_upgrade,igc:18186120238377178,ig:DaLPP4XsxGe,automatic_lexical_match,https://www.instagram.com/p/DaLPP4XsxGe/c/18186120238377178
outfit_upgrade,igc:18344241736172620,ig:DaLPP4XsxGe,automatic_lexical_match,https://www.instagram.com/p/DaLPP4XsxGe/c/18344241736172620
outfit_upgrade,igc:17935199256288782,ig:DaLPP4XsxGe,automatic_lexical_match,https://www.instagram.com/p/DaLPP4XsxGe/c/17935199256288782
outfit_upgrade,igc:18105318179115339,ig:Dags8BvRQ4z,automatic_lexical_match,https://www.instagram.com/p/Dags8BvRQ4z/c/18105318179115339
outfit_upgrade,igc:17991063458971240,ig:Dags8BvRQ4z,automatic_lexical_match,https://www.instagram.com/p/Dags8BvRQ4z/c/17991063458971240
outfit_upgrade,igc:17900254644508014,ig:Dags8BvRQ4z,automatic_lexical_match,https://www.instagram.com/p/Dags8BvRQ4z/c/17900254644508014
outfit_upgrade,igc:18228904078317202,ig:Dags8BvRQ4z,automatic_lexical_match,https://www.instagram.com/p/Dags8BvRQ4z/c/18228904078317202
outfit_upgrade,igc:18101583782224110,ig:Dags8BvRQ4z,automatic_lexical_match,https://www.instagram.com/p/Dags8BvRQ4z/c/18101583782224110
outfit_upgrade,igc:18083069318220744,ig:Dags8BvRQ4z,automatic_lexical_match,https://www.instagram.com/p/Dags8BvRQ4z/c/18083069318220744
outfit_upgrade,igc:18109973830888527,ig:Dags8BvRQ4z,automatic_lexical_match,https://www.instagram.com/p/Dags8BvRQ4z/c/18109973830888527
outfit_upgrade,igc:18125644045589174,ig:Dags8BvRQ4z,automatic_lexical_match,https://www.instagram.com/p/Dags8BvRQ4z/c/18125644045589174
outfit_upgrade,igc:18090979520419305,ig:Dags8BvRQ4z,automatic_lexical_match,https://www.instagram.com/p/Dags8BvRQ4z/c/18090979520419305
outfit_upgrade,igc:18073235066352681,ig:Dags8BvRQ4z,automatic_lexical_match,https://www.instagram.com/p/Dags8BvRQ4z/c/18073235066352681
outfit_upgrade,igc:18099120104148147,ig:Dags8BvRQ4z,automatic_lexical_match,https://www.instagram.com/p/Dags8BvRQ4z/c/18099120104148147
outfit_upgrade,igc:18208716922358411,ig:Dags8BvRQ4z,automatic_lexical_match,https://www.instagram.com/p/Dags8BvRQ4z/c/18208716922358411
outfit_upgrade,igc:17945264736257219,ig:Dags8BvRQ4z,automatic_lexical_match,https://www.instagram.com/p/Dags8BvRQ4z/c/17945264736257219
outfit_upgrade,igc:18278701843294957,ig:Dags8BvRQ4z,automatic_lexical_match,https://www.instagram.com/p/Dags8BvRQ4z/c/18278701843294957
outfit_upgrade,igc:18123618706782395,ig:Dags8BvRQ4z,automatic_lexical_match,https://www.instagram.com/p/Dags8BvRQ4z/c/18123618706782395
outfit_upgrade,igc:18009364880746712,ig:DbIhkWAMEWB,automatic_lexical_match,https://www.instagram.com/p/DbIhkWAMEWB/c/18009364880746712
outfit_upgrade,igc:17899160673376825,ig:Da8Z4g3MwcJ,automatic_lexical_match,https://www.instagram.com/p/Da8Z4g3MwcJ/c/17899160673376825
outfit_upgrade,igc:17877178101545308,ig:DbyVQc0RBJC,automatic_lexical_match,https://www.instagram.com/p/DbyVQc0RBJC/c/17877178101545308
outfit_upgrade,igc:18326180227264025,ig:DYXpZTYMt0W,automatic_lexical_match,https://www.instagram.com/p/DYXpZTYMt0W/c/18326180227264025
outfit_upgrade,igc:18111731506851376,ig:DWWdXh7Ebjz,automatic_lexical_match,https://www.instagram.com/p/DWWdXh7Ebjz/c/18111731506851376
outfit_upgrade,igc:17940224330949156,ig:DPHU8A_D5Xt,automatic_lexical_match,https://www.instagram.com/p/DPHU8A_D5Xt/c/17940224330949156
outfit_upgrade,igc:18073895564330183,ig:DZf-NuYgpG-,automatic_lexical_match,https://www.instagram.com/p/DZf-NuYgpG-/c/18073895564330183
outfit_upgrade,igc:18109028984292824,ig:DairXpbJ81Z,automatic_lexical_match,https://www.instagram.com/p/DairXpbJ81Z/c/18109028984292824
outfit_upgrade,igc:18093023951176327,ig:DcljDRyKTWR,automatic_lexical_match,https://www.instagram.com/p/DcljDRyKTWR/c/18093023951176327
outfit_upgrade,igc:18099797936374926,ig:DcRsKHHBW45,automatic_lexical_match,https://www.instagram.com/p/DcRsKHHBW45/c/18099797936374926
outfit_upgrade,igc:18018897245920473,ig:Da8Z4g3MwcJ,automatic_lexical_match,https://www.instagram.com/p/Da8Z4g3MwcJ/c/18018897245920473
outfit_upgrade,igc:18106272209586105,ig:Da8Z4g3MwcJ,automatic_lexical_match,https://www.instagram.com/p/Da8Z4g3MwcJ/c/18106272209586105
outfit_upgrade,igc:18114860227968639,ig:Da8Z4g3MwcJ,automatic_lexical_match,https://www.instagram.com/p/Da8Z4g3MwcJ/c/18114860227968639
outfit_upgrade,igc:18428393689122324,ig:DYXpZTYMt0W,automatic_lexical_match,https://www.instagram.com/p/DYXpZTYMt0W/c/18428393689122324
outfit_upgrade,igc:17986251543005509,ig:DYXpZTYMt0W,automatic_lexical_match,https://www.instagram.com/p/DYXpZTYMt0W/c/17986251543005509
outfit_upgrade,igc:17938158663071947,ig:DaLPP4XsxGe,automatic_lexical_match,https://www.instagram.com/p/DaLPP4XsxGe/c/17938158663071947
outfit_upgrade,igc:18089096309644845,ig:DaLPP4XsxGe,automatic_lexical_match,https://www.instagram.com/p/DaLPP4XsxGe/c/18089096309644845
outfit_upgrade,igc:18078850730446721,ig:DaLPP4XsxGe,automatic_lexical_match,https://www.instagram.com/p/DaLPP4XsxGe/c/18078850730446721
outfit_upgrade,igc:18126293260731279,ig:DaLPP4XsxGe,automatic_lexical_match,https://www.instagram.com/p/DaLPP4XsxGe/c/18126293260731279
outfit_upgrade,igc:18092728262436960,ig:Dags8BvRQ4z,automatic_lexical_match,https://www.instagram.com/p/Dags8BvRQ4z/c/18092728262436960
outfit_upgrade,igc:18402694423080056,ig:Dags8BvRQ4z,automatic_lexical_match,https://www.instagram.com/p/Dags8BvRQ4z/c/18402694423080056
outfit_upgrade,igc:18108938257977219,ig:Dags8BvRQ4z,automatic_lexical_match,https://www.instagram.com/p/Dags8BvRQ4z/c/18108938257977219
outfit_upgrade,igc:18104569952142545,ig:Dags8BvRQ4z,automatic_lexical_match,https://www.instagram.com/p/Dags8BvRQ4z/c/18104569952142545
outfit_upgrade,igc:18100550929916978,ig:Dags8BvRQ4z,automatic_lexical_match,https://www.instagram.com/p/Dags8BvRQ4z/c/18100550929916978
outfit_upgrade,igc:18016911194879993,ig:Dags8BvRQ4z,automatic_lexical_match,https://www.instagram.com/p/Dags8BvRQ4z/c/18016911194879993
outfit_upgrade,igc:18102563426325032,ig:Dags8BvRQ4z,automatic_lexical_match,https://www.instagram.com/p/Dags8BvRQ4z/c/18102563426325032
outfit_upgrade,igc:18334463785251625,ig:Dags8BvRQ4z,automatic_lexical_match,https://www.instagram.com/p/Dags8BvRQ4z/c/18334463785251625
outfit_upgrade,igc:17964530646132447,ig:Dags8BvRQ4z,automatic_lexical_match,https://www.instagram.com/p/Dags8BvRQ4z/c/17964530646132447
outfit_upgrade,igc:18600600136047897,ig:Dags8BvRQ4z,automatic_lexical_match,https://www.instagram.com/p/Dags8BvRQ4z/c/18600600136047897
outfit_upgrade,igc:18011128991738866,ig:Dags8BvRQ4z,automatic_lexical_match,https://www.instagram.com/p/Dags8BvRQ4z/c/18011128991738866
outfit_upgrade,igc:18012888050870014,ig:Dags8BvRQ4z,automatic_lexical_match,https://www.instagram.com/p/Dags8BvRQ4z/c/18012888050870014
outfit_upgrade,igc:18162752977412407,ig:Dax4VNvKxnZ,automatic_lexical_match,https://www.instagram.com/p/Dax4VNvKxnZ/c/18162752977412407
outfit_upgrade,igc:17972162003904251,ig:DYaSFa9tmVC,automatic_lexical_match,https://www.instagram.com/p/DYaSFa9tmVC/c/17972162003904251
outfit_upgrade,igc:17876445540560803,ig:DWWdXh7Ebjz,automatic_lexical_match,https://www.instagram.com/p/DWWdXh7Ebjz/c/17876445540560803
outfit_upgrade,igc:18147754666504590,ig:DaLPP4XsxGe,automatic_lexical_match,https://www.instagram.com/p/DaLPP4XsxGe/c/18147754666504590
outfit_upgrade,igc:18129718390549513,ig:DaLPP4XsxGe,automatic_lexical_match,https://www.instagram.com/p/DaLPP4XsxGe/c/18129718390549513
outfit_upgrade,igc:18094729946211297,ig:DaLPP4XsxGe,automatic_lexical_match,https://www.instagram.com/p/DaLPP4XsxGe/c/18094729946211297
outfit_upgrade,igc:17909332050264389,ig:DYitde2xgiC,automatic_lexical_match,https://www.instagram.com/p/DYitde2xgiC/c/17909332050264389
outfit_upgrade,igc:18089323178553655,ig:Dax4VNvKxnZ,automatic_lexical_match,https://www.instagram.com/p/Dax4VNvKxnZ/c/18089323178553655
outfit_upgrade,igc:17926231896404550,ig:Dbdnok1ttWG,automatic_lexical_match,https://www.instagram.com/p/Dbdnok1ttWG/c/17926231896404550
outfit_upgrade,igc:18150983908498985,ig:DafssF9IRyI,automatic_lexical_match,https://www.instagram.com/p/DafssF9IRyI/c/18150983908498985
outfit_upgrade,igc:18093310541367638,ig:DYU6BvfAVmQ,automatic_lexical_match,https://www.instagram.com/p/DYU6BvfAVmQ/c/18093310541367638
outfit_upgrade,igc:18103909838220376,ig:DcRsKHHBW45,automatic_lexical_match,https://www.instagram.com/p/DcRsKHHBW45/c/18103909838220376
outfit_upgrade,igc:18394258654205625,ig:DcRsKHHBW45,automatic_lexical_match,https://www.instagram.com/p/DcRsKHHBW45/c/18394258654205625
outfit_upgrade,igc:18172891216447905,ig:Da8Z4g3MwcJ,automatic_lexical_match,https://www.instagram.com/p/Da8Z4g3MwcJ/c/18172891216447905
outfit_upgrade,igc:18136315231626125,ig:Da8Z4g3MwcJ,automatic_lexical_match,https://www.instagram.com/p/Da8Z4g3MwcJ/c/18136315231626125
outfit_upgrade,igc:17881903854663404,ig:DZf-NuYgpG-,automatic_lexical_match,https://www.instagram.com/p/DZf-NuYgpG-/c/17881903854663404
outfit_upgrade,igc:18203383138362583,ig:Dags8BvRQ4z,automatic_lexical_match,https://www.instagram.com/p/Dags8BvRQ4z/c/18203383138362583
outfit_upgrade,igc:18010886558923092,ig:Dags8BvRQ4z,automatic_lexical_match,https://www.instagram.com/p/Dags8BvRQ4z/c/18010886558923092
outfit_upgrade,igc:18043351961796926,ig:Dags8BvRQ4z,automatic_lexical_match,https://www.instagram.com/p/Dags8BvRQ4z/c/18043351961796926
outfit_upgrade,igc:18109500967972996,ig:Dags8BvRQ4z,automatic_lexical_match,https://www.instagram.com/p/Dags8BvRQ4z/c/18109500967972996
outfit_upgrade,igc:18119054980742626,ig:Dags8BvRQ4z,automatic_lexical_match,https://www.instagram.com/p/Dags8BvRQ4z/c/18119054980742626
outfit_upgrade,igc:18100652315585537,ig:Dags8BvRQ4z,automatic_lexical_match,https://www.instagram.com/p/Dags8BvRQ4z/c/18100652315585537
outfit_upgrade,igc:17902799760306961,ig:Dags8BvRQ4z,automatic_lexical_match,https://www.instagram.com/p/Dags8BvRQ4z/c/17902799760306961
outfit_upgrade,igc:18060227264752441,ig:Dags8BvRQ4z,automatic_lexical_match,https://www.instagram.com/p/Dags8BvRQ4z/c/18060227264752441
outfit_upgrade,igc:18084741341634956,ig:Dags8BvRQ4z,automatic_lexical_match,https://www.instagram.com/p/Dags8BvRQ4z/c/18084741341634956
outfit_upgrade,igc:18089422850323888,ig:Dags8BvRQ4z,automatic_lexical_match,https://www.instagram.com/p/Dags8BvRQ4z/c/18089422850323888
outfit_upgrade,igc:18020689568904981,ig:Dags8BvRQ4z,automatic_lexical_match,https://www.instagram.com/p/Dags8BvRQ4z/c/18020689568904981
outfit_upgrade,igc:18359511244213044,ig:Dags8BvRQ4z,automatic_lexical_match,https://www.instagram.com/p/Dags8BvRQ4z/c/18359511244213044
outfit_upgrade,igc:18108776636052146,ig:Dags8BvRQ4z,automatic_lexical_match,https://www.instagram.com/p/Dags8BvRQ4z/c/18108776636052146
outfit_upgrade,igc:18091343153077784,ig:DXrxcfHjkmV,automatic_lexical_match,https://www.instagram.com/p/DXrxcfHjkmV/c/18091343153077784
outfit_upgrade,igc:18050952095744126,ig:DYXpZTYMt0W,automatic_lexical_match,https://www.instagram.com/p/DYXpZTYMt0W/c/18050952095744126
outfit_upgrade,igc:17983974258060429,ig:DbZVk6fg-RU,automatic_lexical_match,https://www.instagram.com/p/DbZVk6fg-RU/c/17983974258060429
outfit_upgrade,igc:17987857065021051,ig:DbZVk6fg-RU,automatic_lexical_match,https://www.instagram.com/p/DbZVk6fg-RU/c/17987857065021051
outfit_upgrade,igc:18117935296793754,ig:DYitde2xgiC,automatic_lexical_match,https://www.instagram.com/p/DYitde2xgiC/c/18117935296793754
outfit_upgrade,igc:18124243945662546,ig:DaLPP4XsxGe,automatic_lexical_match,https://www.instagram.com/p/DaLPP4XsxGe/c/18124243945662546
outfit_upgrade,igc:17982495885035062,ig:DaLPP4XsxGe,automatic_lexical_match,https://www.instagram.com/p/DaLPP4XsxGe/c/17982495885035062
outfit_upgrade,igc:18082108490299884,ig:Dax4VNvKxnZ,automatic_lexical_match,https://www.instagram.com/p/Dax4VNvKxnZ/c/18082108490299884
outfit_upgrade,igc:17978885547004369,ig:Dc85VrJxehB,automatic_lexical_match,https://www.instagram.com/p/Dc85VrJxehB/c/17978885547004369
outfit_upgrade,igc:17975816304022032,ig:DYU6BvfAVmQ,automatic_lexical_match,https://www.instagram.com/p/DYU6BvfAVmQ/c/17975816304022032
outfit_upgrade,igc:18127341205618498,ig:DZ53bCjhSh8,automatic_lexical_match,https://www.instagram.com/p/DZ53bCjhSh8/c/18127341205618498
outfit_upgrade,igc:17896322463662005,ig:DcWLvteqezx,automatic_lexical_match,https://www.instagram.com/p/DcWLvteqezx/c/17896322463662005
outfit_upgrade,igc:17979245055102654,ig:Dah9EpQsKIZ,automatic_lexical_match,https://www.instagram.com/p/Dah9EpQsKIZ/c/17979245055102654
outfit_upgrade,igc:18162892300489245,ig:Dai_VLvz_X3,automatic_lexical_match,https://www.instagram.com/p/Dai_VLvz_X3/c/18162892300489245
outfit_upgrade,igc:18148874326498996,ig:DZf-NuYgpG-,automatic_lexical_match,https://www.instagram.com/p/DZf-NuYgpG-/c/18148874326498996
outfit_upgrade,igc:18114261169979164,ig:Da8Z4g3MwcJ,automatic_lexical_match,https://www.instagram.com/p/Da8Z4g3MwcJ/c/18114261169979164
outfit_upgrade,igc:18199968118327629,ig:Da8Z4g3MwcJ,automatic_lexical_match,https://www.instagram.com/p/Da8Z4g3MwcJ/c/18199968118327629
outfit_upgrade,igc:17921917686204178,ig:Da8Z4g3MwcJ,automatic_lexical_match,https://www.instagram.com/p/Da8Z4g3MwcJ/c/17921917686204178
outfit_upgrade,igc:18093894644382688,ig:Da8Z4g3MwcJ,automatic_lexical_match,https://www.instagram.com/p/Da8Z4g3MwcJ/c/18093894644382688
outfit_upgrade,igc:18160133281483966,ig:DbbRz2SgFfY,automatic_lexical_match,https://www.instagram.com/p/DbbRz2SgFfY/c/18160133281483966
outfit_upgrade,igc:18115287460698141,ig:Dags8BvRQ4z,automatic_lexical_match,https://www.instagram.com/p/Dags8BvRQ4z/c/18115287460698141
outfit_upgrade,igc:18099955301269686,ig:Dags8BvRQ4z,automatic_lexical_match,https://www.instagram.com/p/Dags8BvRQ4z/c/18099955301269686
outfit_upgrade,igc:17959668140973712,ig:Dags8BvRQ4z,automatic_lexical_match,https://www.instagram.com/p/Dags8BvRQ4z/c/17959668140973712
outfit_upgrade,igc:18114621931901616,ig:Dags8BvRQ4z,automatic_lexical_match,https://www.instagram.com/p/Dags8BvRQ4z/c/18114621931901616
outfit_upgrade,igc:17914724283220294,ig:Dags8BvRQ4z,automatic_lexical_match,https://www.instagram.com/p/Dags8BvRQ4z/c/17914724283220294
outfit_upgrade,igc:18194323402335934,ig:Dags8BvRQ4z,automatic_lexical_match,https://www.instagram.com/p/Dags8BvRQ4z/c/18194323402335934
outfit_upgrade,igc:18089819540416021,ig:Dags8BvRQ4z,automatic_lexical_match,https://www.instagram.com/p/Dags8BvRQ4z/c/18089819540416021
outfit_upgrade,igc:17909045895261150,ig:Dags8BvRQ4z,automatic_lexical_match,https://www.instagram.com/p/Dags8BvRQ4z/c/17909045895261150
outfit_upgrade,igc:17979710727059308,ig:Dags8BvRQ4z,automatic_lexical_match,https://www.instagram.com/p/Dags8BvRQ4z/c/17979710727059308
outfit_upgrade,igc:18123141520685140,ig:Dags8BvRQ4z,automatic_lexical_match,https://www.instagram.com/p/Dags8BvRQ4z/c/18123141520685140
outfit_upgrade,igc:18163465873453850,ig:Dags8BvRQ4z,automatic_lexical_match,https://www.instagram.com/p/Dags8BvRQ4z/c/18163465873453850
outfit_upgrade,igc:18084424385646745,ig:Dags8BvRQ4z,automatic_lexical_match,https://www.instagram.com/p/Dags8BvRQ4z/c/18084424385646745
outfit_upgrade,igc:18369290374226068,ig:Dags8BvRQ4z,automatic_lexical_match,https://www.instagram.com/p/Dags8BvRQ4z/c/18369290374226068
outfit_upgrade,igc:18081298088453779,ig:Dags8BvRQ4z,automatic_lexical_match,https://www.instagram.com/p/Dags8BvRQ4z/c/18081298088453779
outfit_upgrade,igc:18140983483582978,ig:Da8Z4g3MwcJ,automatic_lexical_match,https://www.instagram.com/p/Da8Z4g3MwcJ/c/18140983483582978
outfit_upgrade,igc:17930407488393031,ig:Da8Z4g3MwcJ,automatic_lexical_match,https://www.instagram.com/p/Da8Z4g3MwcJ/c/17930407488393031
outfit_upgrade,igc:18082881227306926,ig:Da8Z4g3MwcJ,automatic_lexical_match,https://www.instagram.com/p/Da8Z4g3MwcJ/c/18082881227306926
outfit_upgrade,igc:18380038186232265,ig:Da8Z4g3MwcJ,automatic_lexical_match,https://www.instagram.com/p/Da8Z4g3MwcJ/c/18380038186232265
outfit_upgrade,igc:18472204477107413,ig:Dax4VNvKxnZ,automatic_lexical_match,https://www.instagram.com/p/Dax4VNvKxnZ/c/18472204477107413
outfit_upgrade,igc:17995673207798992,ig:C6tk06ngawl,automatic_lexical_match,https://www.instagram.com/p/C6tk06ngawl/c/17995673207798992
outfit_upgrade,igc:18119378887903140,ig:DcbWhitOnk7,automatic_lexical_match,https://www.instagram.com/p/DcbWhitOnk7/c/18119378887903140
outfit_upgrade,igc:18604412470035043,ig:DakxW-YMug9,automatic_lexical_match,https://www.instagram.com/p/DakxW-YMug9/c/18604412470035043
outfit_upgrade,igc:17973194429936062,ig:DcRsKHHBW45,automatic_lexical_match,https://www.instagram.com/p/DcRsKHHBW45/c/17973194429936062
outfit_upgrade,igc:18087222383630124,ig:DZf-NuYgpG-,automatic_lexical_match,https://www.instagram.com/p/DZf-NuYgpG-/c/18087222383630124
outfit_upgrade,igc:18016322420890669,ig:DZf-NuYgpG-,automatic_lexical_match,https://www.instagram.com/p/DZf-NuYgpG-/c/18016322420890669
outfit_upgrade,igc:18109339343296261,ig:DZf-NuYgpG-,automatic_lexical_match,https://www.instagram.com/p/DZf-NuYgpG-/c/18109339343296261
outfit_upgrade,igc:17968405740074852,ig:DZf-NuYgpG-,automatic_lexical_match,https://www.instagram.com/p/DZf-NuYgpG-/c/17968405740074852
outfit_upgrade,igc:18118419469842073,ig:Dags8BvRQ4z,automatic_lexical_match,https://www.instagram.com/p/Dags8BvRQ4z/c/18118419469842073
outfit_upgrade,igc:18128123320710275,ig:Dags8BvRQ4z,automatic_lexical_match,https://www.instagram.com/p/Dags8BvRQ4z/c/18128123320710275
outfit_upgrade,igc:18412458967147422,ig:Dags8BvRQ4z,automatic_lexical_match,https://www.instagram.com/p/Dags8BvRQ4z/c/18412458967147422
outfit_upgrade,igc:17939605869071887,ig:Dags8BvRQ4z,automatic_lexical_match,https://www.instagram.com/p/Dags8BvRQ4z/c/17939605869071887
outfit_upgrade,igc:18183479104402227,ig:Dags8BvRQ4z,automatic_lexical_match,https://www.instagram.com/p/Dags8BvRQ4z/c/18183479104402227
outfit_upgrade,igc:18333814960254187,ig:Dags8BvRQ4z,automatic_lexical_match,https://www.instagram.com/p/Dags8BvRQ4z/c/18333814960254187
outfit_upgrade,igc:17977448805107666,ig:Dags8BvRQ4z,automatic_lexical_match,https://www.instagram.com/p/Dags8BvRQ4z/c/17977448805107666
outfit_upgrade,igc:17936014731316216,ig:Dags8BvRQ4z,automatic_lexical_match,https://www.instagram.com/p/Dags8BvRQ4z/c/17936014731316216
outfit_upgrade,igc:18122777749722061,ig:Dags8BvRQ4z,automatic_lexical_match,https://www.instagram.com/p/Dags8BvRQ4z/c/18122777749722061
outfit_upgrade,igc:17926421382146880,ig:Dags8BvRQ4z,automatic_lexical_match,https://www.instagram.com/p/Dags8BvRQ4z/c/17926421382146880
outfit_upgrade,igc:18120877147875037,ig:Dags8BvRQ4z,automatic_lexical_match,https://www.instagram.com/p/Dags8BvRQ4z/c/18120877147875037
outfit_upgrade,igc:18109987399978875,ig:Dags8BvRQ4z,automatic_lexical_match,https://www.instagram.com/p/Dags8BvRQ4z/c/18109987399978875
outfit_upgrade,igc:18100508753229406,ig:Dags8BvRQ4z,automatic_lexical_match,https://www.instagram.com/p/Dags8BvRQ4z/c/18100508753229406
outfit_upgrade,igc:18056617676772923,ig:Dags8BvRQ4z,automatic_lexical_match,https://www.instagram.com/p/Dags8BvRQ4z/c/18056617676772923
outfit_upgrade,igc:17867287038587751,ig:Dags8BvRQ4z,automatic_lexical_match,https://www.instagram.com/p/Dags8BvRQ4z/c/17867287038587751
outfit_upgrade,igc:17962220238183786,ig:Da8Z4g3MwcJ,automatic_lexical_match,https://www.instagram.com/p/Da8Z4g3MwcJ/c/17962220238183786
outfit_upgrade,igc:18049561961796589,ig:DZpphJ8sdwB,automatic_lexical_match,https://www.instagram.com/p/DZpphJ8sdwB/c/18049561961796589
outfit_upgrade,igc:18137045245714436,ig:Dc2_9ydS0x1,automatic_lexical_match,https://www.instagram.com/p/Dc2_9ydS0x1/c/18137045245714436
outfit_upgrade,igc:18081876386689371,ig:Dakb7gKt_lj,automatic_lexical_match,https://www.instagram.com/p/Dakb7gKt_lj/c/18081876386689371
outfit_upgrade,igc:18177889087422252,ig:Dakb7gKt_lj,automatic_lexical_match,https://www.instagram.com/p/Dakb7gKt_lj/c/18177889087422252
outfit_upgrade,igc:18136991875574569,ig:DR1QtjoAEn-,automatic_lexical_match,https://www.instagram.com/p/DR1QtjoAEn-/c/18136991875574569
outfit_upgrade,igc:17938945104275894,ig:Dags8BvRQ4z,automatic_lexical_match,https://www.instagram.com/p/Dags8BvRQ4z/c/17938945104275894
outfit_upgrade,igc:17974816473098604,ig:Dags8BvRQ4z,automatic_lexical_match,https://www.instagram.com/p/Dags8BvRQ4z/c/17974816473098604
outfit_upgrade,igc:18094554704358841,ig:Dags8BvRQ4z,automatic_lexical_match,https://www.instagram.com/p/Dags8BvRQ4z/c/18094554704358841
outfit_upgrade,igc:17992916520005873,ig:Dags8BvRQ4z,automatic_lexical_match,https://www.instagram.com/p/Dags8BvRQ4z/c/17992916520005873
outfit_upgrade,igc:17911955250239977,ig:Dags8BvRQ4z,automatic_lexical_match,https://www.instagram.com/p/Dags8BvRQ4z/c/17911955250239977
outfit_upgrade,igc:18106668508831193,ig:Dags8BvRQ4z,automatic_lexical_match,https://www.instagram.com/p/Dags8BvRQ4z/c/18106668508831193
outfit_upgrade,igc:18334463374249870,ig:Dags8BvRQ4z,automatic_lexical_match,https://www.instagram.com/p/Dags8BvRQ4z/c/18334463374249870
outfit_upgrade,igc:18274204435290752,ig:Dags8BvRQ4z,automatic_lexical_match,https://www.instagram.com/p/Dags8BvRQ4z/c/18274204435290752
outfit_upgrade,igc:18101023154595438,ig:Dags8BvRQ4z,automatic_lexical_match,https://www.instagram.com/p/Dags8BvRQ4z/c/18101023154595438
outfit_upgrade,igc:17924751837370461,ig:Dags8BvRQ4z,automatic_lexical_match,https://www.instagram.com/p/Dags8BvRQ4z/c/17924751837370461
outfit_upgrade,igc:18066253277468059,ig:DakxW-YMug9,automatic_lexical_match,https://www.instagram.com/p/DakxW-YMug9/c/18066253277468059
outfit_upgrade,igc:18036956096836668,ig:Dc2_9ydS0x1,automatic_lexical_match,https://www.instagram.com/p/Dc2_9ydS0x1/c/18036956096836668
outfit_upgrade,igc:18100933844083510,ig:DW5CM72iBZF,automatic_lexical_match,https://www.instagram.com/p/DW5CM72iBZF/c/18100933844083510
outfit_upgrade,igc:17966855885901705,ig:DW5CM72iBZF,automatic_lexical_match,https://www.instagram.com/p/DW5CM72iBZF/c/17966855885901705
outfit_upgrade,igc:17920478520322733,ig:DW5CM72iBZF,automatic_lexical_match,https://www.instagram.com/p/DW5CM72iBZF/c/17920478520322733
outfit_upgrade,igc:18056965148783531,ig:Dakb7gKt_lj,automatic_lexical_match,https://www.instagram.com/p/Dakb7gKt_lj/c/18056965148783531
outfit_upgrade,igc:17897639955555113,ig:Dakb7gKt_lj,automatic_lexical_match,https://www.instagram.com/p/Dakb7gKt_lj/c/17897639955555113
outfit_upgrade,igc:17876331969622524,ig:Dakb7gKt_lj,automatic_lexical_match,https://www.instagram.com/p/Dakb7gKt_lj/c/17876331969622524
outfit_upgrade,igc:18159220816479055,ig:Dakb7gKt_lj,automatic_lexical_match,https://www.instagram.com/p/Dakb7gKt_lj/c/18159220816479055
outfit_upgrade,igc:17874785511511476,ig:DZ3gXIzq35d,automatic_lexical_match,https://www.instagram.com/p/DZ3gXIzq35d/c/17874785511511476
outfit_upgrade,igc:17933732487295075,ig:DZ3gXIzq35d,automatic_lexical_match,https://www.instagram.com/p/DZ3gXIzq35d/c/17933732487295075
outfit_upgrade,igc:18139153507551658,ig:DQ4SzAXAPfT,automatic_lexical_match,https://www.instagram.com/p/DQ4SzAXAPfT/c/18139153507551658
outfit_upgrade,igc:18126516889650802,ig:DaLPP4XsxGe,automatic_lexical_match,https://www.instagram.com/p/DaLPP4XsxGe/c/18126516889650802
outfit_upgrade,igc:18197868337323360,ig:DaLPP4XsxGe,automatic_lexical_match,https://www.instagram.com/p/DaLPP4XsxGe/c/18197868337323360
outfit_upgrade,igc:18110895572314181,ig:DaLPP4XsxGe,automatic_lexical_match,https://www.instagram.com/p/DaLPP4XsxGe/c/18110895572314181
outfit_upgrade,igc:18619941868036864,ig:Dcgl2JFNPPf,automatic_lexical_match,https://www.instagram.com/p/Dcgl2JFNPPf/c/18619941868036864
outfit_upgrade,igc:18134398585620968,ig:DcluoTsM_lV,automatic_lexical_match,https://www.instagram.com/p/DcluoTsM_lV/c/18134398585620968
outfit_upgrade,igc:18127048939714935,ig:DZ3gXIzq35d,automatic_lexical_match,https://www.instagram.com/p/DZ3gXIzq35d/c/18127048939714935
outfit_upgrade,igc:18003515528959594,ig:Dakb7gKt_lj,automatic_lexical_match,https://www.instagram.com/p/Dakb7gKt_lj/c/18003515528959594
outfit_upgrade,igc:17942938326050019,ig:Dakb7gKt_lj,automatic_lexical_match,https://www.instagram.com/p/Dakb7gKt_lj/c/17942938326050019
outfit_upgrade,igc:17908736892428237,ig:DaLPP4XsxGe,automatic_lexical_match,https://www.instagram.com/p/DaLPP4XsxGe/c/17908736892428237
outfit_upgrade,igc:18094736828550333,ig:DcbWhitOnk7,automatic_lexical_match,https://www.instagram.com/p/DcbWhitOnk7/c/18094736828550333
outfit_upgrade,igc:18105633398155623,ig:Dai_VLvz_X3,automatic_lexical_match,https://www.instagram.com/p/Dai_VLvz_X3/c/18105633398155623
outfit_upgrade,igc:18279078001293742,ig:Dc2_9ydS0x1,automatic_lexical_match,https://www.instagram.com/p/Dc2_9ydS0x1/c/18279078001293742
outfit_upgrade,igc:18092272715425248,ig:Dc2_9ydS0x1,automatic_lexical_match,https://www.instagram.com/p/Dc2_9ydS0x1/c/18092272715425248
outfit_upgrade,igc:18130695511660640,ig:Dc2_9ydS0x1,automatic_lexical_match,https://www.instagram.com/p/Dc2_9ydS0x1/c/18130695511660640
outfit_upgrade,igc:17919759861324350,ig:DW5CM72iBZF,automatic_lexical_match,https://www.instagram.com/p/DW5CM72iBZF/c/17919759861324350
outfit_upgrade,igc:17890329570409166,ig:DX93093O4y2,automatic_lexical_match,https://www.instagram.com/p/DX93093O4y2/c/17890329570409166
outfit_upgrade,igc:18061912880399743,ig:DW5CM72iBZF,automatic_lexical_match,https://www.instagram.com/p/DW5CM72iBZF/c/18061912880399743
outfit_upgrade,igc:18578955805007285,ig:DW5CM72iBZF,automatic_lexical_match,https://www.instagram.com/p/DW5CM72iBZF/c/18578955805007285
outfit_upgrade,igc:17936514048095096,ig:Dai_VLvz_X3,automatic_lexical_match,https://www.instagram.com/p/Dai_VLvz_X3/c/17936514048095096
outfit_upgrade,igc:18135732631590221,ig:Dai_VLvz_X3,automatic_lexical_match,https://www.instagram.com/p/Dai_VLvz_X3/c/18135732631590221
outfit_upgrade,igc:18114081344472099,ig:DcB0ybMOP-6,automatic_lexical_match,https://www.instagram.com/p/DcB0ybMOP-6/c/18114081344472099
outfit_upgrade,igc:18055083116621776,ig:DcB0ybMOP-6,automatic_lexical_match,https://www.instagram.com/p/DcB0ybMOP-6/c/18055083116621776
outfit_upgrade,igc:17987345060843060,ig:DX93093O4y2,automatic_lexical_match,https://www.instagram.com/p/DX93093O4y2/c/17987345060843060
outfit_upgrade,igc:18368564986237588,ig:DcB0ybMOP-6,automatic_lexical_match,https://www.instagram.com/p/DcB0ybMOP-6/c/18368564986237588
outfit_upgrade,ttc:7668651341904347926,tt:7668001244018986273,automatic_lexical_match,https://www.tiktok.com/@spiritual.materialist/video/7668001244018986273
outfit_upgrade,ttc:7668167079875871501,tt:7668001244018986273,automatic_lexical_match,https://www.tiktok.com/@spiritual.materialist/video/7668001244018986273
outfit_upgrade,igc:18171701032316074,ig:DFQvIehKmjm,automatic_lexical_match,https://www.instagram.com/p/DFQvIehKmjm/c/18171701032316074
outfit_upgrade,igc:17938173506920901,ig:DKzkvhDq8Pt,automatic_lexical_match,https://www.instagram.com/p/DKzkvhDq8Pt/c/17938173506920901
outfit_upgrade,igc:18007463186725521,ig:DKzkvhDq8Pt,automatic_lexical_match,https://www.instagram.com/p/DKzkvhDq8Pt/c/18007463186725521
outfit_upgrade,igc:17870691687288615,ig:DKzkvhDq8Pt,automatic_lexical_match,https://www.instagram.com/p/DKzkvhDq8Pt/c/17870691687288615
outfit_upgrade,igc:18007496585696684,ig:DWAmznQEUvg,automatic_lexical_match,https://www.instagram.com/p/DWAmznQEUvg/c/18007496585696684
outfit_upgrade,igc:18061855292693080,ig:DWAmznQEUvg,automatic_lexical_match,https://www.instagram.com/p/DWAmznQEUvg/c/18061855292693080
outfit_upgrade,igc:17996302772857482,ig:CpK_T9GqZ3b,automatic_lexical_match,https://www.instagram.com/p/CpK_T9GqZ3b/c/17996302772857482
outfit_upgrade,igc:18046440659613931,ig:DWjtT1jDfxp,automatic_lexical_match,https://www.instagram.com/p/DWjtT1jDfxp/c/18046440659613931
outfit_upgrade,igc:17979323328004853,ig:DUzgCcTE6zD,automatic_lexical_match,https://www.instagram.com/p/DUzgCcTE6zD/c/17979323328004853
outfit_upgrade,igc:18061541381123753,ig:DJHZACWxDqW,automatic_lexical_match,https://www.instagram.com/p/DJHZACWxDqW/c/18061541381123753
outfit_upgrade,igc:18047895677565268,ig:DKzkvhDq8Pt,automatic_lexical_match,https://www.instagram.com/p/DKzkvhDq8Pt/c/18047895677565268
outfit_upgrade,igc:18179857873323952,ig:DKzkvhDq8Pt,automatic_lexical_match,https://www.instagram.com/p/DKzkvhDq8Pt/c/18179857873323952
outfit_upgrade,igc:17962062761880693,ig:DHqsRoAsQeN,automatic_lexical_match,https://www.instagram.com/p/DHqsRoAsQeN/c/17962062761880693
outfit_upgrade,igc:18069221591305804,ig:DSUPUC0iF5r,automatic_lexical_match,https://www.instagram.com/p/DSUPUC0iF5r/c/18069221591305804
outfit_upgrade,igc:18094834508099991,ig:DGa5ahNMX3E,automatic_lexical_match,https://www.instagram.com/p/DGa5ahNMX3E/c/18094834508099991
outfit_upgrade,igc:17903379924361108,ig:DTXlDFdjCuv,automatic_lexical_match,https://www.instagram.com/p/DTXlDFdjCuv/c/17903379924361108
outfit_upgrade,igc:18174555055254532,ig:Cl2HtNBtl03,automatic_lexical_match,https://www.instagram.com/p/Cl2HtNBtl03/c/18174555055254532
outfit_upgrade,igc:17958878489476682,ig:Cl2HtNBtl03,automatic_lexical_match,https://www.instagram.com/p/Cl2HtNBtl03/c/17958878489476682
outfit_upgrade,igc:18106419272601922,ig:DWgfrM8DESy,automatic_lexical_match,https://www.instagram.com/p/DWgfrM8DESy/c/18106419272601922
outfit_upgrade,igc:18122202325288122,ig:Cl2HtNBtl03,automatic_lexical_match,https://www.instagram.com/p/Cl2HtNBtl03/c/18122202325288122
outfit_upgrade,igc:17874655272481525,ig:DSUPUC0iF5r,automatic_lexical_match,https://www.instagram.com/p/DSUPUC0iF5r/c/17874655272481525
outfit_upgrade,igc:17986106167605455,ig:Chxve5QLpzz,automatic_lexical_match,https://www.instagram.com/p/Chxve5QLpzz/c/17986106167605455
outfit_upgrade,igc:17852758542604345,ig:DTXlDFdjCuv,automatic_lexical_match,https://www.instagram.com/p/DTXlDFdjCuv/c/17852758542604345
outfit_upgrade,igc:18522321604040679,ig:DHn-pONT1xi,automatic_lexical_match,https://www.instagram.com/p/DHn-pONT1xi/c/18522321604040679
outfit_upgrade,igc:18071404303336466,ig:Cl2HtNBtl03,automatic_lexical_match,https://www.instagram.com/p/Cl2HtNBtl03/c/18071404303336466
outfit_upgrade,igc:17890145837731576,ig:CpK_T9GqZ3b,automatic_lexical_match,https://www.instagram.com/p/CpK_T9GqZ3b/c/17890145837731576
outfit_upgrade,igc:18058400794328763,ig:Chxve5QLpzz,automatic_lexical_match,https://www.instagram.com/p/Chxve5QLpzz/c/18058400794328763
outfit_upgrade,igc:18075260636610552,ig:DSUPUC0iF5r,automatic_lexical_match,https://www.instagram.com/p/DSUPUC0iF5r/c/18075260636610552
outfit_upgrade,igc:18261163330119727,ig:Cl2HtNBtl03,automatic_lexical_match,https://www.instagram.com/p/Cl2HtNBtl03/c/18261163330119727
outfit_upgrade,igc:17954159013193948,ig:DWgfrM8DESy,automatic_lexical_match,https://www.instagram.com/p/DWgfrM8DESy/c/17954159013193948
outfit_upgrade,ttc:7432140004707894022,tt:7218302653489483051,automatic_lexical_match,https://www.tiktok.com/@steffieinthecity/video/7218302653489483051
outfit_upgrade,ttc:7454807319466836766,tt:7218302653489483051,automatic_lexical_match,https://www.tiktok.com/@steffieinthecity/video/7218302653489483051
outfit_upgrade,ttc:7654495149894517511,tt:7493277078276640031,automatic_lexical_match,https://www.tiktok.com/@steffieinthecity/video/7493277078276640031
outfit_upgrade,ttc:7683511516683551502,tt:7666956616465435918,automatic_lexical_match,https://www.tiktok.com/@kyraboesiger/video/7666956616465435918
outfit_upgrade,ttc:7679256349226500894,tt:7666956616465435918,automatic_lexical_match,https://www.tiktok.com/@kyraboesiger/video/7666956616465435918
outfit_upgrade,ttc:7669917259049534239,tt:7666956616465435918,automatic_lexical_match,https://www.tiktok.com/@kyraboesiger/video/7666956616465435918
outfit_upgrade,ttc:7667206512688136973,tt:7666956616465435918,automatic_lexical_match,https://www.tiktok.com/@kyraboesiger/video/7666956616465435918
outfit_upgrade,ttc:7655071780806378271,tt:7649444253394947342,automatic_lexical_match,https://www.tiktok.com/@bryannawozniak/video/7649444253394947342
outfit_upgrade,ttc:7664312618740515598,tt:7649444253394947342,automatic_lexical_match,https://www.tiktok.com/@bryannawozniak/video/7649444253394947342
outfit_upgrade,ttc:7672501122184332054,tt:7661349233068346646,automatic_lexical_match,https://www.tiktok.com/@heightandhustle/video/7661349233068346646
outfit_upgrade,ttc:7666752806900876035,tt:7661349233068346646,automatic_lexical_match,https://www.tiktok.com/@heightandhustle/video/7661349233068346646
outfit_upgrade,ttc:7682963914028811038,tt:7681030709988969741,automatic_lexical_match,https://www.tiktok.com/@johnathan.guo/video/7681030709988969741
outfit_upgrade,ttc:7680284001760920353,tt:7680276310329019670,automatic_lexical_match,https://www.tiktok.com/@kaynatt.m/video/7680276310329019670
outfit_upgrade,ttc:7672981517211681566,tt:7672086495074749728,automatic_lexical_match,https://www.tiktok.com/@yevtopyer/video/7672086495074749728
outfit_upgrade,ttc:7668742136468226838,tt:7662002150159125762,automatic_lexical_match,https://www.tiktok.com/@aliceinparisofficial/video/7662002150159125762
outfit_upgrade,ttc:7491304503968777015,tt:7491264828397374742,automatic_lexical_match,https://www.tiktok.com/@miarosemcgrath/video/7491264828397374742
outfit_upgrade,ttc:7491586586506330902,tt:7491264828397374742,automatic_lexical_match,https://www.tiktok.com/@miarosemcgrath/video/7491264828397374742
outfit_upgrade,ttc:7574587592877720338,tt:7573945394862853383,automatic_lexical_match,https://www.tiktok.com/@georgeyhenshall/video/7573945394862853383
outfit_upgrade,ttc:7621261531594294038,tt:7620834527749033238,automatic_lexical_match,https://www.tiktok.com/@lucyhitchcock/video/7620834527749033238
outfit_upgrade,ttc:7638895017587753741,tt:7620834527749033238,automatic_lexical_match,https://www.tiktok.com/@lucyhitchcock/video/7620834527749033238
outfit_upgrade,ttc:7666989541664670478,tt:7666956616465435918,automatic_lexical_match,https://www.tiktok.com/@kyraboesiger/video/7666956616465435918
outfit_upgrade,ttc:7662079905907884833,tt:7661349233068346646,automatic_lexical_match,https://www.tiktok.com/@heightandhustle/video/7661349233068346646
outfit_upgrade,ttc:7621147046225691414,tt:7620834527749033238,automatic_lexical_match,https://www.tiktok.com/@lucyhitchcock/video/7620834527749033238
outfit_upgrade,ttc:7621257002312975126,tt:7620834527749033238,automatic_lexical_match,https://www.tiktok.com/@lucyhitchcock/video/7620834527749033238
outfit_upgrade,igc:18198097513370941,ig:Da2D2vVTHaw,automatic_lexical_match,https://www.instagram.com/p/Da2D2vVTHaw/c/18198097513370941
outfit_upgrade,igc:17948613684198100,ig:Da2D2vVTHaw,automatic_lexical_match,https://www.instagram.com/p/Da2D2vVTHaw/c/17948613684198100
outfit_upgrade,igc:18120028000909457,ig:DdGrcfVCcso,automatic_lexical_match,https://www.instagram.com/p/DdGrcfVCcso/c/18120028000909457
outfit_upgrade,igc:18023495027899463,ig:DbptyvPzNi3,automatic_lexical_match,https://www.instagram.com/p/DbptyvPzNi3/c/18023495027899463
outfit_upgrade,igc:18213596230352358,ig:DbopI80TuC2,automatic_lexical_match,https://www.instagram.com/p/DbopI80TuC2/c/18213596230352358
outfit_upgrade,igc:18137552257523781,ig:DbopI80TuC2,automatic_lexical_match,https://www.instagram.com/p/DbopI80TuC2/c/18137552257523781
outfit_upgrade,igc:18136049923616551,ig:DdBYsNKTtel,automatic_lexical_match,https://www.instagram.com/p/DdBYsNKTtel/c/18136049923616551
outfit_upgrade,igc:18114113281861632,ig:DVw2w0gjiW8,automatic_lexical_match,https://www.instagram.com/p/DVw2w0gjiW8/c/18114113281861632
outfit_upgrade,igc:18129348985678786,ig:Db6dZHTo6JM,automatic_lexical_match,https://www.instagram.com/p/Db6dZHTo6JM/c/18129348985678786
outfit_upgrade,igc:18362614387242158,ig:DbopI80TuC2,automatic_lexical_match,https://www.instagram.com/p/DbopI80TuC2/c/18362614387242158
outfit_upgrade,igc:18141811603576458,ig:Dc0_95Ust3q,automatic_lexical_match,https://www.instagram.com/p/Dc0_95Ust3q/c/18141811603576458
outfit_upgrade,igc:17945193756317274,ig:Dc0_95Ust3q,automatic_lexical_match,https://www.instagram.com/p/Dc0_95Ust3q/c/17945193756317274
outfit_upgrade,igc:17961511643980315,ig:DcwKBp-zayN,automatic_lexical_match,https://www.instagram.com/p/DcwKBp-zayN/c/17961511643980315
outfit_upgrade,igc:18629645800011874,ig:DdFN8U1ADOY,automatic_lexical_match,https://www.instagram.com/p/DdFN8U1ADOY/c/18629645800011874
outfit_upgrade,igc:18048984374807543,ig:DdFbml6mFH7,automatic_lexical_match,https://www.instagram.com/p/DdFbml6mFH7/c/18048984374807543
outfit_upgrade,igc:18136821874590038,ig:DYeoiNrMrKp,automatic_lexical_match,https://www.instagram.com/p/DYeoiNrMrKp/c/18136821874590038
outfit_upgrade,igc:18170094691401822,ig:DS5aU7XDv7U,automatic_lexical_match,https://www.instagram.com/p/DS5aU7XDv7U/c/18170094691401822
outfit_upgrade,igc:17876604057489544,ig:DS5aU7XDv7U,automatic_lexical_match,https://www.instagram.com/p/DS5aU7XDv7U/c/17876604057489544
outfit_upgrade,igc:18048203669805279,ig:DdIAWblCPui,automatic_lexical_match,https://www.instagram.com/p/DdIAWblCPui/c/18048203669805279
outfit_upgrade,igc:18125877676757686,ig:Dc0_95Ust3q,automatic_lexical_match,https://www.instagram.com/p/Dc0_95Ust3q/c/18125877676757686
outfit_upgrade,igc:17997488354810314,ig:Dc0_95Ust3q,automatic_lexical_match,https://www.instagram.com/p/Dc0_95Ust3q/c/17997488354810314
outfit_upgrade,igc:17993298930001484,ig:DdEF89jD48L,automatic_lexical_match,https://www.instagram.com/p/DdEF89jD48L/c/17993298930001484
outfit_upgrade,igc:17965428335963619,ig:Dc0_95Ust3q,automatic_lexical_match,https://www.instagram.com/p/Dc0_95Ust3q/c/17965428335963619
outfit_upgrade,igc:17982887654977505,ig:DVw2w0gjiW8,automatic_lexical_match,https://www.instagram.com/p/DVw2w0gjiW8/c/17982887654977505
outfit_upgrade,igc:18098127845042109,ig:Dc0_95Ust3q,automatic_lexical_match,https://www.instagram.com/p/Dc0_95Ust3q/c/18098127845042109
outfit_upgrade,igc:17961930629979428,ig:Dc0_95Ust3q,automatic_lexical_match,https://www.instagram.com/p/Dc0_95Ust3q/c/17961930629979428
outfit_upgrade,igc:18103641125189728,ig:DdIAWblCPui,automatic_lexical_match,https://www.instagram.com/p/DdIAWblCPui/c/18103641125189728
outfit_upgrade,ttc:7683332961597850399,tt:7683317131148053791,automatic_lexical_match,https://www.tiktok.com/@britt.rae2/video/7683317131148053791
outfit_upgrade,ttc:7677195150074315527,tt:7676869158180572438,automatic_lexical_match,https://www.tiktok.com/@iamsaraouardi/video/7676869158180572438
outfit_upgrade,ttc:7676875064022139670,tt:7676869158180572438,automatic_lexical_match,https://www.tiktok.com/@iamsaraouardi/video/7676869158180572438
outfit_upgrade,ttc:7677807039776080671,tt:7677722775099936030,automatic_lexical_match,https://www.tiktok.com/@erinmillerartistry/video/7677722775099936030
outfit_upgrade,ttc:7677318376251015943,tt:7666796165639277846,automatic_lexical_match,https://www.tiktok.com/@iamsaraouardi/video/7666796165639277846
outfit_upgrade,ttc:7670345495743398670,tt:7666796165639277846,automatic_lexical_match,https://www.tiktok.com/@iamsaraouardi/video/7666796165639277846
outfit_upgrade,ttc:7670175589731271437,tt:7666796165639277846,automatic_lexical_match,https://www.tiktok.com/@iamsaraouardi/video/7666796165639277846
outfit_upgrade,ttc:7554370650979730190,tt:7554098048394185997,automatic_lexical_match,https://www.tiktok.com/@skyleranneolson/video/7554098048394185997
outfit_upgrade,ttc:7584439736950276895,tt:7554098048394185997,automatic_lexical_match,https://www.tiktok.com/@skyleranneolson/video/7554098048394185997
outfit_upgrade,ttc:7554398782278058782,tt:7554098048394185997,automatic_lexical_match,https://www.tiktok.com/@skyleranneolson/video/7554098048394185997
outfit_upgrade,ttc:7554147426614067998,tt:7554098048394185997,automatic_lexical_match,https://www.tiktok.com/@skyleranneolson/video/7554098048394185997
outfit_upgrade,ttc:7555151745811759903,tt:7554098048394185997,automatic_lexical_match,https://www.tiktok.com/@skyleranneolson/video/7554098048394185997
outfit_upgrade,ttc:7554233178824475406,tt:7554098048394185997,automatic_lexical_match,https://www.tiktok.com/@skyleranneolson/video/7554098048394185997
outfit_upgrade,ttc:7557395870460199693,tt:7554098048394185997,automatic_lexical_match,https://www.tiktok.com/@skyleranneolson/video/7554098048394185997
outfit_upgrade,ttc:7589124924954919735,tt:7554098048394185997,automatic_lexical_match,https://www.tiktok.com/@skyleranneolson/video/7554098048394185997
outfit_upgrade,ttc:7678366086924469023,tt:7676645924118007070,automatic_lexical_match,https://www.tiktok.com/@britt.rae2/video/7676645924118007070
outfit_upgrade,ttc:7677991368438547214,tt:7677722775099936030,automatic_lexical_match,https://www.tiktok.com/@erinmillerartistry/video/7677722775099936030
outfit_upgrade,ttc:7556057703488979725,tt:7555972915817237773,automatic_lexical_match,https://www.tiktok.com/@skyleranneolson/video/7555972915817237773
outfit_upgrade,ttc:7556039438184350495,tt:7555972915817237773,automatic_lexical_match,https://www.tiktok.com/@skyleranneolson/video/7555972915817237773
outfit_upgrade,ttc:7569393448378729230,tt:7555972915817237773,automatic_lexical_match,https://www.tiktok.com/@skyleranneolson/video/7555972915817237773
outfit_upgrade,ttc:7557377946408928031,tt:7555972915817237773,automatic_lexical_match,https://www.tiktok.com/@skyleranneolson/video/7555972915817237773
outfit_upgrade,ttc:7589125158452626231,tt:7555972915817237773,automatic_lexical_match,https://www.tiktok.com/@skyleranneolson/video/7555972915817237773
outfit_upgrade,ttc:7560050705483481864,tt:7555972915817237773,automatic_lexical_match,https://www.tiktok.com/@skyleranneolson/video/7555972915817237773
outfit_upgrade,ttc:7563699958391341855,tt:7555972915817237773,automatic_lexical_match,https://www.tiktok.com/@skyleranneolson/video/7555972915817237773
outfit_upgrade,ttc:7652879276500960017,tt:7652535489613909262,automatic_lexical_match,https://www.tiktok.com/@drews_view22/video/7652535489613909262
outfit_upgrade,ttc:7658700223006737182,tt:7644223029496646942,automatic_lexical_match,https://www.tiktok.com/@candace_annn/video/7644223029496646942
outfit_upgrade,ttc:7678519098519454495,tt:7660723867878493454,automatic_lexical_match,https://www.tiktok.com/@flippingfarrell/video/7660723867878493454
outfit_upgrade,ttc:7557537441420428062,tt:7555972915817237773,automatic_lexical_match,https://www.tiktok.com/@skyleranneolson/video/7555972915817237773
outfit_upgrade,ttc:7559337379245490957,tt:7555972915817237773,automatic_lexical_match,https://www.tiktok.com/@skyleranneolson/video/7555972915817237773
outfit_upgrade,ttc:7660999251938673438,tt:7660723867878493454,automatic_lexical_match,https://www.tiktok.com/@flippingfarrell/video/7660723867878493454
outfit_upgrade,ttc:7417449413193335585,tt:7412155936476826913,automatic_lexical_match,https://www.tiktok.com/@gabriellaluxurymum/video/7412155936476826913
outfit_upgrade,ttc:7677738140107604766,tt:7677722775099936030,automatic_lexical_match,https://www.tiktok.com/@erinmillerartistry/video/7677722775099936030
outfit_upgrade,igc:18018246068817994,ig:DVq8AlADT9e,automatic_lexical_match,https://www.instagram.com/p/DVq8AlADT9e/
outfit_upgrade,igc:18056113952461808,ig:DVq8AlADT9e,automatic_lexical_match,https://www.instagram.com/p/DVq8AlADT9e/
outfit_upgrade,igc:18362324758205973,ig:DVq8AlADT9e,automatic_lexical_match,https://www.instagram.com/p/DVq8AlADT9e/
outfit_upgrade,igc:17914427202336961,ig:DV4fe9EgU9T,automatic_lexical_match,https://www.instagram.com/p/DV4fe9EgU9T/
outfit_upgrade,igc:18545969041067340,ig:DVg_eObkZEm,automatic_lexical_match,https://www.instagram.com/p/DVg_eObkZEm/
outfit_upgrade,igc:18132329926555356,ig:DWMKYy0juHC,automatic_lexical_match,https://www.instagram.com/p/DWMKYy0juHC/
outfit_upgrade,igc:17853333309676500,ig:DVZVvabjM54,automatic_lexical_match,https://www.instagram.com/p/DVZVvabjM54/
outfit_upgrade,igc:17993834472040355,ig:DdByTipxXNZ,automatic_lexical_match,https://www.instagram.com/p/DdByTipxXNZ/
outfit_upgrade,igc:18443058982127454,ig:DdByTipxXNZ,automatic_lexical_match,https://www.instagram.com/p/DdByTipxXNZ/
outfit_upgrade,igc:18013229666941846,ig:DcELa3mRSuC,automatic_lexical_match,https://www.instagram.com/p/DcELa3mRSuC/
outfit_upgrade,igc:18108222365595318,ig:DdCIMdlzWjh,automatic_lexical_match,https://www.instagram.com/p/DdCIMdlzWjh/
outfit_upgrade,igc:18125544472775614,ig:DcRygptSW1a,automatic_lexical_match,https://www.instagram.com/p/DcRygptSW1a/
outfit_upgrade,igc:18087536489179236,ig:DbuAhVjRlaG,automatic_lexical_match,https://www.instagram.com/p/DbuAhVjRlaG/
outfit_upgrade,igc:18077346737678074,ig:DbuAhVjRlaG,automatic_lexical_match,https://www.instagram.com/p/DbuAhVjRlaG/
outfit_upgrade,igc:17892833970656020,ig:DbuAhVjRlaG,automatic_lexical_match,https://www.instagram.com/p/DbuAhVjRlaG/
outfit_upgrade,igc:18025733267889663,ig:DcEYnzZsxCL,automatic_lexical_match,https://www.instagram.com/p/DcEYnzZsxCL/
outfit_upgrade,igc:18096998039357023,ig:DbTu5aitYrC,automatic_lexical_match,https://www.instagram.com/p/DbTu5aitYrC/
outfit_upgrade,igc:17951322456229010,ig:DbBxVV2RpQa,automatic_lexical_match,https://www.instagram.com/p/DbBxVV2RpQa/
outfit_upgrade,igc:17946782811038705,ig:DbBxVV2RpQa,automatic_lexical_match,https://www.instagram.com/p/DbBxVV2RpQa/
outfit_upgrade,igc:18088610825413424,ig:DbBxVV2RpQa,automatic_lexical_match,https://www.instagram.com/p/DbBxVV2RpQa/
outfit_upgrade,igc:18116645086925025,ig:DbBxVV2RpQa,automatic_lexical_match,https://www.instagram.com/p/DbBxVV2RpQa/
outfit_upgrade,igc:17917764630204208,ig:DbBxVV2RpQa,automatic_lexical_match,https://www.instagram.com/p/DbBxVV2RpQa/
outfit_upgrade,igc:18099881702188392,ig:DbJ1doxxTni,automatic_lexical_match,https://www.instagram.com/p/DbJ1doxxTni/
outfit_upgrade,igc:18101280983023415,ig:DbJ1doxxTni,automatic_lexical_match,https://www.instagram.com/p/DbJ1doxxTni/
outfit_upgrade,igc:18109023682810822,ig:DbJ1doxxTni,automatic_lexical_match,https://www.instagram.com/p/DbJ1doxxTni/
outfit_upgrade,igc:18105420218115395,ig:DbJ1doxxTni,automatic_lexical_match,https://www.instagram.com/p/DbJ1doxxTni/
outfit_upgrade,igc:18148492828533176,ig:DcW5JhSS7k_,automatic_lexical_match,https://www.instagram.com/p/DcW5JhSS7k_/
outfit_upgrade,igc:18107212796144048,ig:DcW5JhSS7k_,automatic_lexical_match,https://www.instagram.com/p/DcW5JhSS7k_/
outfit_upgrade,igc:18157137523472297,ig:DangnV2xG65,automatic_lexical_match,https://www.instagram.com/p/DangnV2xG65/
outfit_upgrade,igc:18385047556204616,ig:DbTijqaBYWx,automatic_lexical_match,https://www.instagram.com/p/DbTijqaBYWx/
outfit_upgrade,igc:18064123505750187,ig:DbTijqaBYWx,automatic_lexical_match,https://www.instagram.com/p/DbTijqaBYWx/
outfit_upgrade,igc:17935630212017547,ig:DS4_C9IDmw5,automatic_lexical_match,https://www.instagram.com/p/DS4_C9IDmw5/
outfit_upgrade,igc:17910639528274065,ig:DS4_C9IDmw5,automatic_lexical_match,https://www.instagram.com/p/DS4_C9IDmw5/
outfit_upgrade,igc:18333283945209330,ig:DS4_C9IDmw5,automatic_lexical_match,https://www.instagram.com/p/DS4_C9IDmw5/
outfit_upgrade,igc:18091364276616191,ig:C-F0zs5IPRE,automatic_lexical_match,https://www.instagram.com/p/C-F0zs5IPRE/
outfit_upgrade,igc:17961238712980870,ig:DcmWZYGxzYU,automatic_lexical_match,https://www.instagram.com/p/DcmWZYGxzYU/
outfit_upgrade,igc:18108390989136269,ig:DcbPPiQqe_s,automatic_lexical_match,https://www.instagram.com/p/DcbPPiQqe_s/
outfit_upgrade,igc:18091862414640162,ig:DcbPPiQqe_s,automatic_lexical_match,https://www.instagram.com/p/DcbPPiQqe_s/
outfit_upgrade,igc:18007255382975369,ig:DcY56GyuseW,automatic_lexical_match,https://www.instagram.com/p/DcY56GyuseW/
outfit_upgrade,igc:18019020386868854,ig:DcR35qMT24p,automatic_lexical_match,https://www.instagram.com/p/DcR35qMT24p/
outfit_upgrade,igc:17925714783388999,ig:DblRKclgC8R,automatic_lexical_match,https://www.instagram.com/p/DblRKclgC8R/
outfit_upgrade,igc:18477719479113928,ig:DdFqu35SXS_,automatic_lexical_match,https://www.instagram.com/p/DdFqu35SXS_/
outfit_upgrade,igc:18114757687786130,ig:DcvV-28BFWQ,automatic_lexical_match,https://www.instagram.com/p/DcvV-28BFWQ/
outfit_upgrade,igc:18104274215225181,ig:DcKi1vUzmJ7,automatic_lexical_match,https://www.instagram.com/p/DcKi1vUzmJ7/
outfit_upgrade,igc:17973678513128559,ig:Dc8u26Kue8m,automatic_lexical_match,https://www.instagram.com/p/Dc8u26Kue8m/
outfit_upgrade,igc:18178626661425703,ig:DczuSqbSo_F,automatic_lexical_match,https://www.instagram.com/p/DczuSqbSo_F/
outfit_upgrade,igc:18073754609424305,ig:DcMGjF6uOGd,automatic_lexical_match,https://www.instagram.com/p/DcMGjF6uOGd/
outfit_upgrade,igc:18045381986814338,ig:DcMGjF6uOGd,automatic_lexical_match,https://www.instagram.com/p/DcMGjF6uOGd/
outfit_upgrade,igc:18183561643422025,ig:DcMGjF6uOGd,automatic_lexical_match,https://www.instagram.com/p/DcMGjF6uOGd/
outfit_upgrade,igc:18123541810838809,ig:DcMGjF6uOGd,automatic_lexical_match,https://www.instagram.com/p/DcMGjF6uOGd/
outfit_upgrade,igc:18139537966599160,ig:DcMGjF6uOGd,automatic_lexical_match,https://www.instagram.com/p/DcMGjF6uOGd/
outfit_upgrade,igc:17943346692329013,ig:DcMGjF6uOGd,automatic_lexical_match,https://www.instagram.com/p/DcMGjF6uOGd/
outfit_upgrade,igc:17895117945598576,ig:DcMGjF6uOGd,automatic_lexical_match,https://www.instagram.com/p/DcMGjF6uOGd/
outfit_upgrade,igc:18093516905546167,ig:DcMGjF6uOGd,automatic_lexical_match,https://www.instagram.com/p/DcMGjF6uOGd/
outfit_upgrade,igc:18116137079512960,ig:DcMGjF6uOGd,automatic_lexical_match,https://www.instagram.com/p/DcMGjF6uOGd/
outfit_upgrade,igc:18409159564081452,ig:DcmMWyvyP54,automatic_lexical_match,https://www.instagram.com/p/DcmMWyvyP54/
outfit_upgrade,igc:18080269976692260,ig:DcmMWyvyP54,automatic_lexical_match,https://www.instagram.com/p/DcmMWyvyP54/
outfit_upgrade,igc:17955121959233520,ig:DcmMWyvyP54,automatic_lexical_match,https://www.instagram.com/p/DcmMWyvyP54/
outfit_upgrade,igc:18158008684473014,ig:DbwXwijz5I9,automatic_lexical_match,https://www.instagram.com/p/DbwXwijz5I9/
outfit_upgrade,igc:18003338972994662,ig:DcJgEKquiXk,automatic_lexical_match,https://www.instagram.com/p/DcJgEKquiXk/
outfit_upgrade,igc:18084845636692498,ig:DcJgEKquiXk,automatic_lexical_match,https://www.instagram.com/p/DcJgEKquiXk/
outfit_upgrade,igc:18107828999353286,ig:DcJgEKquiXk,automatic_lexical_match,https://www.instagram.com/p/DcJgEKquiXk/
outfit_upgrade,igc:17904302748485748,ig:DcJgEKquiXk,automatic_lexical_match,https://www.instagram.com/p/DcJgEKquiXk/
outfit_upgrade,igc:18114453605054314,ig:DcJgEKquiXk,automatic_lexical_match,https://www.instagram.com/p/DcJgEKquiXk/
outfit_upgrade,igc:18096090746421266,ig:DcJgEKquiXk,automatic_lexical_match,https://www.instagram.com/p/DcJgEKquiXk/
outfit_upgrade,igc:18058886741788667,ig:DcJgEKquiXk,automatic_lexical_match,https://www.instagram.com/p/DcJgEKquiXk/
outfit_upgrade,igc:17903324832326230,ig:DcJgEKquiXk,automatic_lexical_match,https://www.instagram.com/p/DcJgEKquiXk/
outfit_upgrade,igc:18612077542029162,ig:DcJgEKquiXk,automatic_lexical_match,https://www.instagram.com/p/DcJgEKquiXk/
outfit_upgrade,igc:17910025452444702,ig:DcJgEKquiXk,automatic_lexical_match,https://www.instagram.com/p/DcJgEKquiXk/
outfit_upgrade,igc:17899092807560247,ig:DcJgEKquiXk,automatic_lexical_match,https://www.instagram.com/p/DcJgEKquiXk/
outfit_upgrade,igc:17966655174155180,ig:DcJgEKquiXk,automatic_lexical_match,https://www.instagram.com/p/DcJgEKquiXk/
outfit_upgrade,igc:18103532729228848,ig:DcWKfE4uRaB,automatic_lexical_match,https://www.instagram.com/p/DcWKfE4uRaB/
outfit_upgrade,igc:18092451773645378,ig:DctmVKyBzzd,automatic_lexical_match,https://www.instagram.com/p/DctmVKyBzzd/
outfit_upgrade,igc:17972431836209327,ig:DcjwJCzAquu,automatic_lexical_match,https://www.instagram.com/p/DcjwJCzAquu/
outfit_upgrade,igc:18108349499118722,ig:Dbq5AplRRSA,automatic_lexical_match,https://www.instagram.com/p/Dbq5AplRRSA/
outfit_upgrade,igc:18088570919157954,ig:Dbq5AplRRSA,automatic_lexical_match,https://www.instagram.com/p/Dbq5AplRRSA/
social_judgment,ttc:7668086579609928456,tt:7668001244018986273,analyst_inspected_anchor,https://www.tiktok.com/@spiritual.materialist/video/7668001244018986273
social_judgment,ttc:7668179307797922591,tt:7668001244018986273,analyst_inspected_anchor,https://www.tiktok.com/@spiritual.materialist/video/7668001244018986273
social_judgment,ttc:7677307822127809302,tt:7668001244018986273,analyst_inspected_anchor,https://www.tiktok.com/@spiritual.materialist/video/7668001244018986273
social_judgment,igc:17900429826326927,ig:Dax_hKCgyw-,automatic_lexical_match,https://www.instagram.com/p/Dax_hKCgyw-/c/17900429826326927
social_judgment,igc:18404485123095013,ig:Db9QfF-zVhz,automatic_lexical_match,https://www.instagram.com/p/Db9QfF-zVhz/c/18404485123095013
social_judgment,igc:18090136439305294,ig:DU9KqzjDH7Y,automatic_lexical_match,https://www.instagram.com/p/DU9KqzjDH7Y/c/18090136439305294
social_judgment,igc:18145871050478362,ig:Dbdnok1ttWG,automatic_lexical_match,https://www.instagram.com/p/Dbdnok1ttWG/c/18145871050478362
social_judgment,igc:18180392806411201,ig:DbEHV44MYoJ,automatic_lexical_match,https://www.instagram.com/p/DbEHV44MYoJ/c/18180392806411201
social_judgment,igc:17982920319013327,ig:DaT5VIfs6Sq,automatic_lexical_match,https://www.instagram.com/p/DaT5VIfs6Sq/c/17982920319013327
social_judgment,igc:17906052618449011,ig:DaT5VIfs6Sq,automatic_lexical_match,https://www.instagram.com/p/DaT5VIfs6Sq/c/17906052618449011
social_judgment,igc:17895139593487442,ig:DaT5VIfs6Sq,automatic_lexical_match,https://www.instagram.com/p/DaT5VIfs6Sq/c/17895139593487442
social_judgment,igc:18000373259966402,ig:DDXIojFNwC4,automatic_lexical_match,https://www.instagram.com/p/DDXIojFNwC4/c/18000373259966402
social_judgment,igc:18085326587174115,ig:DDXIojFNwC4,automatic_lexical_match,https://www.instagram.com/p/DDXIojFNwC4/c/18085326587174115
social_judgment,igc:17945354520319204,ig:DcRsKHHBW45,automatic_lexical_match,https://www.instagram.com/p/DcRsKHHBW45/c/17945354520319204
social_judgment,igc:18156447925504459,ig:DcRsKHHBW45,automatic_lexical_match,https://www.instagram.com/p/DcRsKHHBW45/c/18156447925504459
social_judgment,igc:18039954542815742,ig:DYwfKoko68c,automatic_lexical_match,https://www.instagram.com/p/DYwfKoko68c/c/18039954542815742
social_judgment,igc:18120589519870408,ig:DYwfKoko68c,automatic_lexical_match,https://www.instagram.com/p/DYwfKoko68c/c/18120589519870408
social_judgment,igc:18009364880746712,ig:DbIhkWAMEWB,automatic_lexical_match,https://www.instagram.com/p/DbIhkWAMEWB/c/18009364880746712
social_judgment,igc:17899160673376825,ig:Da8Z4g3MwcJ,automatic_lexical_match,https://www.instagram.com/p/Da8Z4g3MwcJ/c/17899160673376825
social_judgment,igc:17940224330949156,ig:DPHU8A_D5Xt,automatic_lexical_match,https://www.instagram.com/p/DPHU8A_D5Xt/c/17940224330949156
social_judgment,igc:18124655014726918,ig:DZf-NuYgpG-,automatic_lexical_match,https://www.instagram.com/p/DZf-NuYgpG-/c/18124655014726918
social_judgment,igc:18585355429034335,ig:DXl_DTBDdWj,automatic_lexical_match,https://www.instagram.com/p/DXl_DTBDdWj/c/18585355429034335
social_judgment,igc:18225119563328414,ig:DZmq1zHAIp-,automatic_lexical_match,https://www.instagram.com/p/DZmq1zHAIp-/c/18225119563328414
social_judgment,igc:18099797936374926,ig:DcRsKHHBW45,automatic_lexical_match,https://www.instagram.com/p/DcRsKHHBW45/c/18099797936374926
social_judgment,igc:17954395404256304,ig:DcRsKHHBW45,automatic_lexical_match,https://www.instagram.com/p/DcRsKHHBW45/c/17954395404256304
social_judgment,igc:18071022524388051,ig:DHvgPHWqmW2,automatic_lexical_match,https://www.instagram.com/p/DHvgPHWqmW2/c/18071022524388051
social_judgment,igc:18108809275965810,ig:Da0XTTfhZxa,automatic_lexical_match,https://www.instagram.com/p/Da0XTTfhZxa/c/18108809275965810
social_judgment,igc:18103051808014147,ig:DZf-NuYgpG-,automatic_lexical_match,https://www.instagram.com/p/DZf-NuYgpG-/c/18103051808014147
social_judgment,igc:18109151405027361,ig:Dbdnok1ttWG,automatic_lexical_match,https://www.instagram.com/p/Dbdnok1ttWG/c/18109151405027361
social_judgment,igc:18136315231626125,ig:Da8Z4g3MwcJ,automatic_lexical_match,https://www.instagram.com/p/Da8Z4g3MwcJ/c/18136315231626125
social_judgment,igc:17881903854663404,ig:DZf-NuYgpG-,automatic_lexical_match,https://www.instagram.com/p/DZf-NuYgpG-/c/17881903854663404
social_judgment,igc:18115026143472547,ig:Db94oszt8Xt,automatic_lexical_match,https://www.instagram.com/p/Db94oszt8Xt/c/18115026143472547
social_judgment,igc:18121551274870241,ig:DcJd0Y5AGgb,automatic_lexical_match,https://www.instagram.com/p/DcJd0Y5AGgb/c/18121551274870241
social_judgment,igc:18242167360313765,ig:DbZVk6fg-RU,automatic_lexical_match,https://www.instagram.com/p/DbZVk6fg-RU/c/18242167360313765
social_judgment,igc:17916025500451030,ig:DcRsKHHBW45,automatic_lexical_match,https://www.instagram.com/p/DcRsKHHBW45/c/17916025500451030
social_judgment,igc:18083175116549723,ig:DZmq1zHAIp-,automatic_lexical_match,https://www.instagram.com/p/DZmq1zHAIp-/c/18083175116549723
social_judgment,igc:17978885547004369,ig:Dc85VrJxehB,automatic_lexical_match,https://www.instagram.com/p/Dc85VrJxehB/c/17978885547004369
social_judgment,igc:17853588525679767,ig:DYU6BvfAVmQ,automatic_lexical_match,https://www.instagram.com/p/DYU6BvfAVmQ/c/17853588525679767
social_judgment,igc:18082466561406899,ig:DYU6BvfAVmQ,automatic_lexical_match,https://www.instagram.com/p/DYU6BvfAVmQ/c/18082466561406899
social_judgment,igc:17908210176450081,ig:DYU6BvfAVmQ,automatic_lexical_match,https://www.instagram.com/p/DYU6BvfAVmQ/c/17908210176450081
social_judgment,igc:17995654784957050,ig:DYU6BvfAVmQ,automatic_lexical_match,https://www.instagram.com/p/DYU6BvfAVmQ/c/17995654784957050
social_judgment,igc:17979245055102654,ig:Dah9EpQsKIZ,automatic_lexical_match,https://www.instagram.com/p/Dah9EpQsKIZ/c/17979245055102654
social_judgment,igc:18160904386487212,ig:DcaSvauA5KA,automatic_lexical_match,https://www.instagram.com/p/DcaSvauA5KA/c/18160904386487212
social_judgment,igc:18108030902181793,ig:DcMeCLRsyaD,automatic_lexical_match,https://www.instagram.com/p/DcMeCLRsyaD/c/18108030902181793
social_judgment,igc:18067350860739339,ig:DcMeCLRsyaD,automatic_lexical_match,https://www.instagram.com/p/DcMeCLRsyaD/c/18067350860739339
social_judgment,igc:18100138577105891,ig:DcMeCLRsyaD,automatic_lexical_match,https://www.instagram.com/p/DcMeCLRsyaD/c/18100138577105891
social_judgment,igc:18115017263050243,ig:DcRsKHHBW45,automatic_lexical_match,https://www.instagram.com/p/DcRsKHHBW45/c/18115017263050243
social_judgment,igc:18122613505895188,ig:DcRsKHHBW45,automatic_lexical_match,https://www.instagram.com/p/DcRsKHHBW45/c/18122613505895188
social_judgment,igc:17927367975409455,ig:DcRsKHHBW45,automatic_lexical_match,https://www.instagram.com/p/DcRsKHHBW45/c/17927367975409455
social_judgment,igc:18095247533563003,ig:Da8Z4g3MwcJ,automatic_lexical_match,https://www.instagram.com/p/Da8Z4g3MwcJ/c/18095247533563003
social_judgment,igc:18135863656589650,ig:DW5CM72iBZF,automatic_lexical_match,https://www.instagram.com/p/DW5CM72iBZF/c/18135863656589650
social_judgment,igc:17865361545625558,ig:DYXpZTYMt0W,automatic_lexical_match,https://www.instagram.com/p/DYXpZTYMt0W/c/17865361545625558
social_judgment,igc:17918390817166653,ig:DYU6BvfAVmQ,automatic_lexical_match,https://www.instagram.com/p/DYU6BvfAVmQ/c/17918390817166653
social_judgment,igc:18020839295671518,ig:DYU6BvfAVmQ,automatic_lexical_match,https://www.instagram.com/p/DYU6BvfAVmQ/c/18020839295671518
social_judgment,igc:17873736477612842,ig:DYU6BvfAVmQ,automatic_lexical_match,https://www.instagram.com/p/DYU6BvfAVmQ/c/17873736477612842
social_judgment,igc:18105422699495217,ig:DWWdXh7Ebjz,automatic_lexical_match,https://www.instagram.com/p/DWWdXh7Ebjz/c/18105422699495217
social_judgment,igc:18098479066882117,ig:DYU6BvfAVmQ,automatic_lexical_match,https://www.instagram.com/p/DYU6BvfAVmQ/c/18098479066882117
social_judgment,igc:18119378887903140,ig:DcbWhitOnk7,automatic_lexical_match,https://www.instagram.com/p/DcbWhitOnk7/c/18119378887903140
social_judgment,igc:18373327843230716,ig:DXW4_WnCCzi,automatic_lexical_match,https://www.instagram.com/p/DXW4_WnCCzi/c/18373327843230716
social_judgment,igc:18074678417228219,ig:DXW4_WnCCzi,automatic_lexical_match,https://www.instagram.com/p/DXW4_WnCCzi/c/18074678417228219
social_judgment,igc:18020997371926113,ig:DcRsKHHBW45,automatic_lexical_match,https://www.instagram.com/p/DcRsKHHBW45/c/18020997371926113
social_judgment,igc:17899347555375407,ig:DcRsKHHBW45,automatic_lexical_match,https://www.instagram.com/p/DcRsKHHBW45/c/17899347555375407
social_judgment,igc:18069172085739838,ig:DbNghyXMTzl,automatic_lexical_match,https://www.instagram.com/p/DbNghyXMTzl/c/18069172085739838
social_judgment,igc:18019701629712284,ig:DbNghyXMTzl,automatic_lexical_match,https://www.instagram.com/p/DbNghyXMTzl/c/18019701629712284
social_judgment,igc:17995638887817560,ig:DbNghyXMTzl,automatic_lexical_match,https://www.instagram.com/p/DbNghyXMTzl/c/17995638887817560
social_judgment,igc:18337203622284147,ig:DbNghyXMTzl,automatic_lexical_match,https://www.instagram.com/p/DbNghyXMTzl/c/18337203622284147
social_judgment,igc:18061446031869606,ig:C6tk06ngawl,automatic_lexical_match,https://www.instagram.com/p/C6tk06ngawl/c/18061446031869606
social_judgment,igc:18108527378040394,ig:DcluoTsM_lV,automatic_lexical_match,https://www.instagram.com/p/DcluoTsM_lV/c/18108527378040394
social_judgment,igc:17873435562572880,ig:DbNghyXMTzl,automatic_lexical_match,https://www.instagram.com/p/DbNghyXMTzl/c/17873435562572880
social_judgment,igc:18469944667117836,ig:DbNghyXMTzl,automatic_lexical_match,https://www.instagram.com/p/DbNghyXMTzl/c/18469944667117836
social_judgment,igc:18105287368899667,ig:DbNghyXMTzl,automatic_lexical_match,https://www.instagram.com/p/DbNghyXMTzl/c/18105287368899667
social_judgment,igc:18105723575148005,ig:DbNghyXMTzl,automatic_lexical_match,https://www.instagram.com/p/DbNghyXMTzl/c/18105723575148005
social_judgment,igc:18322167820263488,ig:DZpphJ8sdwB,automatic_lexical_match,https://www.instagram.com/p/DZpphJ8sdwB/c/18322167820263488
social_judgment,igc:18134398585620968,ig:DcluoTsM_lV,automatic_lexical_match,https://www.instagram.com/p/DcluoTsM_lV/c/18134398585620968
social_judgment,igc:17930389269122633,ig:DZpphJ8sdwB,automatic_lexical_match,https://www.instagram.com/p/DZpphJ8sdwB/c/17930389269122633
social_judgment,igc:18092075909533144,ig:DZpphJ8sdwB,automatic_lexical_match,https://www.instagram.com/p/DZpphJ8sdwB/c/18092075909533144
social_judgment,igc:17908736892428237,ig:DaLPP4XsxGe,automatic_lexical_match,https://www.instagram.com/p/DaLPP4XsxGe/c/17908736892428237
social_judgment,igc:17889942102462397,ig:DW5CM72iBZF,automatic_lexical_match,https://www.instagram.com/p/DW5CM72iBZF/c/17889942102462397
social_judgment,igc:17903166438482499,ig:DbNghyXMTzl,automatic_lexical_match,https://www.instagram.com/p/DbNghyXMTzl/c/17903166438482499
social_judgment,igc:18141367480549822,ig:DbNghyXMTzl,automatic_lexical_match,https://www.instagram.com/p/DbNghyXMTzl/c/18141367480549822
social_judgment,igc:18615367936021639,ig:Dcq__agouAR,automatic_lexical_match,https://www.instagram.com/p/Dcq__agouAR/c/18615367936021639
social_judgment,igc:18275954896289560,ig:DbNghyXMTzl,automatic_lexical_match,https://www.instagram.com/p/DbNghyXMTzl/c/18275954896289560
social_judgment,igc:17879328282414720,ig:DW5CM72iBZF,automatic_lexical_match,https://www.instagram.com/p/DW5CM72iBZF/c/17879328282414720
social_judgment,igc:17905892319488942,ig:Dc2_9ydS0x1,automatic_lexical_match,https://www.instagram.com/p/Dc2_9ydS0x1/c/17905892319488942
social_judgment,igc:18121204331502305,ig:DbNghyXMTzl,automatic_lexical_match,https://www.instagram.com/p/DbNghyXMTzl/c/18121204331502305
social_judgment,igc:18060425150602045,ig:DbNghyXMTzl,automatic_lexical_match,https://www.instagram.com/p/DbNghyXMTzl/c/18060425150602045
social_judgment,igc:18070735346476108,ig:DbNghyXMTzl,automatic_lexical_match,https://www.instagram.com/p/DbNghyXMTzl/c/18070735346476108
social_judgment,igc:17905809030323950,ig:DQ4SzAXAPfT,automatic_lexical_match,https://www.instagram.com/p/DQ4SzAXAPfT/c/17905809030323950
social_judgment,igc:18118915423895157,ig:Dai_VLvz_X3,automatic_lexical_match,https://www.instagram.com/p/Dai_VLvz_X3/c/18118915423895157
social_judgment,ttc:7668086579609928456,tt:7668001244018986273,automatic_lexical_match,https://www.tiktok.com/@spiritual.materialist/video/7668001244018986273
social_judgment,ttc:7668351854175077142,tt:7668001244018986273,automatic_lexical_match,https://www.tiktok.com/@spiritual.materialist/video/7668001244018986273
social_judgment,ttc:7671931240924971794,tt:7668001244018986273,automatic_lexical_match,https://www.tiktok.com/@spiritual.materialist/video/7668001244018986273
social_judgment,ttc:7668054569214493473,tt:7668001244018986273,automatic_lexical_match,https://www.tiktok.com/@spiritual.materialist/video/7668001244018986273
social_judgment,ttc:7668148398453457678,tt:7668001244018986273,automatic_lexical_match,https://www.tiktok.com/@spiritual.materialist/video/7668001244018986273
social_judgment,ttc:7668711080668431135,tt:7668001244018986273,automatic_lexical_match,https://www.tiktok.com/@spiritual.materialist/video/7668001244018986273
social_judgment,igc:18121058590563961,ig:DFQvIehKmjm,automatic_lexical_match,https://www.instagram.com/p/DFQvIehKmjm/c/18121058590563961
social_judgment,igc:18353661622154387,ig:DKzkvhDq8Pt,automatic_lexical_match,https://www.instagram.com/p/DKzkvhDq8Pt/c/18353661622154387
social_judgment,igc:18093042839232384,ig:DUzgCcTE6zD,automatic_lexical_match,https://www.instagram.com/p/DUzgCcTE6zD/c/18093042839232384
social_judgment,igc:18199472929339621,ig:DUzgCcTE6zD,automatic_lexical_match,https://www.instagram.com/p/DUzgCcTE6zD/c/18199472929339621
social_judgment,igc:18077646119589526,ig:DHcHZwpyvme,automatic_lexical_match,https://www.instagram.com/p/DHcHZwpyvme/c/18077646119589526
social_judgment,igc:18035770880565577,ig:DUzgCcTE6zD,automatic_lexical_match,https://www.instagram.com/p/DUzgCcTE6zD/c/18035770880565577
social_judgment,igc:18069294923208502,ig:DUzgCcTE6zD,automatic_lexical_match,https://www.instagram.com/p/DUzgCcTE6zD/c/18069294923208502
social_judgment,igc:17949510998584229,ig:CpK_T9GqZ3b,automatic_lexical_match,https://www.instagram.com/p/CpK_T9GqZ3b/c/17949510998584229
social_judgment,igc:18106243388018427,ig:DZ5YybMyYZp,automatic_lexical_match,https://www.instagram.com/p/DZ5YybMyYZp/c/18106243388018427
social_judgment,igc:18422788924138696,ig:DUzgCcTE6zD,automatic_lexical_match,https://www.instagram.com/p/DUzgCcTE6zD/c/18422788924138696
social_judgment,igc:18221064493310572,ig:DUzgCcTE6zD,automatic_lexical_match,https://www.instagram.com/p/DUzgCcTE6zD/c/18221064493310572
social_judgment,igc:17941822098115473,ig:DUzgCcTE6zD,automatic_lexical_match,https://www.instagram.com/p/DUzgCcTE6zD/c/17941822098115473
social_judgment,igc:18085907974937825,ig:DUzgCcTE6zD,automatic_lexical_match,https://www.instagram.com/p/DUzgCcTE6zD/c/18085907974937825
social_judgment,igc:18021343988804374,ig:DUzgCcTE6zD,automatic_lexical_match,https://www.instagram.com/p/DUzgCcTE6zD/c/18021343988804374
social_judgment,igc:18098191345936000,ig:DUzgCcTE6zD,automatic_lexical_match,https://www.instagram.com/p/DUzgCcTE6zD/c/18098191345936000
social_judgment,igc:18073466468387092,ig:DUzgCcTE6zD,automatic_lexical_match,https://www.instagram.com/p/DUzgCcTE6zD/c/18073466468387092
social_judgment,igc:17851429728631132,ig:DUzgCcTE6zD,automatic_lexical_match,https://www.instagram.com/p/DUzgCcTE6zD/c/17851429728631132
social_judgment,igc:18119541577593811,ig:DUzgCcTE6zD,automatic_lexical_match,https://www.instagram.com/p/DUzgCcTE6zD/c/18119541577593811
social_judgment,igc:17936057940018081,ig:DUzgCcTE6zD,automatic_lexical_match,https://www.instagram.com/p/DUzgCcTE6zD/c/17936057940018081
social_judgment,igc:17997071276872189,ig:DUzgCcTE6zD,automatic_lexical_match,https://www.instagram.com/p/DUzgCcTE6zD/c/17997071276872189
social_judgment,igc:18036556469334732,ig:DHn-pONT1xi,automatic_lexical_match,https://www.instagram.com/p/DHn-pONT1xi/c/18036556469334732
social_judgment,ttc:7672939500633342738,tt:7672790276276079903,automatic_lexical_match,https://www.tiktok.com/@imjustbarbs/video/7672790276276079903
social_judgment,ttc:7673090628309975815,tt:7672790276276079903,automatic_lexical_match,https://www.tiktok.com/@imjustbarbs/video/7672790276276079903
social_judgment,ttc:7218366797740671752,tt:7218302653489483051,automatic_lexical_match,https://www.tiktok.com/@steffieinthecity/video/7218302653489483051
social_judgment,ttc:7534869709418677048,tt:7534663719683427606,automatic_lexical_match,https://www.tiktok.com/@blenin38/video/7534663719683427606
social_judgment,ttc:7654693359097643794,tt:7493277078276640031,automatic_lexical_match,https://www.tiktok.com/@steffieinthecity/video/7493277078276640031
social_judgment,ttc:7589351293567959838,tt:7589057437001420062,automatic_lexical_match,https://www.tiktok.com/@hothealthywealthyandwise/video/7589057437001420062
social_judgment,ttc:7684365870017774366,tt:7666956616465435918,automatic_lexical_match,https://www.tiktok.com/@kyraboesiger/video/7666956616465435918
social_judgment,ttc:7652159565022397198,tt:7649444253394947342,automatic_lexical_match,https://www.tiktok.com/@bryannawozniak/video/7649444253394947342
social_judgment,ttc:7665915046391923469,tt:7649444253394947342,automatic_lexical_match,https://www.tiktok.com/@bryannawozniak/video/7649444253394947342
social_judgment,ttc:7661383105873396513,tt:7661349233068346646,automatic_lexical_match,https://www.tiktok.com/@heightandhustle/video/7661349233068346646
social_judgment,ttc:7681815123162809102,tt:7681030709988969741,automatic_lexical_match,https://www.tiktok.com/@johnathan.guo/video/7681030709988969741
social_judgment,ttc:7673289753433539358,tt:7672086495074749728,automatic_lexical_match,https://www.tiktok.com/@yevtopyer/video/7672086495074749728
social_judgment,ttc:7674114972154086152,tt:7662002150159125762,automatic_lexical_match,https://www.tiktok.com/@aliceinparisofficial/video/7662002150159125762
social_judgment,ttc:7232333931953521434,tt:7218302653489483051,automatic_lexical_match,https://www.tiktok.com/@steffieinthecity/video/7218302653489483051
social_judgment,ttc:7621290656824689430,tt:7620834527749033238,automatic_lexical_match,https://www.tiktok.com/@lucyhitchcock/video/7620834527749033238
social_judgment,ttc:7569065568817709837,tt:7540062054619647263,automatic_lexical_match,https://www.tiktok.com/@shopwithevette/video/7540062054619647263
social_judgment,ttc:7662115074710094600,tt:7661349233068346646,automatic_lexical_match,https://www.tiktok.com/@heightandhustle/video/7661349233068346646
social_judgment,ttc:7621315241557820182,tt:7620834527749033238,automatic_lexical_match,https://www.tiktok.com/@lucyhitchcock/video/7620834527749033238
social_judgment,ttc:7635026517017346846,tt:7620834527749033238,automatic_lexical_match,https://www.tiktok.com/@lucyhitchcock/video/7620834527749033238
social_judgment,ttc:7652838028251906829,tt:7652379521559137566,automatic_lexical_match,https://www.tiktok.com/@imjustbarbs/video/7652379521559137566
social_judgment,ttc:7652812917297431299,tt:7652379521559137566,automatic_lexical_match,https://www.tiktok.com/@imjustbarbs/video/7652379521559137566
social_judgment,igc:17941296573312091,ig:DcO9QzOoKXs,automatic_lexical_match,https://www.instagram.com/p/DcO9QzOoKXs/c/17941296573312091
social_judgment,igc:18131328376650292,ig:DYeoiNrMrKp,automatic_lexical_match,https://www.instagram.com/p/DYeoiNrMrKp/c/18131328376650292
social_judgment,igc:17947016544145897,ig:DVw2w0gjiW8,automatic_lexical_match,https://www.instagram.com/p/DVw2w0gjiW8/c/17947016544145897
social_judgment,igc:18141811603576458,ig:Dc0_95Ust3q,automatic_lexical_match,https://www.instagram.com/p/Dc0_95Ust3q/c/18141811603576458
social_judgment,igc:17997488354810314,ig:Dc0_95Ust3q,automatic_lexical_match,https://www.instagram.com/p/Dc0_95Ust3q/c/17997488354810314
social_judgment,ttc:7670604594879447809,tt:7670290170209438989,automatic_lexical_match,https://www.tiktok.com/@jessicanlinn/video/7670290170209438989
social_judgment,ttc:7677015615517999886,tt:7676869158180572438,automatic_lexical_match,https://www.tiktok.com/@iamsaraouardi/video/7676869158180572438
social_judgment,ttc:7563699958391341855,tt:7555972915817237773,automatic_lexical_match,https://www.tiktok.com/@skyleranneolson/video/7555972915817237773
social_judgment,ttc:7652829932364677902,tt:7652535489613909262,automatic_lexical_match,https://www.tiktok.com/@drews_view22/video/7652535489613909262
social_judgment,ttc:7660193647883469599,tt:7519185501526543647,automatic_lexical_match,https://www.tiktok.com/@selfmade8999/video/7519185501526543647
social_judgment,ttc:7412181679374172960,tt:7412155936476826913,automatic_lexical_match,https://www.tiktok.com/@gabriellaluxurymum/video/7412155936476826913
social_judgment,ttc:7445234745766036257,tt:7412155936476826913,automatic_lexical_match,https://www.tiktok.com/@gabriellaluxurymum/video/7412155936476826913
social_judgment,ttc:7412194315184915232,tt:7412155936476826913,automatic_lexical_match,https://www.tiktok.com/@gabriellaluxurymum/video/7412155936476826913
social_judgment,ttc:7412269854823400224,tt:7412155936476826913,automatic_lexical_match,https://www.tiktok.com/@gabriellaluxurymum/video/7412155936476826913
social_judgment,ttc:7660969021072032542,tt:7660723867878493454,automatic_lexical_match,https://www.tiktok.com/@flippingfarrell/video/7660723867878493454
social_judgment,ttc:7660965424758817566,tt:7660723867878493454,automatic_lexical_match,https://www.tiktok.com/@flippingfarrell/video/7660723867878493454
social_judgment,ttc:7661061223761068831,tt:7660723867878493454,automatic_lexical_match,https://www.tiktok.com/@flippingfarrell/video/7660723867878493454
social_judgment,ttc:7682868100076962582,tt:7682857812308790550,automatic_lexical_match,https://www.tiktok.com/@josayzso/video/7682857812308790550
social_judgment,ttc:7682858618996245270,tt:7682857812308790550,automatic_lexical_match,https://www.tiktok.com/@josayzso/video/7682857812308790550
social_judgment,ttc:7556679603277546271,tt:7555972915817237773,automatic_lexical_match,https://www.tiktok.com/@skyleranneolson/video/7555972915817237773
social_judgment,ttc:7527356445621404429,tt:7527006509264276766,automatic_lexical_match,https://www.tiktok.com/@michelletimestwo/video/7527006509264276766
social_judgment,ttc:7661045792119849759,tt:7660723867878493454,automatic_lexical_match,https://www.tiktok.com/@flippingfarrell/video/7660723867878493454
social_judgment,ttc:7412196246311748385,tt:7412155936476826913,automatic_lexical_match,https://www.tiktok.com/@gabriellaluxurymum/video/7412155936476826913
social_judgment,ttc:7660940367462826782,tt:7660723867878493454,automatic_lexical_match,https://www.tiktok.com/@flippingfarrell/video/7660723867878493454
social_judgment,ttc:7662075303653819167,tt:7660723867878493454,automatic_lexical_match,https://www.tiktok.com/@flippingfarrell/video/7660723867878493454
social_judgment,ttc:7660804698451411726,tt:7660723867878493454,automatic_lexical_match,https://www.tiktok.com/@flippingfarrell/video/7660723867878493454
social_judgment,ttc:7661003362435597086,tt:7660723867878493454,automatic_lexical_match,https://www.tiktok.com/@flippingfarrell/video/7660723867878493454
social_judgment,ttc:7660958884522492686,tt:7660723867878493454,automatic_lexical_match,https://www.tiktok.com/@flippingfarrell/video/7660723867878493454
social_judgment,ttc:7661085110040609549,tt:7660723867878493454,automatic_lexical_match,https://www.tiktok.com/@flippingfarrell/video/7660723867878493454
social_judgment,igc:18056113952461808,ig:DVq8AlADT9e,automatic_lexical_match,https://www.instagram.com/p/DVq8AlADT9e/
social_judgment,igc:17886503949612368,ig:DcEYnzZsxCL,automatic_lexical_match,https://www.instagram.com/p/DcEYnzZsxCL/
social_judgment,igc:17885236476667272,ig:Daltv8PhsXS,automatic_lexical_match,https://www.instagram.com/p/Daltv8PhsXS/
social_judgment,igc:18210946930348368,ig:DcY56GyuseW,automatic_lexical_match,https://www.instagram.com/p/DcY56GyuseW/
social_judgment,igc:18007255382975369,ig:DcY56GyuseW,automatic_lexical_match,https://www.instagram.com/p/DcY56GyuseW/
social_judgment,igc:18109694084092488,ig:DbyzTSQPAbz,automatic_lexical_match,https://www.instagram.com/p/DbyzTSQPAbz/
social_judgment,igc:18140182459514057,ig:DavUaDHuMxX,automatic_lexical_match,https://www.instagram.com/p/DavUaDHuMxX/
social_judgment,igc:18104274215225181,ig:DcKi1vUzmJ7,automatic_lexical_match,https://www.instagram.com/p/DcKi1vUzmJ7/
markup_skepticism,igc:17899750635540522,ig:DYPRepaNGq3,analyst_inspected_anchor,https://www.instagram.com/p/DYPRepaNGq3/c/17899750635540522
markup_skepticism,ttc:7661758476116542211,tt:7661349233068346646,analyst_inspected_anchor,https://www.tiktok.com/@heightandhustle/video/7661349233068346646
markup_skepticism,ttc:7527013022997725983,tt:7527006509264276766,analyst_inspected_anchor,https://www.tiktok.com/@michelletimestwo/video/7527006509264276766
markup_skepticism,igc:18018920498874792,ig:Dax4VNvKxnZ,automatic_lexical_match,https://www.instagram.com/p/Dax4VNvKxnZ/c/18018920498874792
markup_skepticism,igc:17993474735831183,ig:DR1QtjoAEn-,automatic_lexical_match,https://www.instagram.com/p/DR1QtjoAEn-/c/17993474735831183
markup_skepticism,igc:18022291688917382,ig:DSWB_i_ALqB,automatic_lexical_match,https://www.instagram.com/p/DSWB_i_ALqB/c/18022291688917382
markup_skepticism,igc:17905472859321146,ig:DSWB_i_ALqB,automatic_lexical_match,https://www.instagram.com/p/DSWB_i_ALqB/c/17905472859321146
markup_skepticism,igc:17993457099040453,ig:DSWB_i_ALqB,automatic_lexical_match,https://www.instagram.com/p/DSWB_i_ALqB/c/17993457099040453
markup_skepticism,igc:18621182797015673,ig:DSWB_i_ALqB,automatic_lexical_match,https://www.instagram.com/p/DSWB_i_ALqB/c/18621182797015673
markup_skepticism,igc:17899750635540522,ig:DYPRepaNGq3,automatic_lexical_match,https://www.instagram.com/p/DYPRepaNGq3/c/17899750635540522
markup_skepticism,igc:18076218800356868,ig:DR1QtjoAEn-,automatic_lexical_match,https://www.instagram.com/p/DR1QtjoAEn-/c/18076218800356868
markup_skepticism,igc:18080908976408833,ig:DR1QtjoAEn-,automatic_lexical_match,https://www.instagram.com/p/DR1QtjoAEn-/c/18080908976408833
markup_skepticism,igc:18054542318526820,ig:DafssF9IRyI,automatic_lexical_match,https://www.instagram.com/p/DafssF9IRyI/c/18054542318526820
markup_skepticism,igc:17932731117124965,ig:DSWB_i_ALqB,automatic_lexical_match,https://www.instagram.com/p/DSWB_i_ALqB/c/17932731117124965
markup_skepticism,igc:18108364598023201,ig:DSWB_i_ALqB,automatic_lexical_match,https://www.instagram.com/p/DSWB_i_ALqB/c/18108364598023201
markup_skepticism,igc:17956292889079101,ig:DR1QtjoAEn-,automatic_lexical_match,https://www.instagram.com/p/DR1QtjoAEn-/c/17956292889079101
markup_skepticism,igc:17908674348452849,ig:DR1QtjoAEn-,automatic_lexical_match,https://www.instagram.com/p/DR1QtjoAEn-/c/17908674348452849
markup_skepticism,igc:18098214806461530,ig:DR1QtjoAEn-,automatic_lexical_match,https://www.instagram.com/p/DR1QtjoAEn-/c/18098214806461530
markup_skepticism,igc:18166656922403095,ig:DSWB_i_ALqB,automatic_lexical_match,https://www.instagram.com/p/DSWB_i_ALqB/c/18166656922403095
markup_skepticism,igc:18126623824668151,ig:DSWB_i_ALqB,automatic_lexical_match,https://www.instagram.com/p/DSWB_i_ALqB/c/18126623824668151
markup_skepticism,igc:18350244115168385,ig:DSWB_i_ALqB,automatic_lexical_match,https://www.instagram.com/p/DSWB_i_ALqB/c/18350244115168385
markup_skepticism,igc:18116625563316683,ig:DZ3oWtBlJFz,automatic_lexical_match,https://www.instagram.com/p/DZ3oWtBlJFz/c/18116625563316683
markup_skepticism,igc:18126179932877692,ig:Db8yT45gqOr,automatic_lexical_match,https://www.instagram.com/p/Db8yT45gqOr/c/18126179932877692
markup_skepticism,igc:17895036582563811,ig:DSWB_i_ALqB,automatic_lexical_match,https://www.instagram.com/p/DSWB_i_ALqB/c/17895036582563811
markup_skepticism,igc:18114380269997116,ig:Dcq__agouAR,automatic_lexical_match,https://www.instagram.com/p/Dcq__agouAR/c/18114380269997116
markup_skepticism,igc:18022235234851395,ig:DSWB_i_ALqB,automatic_lexical_match,https://www.instagram.com/p/DSWB_i_ALqB/c/18022235234851395
markup_skepticism,igc:18084087620254240,ig:DSWB_i_ALqB,automatic_lexical_match,https://www.instagram.com/p/DSWB_i_ALqB/c/18084087620254240
markup_skepticism,igc:17914982730225851,ig:DSWB_i_ALqB,automatic_lexical_match,https://www.instagram.com/p/DSWB_i_ALqB/c/17914982730225851
markup_skepticism,igc:17890717584595301,ig:DSWB_i_ALqB,automatic_lexical_match,https://www.instagram.com/p/DSWB_i_ALqB/c/17890717584595301
markup_skepticism,igc:18114321833006180,ig:Dcgl2JFNPPf,automatic_lexical_match,https://www.instagram.com/p/Dcgl2JFNPPf/c/18114321833006180
markup_skepticism,igc:18340040716250586,ig:Dcq__agouAR,automatic_lexical_match,https://www.instagram.com/p/Dcq__agouAR/c/18340040716250586
markup_skepticism,igc:18064174748734031,ig:DX93093O4y2,automatic_lexical_match,https://www.instagram.com/p/DX93093O4y2/c/18064174748734031
markup_skepticism,igc:18008400368980941,ig:Dcq__agouAR,automatic_lexical_match,https://www.instagram.com/p/Dcq__agouAR/c/18008400368980941
markup_skepticism,igc:18145428301459713,ig:DHn-pONT1xi,automatic_lexical_match,https://www.instagram.com/p/DHn-pONT1xi/c/18145428301459713
markup_skepticism,igc:18067440953376992,ig:DHn-pONT1xi,automatic_lexical_match,https://www.instagram.com/p/DHn-pONT1xi/c/18067440953376992
markup_skepticism,igc:18113682049712099,ig:DUzgCcTE6zD,automatic_lexical_match,https://www.instagram.com/p/DUzgCcTE6zD/c/18113682049712099
markup_skepticism,ttc:7589368586050421517,tt:7589057437001420062,automatic_lexical_match,https://www.tiktok.com/@hothealthywealthyandwise/video/7589057437001420062
markup_skepticism,ttc:7652159565022397198,tt:7649444253394947342,automatic_lexical_match,https://www.tiktok.com/@bryannawozniak/video/7649444253394947342
markup_skepticism,ttc:7661758476116542211,tt:7661349233068346646,automatic_lexical_match,https://www.tiktok.com/@heightandhustle/video/7661349233068346646
markup_skepticism,ttc:7678113853733405470,tt:7661349233068346646,automatic_lexical_match,https://www.tiktok.com/@heightandhustle/video/7661349233068346646
markup_skepticism,igc:18100611626017238,ig:DdJPm0RjYAP,automatic_lexical_match,https://www.instagram.com/p/DdJPm0RjYAP/c/18100611626017238
markup_skepticism,igc:18072963608611358,ig:DS5aU7XDv7U,automatic_lexical_match,https://www.instagram.com/p/DS5aU7XDv7U/c/18072963608611358
markup_skepticism,igc:17985426977860011,ig:DJ_994UpN_7,automatic_lexical_match,https://www.instagram.com/p/DJ_994UpN_7/c/17985426977860011
markup_skepticism,igc:18092816173792136,ig:DJ_994UpN_7,automatic_lexical_match,https://www.instagram.com/p/DJ_994UpN_7/c/18092816173792136
markup_skepticism,ttc:7671734134842065677,tt:7670290170209438989,automatic_lexical_match,https://www.tiktok.com/@jessicanlinn/video/7670290170209438989
markup_skepticism,ttc:7670632929992000257,tt:7670290170209438989,automatic_lexical_match,https://www.tiktok.com/@jessicanlinn/video/7670290170209438989
markup_skepticism,ttc:7652694398954193686,tt:7652535489613909262,automatic_lexical_match,https://www.tiktok.com/@drews_view22/video/7652535489613909262
markup_skepticism,ttc:7668288188540748566,tt:7648130942166502670,automatic_lexical_match,https://www.tiktok.com/@coach_angelbeck/video/7648130942166502670
markup_skepticism,ttc:7527221571430515487,tt:7527006509264276766,automatic_lexical_match,https://www.tiktok.com/@michelletimestwo/video/7527006509264276766
markup_skepticism,ttc:7527013022997725983,tt:7527006509264276766,automatic_lexical_match,https://www.tiktok.com/@michelletimestwo/video/7527006509264276766
markup_skepticism,ttc:7519680900478944030,tt:7519185501526543647,automatic_lexical_match,https://www.tiktok.com/@selfmade8999/video/7519185501526543647
markup_skepticism,ttc:7669129880688476959,tt:7648130942166502670,automatic_lexical_match,https://www.tiktok.com/@coach_angelbeck/video/7648130942166502670
markup_skepticism,ttc:7527328592255763213,tt:7527006509264276766,automatic_lexical_match,https://www.tiktok.com/@michelletimestwo/video/7527006509264276766
markup_skepticism,ttc:7527587377859674893,tt:7527006509264276766,automatic_lexical_match,https://www.tiktok.com/@michelletimestwo/video/7527006509264276766
markup_skepticism,ttc:7527553498126648078,tt:7527006509264276766,automatic_lexical_match,https://www.tiktok.com/@michelletimestwo/video/7527006509264276766
markup_skepticism,igc:18107844551152308,ig:DcUJ3llotgZ,automatic_lexical_match,https://www.instagram.com/p/DcUJ3llotgZ/
quality_material,ttc:7681170701168624406,tt:7681030709988969741,analyst_inspected_anchor,https://www.tiktok.com/@johnathan.guo/video/7681030709988969741
quality_material,ttc:7681369201327784735,tt:7681030709988969741,analyst_inspected_anchor,https://www.tiktok.com/@johnathan.guo/video/7681030709988969741
quality_material,igc:17880270921285909,ig:DPG9kZ5kZWk,analyst_inspected_anchor,https://www.instagram.com/p/DPG9kZ5kZWk/c/17880270921285909
quality_material,igc:17982497993861507,ig:Dax_hKCgyw-,automatic_lexical_match,https://www.instagram.com/p/Dax_hKCgyw-/c/17982497993861507
quality_material,igc:18145206514510235,ig:DY5xhWqtfYk,automatic_lexical_match,https://www.instagram.com/p/DY5xhWqtfYk/c/18145206514510235
quality_material,igc:18108917369273814,ig:DcgfD_ejl4-,automatic_lexical_match,https://www.instagram.com/p/DcgfD_ejl4-/c/18108917369273814
quality_material,igc:18130130485559412,ig:DaT5VIfs6Sq,automatic_lexical_match,https://www.instagram.com/p/DaT5VIfs6Sq/c/18130130485559412
quality_material,igc:18085326587174115,ig:DDXIojFNwC4,automatic_lexical_match,https://www.instagram.com/p/DDXIojFNwC4/c/18085326587174115
quality_material,igc:18038248265723685,ig:DPHU8A_D5Xt,automatic_lexical_match,https://www.instagram.com/p/DPHU8A_D5Xt/c/18038248265723685
quality_material,igc:17867558184641603,ig:DcljDRyKTWR,automatic_lexical_match,https://www.instagram.com/p/DcljDRyKTWR/c/17867558184641603
quality_material,igc:18136454248613468,ig:DcljDRyKTWR,automatic_lexical_match,https://www.instagram.com/p/DcljDRyKTWR/c/18136454248613468
quality_material,igc:18023620109886892,ig:DcljDRyKTWR,automatic_lexical_match,https://www.instagram.com/p/DcljDRyKTWR/c/18023620109886892
quality_material,igc:17934198906122594,ig:DcljDRyKTWR,automatic_lexical_match,https://www.instagram.com/p/DcljDRyKTWR/c/17934198906122594
quality_material,igc:17956826316076569,ig:DadwnM1hmXa,automatic_lexical_match,https://www.instagram.com/p/DadwnM1hmXa/c/17956826316076569
quality_material,igc:18114748015988707,ig:DatCxJkhVij,automatic_lexical_match,https://www.instagram.com/p/DatCxJkhVij/c/18114748015988707
quality_material,igc:17958675059997461,ig:DatCxJkhVij,automatic_lexical_match,https://www.instagram.com/p/DatCxJkhVij/c/17958675059997461
quality_material,igc:18111593693484178,ig:DDXIojFNwC4,automatic_lexical_match,https://www.instagram.com/p/DDXIojFNwC4/c/18111593693484178
quality_material,igc:18108091510794173,ig:DDXIojFNwC4,automatic_lexical_match,https://www.instagram.com/p/DDXIojFNwC4/c/18108091510794173
quality_material,igc:17996895330001446,ig:Dcl0MfxMwts,automatic_lexical_match,https://www.instagram.com/p/Dcl0MfxMwts/c/17996895330001446
quality_material,igc:17992987460814264,ig:DbIhkWAMEWB,automatic_lexical_match,https://www.instagram.com/p/DbIhkWAMEWB/c/17992987460814264
quality_material,igc:18064725941467197,ig:DZf-NuYgpG-,automatic_lexical_match,https://www.instagram.com/p/DZf-NuYgpG-/c/18064725941467197
quality_material,igc:17901301695330213,ig:DO8lWKXClxX,automatic_lexical_match,https://www.instagram.com/p/DO8lWKXClxX/c/17901301695330213
quality_material,igc:18032312927656977,ig:DU9KqzjDH7Y,automatic_lexical_match,https://www.instagram.com/p/DU9KqzjDH7Y/c/18032312927656977
quality_material,igc:18368872042158676,ig:DPG9kZ5kZWk,automatic_lexical_match,https://www.instagram.com/p/DPG9kZ5kZWk/c/18368872042158676
quality_material,igc:17880270921285909,ig:DPG9kZ5kZWk,automatic_lexical_match,https://www.instagram.com/p/DPG9kZ5kZWk/c/17880270921285909
quality_material,igc:18093023951176327,ig:DcljDRyKTWR,automatic_lexical_match,https://www.instagram.com/p/DcljDRyKTWR/c/18093023951176327
quality_material,igc:18033371678050079,ig:C7AKRw8Sy6U,automatic_lexical_match,https://www.instagram.com/p/C7AKRw8Sy6U/c/18033371678050079
quality_material,igc:17880819054074195,ig:C7AKRw8Sy6U,automatic_lexical_match,https://www.instagram.com/p/C7AKRw8Sy6U/c/17880819054074195
quality_material,igc:17947299720231364,ig:DafssF9IRyI,automatic_lexical_match,https://www.instagram.com/p/DafssF9IRyI/c/17947299720231364
quality_material,igc:17910973740363693,ig:DWoHjhDCuXh,automatic_lexical_match,https://www.instagram.com/p/DWoHjhDCuXh/c/17910973740363693
quality_material,igc:17959493852932341,ig:DWoHjhDCuXh,automatic_lexical_match,https://www.instagram.com/p/DWoHjhDCuXh/c/17959493852932341
quality_material,igc:18109345835145738,ig:DcUxPf9DjMi,automatic_lexical_match,https://www.instagram.com/p/DcUxPf9DjMi/c/18109345835145738
quality_material,igc:18112660838497092,ig:DY9scFmAKgj,automatic_lexical_match,https://www.instagram.com/p/DY9scFmAKgj/c/18112660838497092
quality_material,igc:17990548725016939,ig:DX93093O4y2,automatic_lexical_match,https://www.instagram.com/p/DX93093O4y2/c/17990548725016939
quality_material,igc:17903459223448432,ig:DYwfKoko68c,automatic_lexical_match,https://www.instagram.com/p/DYwfKoko68c/c/17903459223448432
quality_material,igc:18108694715050548,ig:DbEHV44MYoJ,automatic_lexical_match,https://www.instagram.com/p/DbEHV44MYoJ/c/18108694715050548
quality_material,igc:18076735939634588,ig:DHvgPHWqmW2,automatic_lexical_match,https://www.instagram.com/p/DHvgPHWqmW2/c/18076735939634588
quality_material,igc:18059712812626924,ig:DPG9kZ5kZWk,automatic_lexical_match,https://www.instagram.com/p/DPG9kZ5kZWk/c/18059712812626924
quality_material,igc:17862661332474688,ig:DPG9kZ5kZWk,automatic_lexical_match,https://www.instagram.com/p/DPG9kZ5kZWk/c/17862661332474688
quality_material,igc:17929187145104837,ig:DPG9kZ5kZWk,automatic_lexical_match,https://www.instagram.com/p/DPG9kZ5kZWk/c/17929187145104837
quality_material,igc:18107844326008910,ig:DafssF9IRyI,automatic_lexical_match,https://www.instagram.com/p/DafssF9IRyI/c/18107844326008910
quality_material,igc:18094518323339603,ig:DafssF9IRyI,automatic_lexical_match,https://www.instagram.com/p/DafssF9IRyI/c/18094518323339603
quality_material,igc:18072250958406868,ig:DYU6BvfAVmQ,automatic_lexical_match,https://www.instagram.com/p/DYU6BvfAVmQ/c/18072250958406868
quality_material,igc:18093310541367638,ig:DYU6BvfAVmQ,automatic_lexical_match,https://www.instagram.com/p/DYU6BvfAVmQ/c/18093310541367638
quality_material,igc:18086754607606596,ig:DHvgPHWqmW2,automatic_lexical_match,https://www.instagram.com/p/DHvgPHWqmW2/c/18086754607606596
quality_material,igc:17936892420005034,ig:DHvgPHWqmW2,automatic_lexical_match,https://www.instagram.com/p/DHvgPHWqmW2/c/17936892420005034
quality_material,igc:17919275796077258,ig:DHvgPHWqmW2,automatic_lexical_match,https://www.instagram.com/p/DHvgPHWqmW2/c/17919275796077258
quality_material,igc:17998063403770628,ig:DXuGrZxDfhJ,automatic_lexical_match,https://www.instagram.com/p/DXuGrZxDfhJ/c/17998063403770628
quality_material,igc:17872221495634134,ig:DcJd0Y5AGgb,automatic_lexical_match,https://www.instagram.com/p/DcJd0Y5AGgb/c/17872221495634134
quality_material,igc:17983974258060429,ig:DbZVk6fg-RU,automatic_lexical_match,https://www.instagram.com/p/DbZVk6fg-RU/c/17983974258060429
quality_material,igc:18019166318857552,ig:DbEHV44MYoJ,automatic_lexical_match,https://www.instagram.com/p/DbEHV44MYoJ/c/18019166318857552
quality_material,igc:18108364598023201,ig:DSWB_i_ALqB,automatic_lexical_match,https://www.instagram.com/p/DSWB_i_ALqB/c/18108364598023201
quality_material,igc:17951363328231780,ig:DZA3DR8It05,automatic_lexical_match,https://www.instagram.com/p/DZA3DR8It05/c/17951363328231780
quality_material,igc:17936361399099147,ig:DbFo_S9gMpk,automatic_lexical_match,https://www.instagram.com/p/DbFo_S9gMpk/c/17936361399099147
quality_material,igc:18099967655480796,ig:DWWdXh7Ebjz,automatic_lexical_match,https://www.instagram.com/p/DWWdXh7Ebjz/c/18099967655480796
quality_material,igc:18057213902549603,ig:DatCxJkhVij,automatic_lexical_match,https://www.instagram.com/p/DatCxJkhVij/c/18057213902549603
quality_material,igc:18166664539461130,ig:DatCxJkhVij,automatic_lexical_match,https://www.instagram.com/p/DatCxJkhVij/c/18166664539461130
quality_material,igc:18116625563316683,ig:DZ3oWtBlJFz,automatic_lexical_match,https://www.instagram.com/p/DZ3oWtBlJFz/c/18116625563316683
quality_material,igc:17938907112327580,ig:DY5xhWqtfYk,automatic_lexical_match,https://www.instagram.com/p/DY5xhWqtfYk/c/17938907112327580
quality_material,igc:18109261606777604,ig:DafssF9IRyI,automatic_lexical_match,https://www.instagram.com/p/DafssF9IRyI/c/18109261606777604
quality_material,igc:18084308741410750,ig:DYwfKoko68c,automatic_lexical_match,https://www.instagram.com/p/DYwfKoko68c/c/18084308741410750
quality_material,igc:18094656164566191,ig:Dcgl2JFNPPf,automatic_lexical_match,https://www.instagram.com/p/Dcgl2JFNPPf/c/18094656164566191
quality_material,igc:18109428337814204,ig:DbEHV44MYoJ,automatic_lexical_match,https://www.instagram.com/p/DbEHV44MYoJ/c/18109428337814204
quality_material,igc:18160133281483966,ig:DbbRz2SgFfY,automatic_lexical_match,https://www.instagram.com/p/DbbRz2SgFfY/c/18160133281483966
quality_material,igc:18461795068143366,ig:DbbRz2SgFfY,automatic_lexical_match,https://www.instagram.com/p/DbbRz2SgFfY/c/18461795068143366
quality_material,igc:17956111125218185,ig:DcRsKHHBW45,automatic_lexical_match,https://www.instagram.com/p/DcRsKHHBW45/c/17956111125218185
quality_material,igc:18148798213535890,ig:DcUxPf9DjMi,automatic_lexical_match,https://www.instagram.com/p/DcUxPf9DjMi/c/18148798213535890
quality_material,igc:18128962318666625,ig:DatCxJkhVij,automatic_lexical_match,https://www.instagram.com/p/DatCxJkhVij/c/18128962318666625
quality_material,igc:17949373989173835,ig:DYU6BvfAVmQ,automatic_lexical_match,https://www.instagram.com/p/DYU6BvfAVmQ/c/17949373989173835
quality_material,igc:18110988142688651,ig:DWWdXh7Ebjz,automatic_lexical_match,https://www.instagram.com/p/DWWdXh7Ebjz/c/18110988142688651
quality_material,igc:18121897411917728,ig:DZpphJ8sdwB,automatic_lexical_match,https://www.instagram.com/p/DZpphJ8sdwB/c/18121897411917728
quality_material,igc:18083698916700080,ig:DatCxJkhVij,automatic_lexical_match,https://www.instagram.com/p/DatCxJkhVij/c/18083698916700080
quality_material,igc:17958478704231715,ig:DatCxJkhVij,automatic_lexical_match,https://www.instagram.com/p/DatCxJkhVij/c/17958478704231715
quality_material,igc:18106443995229139,ig:DatCxJkhVij,automatic_lexical_match,https://www.instagram.com/p/DatCxJkhVij/c/18106443995229139
quality_material,igc:17879791221681481,ig:DZ3gXIzq35d,automatic_lexical_match,https://www.instagram.com/p/DZ3gXIzq35d/c/17879791221681481
quality_material,igc:18098479066882117,ig:DYU6BvfAVmQ,automatic_lexical_match,https://www.instagram.com/p/DYU6BvfAVmQ/c/18098479066882117
quality_material,igc:18072672497462825,ig:Dcgl2JFNPPf,automatic_lexical_match,https://www.instagram.com/p/Dcgl2JFNPPf/c/18072672497462825
quality_material,igc:18618766888003588,ig:Dcgl2JFNPPf,automatic_lexical_match,https://www.instagram.com/p/Dcgl2JFNPPf/c/18618766888003588
quality_material,igc:17886973170616087,ig:DbvWK7jAGj7,automatic_lexical_match,https://www.instagram.com/p/DbvWK7jAGj7/c/17886973170616087
quality_material,igc:18086877113295740,ig:DbvWK7jAGj7,automatic_lexical_match,https://www.instagram.com/p/DbvWK7jAGj7/c/18086877113295740
quality_material,igc:18126550498696910,ig:DcqPNjLOTOh,automatic_lexical_match,https://www.instagram.com/p/DcqPNjLOTOh/c/18126550498696910
quality_material,igc:18170752393448275,ig:DQ4SzAXAPfT,automatic_lexical_match,https://www.instagram.com/p/DQ4SzAXAPfT/c/18170752393448275
quality_material,igc:18109815634995769,ig:DZpphJ8sdwB,automatic_lexical_match,https://www.instagram.com/p/DZpphJ8sdwB/c/18109815634995769
quality_material,igc:18110353594861238,ig:DbNghyXMTzl,automatic_lexical_match,https://www.instagram.com/p/DbNghyXMTzl/c/18110353594861238
quality_material,igc:18104017988188293,ig:DcluoTsM_lV,automatic_lexical_match,https://www.instagram.com/p/DcluoTsM_lV/c/18104017988188293
quality_material,igc:17912595375261836,ig:Dbdnok1ttWG,automatic_lexical_match,https://www.instagram.com/p/Dbdnok1ttWG/c/17912595375261836
quality_material,igc:18121418240480346,ig:DcqPNjLOTOh,automatic_lexical_match,https://www.instagram.com/p/DcqPNjLOTOh/c/18121418240480346
quality_material,igc:18115314133852081,ig:Dagg5MRz8eF,automatic_lexical_match,https://www.instagram.com/p/Dagg5MRz8eF/c/18115314133852081
quality_material,igc:18146275873543105,ig:DcluoTsM_lV,automatic_lexical_match,https://www.instagram.com/p/DcluoTsM_lV/c/18146275873543105
quality_material,igc:18104637181908675,ig:DcbWhitOnk7,automatic_lexical_match,https://www.instagram.com/p/DcbWhitOnk7/c/18104637181908675
quality_material,igc:18025389227284231,ig:C7AKRw8Sy6U,automatic_lexical_match,https://www.instagram.com/p/C7AKRw8Sy6U/c/18025389227284231
quality_material,igc:18355307455236933,ig:DYU6BvfAVmQ,automatic_lexical_match,https://www.instagram.com/p/DYU6BvfAVmQ/c/18355307455236933
quality_material,igc:17869631727597045,ig:DcbWhitOnk7,automatic_lexical_match,https://www.instagram.com/p/DcbWhitOnk7/c/17869631727597045
quality_material,igc:18116905250301341,ig:DZpphJ8sdwB,automatic_lexical_match,https://www.instagram.com/p/DZpphJ8sdwB/c/18116905250301341
quality_material,igc:18113823265794144,ig:Dcgl2JFNPPf,automatic_lexical_match,https://www.instagram.com/p/Dcgl2JFNPPf/c/18113823265794144
quality_material,igc:18110406797045986,ig:DX93093O4y2,automatic_lexical_match,https://www.instagram.com/p/DX93093O4y2/c/18110406797045986
quality_material,igc:17950846902037718,ig:DczLYq1goao,automatic_lexical_match,https://www.instagram.com/p/DczLYq1goao/c/17950846902037718
quality_material,igc:18023124644909306,ig:DdCfL_KpU2S,automatic_lexical_match,https://www.instagram.com/p/DdCfL_KpU2S/c/18023124644909306
quality_material,igc:18018412829856374,ig:DZpphJ8sdwB,automatic_lexical_match,https://www.instagram.com/p/DZpphJ8sdwB/c/18018412829856374
quality_material,igc:17898480024595976,ig:Dcgl2JFNPPf,automatic_lexical_match,https://www.instagram.com/p/Dcgl2JFNPPf/c/17898480024595976
quality_material,igc:17921411715202909,ig:Dcgl2JFNPPf,automatic_lexical_match,https://www.instagram.com/p/Dcgl2JFNPPf/c/17921411715202909
quality_material,igc:17944244364299831,ig:DczLYq1goao,automatic_lexical_match,https://www.instagram.com/p/DczLYq1goao/c/17944244364299831
quality_material,igc:18130695511660640,ig:Dc2_9ydS0x1,automatic_lexical_match,https://www.instagram.com/p/Dc2_9ydS0x1/c/18130695511660640
quality_material,igc:18094432325627006,ig:DX93093O4y2,automatic_lexical_match,https://www.instagram.com/p/DX93093O4y2/c/18094432325627006
quality_material,igc:17905892319488942,ig:Dc2_9ydS0x1,automatic_lexical_match,https://www.instagram.com/p/Dc2_9ydS0x1/c/17905892319488942
quality_material,igc:18212088046354091,ig:DX93093O4y2,automatic_lexical_match,https://www.instagram.com/p/DX93093O4y2/c/18212088046354091
quality_material,igc:18111334375987078,ig:DX93093O4y2,automatic_lexical_match,https://www.instagram.com/p/DX93093O4y2/c/18111334375987078
quality_material,igc:17941547988257190,ig:DX93093O4y2,automatic_lexical_match,https://www.instagram.com/p/DX93093O4y2/c/17941547988257190
quality_material,igc:18091992484787880,ig:DQ4SzAXAPfT,automatic_lexical_match,https://www.instagram.com/p/DQ4SzAXAPfT/c/18091992484787880
quality_material,igc:17959941348153373,ig:DX93093O4y2,automatic_lexical_match,https://www.instagram.com/p/DX93093O4y2/c/17959941348153373
quality_material,igc:18123542647668594,ig:DX93093O4y2,automatic_lexical_match,https://www.instagram.com/p/DX93093O4y2/c/18123542647668594
quality_material,igc:18326764831267245,ig:DX93093O4y2,automatic_lexical_match,https://www.instagram.com/p/DX93093O4y2/c/18326764831267245
quality_material,ttc:7668077615357821726,tt:7668001244018986273,automatic_lexical_match,https://www.tiktok.com/@spiritual.materialist/video/7668001244018986273
quality_material,igc:18341797405042554,ig:Cl2HtNBtl03,automatic_lexical_match,https://www.instagram.com/p/Cl2HtNBtl03/c/18341797405042554
quality_material,igc:18326654728280585,ig:DZpmcoOtlmY,automatic_lexical_match,https://www.instagram.com/p/DZpmcoOtlmY/c/18326654728280585
quality_material,igc:18113604616702903,ig:DNoPkkKOTKB,automatic_lexical_match,https://www.instagram.com/p/DNoPkkKOTKB/c/18113604616702903
quality_material,igc:18121058590563961,ig:DFQvIehKmjm,automatic_lexical_match,https://www.instagram.com/p/DFQvIehKmjm/c/18121058590563961
quality_material,igc:18084999646715755,ig:DHqsRoAsQeN,automatic_lexical_match,https://www.instagram.com/p/DHqsRoAsQeN/c/18084999646715755
quality_material,igc:18049592774493749,ig:CpK_T9GqZ3b,automatic_lexical_match,https://www.instagram.com/p/CpK_T9GqZ3b/c/18049592774493749
quality_material,igc:18019287037543494,ig:CpK_T9GqZ3b,automatic_lexical_match,https://www.instagram.com/p/CpK_T9GqZ3b/c/18019287037543494
quality_material,igc:18066684503746522,ig:DZ5YybMyYZp,automatic_lexical_match,https://www.instagram.com/p/DZ5YybMyYZp/c/18066684503746522
quality_material,igc:17979323328004853,ig:DUzgCcTE6zD,automatic_lexical_match,https://www.instagram.com/p/DUzgCcTE6zD/c/17979323328004853
quality_material,igc:18115356859596456,ig:DHcHZwpyvme,automatic_lexical_match,https://www.instagram.com/p/DHcHZwpyvme/c/18115356859596456
quality_material,igc:18089916436831160,ig:DHcHZwpyvme,automatic_lexical_match,https://www.instagram.com/p/DHcHZwpyvme/c/18089916436831160
quality_material,igc:18079379858239898,ig:DHcHZwpyvme,automatic_lexical_match,https://www.instagram.com/p/DHcHZwpyvme/c/18079379858239898
quality_material,igc:18077646119589526,ig:DHcHZwpyvme,automatic_lexical_match,https://www.instagram.com/p/DHcHZwpyvme/c/18077646119589526
quality_material,igc:18082225484175989,ig:DHcHZwpyvme,automatic_lexical_match,https://www.instagram.com/p/DHcHZwpyvme/c/18082225484175989
quality_material,igc:18084248321010163,ig:DHcHZwpyvme,automatic_lexical_match,https://www.instagram.com/p/DHcHZwpyvme/c/18084248321010163
quality_material,igc:18073011139938468,ig:DKzkvhDq8Pt,automatic_lexical_match,https://www.instagram.com/p/DKzkvhDq8Pt/c/18073011139938468
quality_material,igc:18087417691634338,ig:DKzkvhDq8Pt,automatic_lexical_match,https://www.instagram.com/p/DKzkvhDq8Pt/c/18087417691634338
quality_material,igc:18311025853232524,ig:DKzkvhDq8Pt,automatic_lexical_match,https://www.instagram.com/p/DKzkvhDq8Pt/c/18311025853232524
quality_material,igc:18074083384687485,ig:DHcHZwpyvme,automatic_lexical_match,https://www.instagram.com/p/DHcHZwpyvme/c/18074083384687485
quality_material,igc:18093711593175459,ig:DZ5YybMyYZp,automatic_lexical_match,https://www.instagram.com/p/DZ5YybMyYZp/c/18093711593175459
quality_material,igc:17939138327458940,ig:Cl2HtNBtl03,automatic_lexical_match,https://www.instagram.com/p/Cl2HtNBtl03/c/17939138327458940
quality_material,igc:18059009366320117,ig:DNoPkkKOTKB,automatic_lexical_match,https://www.instagram.com/p/DNoPkkKOTKB/c/18059009366320117
quality_material,igc:18180857158360708,ig:DNoPkkKOTKB,automatic_lexical_match,https://www.instagram.com/p/DNoPkkKOTKB/c/18180857158360708
quality_material,igc:18181477912374099,ig:DSUPUC0iF5r,automatic_lexical_match,https://www.instagram.com/p/DSUPUC0iF5r/c/18181477912374099
quality_material,igc:18120973555573646,ig:DHn-pONT1xi,automatic_lexical_match,https://www.instagram.com/p/DHn-pONT1xi/c/18120973555573646
quality_material,igc:18117179008604547,ig:DHn-pONT1xi,automatic_lexical_match,https://www.instagram.com/p/DHn-pONT1xi/c/18117179008604547
quality_material,igc:17940614646325168,ig:DZ5YybMyYZp,automatic_lexical_match,https://www.instagram.com/p/DZ5YybMyYZp/c/17940614646325168
quality_material,igc:18265707091278819,ig:DHcHZwpyvme,automatic_lexical_match,https://www.instagram.com/p/DHcHZwpyvme/c/18265707091278819
quality_material,igc:17989572070710970,ig:Cl2HtNBtl03,automatic_lexical_match,https://www.instagram.com/p/Cl2HtNBtl03/c/17989572070710970
quality_material,igc:18094046212778112,ig:DSUPUC0iF5r,automatic_lexical_match,https://www.instagram.com/p/DSUPUC0iF5r/c/18094046212778112
quality_material,igc:18032098838568365,ig:DTXlDFdjCuv,automatic_lexical_match,https://www.instagram.com/p/DTXlDFdjCuv/c/18032098838568365
quality_material,igc:18079676873513768,ig:DHn-pONT1xi,automatic_lexical_match,https://www.instagram.com/p/DHn-pONT1xi/c/18079676873513768
quality_material,igc:18540551704076219,ig:DZ5YybMyYZp,automatic_lexical_match,https://www.instagram.com/p/DZ5YybMyYZp/c/18540551704076219
quality_material,igc:17900676378466783,ig:DZ5YybMyYZp,automatic_lexical_match,https://www.instagram.com/p/DZ5YybMyYZp/c/17900676378466783
quality_material,igc:18132807334293350,ig:CpK_T9GqZ3b,automatic_lexical_match,https://www.instagram.com/p/CpK_T9GqZ3b/c/18132807334293350
quality_material,igc:18080868776238917,ig:DZ5YybMyYZp,automatic_lexical_match,https://www.instagram.com/p/DZ5YybMyYZp/c/18080868776238917
quality_material,igc:18093252455520891,ig:DZ5YybMyYZp,automatic_lexical_match,https://www.instagram.com/p/DZ5YybMyYZp/c/18093252455520891
quality_material,igc:18063535667138389,ig:DHn-pONT1xi,automatic_lexical_match,https://www.instagram.com/p/DHn-pONT1xi/c/18063535667138389
quality_material,igc:17945987880006539,ig:DHn-pONT1xi,automatic_lexical_match,https://www.instagram.com/p/DHn-pONT1xi/c/17945987880006539
quality_material,igc:18224637775293683,ig:DGa5ahNMX3E,automatic_lexical_match,https://www.instagram.com/p/DGa5ahNMX3E/c/18224637775293683
quality_material,igc:17971289375839915,ig:DHcHZwpyvme,automatic_lexical_match,https://www.instagram.com/p/DHcHZwpyvme/c/17971289375839915
quality_material,igc:18087012347045325,ig:DSUPUC0iF5r,automatic_lexical_match,https://www.instagram.com/p/DSUPUC0iF5r/c/18087012347045325
quality_material,igc:18134676328363032,ig:DHcHZwpyvme,automatic_lexical_match,https://www.instagram.com/p/DHcHZwpyvme/c/18134676328363032
quality_material,igc:18035791427555060,ig:DHcHZwpyvme,automatic_lexical_match,https://www.instagram.com/p/DHcHZwpyvme/c/18035791427555060
quality_material,igc:17873528307312770,ig:DHcHZwpyvme,automatic_lexical_match,https://www.instagram.com/p/DHcHZwpyvme/c/17873528307312770
quality_material,igc:18002047037740713,ig:DHcHZwpyvme,automatic_lexical_match,https://www.instagram.com/p/DHcHZwpyvme/c/18002047037740713
quality_material,igc:18137009713384054,ig:DHcHZwpyvme,automatic_lexical_match,https://www.instagram.com/p/DHcHZwpyvme/c/18137009713384054
quality_material,ttc:7673110549064057622,tt:7672790276276079903,automatic_lexical_match,https://www.tiktok.com/@imjustbarbs/video/7672790276276079903
quality_material,ttc:7568186211019195157,tt:7567478564996664584,automatic_lexical_match,https://www.tiktok.com/@mignoncobra/video/7567478564996664584
quality_material,ttc:7500958542032356103,tt:7493277078276640031,automatic_lexical_match,https://www.tiktok.com/@steffieinthecity/video/7493277078276640031
quality_material,ttc:7493706050861663019,tt:7493277078276640031,automatic_lexical_match,https://www.tiktok.com/@steffieinthecity/video/7493277078276640031
quality_material,ttc:7540232524867044118,tt:7493277078276640031,automatic_lexical_match,https://www.tiktok.com/@steffieinthecity/video/7493277078276640031
quality_material,ttc:7590045007554822926,tt:7589057437001420062,automatic_lexical_match,https://www.tiktok.com/@hothealthywealthyandwise/video/7589057437001420062
quality_material,ttc:7672490294408364814,tt:7666956616465435918,automatic_lexical_match,https://www.tiktok.com/@kyraboesiger/video/7666956616465435918
quality_material,ttc:7667188797684253453,tt:7666956616465435918,automatic_lexical_match,https://www.tiktok.com/@kyraboesiger/video/7666956616465435918
quality_material,ttc:7679459124220035854,tt:7666956616465435918,automatic_lexical_match,https://www.tiktok.com/@kyraboesiger/video/7666956616465435918
quality_material,ttc:7675845226757554975,tt:7666956616465435918,automatic_lexical_match,https://www.tiktok.com/@kyraboesiger/video/7666956616465435918
quality_material,ttc:7667027635277562637,tt:7666956616465435918,automatic_lexical_match,https://www.tiktok.com/@kyraboesiger/video/7666956616465435918
quality_material,ttc:7660362269146563346,tt:7449222569577745694,automatic_lexical_match,https://www.tiktok.com/@luxuryandarts/video/7449222569577745694
quality_material,ttc:7449335499779982122,tt:7449222569577745694,automatic_lexical_match,https://www.tiktok.com/@luxuryandarts/video/7449222569577745694
quality_material,ttc:7603344876571722510,tt:7449222569577745694,automatic_lexical_match,https://www.tiktok.com/@luxuryandarts/video/7449222569577745694
quality_material,ttc:7643316403526042382,tt:7643265440549965074,automatic_lexical_match,https://www.tiktok.com/@alliegoodbun/video/7643265440549965074
quality_material,ttc:7677282878228759327,tt:7616792692030278926,automatic_lexical_match,https://www.tiktok.com/@curlsandcoins/video/7616792692030278926
quality_material,ttc:7667034478925546271,tt:7666956616465435918,automatic_lexical_match,https://www.tiktok.com/@kyraboesiger/video/7666956616465435918
quality_material,ttc:7679887078243287839,tt:7666956616465435918,automatic_lexical_match,https://www.tiktok.com/@kyraboesiger/video/7666956616465435918
quality_material,ttc:7651182288847291168,tt:7639422063865777430,automatic_lexical_match,https://www.tiktok.com/@iamsaraouardi/video/7639422063865777430
quality_material,ttc:7646562425823707907,tt:7639422063865777430,automatic_lexical_match,https://www.tiktok.com/@iamsaraouardi/video/7639422063865777430
quality_material,ttc:7644650167001793302,tt:7639422063865777430,automatic_lexical_match,https://www.tiktok.com/@iamsaraouardi/video/7639422063865777430
quality_material,ttc:7657183201258341150,tt:7649444253394947342,automatic_lexical_match,https://www.tiktok.com/@bryannawozniak/video/7649444253394947342
quality_material,ttc:7651230617611223839,tt:7649444253394947342,automatic_lexical_match,https://www.tiktok.com/@bryannawozniak/video/7649444253394947342
quality_material,ttc:7650217557282177823,tt:7649444253394947342,automatic_lexical_match,https://www.tiktok.com/@bryannawozniak/video/7649444253394947342
quality_material,ttc:7650499830057403166,tt:7649444253394947342,automatic_lexical_match,https://www.tiktok.com/@bryannawozniak/video/7649444253394947342
quality_material,ttc:7627540806433817377,tt:7627179930677333270,automatic_lexical_match,https://www.tiktok.com/@aliceinparisofficial/video/7627179930677333270
quality_material,ttc:7653683114108683021,tt:7649444253394947342,automatic_lexical_match,https://www.tiktok.com/@bryannawozniak/video/7649444253394947342
quality_material,ttc:7642278933837546262,tt:7627179930677333270,automatic_lexical_match,https://www.tiktok.com/@aliceinparisofficial/video/7627179930677333270
quality_material,ttc:7661383105873396513,tt:7661349233068346646,automatic_lexical_match,https://www.tiktok.com/@heightandhustle/video/7661349233068346646
quality_material,ttc:7681170701168624406,tt:7681030709988969741,automatic_lexical_match,https://www.tiktok.com/@johnathan.guo/video/7681030709988969741
quality_material,ttc:7681304663127458574,tt:7681030709988969741,automatic_lexical_match,https://www.tiktok.com/@johnathan.guo/video/7681030709988969741
quality_material,ttc:7681369201327784735,tt:7681030709988969741,automatic_lexical_match,https://www.tiktok.com/@johnathan.guo/video/7681030709988969741
quality_material,ttc:7681230698523493142,tt:7681030709988969741,automatic_lexical_match,https://www.tiktok.com/@johnathan.guo/video/7681030709988969741
quality_material,ttc:7682326998258123542,tt:7681030709988969741,automatic_lexical_match,https://www.tiktok.com/@johnathan.guo/video/7681030709988969741
quality_material,ttc:7681568940595004193,tt:7681030709988969741,automatic_lexical_match,https://www.tiktok.com/@johnathan.guo/video/7681030709988969741
quality_material,ttc:7681352226682749728,tt:7681030709988969741,automatic_lexical_match,https://www.tiktok.com/@johnathan.guo/video/7681030709988969741
quality_material,ttc:7681511326749491982,tt:7681030709988969741,automatic_lexical_match,https://www.tiktok.com/@johnathan.guo/video/7681030709988969741
quality_material,ttc:7681589692420817686,tt:7681030709988969741,automatic_lexical_match,https://www.tiktok.com/@johnathan.guo/video/7681030709988969741
quality_material,ttc:7682554702928823062,tt:7681030709988969741,automatic_lexical_match,https://www.tiktok.com/@johnathan.guo/video/7681030709988969741
quality_material,ttc:7681815123162809102,tt:7681030709988969741,automatic_lexical_match,https://www.tiktok.com/@johnathan.guo/video/7681030709988969741
quality_material,ttc:7683142522843808534,tt:7681030709988969741,automatic_lexical_match,https://www.tiktok.com/@johnathan.guo/video/7681030709988969741
quality_material,ttc:7681822101405401886,tt:7681030709988969741,automatic_lexical_match,https://www.tiktok.com/@johnathan.guo/video/7681030709988969741
quality_material,ttc:7682398421155906336,tt:7681030709988969741,automatic_lexical_match,https://www.tiktok.com/@johnathan.guo/video/7681030709988969741
quality_material,ttc:7681584070790382369,tt:7681030709988969741,automatic_lexical_match,https://www.tiktok.com/@johnathan.guo/video/7681030709988969741
quality_material,ttc:7672639870150148878,tt:7672086495074749728,automatic_lexical_match,https://www.tiktok.com/@yevtopyer/video/7672086495074749728
quality_material,ttc:7221148532434060059,tt:7218302653489483051,automatic_lexical_match,https://www.tiktok.com/@steffieinthecity/video/7218302653489483051
quality_material,ttc:7505797813957329687,tt:7491264828397374742,automatic_lexical_match,https://www.tiktok.com/@miarosemcgrath/video/7491264828397374742
quality_material,ttc:7600843701280260885,tt:7491264828397374742,automatic_lexical_match,https://www.tiktok.com/@miarosemcgrath/video/7491264828397374742
quality_material,ttc:7620958744831230753,tt:7620834527749033238,automatic_lexical_match,https://www.tiktok.com/@lucyhitchcock/video/7620834527749033238
quality_material,ttc:7620885311032558358,tt:7620834527749033238,automatic_lexical_match,https://www.tiktok.com/@lucyhitchcock/video/7620834527749033238
quality_material,ttc:7622123335154303752,tt:7620834527749033238,automatic_lexical_match,https://www.tiktok.com/@lucyhitchcock/video/7620834527749033238
quality_material,ttc:7622012176649061122,tt:7620834527749033238,automatic_lexical_match,https://www.tiktok.com/@lucyhitchcock/video/7620834527749033238
quality_material,ttc:7655270987962057492,tt:7645168876275354900,automatic_lexical_match,https://www.tiktok.com/@elaandearth/video/7645168876275354900
quality_material,ttc:7649507178789077780,tt:7645168876275354900,automatic_lexical_match,https://www.tiktok.com/@elaandearth/video/7645168876275354900
quality_material,ttc:7663808823476126471,tt:7645168876275354900,automatic_lexical_match,https://www.tiktok.com/@elaandearth/video/7645168876275354900
quality_material,ttc:7677045890466087700,tt:7645168876275354900,automatic_lexical_match,https://www.tiktok.com/@elaandearth/video/7645168876275354900
quality_material,ttc:7669535154490360596,tt:7645168876275354900,automatic_lexical_match,https://www.tiktok.com/@elaandearth/video/7645168876275354900
quality_material,ttc:7668118680140661524,tt:7645168876275354900,automatic_lexical_match,https://www.tiktok.com/@elaandearth/video/7645168876275354900
quality_material,ttc:7667164710982877973,tt:7645168876275354900,automatic_lexical_match,https://www.tiktok.com/@elaandearth/video/7645168876275354900
quality_material,ttc:7664142799780807444,tt:7645168876275354900,automatic_lexical_match,https://www.tiktok.com/@elaandearth/video/7645168876275354900
quality_material,ttc:7621478899877577494,tt:7620834527749033238,automatic_lexical_match,https://www.tiktok.com/@lucyhitchcock/video/7620834527749033238
quality_material,ttc:7621105783656563478,tt:7620834527749033238,automatic_lexical_match,https://www.tiktok.com/@lucyhitchcock/video/7620834527749033238
quality_material,ttc:7653059418662421279,tt:7652379521559137566,automatic_lexical_match,https://www.tiktok.com/@imjustbarbs/video/7652379521559137566
quality_material,ttc:7652840134492603156,tt:7652379521559137566,automatic_lexical_match,https://www.tiktok.com/@imjustbarbs/video/7652379521559137566
quality_material,ttc:7652406067875922702,tt:7652379521559137566,automatic_lexical_match,https://www.tiktok.com/@imjustbarbs/video/7652379521559137566
quality_material,ttc:7628234298450969365,tt:7627179930677333270,automatic_lexical_match,https://www.tiktok.com/@aliceinparisofficial/video/7627179930677333270
quality_material,ttc:7656879028515210006,tt:7649444253394947342,automatic_lexical_match,https://www.tiktok.com/@bryannawozniak/video/7649444253394947342
quality_material,ttc:7621147046225691414,tt:7620834527749033238,automatic_lexical_match,https://www.tiktok.com/@lucyhitchcock/video/7620834527749033238
quality_material,ttc:7621257002312975126,tt:7620834527749033238,automatic_lexical_match,https://www.tiktok.com/@lucyhitchcock/video/7620834527749033238
quality_material,ttc:7631110610076058382,tt:7620834527749033238,automatic_lexical_match,https://www.tiktok.com/@lucyhitchcock/video/7620834527749033238
quality_material,ttc:7653210401463042846,tt:7620834527749033238,automatic_lexical_match,https://www.tiktok.com/@lucyhitchcock/video/7620834527749033238
quality_material,ttc:7626725948876210957,tt:7620834527749033238,automatic_lexical_match,https://www.tiktok.com/@lucyhitchcock/video/7620834527749033238
quality_material,ttc:7633555548378039053,tt:7620834527749033238,automatic_lexical_match,https://www.tiktok.com/@lucyhitchcock/video/7620834527749033238
quality_material,ttc:7653510078524130066,tt:7645168876275354900,automatic_lexical_match,https://www.tiktok.com/@elaandearth/video/7645168876275354900
quality_material,ttc:7635026517017346846,tt:7620834527749033238,automatic_lexical_match,https://www.tiktok.com/@lucyhitchcock/video/7620834527749033238
quality_material,ttc:7620951970307867414,tt:7620834527749033238,automatic_lexical_match,https://www.tiktok.com/@lucyhitchcock/video/7620834527749033238
quality_material,ttc:7653673723232305927,tt:7652379521559137566,automatic_lexical_match,https://www.tiktok.com/@imjustbarbs/video/7652379521559137566
quality_material,ttc:7652766966483092255,tt:7652379521559137566,automatic_lexical_match,https://www.tiktok.com/@imjustbarbs/video/7652379521559137566
quality_material,ttc:7654217958746800910,tt:7652379521559137566,automatic_lexical_match,https://www.tiktok.com/@imjustbarbs/video/7652379521559137566
quality_material,ttc:7627361572374463250,tt:7627179930677333270,automatic_lexical_match,https://www.tiktok.com/@aliceinparisofficial/video/7627179930677333270
quality_material,ttc:7640926716412445453,tt:7639552753609510158,automatic_lexical_match,https://www.tiktok.com/@moniiicamendoza/video/7639552753609510158
quality_material,igc:18100611626017238,ig:DdJPm0RjYAP,automatic_lexical_match,https://www.instagram.com/p/DdJPm0RjYAP/c/18100611626017238
quality_material,igc:17988752715046700,ig:DctUggloWmq,automatic_lexical_match,https://www.instagram.com/p/DctUggloWmq/c/17988752715046700
quality_material,igc:18044355380810375,ig:DctUggloWmq,automatic_lexical_match,https://www.instagram.com/p/DctUggloWmq/c/18044355380810375
quality_material,igc:18104276171184294,ig:DctUggloWmq,automatic_lexical_match,https://www.instagram.com/p/DctUggloWmq/c/18104276171184294
quality_material,igc:18163118485480698,ig:DctUggloWmq,automatic_lexical_match,https://www.instagram.com/p/DctUggloWmq/c/18163118485480698
quality_material,igc:17900763993573470,ig:DctUggloWmq,automatic_lexical_match,https://www.instagram.com/p/DctUggloWmq/c/17900763993573470
quality_material,igc:18137552257523781,ig:DbopI80TuC2,automatic_lexical_match,https://www.instagram.com/p/DbopI80TuC2/c/18137552257523781
quality_material,igc:17947016544145897,ig:DVw2w0gjiW8,automatic_lexical_match,https://www.instagram.com/p/DVw2w0gjiW8/c/17947016544145897
quality_material,igc:17860111365575766,ig:DSCU3ANiWip,automatic_lexical_match,https://www.instagram.com/p/DSCU3ANiWip/c/17860111365575766
quality_material,igc:18105671687212112,ig:DdEbpi0qv1h,automatic_lexical_match,https://www.instagram.com/p/DdEbpi0qv1h/c/18105671687212112
quality_material,igc:17876316504631625,ig:DdEbpi0qv1h,automatic_lexical_match,https://www.instagram.com/p/DdEbpi0qv1h/c/17876316504631625
quality_material,igc:18136821874590038,ig:DYeoiNrMrKp,automatic_lexical_match,https://www.instagram.com/p/DYeoiNrMrKp/c/18136821874590038
quality_material,igc:18121757221875557,ig:DcMmDt9AVpc,automatic_lexical_match,https://www.instagram.com/p/DcMmDt9AVpc/c/18121757221875557
quality_material,igc:18072963608611358,ig:DS5aU7XDv7U,automatic_lexical_match,https://www.instagram.com/p/DS5aU7XDv7U/c/18072963608611358
quality_material,igc:18155497426432679,ig:DVw2w0gjiW8,automatic_lexical_match,https://www.instagram.com/p/DVw2w0gjiW8/c/18155497426432679
quality_material,igc:17904793695484715,ig:DdEbpi0qv1h,automatic_lexical_match,https://www.instagram.com/p/DdEbpi0qv1h/c/17904793695484715
quality_material,igc:18115355257992575,ig:DdEbpi0qv1h,automatic_lexical_match,https://www.instagram.com/p/DdEbpi0qv1h/c/18115355257992575
quality_material,igc:18098196062043998,ig:DJ_994UpN_7,automatic_lexical_match,https://www.instagram.com/p/DJ_994UpN_7/c/18098196062043998
quality_material,igc:18079802384700941,ig:DcMmDt9AVpc,automatic_lexical_match,https://www.instagram.com/p/DcMmDt9AVpc/c/18079802384700941
quality_material,igc:18103512884617422,ig:Dc0_95Ust3q,automatic_lexical_match,https://www.instagram.com/p/Dc0_95Ust3q/c/18103512884617422
quality_material,igc:17901689841574965,ig:DdFN8U1ADOY,automatic_lexical_match,https://www.instagram.com/p/DdFN8U1ADOY/c/17901689841574965
quality_material,igc:18393819223199366,ig:DS5aU7XDv7U,automatic_lexical_match,https://www.instagram.com/p/DS5aU7XDv7U/c/18393819223199366
quality_material,ttc:7670604594879447809,tt:7670290170209438989,automatic_lexical_match,https://www.tiktok.com/@jessicanlinn/video/7670290170209438989
quality_material,ttc:7676187997830923022,tt:7670290170209438989,automatic_lexical_match,https://www.tiktok.com/@jessicanlinn/video/7670290170209438989
quality_material,ttc:7681147947757585165,tt:7677722775099936030,automatic_lexical_match,https://www.tiktok.com/@erinmillerartistry/video/7677722775099936030
quality_material,ttc:7572079041172554527,tt:7554098048394185997,automatic_lexical_match,https://www.tiktok.com/@skyleranneolson/video/7554098048394185997
quality_material,ttc:7554770494089184055,tt:7554098048394185997,automatic_lexical_match,https://www.tiktok.com/@skyleranneolson/video/7554098048394185997
quality_material,ttc:7682790709494547213,tt:7676645924118007070,automatic_lexical_match,https://www.tiktok.com/@britt.rae2/video/7676645924118007070
quality_material,ttc:7678535417193513741,tt:7676645924118007070,automatic_lexical_match,https://www.tiktok.com/@britt.rae2/video/7676645924118007070
quality_material,ttc:7679650166853288735,tt:7676645924118007070,automatic_lexical_match,https://www.tiktok.com/@britt.rae2/video/7676645924118007070
quality_material,ttc:7670632929992000257,tt:7670290170209438989,automatic_lexical_match,https://www.tiktok.com/@jessicanlinn/video/7670290170209438989
quality_material,ttc:7683207653694735122,tt:7670290170209438989,automatic_lexical_match,https://www.tiktok.com/@jessicanlinn/video/7670290170209438989
quality_material,ttc:7678163777837990669,tt:7677722775099936030,automatic_lexical_match,https://www.tiktok.com/@erinmillerartistry/video/7677722775099936030
quality_material,ttc:7665107728646243102,tt:7652535489613909262,automatic_lexical_match,https://www.tiktok.com/@drews_view22/video/7652535489613909262
quality_material,ttc:7625110166937781005,tt:7615428241423109389,automatic_lexical_match,https://www.tiktok.com/@mariawithcheese/video/7615428241423109389
quality_material,ttc:7626762761649472286,tt:7615428241423109389,automatic_lexical_match,https://www.tiktok.com/@mariawithcheese/video/7615428241423109389
quality_material,ttc:7527308958769300254,tt:7527006509264276766,automatic_lexical_match,https://www.tiktok.com/@michelletimestwo/video/7527006509264276766
quality_material,ttc:7527633569746912013,tt:7527006509264276766,automatic_lexical_match,https://www.tiktok.com/@michelletimestwo/video/7527006509264276766
quality_material,ttc:7527393792984236830,tt:7527006509264276766,automatic_lexical_match,https://www.tiktok.com/@michelletimestwo/video/7527006509264276766
quality_material,ttc:7527308257669432094,tt:7527006509264276766,automatic_lexical_match,https://www.tiktok.com/@michelletimestwo/video/7527006509264276766
quality_material,ttc:7443821917579019040,tt:7412155936476826913,automatic_lexical_match,https://www.tiktok.com/@gabriellaluxurymum/video/7412155936476826913
quality_material,ttc:7658845711694578462,tt:7644223029496646942,automatic_lexical_match,https://www.tiktok.com/@candace_annn/video/7644223029496646942
quality_material,ttc:7679143900850307871,tt:7676645924118007070,automatic_lexical_match,https://www.tiktok.com/@britt.rae2/video/7676645924118007070
quality_material,ttc:7567839703912268558,tt:7555972915817237773,automatic_lexical_match,https://www.tiktok.com/@skyleranneolson/video/7555972915817237773
quality_material,ttc:7560769042145280785,tt:7555972915817237773,automatic_lexical_match,https://www.tiktok.com/@skyleranneolson/video/7555972915817237773
quality_material,ttc:7575328037174248210,tt:7555972915817237773,automatic_lexical_match,https://www.tiktok.com/@skyleranneolson/video/7555972915817237773
quality_material,ttc:7676862884533584653,tt:7652535489613909262,automatic_lexical_match,https://www.tiktok.com/@drews_view22/video/7652535489613909262
quality_material,ttc:7528156325491065630,tt:7527006509264276766,automatic_lexical_match,https://www.tiktok.com/@michelletimestwo/video/7527006509264276766
quality_material,ttc:7534868442794804023,tt:7527006509264276766,automatic_lexical_match,https://www.tiktok.com/@michelletimestwo/video/7527006509264276766
quality_material,ttc:7527356445621404429,tt:7527006509264276766,automatic_lexical_match,https://www.tiktok.com/@michelletimestwo/video/7527006509264276766
quality_material,ttc:7527444468291797790,tt:7527006509264276766,automatic_lexical_match,https://www.tiktok.com/@michelletimestwo/video/7527006509264276766
quality_material,igc:18211291888345878,ig:Db6xEKshX4-,automatic_lexical_match,https://www.instagram.com/p/Db6xEKshX4-/
quality_material,igc:17999125580798344,ig:Dc_W9r2KYFv,automatic_lexical_match,https://www.instagram.com/p/Dc_W9r2KYFv/
quality_material,igc:18407401117091938,ig:Dc_W9r2KYFv,automatic_lexical_match,https://www.instagram.com/p/Dc_W9r2KYFv/
quality_material,igc:18005776391779676,ig:DcybQ_uOUm3,automatic_lexical_match,https://www.instagram.com/p/DcybQ_uOUm3/
quality_material,igc:18119341694480217,ig:DcEYnzZsxCL,automatic_lexical_match,https://www.instagram.com/p/DcEYnzZsxCL/
quality_material,igc:18088610825413424,ig:DbBxVV2RpQa,automatic_lexical_match,https://www.instagram.com/p/DbBxVV2RpQa/
quality_material,igc:17967278900960322,ig:Dc9D-ENFH5Q,automatic_lexical_match,https://www.instagram.com/p/Dc9D-ENFH5Q/
quality_material,igc:17999397512992618,ig:Da_rCWpvr9M,automatic_lexical_match,https://www.instagram.com/p/Da_rCWpvr9M/
quality_material,igc:18601569712053687,ig:Da_rCWpvr9M,automatic_lexical_match,https://www.instagram.com/p/Da_rCWpvr9M/
quality_material,igc:18099618386601020,ig:Daltv8PhsXS,automatic_lexical_match,https://www.instagram.com/p/Daltv8PhsXS/
quality_material,igc:18624724501041481,ig:Db_HirCO30a,automatic_lexical_match,https://www.instagram.com/p/Db_HirCO30a/
quality_material,igc:17872696920633766,ig:DdHhYxYgD-n,automatic_lexical_match,https://www.instagram.com/p/DdHhYxYgD-n/
quality_material,igc:18388963351163473,ig:DcQ2N5_I2Hx,automatic_lexical_match,https://www.instagram.com/p/DcQ2N5_I2Hx/
quality_material,igc:17904455013517053,ig:DcLjTswIEAF,automatic_lexical_match,https://www.instagram.com/p/DcLjTswIEAF/
quality_material,igc:18147589231547876,ig:DcLjTswIEAF,automatic_lexical_match,https://www.instagram.com/p/DcLjTswIEAF/
quality_material,igc:18106904915591138,ig:DcsoRENyRWD,automatic_lexical_match,https://www.instagram.com/p/DcsoRENyRWD/
quality_material,igc:18083696738313574,ig:DcjwJCzAquu,automatic_lexical_match,https://www.instagram.com/p/DcjwJCzAquu/
logo_independence,igc:18397838617080958,ig:DZf-NuYgpG-,analyst_inspected_anchor,https://www.instagram.com/p/DZf-NuYgpG-/c/18397838617080958
logo_independence,ttc:7649876425869001503,tt:7649444253394947342,analyst_inspected_anchor,https://www.tiktok.com/@bryannawozniak/video/7649444253394947342
logo_independence,ttc:7628077007754511136,tt:7627179930677333270,analyst_inspected_anchor,https://www.tiktok.com/@aliceinparisofficial/video/7627179930677333270
logo_independence,igc:17983545684107015,ig:DYSXIp6MRCO,automatic_lexical_match,https://www.instagram.com/p/DYSXIp6MRCO/c/17983545684107015
logo_independence,igc:17954208795215848,ig:DR1QtjoAEn-,automatic_lexical_match,https://www.instagram.com/p/DR1QtjoAEn-/c/17954208795215848
logo_independence,igc:18002346599794096,ig:DcRsKHHBW45,automatic_lexical_match,https://www.instagram.com/p/DcRsKHHBW45/c/18002346599794096
logo_independence,igc:18087058910449249,ig:DadwnM1hmXa,automatic_lexical_match,https://www.instagram.com/p/DadwnM1hmXa/c/18087058910449249
logo_independence,igc:17901053895466617,ig:DadwnM1hmXa,automatic_lexical_match,https://www.instagram.com/p/DadwnM1hmXa/c/17901053895466617
logo_independence,igc:17897462217467911,ig:DWWdXh7Ebjz,automatic_lexical_match,https://www.instagram.com/p/DWWdXh7Ebjz/c/17897462217467911
logo_independence,igc:18127388896616174,ig:DZf-NuYgpG-,automatic_lexical_match,https://www.instagram.com/p/DZf-NuYgpG-/c/18127388896616174
logo_independence,igc:18134646301593778,ig:DadwnM1hmXa,automatic_lexical_match,https://www.instagram.com/p/DadwnM1hmXa/c/18134646301593778
logo_independence,igc:18204944395338572,ig:DWWdXh7Ebjz,automatic_lexical_match,https://www.instagram.com/p/DWWdXh7Ebjz/c/18204944395338572
logo_independence,igc:18070820081547959,ig:DR1QtjoAEn-,automatic_lexical_match,https://www.instagram.com/p/DR1QtjoAEn-/c/18070820081547959
logo_independence,igc:17879413446528739,ig:Dbdnok1ttWG,automatic_lexical_match,https://www.instagram.com/p/Dbdnok1ttWG/c/17879413446528739
logo_independence,igc:17981138094023003,ig:DbEHV44MYoJ,automatic_lexical_match,https://www.instagram.com/p/DbEHV44MYoJ/c/17981138094023003
logo_independence,igc:18108923747056837,ig:Dax4VNvKxnZ,automatic_lexical_match,https://www.instagram.com/p/Dax4VNvKxnZ/c/18108923747056837
logo_independence,igc:18082108490299884,ig:Dax4VNvKxnZ,automatic_lexical_match,https://www.instagram.com/p/Dax4VNvKxnZ/c/18082108490299884
logo_independence,igc:18377597485161324,ig:DZOsGdmMppU,automatic_lexical_match,https://www.instagram.com/p/DZOsGdmMppU/c/18377597485161324
logo_independence,igc:18083097725207139,ig:DU9KqzjDH7Y,automatic_lexical_match,https://www.instagram.com/p/DU9KqzjDH7Y/c/18083097725207139
logo_independence,igc:18397838617080958,ig:DZf-NuYgpG-,automatic_lexical_match,https://www.instagram.com/p/DZf-NuYgpG-/c/18397838617080958
logo_independence,igc:18402435172150392,ig:DZf-NuYgpG-,automatic_lexical_match,https://www.instagram.com/p/DZf-NuYgpG-/c/18402435172150392
logo_independence,igc:17955323037175725,ig:DafssF9IRyI,automatic_lexical_match,https://www.instagram.com/p/DafssF9IRyI/c/17955323037175725
logo_independence,igc:18109428337814204,ig:DbEHV44MYoJ,automatic_lexical_match,https://www.instagram.com/p/DbEHV44MYoJ/c/18109428337814204
logo_independence,igc:18148798213535890,ig:DcUxPf9DjMi,automatic_lexical_match,https://www.instagram.com/p/DcUxPf9DjMi/c/18148798213535890
logo_independence,igc:18111460541089024,ig:Dbdnok1ttWG,automatic_lexical_match,https://www.instagram.com/p/Dbdnok1ttWG/c/18111460541089024
logo_independence,igc:18109339343296261,ig:DZf-NuYgpG-,automatic_lexical_match,https://www.instagram.com/p/DZf-NuYgpG-/c/18109339343296261
logo_independence,igc:18086690813099900,ig:DZf-NuYgpG-,automatic_lexical_match,https://www.instagram.com/p/DZf-NuYgpG-/c/18086690813099900
logo_independence,igc:18045844082804893,ig:DcluoTsM_lV,automatic_lexical_match,https://www.instagram.com/p/DcluoTsM_lV/c/18045844082804893
logo_independence,igc:18123891289776656,ig:DSWB_i_ALqB,automatic_lexical_match,https://www.instagram.com/p/DSWB_i_ALqB/c/18123891289776656
logo_independence,igc:17912595375261836,ig:Dbdnok1ttWG,automatic_lexical_match,https://www.instagram.com/p/Dbdnok1ttWG/c/17912595375261836
logo_independence,igc:17942511642238131,ig:DZ3gXIzq35d,automatic_lexical_match,https://www.instagram.com/p/DZ3gXIzq35d/c/17942511642238131
logo_independence,igc:17933732487295075,ig:DZ3gXIzq35d,automatic_lexical_match,https://www.instagram.com/p/DZ3gXIzq35d/c/17933732487295075
logo_independence,igc:18240059698310506,ig:DX93093O4y2,automatic_lexical_match,https://www.instagram.com/p/DX93093O4y2/c/18240059698310506
logo_independence,igc:18135732631590221,ig:Dai_VLvz_X3,automatic_lexical_match,https://www.instagram.com/p/Dai_VLvz_X3/c/18135732631590221
logo_independence,ttc:7668885875270451982,tt:7668001244018986273,automatic_lexical_match,https://www.tiktok.com/@spiritual.materialist/video/7668001244018986273
logo_independence,ttc:7668651017277965078,tt:7668001244018986273,automatic_lexical_match,https://www.tiktok.com/@spiritual.materialist/video/7668001244018986273
logo_independence,ttc:7677307822127809302,tt:7668001244018986273,automatic_lexical_match,https://www.tiktok.com/@spiritual.materialist/video/7668001244018986273
logo_independence,ttc:7670152778263020310,tt:7668001244018986273,automatic_lexical_match,https://www.tiktok.com/@spiritual.materialist/video/7668001244018986273
logo_independence,ttc:7668915947453498125,tt:7668001244018986273,automatic_lexical_match,https://www.tiktok.com/@spiritual.materialist/video/7668001244018986273
logo_independence,ttc:7668674941466444564,tt:7668001244018986273,automatic_lexical_match,https://www.tiktok.com/@spiritual.materialist/video/7668001244018986273
logo_independence,igc:18127020925483021,ig:DVk4fULkyW9,automatic_lexical_match,https://www.instagram.com/p/DVk4fULkyW9/c/18127020925483021
logo_independence,igc:18121058590563961,ig:DFQvIehKmjm,automatic_lexical_match,https://www.instagram.com/p/DFQvIehKmjm/c/18121058590563961
logo_independence,igc:18191483185391709,ig:DWY-mFRkc8F,automatic_lexical_match,https://www.instagram.com/p/DWY-mFRkc8F/c/18191483185391709
logo_independence,igc:18084999646715755,ig:DHqsRoAsQeN,automatic_lexical_match,https://www.instagram.com/p/DHqsRoAsQeN/c/18084999646715755
logo_independence,igc:18178294381413782,ig:DZsU_2KI8Tt,automatic_lexical_match,https://www.instagram.com/p/DZsU_2KI8Tt/c/18178294381413782
logo_independence,igc:18077646119589526,ig:DHcHZwpyvme,automatic_lexical_match,https://www.instagram.com/p/DHcHZwpyvme/c/18077646119589526
logo_independence,igc:18108755965627709,ig:DSLgtUIkmC4,automatic_lexical_match,https://www.instagram.com/p/DSLgtUIkmC4/c/18108755965627709
logo_independence,igc:18171055615284598,ig:CpK_T9GqZ3b,automatic_lexical_match,https://www.instagram.com/p/CpK_T9GqZ3b/c/18171055615284598
logo_independence,igc:18130452535724422,ig:DZ5YybMyYZp,automatic_lexical_match,https://www.instagram.com/p/DZ5YybMyYZp/c/18130452535724422
logo_independence,igc:18174555055254532,ig:Cl2HtNBtl03,automatic_lexical_match,https://www.instagram.com/p/Cl2HtNBtl03/c/18174555055254532
logo_independence,igc:18071404303336466,ig:Cl2HtNBtl03,automatic_lexical_match,https://www.instagram.com/p/Cl2HtNBtl03/c/18071404303336466
logo_independence,igc:18035831141643292,ig:DHn-pONT1xi,automatic_lexical_match,https://www.instagram.com/p/DHn-pONT1xi/c/18035831141643292
logo_independence,igc:18097324598187311,ig:DWgfrM8DESy,automatic_lexical_match,https://www.instagram.com/p/DWgfrM8DESy/c/18097324598187311
logo_independence,ttc:7238890847571854107,tt:7218302653489483051,automatic_lexical_match,https://www.tiktok.com/@steffieinthecity/video/7218302653489483051
logo_independence,ttc:7218355825714660142,tt:7218302653489483051,automatic_lexical_match,https://www.tiktok.com/@steffieinthecity/video/7218302653489483051
logo_independence,ttc:7242859710586749702,tt:7218302653489483051,automatic_lexical_match,https://www.tiktok.com/@steffieinthecity/video/7218302653489483051
logo_independence,ttc:7683612231616103182,tt:7666956616465435918,automatic_lexical_match,https://www.tiktok.com/@kyraboesiger/video/7666956616465435918
logo_independence,ttc:7647046508799836958,tt:7616792692030278926,automatic_lexical_match,https://www.tiktok.com/@curlsandcoins/video/7616792692030278926
logo_independence,ttc:7669917259049534239,tt:7666956616465435918,automatic_lexical_match,https://www.tiktok.com/@kyraboesiger/video/7666956616465435918
logo_independence,ttc:7645901712062841614,tt:7639422063865777430,automatic_lexical_match,https://www.tiktok.com/@iamsaraouardi/video/7639422063865777430
logo_independence,ttc:7647918353059283732,tt:7639422063865777430,automatic_lexical_match,https://www.tiktok.com/@iamsaraouardi/video/7639422063865777430
logo_independence,ttc:7645606210313650957,tt:7639422063865777430,automatic_lexical_match,https://www.tiktok.com/@iamsaraouardi/video/7639422063865777430
logo_independence,ttc:7646688426024960790,tt:7639422063865777430,automatic_lexical_match,https://www.tiktok.com/@iamsaraouardi/video/7639422063865777430
logo_independence,ttc:7656552682786931470,tt:7639422063865777430,automatic_lexical_match,https://www.tiktok.com/@iamsaraouardi/video/7639422063865777430
logo_independence,ttc:7664290471997195038,tt:7639422063865777430,automatic_lexical_match,https://www.tiktok.com/@iamsaraouardi/video/7639422063865777430
logo_independence,ttc:7679952100511843102,tt:7649444253394947342,automatic_lexical_match,https://www.tiktok.com/@bryannawozniak/video/7649444253394947342
logo_independence,ttc:7649876425869001503,tt:7649444253394947342,automatic_lexical_match,https://www.tiktok.com/@bryannawozniak/video/7649444253394947342
logo_independence,ttc:7628077007754511136,tt:7627179930677333270,automatic_lexical_match,https://www.tiktok.com/@aliceinparisofficial/video/7627179930677333270
logo_independence,ttc:7627474535936115474,tt:7627179930677333270,automatic_lexical_match,https://www.tiktok.com/@aliceinparisofficial/video/7627179930677333270
logo_independence,ttc:7627459096619188999,tt:7627179930677333270,automatic_lexical_match,https://www.tiktok.com/@aliceinparisofficial/video/7627179930677333270
logo_independence,ttc:7647150682861945607,tt:7627179930677333270,automatic_lexical_match,https://www.tiktok.com/@aliceinparisofficial/video/7627179930677333270
logo_independence,ttc:7665701441432552213,tt:7627179930677333270,automatic_lexical_match,https://www.tiktok.com/@aliceinparisofficial/video/7627179930677333270
logo_independence,ttc:7681381128578269970,tt:7681030709988969741,automatic_lexical_match,https://www.tiktok.com/@johnathan.guo/video/7681030709988969741
logo_independence,ttc:7221148532434060059,tt:7218302653489483051,automatic_lexical_match,https://www.tiktok.com/@steffieinthecity/video/7218302653489483051
logo_independence,ttc:7673399277855408909,tt:7652379521559137566,automatic_lexical_match,https://www.tiktok.com/@imjustbarbs/video/7652379521559137566
logo_independence,ttc:7652553769104589585,tt:7652379521559137566,automatic_lexical_match,https://www.tiktok.com/@imjustbarbs/video/7652379521559137566
logo_independence,ttc:7627584049902027542,tt:7627179930677333270,automatic_lexical_match,https://www.tiktok.com/@aliceinparisofficial/video/7627179930677333270
logo_independence,ttc:7628234298450969365,tt:7627179930677333270,automatic_lexical_match,https://www.tiktok.com/@aliceinparisofficial/video/7627179930677333270
logo_independence,ttc:7572600850423563022,tt:7218302653489483051,automatic_lexical_match,https://www.tiktok.com/@steffieinthecity/video/7218302653489483051
logo_independence,ttc:7660155135855297302,tt:7652379521559137566,automatic_lexical_match,https://www.tiktok.com/@imjustbarbs/video/7652379521559137566
logo_independence,ttc:7629482068087161603,tt:7627179930677333270,automatic_lexical_match,https://www.tiktok.com/@aliceinparisofficial/video/7627179930677333270
logo_independence,ttc:7627361572374463250,tt:7627179930677333270,automatic_lexical_match,https://www.tiktok.com/@aliceinparisofficial/video/7627179930677333270
logo_independence,igc:18193824232381068,ig:DbopI80TuC2,automatic_lexical_match,https://www.instagram.com/p/DbopI80TuC2/c/18193824232381068
logo_independence,igc:18148899259496074,ig:DbopI80TuC2,automatic_lexical_match,https://www.instagram.com/p/DbopI80TuC2/c/18148899259496074
logo_independence,igc:18213596230352358,ig:DbopI80TuC2,automatic_lexical_match,https://www.instagram.com/p/DbopI80TuC2/c/18213596230352358
logo_independence,igc:18126114799829336,ig:DbopI80TuC2,automatic_lexical_match,https://www.instagram.com/p/DbopI80TuC2/c/18126114799829336
logo_independence,igc:18096408290529372,ig:DbopI80TuC2,automatic_lexical_match,https://www.instagram.com/p/DbopI80TuC2/c/18096408290529372
logo_independence,igc:18100782146612593,ig:DbopI80TuC2,automatic_lexical_match,https://www.instagram.com/p/DbopI80TuC2/c/18100782146612593
logo_independence,igc:18137552257523781,ig:DbopI80TuC2,automatic_lexical_match,https://www.instagram.com/p/DbopI80TuC2/c/18137552257523781
logo_independence,igc:18138388843717286,ig:DdJPm0RjYAP,automatic_lexical_match,https://www.instagram.com/p/DdJPm0RjYAP/c/18138388843717286
logo_independence,igc:18085194980657666,ig:DbopI80TuC2,automatic_lexical_match,https://www.instagram.com/p/DbopI80TuC2/c/18085194980657666
logo_independence,igc:17956015604998362,ig:DbopI80TuC2,automatic_lexical_match,https://www.instagram.com/p/DbopI80TuC2/c/17956015604998362
logo_independence,igc:18106973995867850,ig:DbopI80TuC2,automatic_lexical_match,https://www.instagram.com/p/DbopI80TuC2/c/18106973995867850
logo_independence,igc:17951927118216841,ig:DbopI80TuC2,automatic_lexical_match,https://www.instagram.com/p/DbopI80TuC2/c/17951927118216841
logo_independence,igc:17991956246823256,ig:DbopI80TuC2,automatic_lexical_match,https://www.instagram.com/p/DbopI80TuC2/c/17991956246823256
logo_independence,igc:18362614387242158,ig:DbopI80TuC2,automatic_lexical_match,https://www.instagram.com/p/DbopI80TuC2/c/18362614387242158
logo_independence,igc:18132419920713473,ig:DbopI80TuC2,automatic_lexical_match,https://www.instagram.com/p/DbopI80TuC2/c/18132419920713473
logo_independence,igc:17961511643980315,ig:DcwKBp-zayN,automatic_lexical_match,https://www.instagram.com/p/DcwKBp-zayN/c/17961511643980315
logo_independence,igc:18060432269780941,ig:DbopI80TuC2,automatic_lexical_match,https://www.instagram.com/p/DbopI80TuC2/c/18060432269780941
logo_independence,igc:18128722903757726,ig:DdIAWblCPui,automatic_lexical_match,https://www.instagram.com/p/DdIAWblCPui/c/18128722903757726
logo_independence,igc:18136821874590038,ig:DYeoiNrMrKp,automatic_lexical_match,https://www.instagram.com/p/DYeoiNrMrKp/c/18136821874590038
logo_independence,igc:18072963608611358,ig:DS5aU7XDv7U,automatic_lexical_match,https://www.instagram.com/p/DS5aU7XDv7U/c/18072963608611358
logo_independence,igc:18030143339824846,ig:DYeoiNrMrKp,automatic_lexical_match,https://www.instagram.com/p/DYeoiNrMrKp/c/18030143339824846
logo_independence,igc:17933955270387730,ig:DdEF89jD48L,automatic_lexical_match,https://www.instagram.com/p/DdEF89jD48L/c/17933955270387730
logo_independence,ttc:7671734134842065677,tt:7670290170209438989,automatic_lexical_match,https://www.tiktok.com/@jessicanlinn/video/7670290170209438989
logo_independence,ttc:7683260413237445390,tt:7670290170209438989,automatic_lexical_match,https://www.tiktok.com/@jessicanlinn/video/7670290170209438989
logo_independence,igc:18090983957243480,ig:DdHRsZ5ubNp,automatic_lexical_match,https://www.instagram.com/p/DdHRsZ5ubNp/
logo_independence,igc:17896069458518561,ig:Daltv8PhsXS,automatic_lexical_match,https://www.instagram.com/p/Daltv8PhsXS/
logo_independence,igc:18093938078389940,ig:Dc5gmt-zDzR,automatic_lexical_match,https://www.instagram.com/p/Dc5gmt-zDzR/
logo_independence,igc:18113934524086603,ig:DcmMWyvyP54,automatic_lexical_match,https://www.instagram.com/p/DcmMWyvyP54/
logo_independence,igc:18025249727856331,ig:DdCMJfjBhRV,automatic_lexical_match,https://www.instagram.com/p/DdCMJfjBhRV/
logo_independence,igc:18124028617834976,ig:DdCMJfjBhRV,automatic_lexical_match,https://www.instagram.com/p/DdCMJfjBhRV/
logo_independence,igc:18174833140381835,ig:DdCMJfjBhRV,automatic_lexical_match,https://www.instagram.com/p/DdCMJfjBhRV/
logo_independence,igc:18141683641583925,ig:DdCMJfjBhRV,automatic_lexical_match,https://www.instagram.com/p/DdCMJfjBhRV/
logo_independence,igc:18228961519324870,ig:DdCMJfjBhRV,automatic_lexical_match,https://www.instagram.com/p/DdCMJfjBhRV/
logo_independence,igc:17880546102688725,ig:DdCMJfjBhRV,automatic_lexical_match,https://www.instagram.com/p/DdCMJfjBhRV/
logo_independence,igc:18115776838959394,ig:DdCMJfjBhRV,automatic_lexical_match,https://www.instagram.com/p/DdCMJfjBhRV/
logo_independence,igc:18173949448384962,ig:DdCMJfjBhRV,automatic_lexical_match,https://www.instagram.com/p/DdCMJfjBhRV/
logo_independence,igc:18100236869566675,ig:DdCMJfjBhRV,automatic_lexical_match,https://www.instagram.com/p/DdCMJfjBhRV/
logo_independence,igc:18107970791156123,ig:DdCMJfjBhRV,automatic_lexical_match,https://www.instagram.com/p/DdCMJfjBhRV/
logo_independence,igc:18113107772329011,ig:DdCMJfjBhRV,automatic_lexical_match,https://www.instagram.com/p/DdCMJfjBhRV/
logo_independence,igc:18105663649906321,ig:DdCMJfjBhRV,automatic_lexical_match,https://www.instagram.com/p/DdCMJfjBhRV/
logo_independence,igc:18103532729228848,ig:DcWKfE4uRaB,automatic_lexical_match,https://www.instagram.com/p/DcWKfE4uRaB/
seasonal_woven,igc:18025389227284231,ig:C7AKRw8Sy6U,analyst_inspected_anchor,https://www.instagram.com/p/C7AKRw8Sy6U/c/18025389227284231
seasonal_woven,igc:17880819054074195,ig:C7AKRw8Sy6U,analyst_inspected_anchor,https://www.instagram.com/p/C7AKRw8Sy6U/c/17880819054074195
seasonal_woven,ttc:7652406067875922702,tt:7652379521559137566,analyst_inspected_anchor,https://www.tiktok.com/@imjustbarbs/video/7652379521559137566
seasonal_woven,igc:17979219477089351,ig:DcwSp7fpVLc,automatic_lexical_match,https://www.instagram.com/p/DcwSp7fpVLc/c/17979219477089351
seasonal_woven,igc:18095292113530910,ig:DcwSp7fpVLc,automatic_lexical_match,https://www.instagram.com/p/DcwSp7fpVLc/c/18095292113530910
seasonal_woven,igc:18432414838178400,ig:DcwSp7fpVLc,automatic_lexical_match,https://www.instagram.com/p/DcwSp7fpVLc/c/18432414838178400
seasonal_woven,igc:18128427790802090,ig:DcwSp7fpVLc,automatic_lexical_match,https://www.instagram.com/p/DcwSp7fpVLc/c/18128427790802090
seasonal_woven,igc:18309107227304003,ig:DcwSp7fpVLc,automatic_lexical_match,https://www.instagram.com/p/DcwSp7fpVLc/c/18309107227304003
seasonal_woven,igc:18351975931171265,ig:DcwSp7fpVLc,automatic_lexical_match,https://www.instagram.com/p/DcwSp7fpVLc/c/18351975931171265
seasonal_woven,igc:18031888319847540,ig:DcwSp7fpVLc,automatic_lexical_match,https://www.instagram.com/p/DcwSp7fpVLc/c/18031888319847540
seasonal_woven,igc:17906001873519845,ig:DcwSp7fpVLc,automatic_lexical_match,https://www.instagram.com/p/DcwSp7fpVLc/c/17906001873519845
seasonal_woven,igc:18123259253496857,ig:DcwSp7fpVLc,automatic_lexical_match,https://www.instagram.com/p/DcwSp7fpVLc/c/18123259253496857
seasonal_woven,igc:17958213455998277,ig:DcwSp7fpVLc,automatic_lexical_match,https://www.instagram.com/p/DcwSp7fpVLc/c/17958213455998277
seasonal_woven,igc:17865537657658773,ig:DcwSp7fpVLc,automatic_lexical_match,https://www.instagram.com/p/DcwSp7fpVLc/c/17865537657658773
seasonal_woven,igc:18090480923164814,ig:DcwSp7fpVLc,automatic_lexical_match,https://www.instagram.com/p/DcwSp7fpVLc/c/18090480923164814
seasonal_woven,igc:18087477578680325,ig:DcwSp7fpVLc,automatic_lexical_match,https://www.instagram.com/p/DcwSp7fpVLc/c/18087477578680325
seasonal_woven,igc:18018047693923763,ig:DcWLvteqezx,automatic_lexical_match,https://www.instagram.com/p/DcWLvteqezx/c/18018047693923763
seasonal_woven,igc:18083531639303035,ig:DcWLvteqezx,automatic_lexical_match,https://www.instagram.com/p/DcWLvteqezx/c/18083531639303035
seasonal_woven,igc:18131897827655255,ig:DcWLvteqezx,automatic_lexical_match,https://www.instagram.com/p/DcWLvteqezx/c/18131897827655255
seasonal_woven,igc:18230338348321956,ig:DcWLvteqezx,automatic_lexical_match,https://www.instagram.com/p/DcWLvteqezx/c/18230338348321956
seasonal_woven,igc:17903999568485390,ig:DcWLvteqezx,automatic_lexical_match,https://www.instagram.com/p/DcWLvteqezx/c/17903999568485390
seasonal_woven,igc:18084614768282461,ig:DcWLvteqezx,automatic_lexical_match,https://www.instagram.com/p/DcWLvteqezx/c/18084614768282461
seasonal_woven,igc:18112807261800919,ig:DcWLvteqezx,automatic_lexical_match,https://www.instagram.com/p/DcWLvteqezx/c/18112807261800919
seasonal_woven,igc:17967412836160852,ig:DcWLvteqezx,automatic_lexical_match,https://www.instagram.com/p/DcWLvteqezx/c/17967412836160852
seasonal_woven,igc:17995183649822430,ig:DcWLvteqezx,automatic_lexical_match,https://www.instagram.com/p/DcWLvteqezx/c/17995183649822430
seasonal_woven,igc:18200658655374626,ig:DcWLvteqezx,automatic_lexical_match,https://www.instagram.com/p/DcWLvteqezx/c/18200658655374626
seasonal_woven,igc:18114774910762494,ig:DcWLvteqezx,automatic_lexical_match,https://www.instagram.com/p/DcWLvteqezx/c/18114774910762494
seasonal_woven,igc:18136998670560629,ig:DZf-NuYgpG-,automatic_lexical_match,https://www.instagram.com/p/DZf-NuYgpG-/c/18136998670560629
seasonal_woven,igc:18120059368743595,ig:DaLPP4XsxGe,automatic_lexical_match,https://www.instagram.com/p/DaLPP4XsxGe/c/18120059368743595
seasonal_woven,igc:18399216676082781,ig:DaLPP4XsxGe,automatic_lexical_match,https://www.instagram.com/p/DaLPP4XsxGe/c/18399216676082781
seasonal_woven,igc:18089174312416881,ig:DaLPP4XsxGe,automatic_lexical_match,https://www.instagram.com/p/DaLPP4XsxGe/c/18089174312416881
seasonal_woven,igc:17980960323035579,ig:DaLPP4XsxGe,automatic_lexical_match,https://www.instagram.com/p/DaLPP4XsxGe/c/17980960323035579
seasonal_woven,igc:17979111785899077,ig:DcgfD_ejl4-,automatic_lexical_match,https://www.instagram.com/p/DcgfD_ejl4-/c/17979111785899077
seasonal_woven,igc:17942325690319438,ig:DcgfD_ejl4-,automatic_lexical_match,https://www.instagram.com/p/DcgfD_ejl4-/c/17942325690319438
seasonal_woven,igc:17975136626918909,ig:DYc_80vh7Yd,automatic_lexical_match,https://www.instagram.com/p/DYc_80vh7Yd/c/17975136626918909
seasonal_woven,igc:18142209607582330,ig:DY-z9hXzBNX,automatic_lexical_match,https://www.instagram.com/p/DY-z9hXzBNX/c/18142209607582330
seasonal_woven,igc:18115295990000101,ig:DY-z9hXzBNX,automatic_lexical_match,https://www.instagram.com/p/DY-z9hXzBNX/c/18115295990000101
seasonal_woven,igc:18492412951099830,ig:DY-z9hXzBNX,automatic_lexical_match,https://www.instagram.com/p/DY-z9hXzBNX/c/18492412951099830
seasonal_woven,igc:18128438785737246,ig:DY-z9hXzBNX,automatic_lexical_match,https://www.instagram.com/p/DY-z9hXzBNX/c/18128438785737246
seasonal_woven,igc:18068312378547117,ig:DY-z9hXzBNX,automatic_lexical_match,https://www.instagram.com/p/DY-z9hXzBNX/c/18068312378547117
seasonal_woven,igc:17896847100574265,ig:DY-z9hXzBNX,automatic_lexical_match,https://www.instagram.com/p/DY-z9hXzBNX/c/17896847100574265
seasonal_woven,igc:17887707906432958,ig:DY-z9hXzBNX,automatic_lexical_match,https://www.instagram.com/p/DY-z9hXzBNX/c/17887707906432958
seasonal_woven,igc:18088459340160643,ig:DY-z9hXzBNX,automatic_lexical_match,https://www.instagram.com/p/DY-z9hXzBNX/c/18088459340160643
seasonal_woven,igc:18360065659208216,ig:DY-z9hXzBNX,automatic_lexical_match,https://www.instagram.com/p/DY-z9hXzBNX/c/18360065659208216
seasonal_woven,igc:18052600820788619,ig:DY-z9hXzBNX,automatic_lexical_match,https://www.instagram.com/p/DY-z9hXzBNX/c/18052600820788619
seasonal_woven,igc:17962340585965958,ig:DY-z9hXzBNX,automatic_lexical_match,https://www.instagram.com/p/DY-z9hXzBNX/c/17962340585965958
seasonal_woven,igc:17935857681305429,ig:DY-z9hXzBNX,automatic_lexical_match,https://www.instagram.com/p/DY-z9hXzBNX/c/17935857681305429
seasonal_woven,igc:18358270417246708,ig:DY-z9hXzBNX,automatic_lexical_match,https://www.instagram.com/p/DY-z9hXzBNX/c/18358270417246708
seasonal_woven,igc:18123386461764872,ig:DY-z9hXzBNX,automatic_lexical_match,https://www.instagram.com/p/DY-z9hXzBNX/c/18123386461764872
seasonal_woven,igc:18141424894569176,ig:DcwSp7fpVLc,automatic_lexical_match,https://www.instagram.com/p/DcwSp7fpVLc/c/18141424894569176
seasonal_woven,igc:17933254914381948,ig:DcwSp7fpVLc,automatic_lexical_match,https://www.instagram.com/p/DcwSp7fpVLc/c/17933254914381948
seasonal_woven,igc:18093994178564645,ig:DcwSp7fpVLc,automatic_lexical_match,https://www.instagram.com/p/DcwSp7fpVLc/c/18093994178564645
seasonal_woven,igc:17904483558329799,ig:DcwSp7fpVLc,automatic_lexical_match,https://www.instagram.com/p/DcwSp7fpVLc/c/17904483558329799
seasonal_woven,igc:17987110014058408,ig:DcwSp7fpVLc,automatic_lexical_match,https://www.instagram.com/p/DcwSp7fpVLc/c/17987110014058408
seasonal_woven,igc:18123635839848845,ig:DcwSp7fpVLc,automatic_lexical_match,https://www.instagram.com/p/DcwSp7fpVLc/c/18123635839848845
seasonal_woven,igc:18075695834708625,ig:DcwSp7fpVLc,automatic_lexical_match,https://www.instagram.com/p/DcwSp7fpVLc/c/18075695834708625
seasonal_woven,igc:18091753841553814,ig:DcwSp7fpVLc,automatic_lexical_match,https://www.instagram.com/p/DcwSp7fpVLc/c/18091753841553814
seasonal_woven,igc:17988578376111856,ig:DcwSp7fpVLc,automatic_lexical_match,https://www.instagram.com/p/DcwSp7fpVLc/c/17988578376111856
seasonal_woven,igc:17980834554077529,ig:DcwSp7fpVLc,automatic_lexical_match,https://www.instagram.com/p/DcwSp7fpVLc/c/17980834554077529
seasonal_woven,igc:18456549829137866,ig:DcwSp7fpVLc,automatic_lexical_match,https://www.instagram.com/p/DcwSp7fpVLc/c/18456549829137866
seasonal_woven,igc:18225680092334480,ig:DcwSp7fpVLc,automatic_lexical_match,https://www.instagram.com/p/DcwSp7fpVLc/c/18225680092334480
seasonal_woven,igc:18137195830599592,ig:DcwSp7fpVLc,automatic_lexical_match,https://www.instagram.com/p/DcwSp7fpVLc/c/18137195830599592
seasonal_woven,igc:17960488452193456,ig:DcwSp7fpVLc,automatic_lexical_match,https://www.instagram.com/p/DcwSp7fpVLc/c/17960488452193456
seasonal_woven,igc:18215321362345682,ig:DcWLvteqezx,automatic_lexical_match,https://www.instagram.com/p/DcWLvteqezx/c/18215321362345682
seasonal_woven,igc:18488194183097791,ig:DcWLvteqezx,automatic_lexical_match,https://www.instagram.com/p/DcWLvteqezx/c/18488194183097791
seasonal_woven,igc:17981759340069291,ig:DcWLvteqezx,automatic_lexical_match,https://www.instagram.com/p/DcWLvteqezx/c/17981759340069291
seasonal_woven,igc:18091637324134941,ig:DcWLvteqezx,automatic_lexical_match,https://www.instagram.com/p/DcWLvteqezx/c/18091637324134941
seasonal_woven,igc:17983396172879502,ig:DcWLvteqezx,automatic_lexical_match,https://www.instagram.com/p/DcWLvteqezx/c/17983396172879502
seasonal_woven,igc:18159798934441862,ig:DcWLvteqezx,automatic_lexical_match,https://www.instagram.com/p/DcWLvteqezx/c/18159798934441862
seasonal_woven,igc:17960489055188024,ig:DcWLvteqezx,automatic_lexical_match,https://www.instagram.com/p/DcWLvteqezx/c/17960489055188024
seasonal_woven,igc:17881250226619827,ig:DcWLvteqezx,automatic_lexical_match,https://www.instagram.com/p/DcWLvteqezx/c/17881250226619827
seasonal_woven,igc:17921629473201535,ig:DcWLvteqezx,automatic_lexical_match,https://www.instagram.com/p/DcWLvteqezx/c/17921629473201535
seasonal_woven,igc:18173605153387462,ig:DcWLvteqezx,automatic_lexical_match,https://www.instagram.com/p/DcWLvteqezx/c/18173605153387462
seasonal_woven,igc:18106256063179674,ig:DcWLvteqezx,automatic_lexical_match,https://www.instagram.com/p/DcWLvteqezx/c/18106256063179674
seasonal_woven,igc:18229818298279309,ig:C7AKRw8Sy6U,automatic_lexical_match,https://www.instagram.com/p/C7AKRw8Sy6U/c/18229818298279309
seasonal_woven,igc:18047929991802199,ig:DcdqdquuB0l,automatic_lexical_match,https://www.instagram.com/p/DcdqdquuB0l/c/18047929991802199
seasonal_woven,igc:18095953775064993,ig:DcljDRyKTWR,automatic_lexical_match,https://www.instagram.com/p/DcljDRyKTWR/c/18095953775064993
seasonal_woven,igc:17914164216258178,ig:Dcygr_ux63y,automatic_lexical_match,https://www.instagram.com/p/Dcygr_ux63y/c/17914164216258178
seasonal_woven,igc:18102835466096638,ig:Dcygr_ux63y,automatic_lexical_match,https://www.instagram.com/p/Dcygr_ux63y/c/18102835466096638
seasonal_woven,igc:18131068819673508,ig:Dcygr_ux63y,automatic_lexical_match,https://www.instagram.com/p/Dcygr_ux63y/c/18131068819673508
seasonal_woven,igc:17966910794960180,ig:Dcygr_ux63y,automatic_lexical_match,https://www.instagram.com/p/Dcygr_ux63y/c/17966910794960180
seasonal_woven,igc:18046866320808545,ig:Dcygr_ux63y,automatic_lexical_match,https://www.instagram.com/p/Dcygr_ux63y/c/18046866320808545
seasonal_woven,igc:18115614353000929,ig:Dcygr_ux63y,automatic_lexical_match,https://www.instagram.com/p/Dcygr_ux63y/c/18115614353000929
seasonal_woven,igc:18125972182868840,ig:Dcygr_ux63y,automatic_lexical_match,https://www.instagram.com/p/Dcygr_ux63y/c/18125972182868840
seasonal_woven,igc:18160940617491939,ig:Dcygr_ux63y,automatic_lexical_match,https://www.instagram.com/p/Dcygr_ux63y/c/18160940617491939
seasonal_woven,igc:17892422892676752,ig:Dcygr_ux63y,automatic_lexical_match,https://www.instagram.com/p/Dcygr_ux63y/c/17892422892676752
seasonal_woven,igc:17989007916023908,ig:Dcygr_ux63y,automatic_lexical_match,https://www.instagram.com/p/Dcygr_ux63y/c/17989007916023908
seasonal_woven,igc:18102778049201307,ig:Dcygr_ux63y,automatic_lexical_match,https://www.instagram.com/p/Dcygr_ux63y/c/18102778049201307
seasonal_woven,igc:18094503590116000,ig:Dcygr_ux63y,automatic_lexical_match,https://www.instagram.com/p/Dcygr_ux63y/c/18094503590116000
seasonal_woven,igc:17885416701608272,ig:DaQtCPki27D,automatic_lexical_match,https://www.instagram.com/p/DaQtCPki27D/c/17885416701608272
seasonal_woven,igc:18121070959783496,ig:DaLPP4XsxGe,automatic_lexical_match,https://www.instagram.com/p/DaLPP4XsxGe/c/18121070959783496
seasonal_woven,igc:18344241736172620,ig:DaLPP4XsxGe,automatic_lexical_match,https://www.instagram.com/p/DaLPP4XsxGe/c/18344241736172620
seasonal_woven,igc:17935199256288782,ig:DaLPP4XsxGe,automatic_lexical_match,https://www.instagram.com/p/DaLPP4XsxGe/c/17935199256288782
seasonal_woven,igc:17982825225102815,ig:Da0XTTfhZxa,automatic_lexical_match,https://www.instagram.com/p/Da0XTTfhZxa/c/17982825225102815
seasonal_woven,igc:17880210426674671,ig:Da0XTTfhZxa,automatic_lexical_match,https://www.instagram.com/p/Da0XTTfhZxa/c/17880210426674671
seasonal_woven,igc:18103409753154228,ig:DY-z9hXzBNX,automatic_lexical_match,https://www.instagram.com/p/DY-z9hXzBNX/c/18103409753154228
seasonal_woven,igc:18092724200629286,ig:DY-z9hXzBNX,automatic_lexical_match,https://www.instagram.com/p/DY-z9hXzBNX/c/18092724200629286
seasonal_woven,igc:17948740617233769,ig:DY-z9hXzBNX,automatic_lexical_match,https://www.instagram.com/p/DY-z9hXzBNX/c/17948740617233769
seasonal_woven,igc:18086384852558205,ig:DY-z9hXzBNX,automatic_lexical_match,https://www.instagram.com/p/DY-z9hXzBNX/c/18086384852558205
seasonal_woven,igc:18127981354574766,ig:DY-z9hXzBNX,automatic_lexical_match,https://www.instagram.com/p/DY-z9hXzBNX/c/18127981354574766
seasonal_woven,igc:18153023212501062,ig:DY-z9hXzBNX,automatic_lexical_match,https://www.instagram.com/p/DY-z9hXzBNX/c/18153023212501062
seasonal_woven,igc:17958570165156798,ig:DY-z9hXzBNX,automatic_lexical_match,https://www.instagram.com/p/DY-z9hXzBNX/c/17958570165156798
seasonal_woven,igc:18004613429950834,ig:DY-z9hXzBNX,automatic_lexical_match,https://www.instagram.com/p/DY-z9hXzBNX/c/18004613429950834
seasonal_woven,igc:17923926471166861,ig:DY-z9hXzBNX,automatic_lexical_match,https://www.instagram.com/p/DY-z9hXzBNX/c/17923926471166861
seasonal_woven,igc:18079783973294888,ig:DY-z9hXzBNX,automatic_lexical_match,https://www.instagram.com/p/DY-z9hXzBNX/c/18079783973294888
seasonal_woven,igc:18104766697866755,ig:DY-z9hXzBNX,automatic_lexical_match,https://www.instagram.com/p/DY-z9hXzBNX/c/18104766697866755
seasonal_woven,igc:18118974065503145,ig:DY-z9hXzBNX,automatic_lexical_match,https://www.instagram.com/p/DY-z9hXzBNX/c/18118974065503145
seasonal_woven,igc:18002326601954043,ig:DY-z9hXzBNX,automatic_lexical_match,https://www.instagram.com/p/DY-z9hXzBNX/c/18002326601954043
seasonal_woven,igc:18098984720611011,ig:DY-z9hXzBNX,automatic_lexical_match,https://www.instagram.com/p/DY-z9hXzBNX/c/18098984720611011
seasonal_woven,igc:18110382358772184,ig:DY-z9hXzBNX,automatic_lexical_match,https://www.instagram.com/p/DY-z9hXzBNX/c/18110382358772184
seasonal_woven,igc:18093801863363913,ig:DZf-NuYgpG-,automatic_lexical_match,https://www.instagram.com/p/DZf-NuYgpG-/c/18093801863363913
seasonal_woven,igc:18123438340881169,ig:Dcygr_ux63y,automatic_lexical_match,https://www.instagram.com/p/Dcygr_ux63y/c/18123438340881169
seasonal_woven,igc:18090892019172804,ig:Dcygr_ux63y,automatic_lexical_match,https://www.instagram.com/p/Dcygr_ux63y/c/18090892019172804
seasonal_woven,igc:18088353491655458,ig:Dcygr_ux63y,automatic_lexical_match,https://www.instagram.com/p/Dcygr_ux63y/c/18088353491655458
seasonal_woven,igc:18098163656573593,ig:Dcygr_ux63y,automatic_lexical_match,https://www.instagram.com/p/Dcygr_ux63y/c/18098163656573593
seasonal_woven,igc:18024053315699538,ig:Dcygr_ux63y,automatic_lexical_match,https://www.instagram.com/p/Dcygr_ux63y/c/18024053315699538
seasonal_woven,igc:18491317936097763,ig:Dcygr_ux63y,automatic_lexical_match,https://www.instagram.com/p/Dcygr_ux63y/c/18491317936097763
seasonal_woven,igc:18193473031387113,ig:Dcygr_ux63y,automatic_lexical_match,https://www.instagram.com/p/Dcygr_ux63y/c/18193473031387113
seasonal_woven,igc:18098871605111004,ig:Dcygr_ux63y,automatic_lexical_match,https://www.instagram.com/p/Dcygr_ux63y/c/18098871605111004
seasonal_woven,igc:17887893822457439,ig:Dcygr_ux63y,automatic_lexical_match,https://www.instagram.com/p/Dcygr_ux63y/c/17887893822457439
seasonal_woven,igc:18150819823460429,ig:DcWLvteqezx,automatic_lexical_match,https://www.instagram.com/p/DcWLvteqezx/c/18150819823460429
seasonal_woven,igc:18185542072364404,ig:DcWLvteqezx,automatic_lexical_match,https://www.instagram.com/p/DcWLvteqezx/c/18185542072364404
seasonal_woven,igc:18080506532328254,ig:DcWLvteqezx,automatic_lexical_match,https://www.instagram.com/p/DcWLvteqezx/c/18080506532328254
seasonal_woven,igc:17912642604450636,ig:DcWLvteqezx,automatic_lexical_match,https://www.instagram.com/p/DcWLvteqezx/c/17912642604450636
seasonal_woven,igc:17859182742696606,ig:DcWLvteqezx,automatic_lexical_match,https://www.instagram.com/p/DcWLvteqezx/c/17859182742696606
seasonal_woven,igc:18126012604765077,ig:DcWLvteqezx,automatic_lexical_match,https://www.instagram.com/p/DcWLvteqezx/c/18126012604765077
seasonal_woven,igc:17936406237357231,ig:DcWLvteqezx,automatic_lexical_match,https://www.instagram.com/p/DcWLvteqezx/c/17936406237357231
seasonal_woven,igc:18010141973949914,ig:DcWLvteqezx,automatic_lexical_match,https://www.instagram.com/p/DcWLvteqezx/c/18010141973949914
seasonal_woven,igc:18483209515106583,ig:DcWLvteqezx,automatic_lexical_match,https://www.instagram.com/p/DcWLvteqezx/c/18483209515106583
seasonal_woven,igc:17984629512023886,ig:DcWLvteqezx,automatic_lexical_match,https://www.instagram.com/p/DcWLvteqezx/c/17984629512023886
seasonal_woven,igc:18104589145897833,ig:DcWLvteqezx,automatic_lexical_match,https://www.instagram.com/p/DcWLvteqezx/c/18104589145897833
seasonal_woven,igc:17990566950035526,ig:DcWLvteqezx,automatic_lexical_match,https://www.instagram.com/p/DcWLvteqezx/c/17990566950035526
seasonal_woven,igc:17918262696224324,ig:DcljDRyKTWR,automatic_lexical_match,https://www.instagram.com/p/DcljDRyKTWR/c/17918262696224324
seasonal_woven,igc:18018575009872848,ig:DcwSp7fpVLc,automatic_lexical_match,https://www.instagram.com/p/DcwSp7fpVLc/c/18018575009872848
seasonal_woven,igc:18112955048027785,ig:DcwSp7fpVLc,automatic_lexical_match,https://www.instagram.com/p/DcwSp7fpVLc/c/18112955048027785
seasonal_woven,igc:18084224549292248,ig:DcwSp7fpVLc,automatic_lexical_match,https://www.instagram.com/p/DcwSp7fpVLc/c/18084224549292248
seasonal_woven,igc:18390784348200951,ig:DcwSp7fpVLc,automatic_lexical_match,https://www.instagram.com/p/DcwSp7fpVLc/c/18390784348200951
seasonal_woven,igc:18143675089492119,ig:DcwSp7fpVLc,automatic_lexical_match,https://www.instagram.com/p/DcwSp7fpVLc/c/18143675089492119
seasonal_woven,igc:18138685243522236,ig:DcwSp7fpVLc,automatic_lexical_match,https://www.instagram.com/p/DcwSp7fpVLc/c/18138685243522236
seasonal_woven,igc:18183392200408189,ig:DcwSp7fpVLc,automatic_lexical_match,https://www.instagram.com/p/DcwSp7fpVLc/c/18183392200408189
seasonal_woven,igc:18105943430235507,ig:DcwSp7fpVLc,automatic_lexical_match,https://www.instagram.com/p/DcwSp7fpVLc/c/18105943430235507
seasonal_woven,igc:17899361217664280,ig:DcwSp7fpVLc,automatic_lexical_match,https://www.instagram.com/p/DcwSp7fpVLc/c/17899361217664280
seasonal_woven,igc:18091741865539352,ig:DcwSp7fpVLc,automatic_lexical_match,https://www.instagram.com/p/DcwSp7fpVLc/c/18091741865539352
seasonal_woven,igc:18019461857715269,ig:DcwSp7fpVLc,automatic_lexical_match,https://www.instagram.com/p/DcwSp7fpVLc/c/18019461857715269
seasonal_woven,igc:18122585992656413,ig:DcwSp7fpVLc,automatic_lexical_match,https://www.instagram.com/p/DcwSp7fpVLc/c/18122585992656413
seasonal_woven,igc:18428645941199800,ig:DcwSp7fpVLc,automatic_lexical_match,https://www.instagram.com/p/DcwSp7fpVLc/c/18428645941199800
seasonal_woven,igc:17907411666541445,ig:DcwSp7fpVLc,automatic_lexical_match,https://www.instagram.com/p/DcwSp7fpVLc/c/17907411666541445
seasonal_woven,igc:18058614422669295,ig:DcwSp7fpVLc,automatic_lexical_match,https://www.instagram.com/p/DcwSp7fpVLc/c/18058614422669295
seasonal_woven,igc:17923132095392764,ig:DakxW-YMug9,automatic_lexical_match,https://www.instagram.com/p/DakxW-YMug9/c/17923132095392764
seasonal_woven,igc:18033371678050079,ig:C7AKRw8Sy6U,automatic_lexical_match,https://www.instagram.com/p/C7AKRw8Sy6U/c/18033371678050079
seasonal_woven,igc:18033976207950866,ig:C7AKRw8Sy6U,automatic_lexical_match,https://www.instagram.com/p/C7AKRw8Sy6U/c/18033976207950866
seasonal_woven,igc:18086324147557384,ig:DY-z9hXzBNX,automatic_lexical_match,https://www.instagram.com/p/DY-z9hXzBNX/c/18086324147557384
seasonal_woven,igc:18072909446701738,ig:DY-z9hXzBNX,automatic_lexical_match,https://www.instagram.com/p/DY-z9hXzBNX/c/18072909446701738
seasonal_woven,igc:18117775474793324,ig:DY-z9hXzBNX,automatic_lexical_match,https://www.instagram.com/p/DY-z9hXzBNX/c/18117775474793324
seasonal_woven,igc:18030042491834660,ig:DY-z9hXzBNX,automatic_lexical_match,https://www.instagram.com/p/DY-z9hXzBNX/c/18030042491834660
seasonal_woven,igc:18122737903747784,ig:DY-z9hXzBNX,automatic_lexical_match,https://www.instagram.com/p/DY-z9hXzBNX/c/18122737903747784
seasonal_woven,igc:18114755143933249,ig:DY-z9hXzBNX,automatic_lexical_match,https://www.instagram.com/p/DY-z9hXzBNX/c/18114755143933249
seasonal_woven,igc:18460035784117410,ig:DY-z9hXzBNX,automatic_lexical_match,https://www.instagram.com/p/DY-z9hXzBNX/c/18460035784117410
seasonal_woven,igc:18088173335452165,ig:DY-z9hXzBNX,automatic_lexical_match,https://www.instagram.com/p/DY-z9hXzBNX/c/18088173335452165
seasonal_woven,igc:18097057814620227,ig:DY-z9hXzBNX,automatic_lexical_match,https://www.instagram.com/p/DY-z9hXzBNX/c/18097057814620227
seasonal_woven,igc:18028570316662332,ig:DY-z9hXzBNX,automatic_lexical_match,https://www.instagram.com/p/DY-z9hXzBNX/c/18028570316662332
seasonal_woven,igc:18123028822686274,ig:DY-z9hXzBNX,automatic_lexical_match,https://www.instagram.com/p/DY-z9hXzBNX/c/18123028822686274
seasonal_woven,igc:18086084519540073,ig:DY-z9hXzBNX,automatic_lexical_match,https://www.instagram.com/p/DY-z9hXzBNX/c/18086084519540073
seasonal_woven,igc:17912217291241996,ig:DY-z9hXzBNX,automatic_lexical_match,https://www.instagram.com/p/DY-z9hXzBNX/c/17912217291241996
seasonal_woven,igc:18105511154142458,ig:DY-z9hXzBNX,automatic_lexical_match,https://www.instagram.com/p/DY-z9hXzBNX/c/18105511154142458
seasonal_woven,igc:18184373152364157,ig:DY-z9hXzBNX,automatic_lexical_match,https://www.instagram.com/p/DY-z9hXzBNX/c/18184373152364157
seasonal_woven,igc:17938158663071947,ig:DaLPP4XsxGe,automatic_lexical_match,https://www.instagram.com/p/DaLPP4XsxGe/c/17938158663071947
seasonal_woven,igc:18111972098488631,ig:DaLPP4XsxGe,automatic_lexical_match,https://www.instagram.com/p/DaLPP4XsxGe/c/18111972098488631
seasonal_woven,igc:18538436581077930,ig:DaLPP4XsxGe,automatic_lexical_match,https://www.instagram.com/p/DaLPP4XsxGe/c/18538436581077930
seasonal_woven,igc:18081765923217788,ig:DZf-NuYgpG-,automatic_lexical_match,https://www.instagram.com/p/DZf-NuYgpG-/c/18081765923217788
seasonal_woven,igc:18130986127559128,ig:DZf-NuYgpG-,automatic_lexical_match,https://www.instagram.com/p/DZf-NuYgpG-/c/18130986127559128
seasonal_woven,igc:18440259238125968,ig:DcwSp7fpVLc,automatic_lexical_match,https://www.instagram.com/p/DcwSp7fpVLc/c/18440259238125968
seasonal_woven,igc:18116940056284509,ig:DcwSp7fpVLc,automatic_lexical_match,https://www.instagram.com/p/DcwSp7fpVLc/c/18116940056284509
seasonal_woven,igc:18073892222423787,ig:DcwSp7fpVLc,automatic_lexical_match,https://www.instagram.com/p/DcwSp7fpVLc/c/18073892222423787
seasonal_woven,igc:18110685260108471,ig:DcwSp7fpVLc,automatic_lexical_match,https://www.instagram.com/p/DcwSp7fpVLc/c/18110685260108471
seasonal_woven,igc:17907164385310300,ig:DcwSp7fpVLc,automatic_lexical_match,https://www.instagram.com/p/DcwSp7fpVLc/c/17907164385310300
seasonal_woven,igc:18053559815592121,ig:DcwSp7fpVLc,automatic_lexical_match,https://www.instagram.com/p/DcwSp7fpVLc/c/18053559815592121
seasonal_woven,igc:18408674107080311,ig:DcwSp7fpVLc,automatic_lexical_match,https://www.instagram.com/p/DcwSp7fpVLc/c/18408674107080311
seasonal_woven,igc:18070278254723866,ig:DcwSp7fpVLc,automatic_lexical_match,https://www.instagram.com/p/DcwSp7fpVLc/c/18070278254723866
seasonal_woven,igc:18103032332261208,ig:DcwSp7fpVLc,automatic_lexical_match,https://www.instagram.com/p/DcwSp7fpVLc/c/18103032332261208
seasonal_woven,igc:17903601312558861,ig:DcwSp7fpVLc,automatic_lexical_match,https://www.instagram.com/p/DcwSp7fpVLc/c/17903601312558861
seasonal_woven,igc:18009871085974230,ig:DcwSp7fpVLc,automatic_lexical_match,https://www.instagram.com/p/DcwSp7fpVLc/c/18009871085974230
seasonal_woven,igc:17871732582585287,ig:DcwSp7fpVLc,automatic_lexical_match,https://www.instagram.com/p/DcwSp7fpVLc/c/17871732582585287
seasonal_woven,igc:17903641911487296,ig:DcwSp7fpVLc,automatic_lexical_match,https://www.instagram.com/p/DcwSp7fpVLc/c/17903641911487296
seasonal_woven,igc:18114076712471737,ig:DcwSp7fpVLc,automatic_lexical_match,https://www.instagram.com/p/DcwSp7fpVLc/c/18114076712471737
seasonal_woven,igc:18423570565197942,ig:DcwSp7fpVLc,automatic_lexical_match,https://www.instagram.com/p/DcwSp7fpVLc/c/18423570565197942
seasonal_woven,igc:18147754666504590,ig:DaLPP4XsxGe,automatic_lexical_match,https://www.instagram.com/p/DaLPP4XsxGe/c/18147754666504590
seasonal_woven,igc:18094729946211297,ig:DaLPP4XsxGe,automatic_lexical_match,https://www.instagram.com/p/DaLPP4XsxGe/c/18094729946211297
seasonal_woven,igc:18101487911136164,ig:DaLPP4XsxGe,automatic_lexical_match,https://www.instagram.com/p/DaLPP4XsxGe/c/18101487911136164
seasonal_woven,igc:17958295524153573,ig:DaLPP4XsxGe,automatic_lexical_match,https://www.instagram.com/p/DaLPP4XsxGe/c/17958295524153573
seasonal_woven,igc:17935124346292006,ig:DaLPP4XsxGe,automatic_lexical_match,https://www.instagram.com/p/DaLPP4XsxGe/c/17935124346292006
seasonal_woven,igc:18085769498417112,ig:DaLPP4XsxGe,automatic_lexical_match,https://www.instagram.com/p/DaLPP4XsxGe/c/18085769498417112
seasonal_woven,igc:17924584131143718,ig:DaLPP4XsxGe,automatic_lexical_match,https://www.instagram.com/p/DaLPP4XsxGe/c/17924584131143718
seasonal_woven,igc:18124371118659051,ig:DaLPP4XsxGe,automatic_lexical_match,https://www.instagram.com/p/DaLPP4XsxGe/c/18124371118659051
seasonal_woven,igc:17970579588132493,ig:DcWLvteqezx,automatic_lexical_match,https://www.instagram.com/p/DcWLvteqezx/c/17970579588132493
seasonal_woven,igc:18472052686112144,ig:DcWLvteqezx,automatic_lexical_match,https://www.instagram.com/p/DcWLvteqezx/c/18472052686112144
seasonal_woven,igc:18162164578484471,ig:DcWLvteqezx,automatic_lexical_match,https://www.instagram.com/p/DcWLvteqezx/c/18162164578484471
seasonal_woven,igc:18090315635652113,ig:DcWLvteqezx,automatic_lexical_match,https://www.instagram.com/p/DcWLvteqezx/c/18090315635652113
seasonal_woven,igc:18118471040481897,ig:DcWLvteqezx,automatic_lexical_match,https://www.instagram.com/p/DcWLvteqezx/c/18118471040481897
seasonal_woven,igc:17911748745453795,ig:DcWLvteqezx,automatic_lexical_match,https://www.instagram.com/p/DcWLvteqezx/c/17911748745453795
seasonal_woven,igc:18091084058129463,ig:DcWLvteqezx,automatic_lexical_match,https://www.instagram.com/p/DcWLvteqezx/c/18091084058129463
seasonal_woven,igc:18058890566524857,ig:DcWLvteqezx,automatic_lexical_match,https://www.instagram.com/p/DcWLvteqezx/c/18058890566524857
seasonal_woven,igc:18075919016687549,ig:DcWLvteqezx,automatic_lexical_match,https://www.instagram.com/p/DcWLvteqezx/c/18075919016687549
seasonal_woven,igc:18093140534408154,ig:DcWLvteqezx,automatic_lexical_match,https://www.instagram.com/p/DcWLvteqezx/c/18093140534408154
seasonal_woven,igc:18101292029621712,ig:DcWLvteqezx,automatic_lexical_match,https://www.instagram.com/p/DcWLvteqezx/c/18101292029621712
seasonal_woven,igc:18055862636792520,ig:DcWLvteqezx,automatic_lexical_match,https://www.instagram.com/p/DcWLvteqezx/c/18055862636792520
seasonal_woven,igc:18107949109933363,ig:Dcygr_ux63y,automatic_lexical_match,https://www.instagram.com/p/Dcygr_ux63y/c/18107949109933363
seasonal_woven,igc:18484718077097841,ig:Dcygr_ux63y,automatic_lexical_match,https://www.instagram.com/p/Dcygr_ux63y/c/18484718077097841
seasonal_woven,igc:17907153957548558,ig:Dcygr_ux63y,automatic_lexical_match,https://www.instagram.com/p/Dcygr_ux63y/c/17907153957548558
seasonal_woven,igc:18122006482899189,ig:Dcygr_ux63y,automatic_lexical_match,https://www.instagram.com/p/Dcygr_ux63y/c/18122006482899189
seasonal_woven,igc:18406143103095238,ig:Dcygr_ux63y,automatic_lexical_match,https://www.instagram.com/p/Dcygr_ux63y/c/18406143103095238
seasonal_woven,igc:17908407351493854,ig:Dcygr_ux63y,automatic_lexical_match,https://www.instagram.com/p/Dcygr_ux63y/c/17908407351493854
seasonal_woven,igc:17905396647326999,ig:Dcygr_ux63y,automatic_lexical_match,https://www.instagram.com/p/Dcygr_ux63y/c/17905396647326999
seasonal_woven,igc:17884060683487174,ig:Dcygr_ux63y,automatic_lexical_match,https://www.instagram.com/p/Dcygr_ux63y/c/17884060683487174
seasonal_woven,igc:18095217677559202,ig:Dcygr_ux63y,automatic_lexical_match,https://www.instagram.com/p/Dcygr_ux63y/c/18095217677559202
seasonal_woven,igc:18108182132156118,ig:Dcygr_ux63y,automatic_lexical_match,https://www.instagram.com/p/Dcygr_ux63y/c/18108182132156118
seasonal_woven,igc:18086144480257277,ig:Dcygr_ux63y,automatic_lexical_match,https://www.instagram.com/p/Dcygr_ux63y/c/18086144480257277
seasonal_woven,igc:17888094876457715,ig:Dcygr_ux63y,automatic_lexical_match,https://www.instagram.com/p/Dcygr_ux63y/c/17888094876457715
seasonal_woven,igc:18158913130496260,ig:DcwbazQg351,automatic_lexical_match,https://www.instagram.com/p/DcwbazQg351/c/18158913130496260
seasonal_woven,igc:18214805959333494,ig:DZf-NuYgpG-,automatic_lexical_match,https://www.instagram.com/p/DZf-NuYgpG-/c/18214805959333494
seasonal_woven,igc:18207775501351427,ig:DY-z9hXzBNX,automatic_lexical_match,https://www.instagram.com/p/DY-z9hXzBNX/c/18207775501351427
seasonal_woven,igc:18597594934027894,ig:DY-z9hXzBNX,automatic_lexical_match,https://www.instagram.com/p/DY-z9hXzBNX/c/18597594934027894
seasonal_woven,igc:18383957341163958,ig:DY-z9hXzBNX,automatic_lexical_match,https://www.instagram.com/p/DY-z9hXzBNX/c/18383957341163958
seasonal_woven,igc:17862668991643581,ig:DY-z9hXzBNX,automatic_lexical_match,https://www.instagram.com/p/DY-z9hXzBNX/c/17862668991643581
seasonal_woven,igc:18333508798250239,ig:DY-z9hXzBNX,automatic_lexical_match,https://www.instagram.com/p/DY-z9hXzBNX/c/18333508798250239
seasonal_woven,igc:18000430214783135,ig:DY-z9hXzBNX,automatic_lexical_match,https://www.instagram.com/p/DY-z9hXzBNX/c/18000430214783135
seasonal_woven,igc:18006200456754958,ig:DY-z9hXzBNX,automatic_lexical_match,https://www.instagram.com/p/DY-z9hXzBNX/c/18006200456754958
seasonal_woven,igc:18109762811290466,ig:DY-z9hXzBNX,automatic_lexical_match,https://www.instagram.com/p/DY-z9hXzBNX/c/18109762811290466
seasonal_woven,igc:18346402984223823,ig:DY-z9hXzBNX,automatic_lexical_match,https://www.instagram.com/p/DY-z9hXzBNX/c/18346402984223823
seasonal_woven,igc:17975489094058204,ig:DY-z9hXzBNX,automatic_lexical_match,https://www.instagram.com/p/DY-z9hXzBNX/c/17975489094058204
seasonal_woven,igc:18011574872921583,ig:DY-z9hXzBNX,automatic_lexical_match,https://www.instagram.com/p/DY-z9hXzBNX/c/18011574872921583
seasonal_woven,igc:18005081090948883,ig:DY-z9hXzBNX,automatic_lexical_match,https://www.instagram.com/p/DY-z9hXzBNX/c/18005081090948883
seasonal_woven,igc:18097673468582791,ig:DY-z9hXzBNX,automatic_lexical_match,https://www.instagram.com/p/DY-z9hXzBNX/c/18097673468582791
seasonal_woven,igc:17969868980918684,ig:DY-z9hXzBNX,automatic_lexical_match,https://www.instagram.com/p/DY-z9hXzBNX/c/17969868980918684
seasonal_woven,igc:17993474717834205,ig:DcwSp7fpVLc,automatic_lexical_match,https://www.instagram.com/p/DcwSp7fpVLc/c/17993474717834205
seasonal_woven,igc:18173093161393433,ig:DcwSp7fpVLc,automatic_lexical_match,https://www.instagram.com/p/DcwSp7fpVLc/c/18173093161393433
seasonal_woven,igc:18135811744626829,ig:DcwSp7fpVLc,automatic_lexical_match,https://www.instagram.com/p/DcwSp7fpVLc/c/18135811744626829
seasonal_woven,igc:18133638217635306,ig:DcwSp7fpVLc,automatic_lexical_match,https://www.instagram.com/p/DcwSp7fpVLc/c/18133638217635306
seasonal_woven,igc:17865417417663387,ig:DcwSp7fpVLc,automatic_lexical_match,https://www.instagram.com/p/DcwSp7fpVLc/c/17865417417663387
seasonal_woven,igc:18110969756025257,ig:DcwSp7fpVLc,automatic_lexical_match,https://www.instagram.com/p/DcwSp7fpVLc/c/18110969756025257
seasonal_woven,igc:17894273409607636,ig:DcwSp7fpVLc,automatic_lexical_match,https://www.instagram.com/p/DcwSp7fpVLc/c/17894273409607636
seasonal_woven,igc:17929636836400343,ig:DcwSp7fpVLc,automatic_lexical_match,https://www.instagram.com/p/DcwSp7fpVLc/c/17929636836400343
seasonal_woven,igc:17871477573594721,ig:DcwSp7fpVLc,automatic_lexical_match,https://www.instagram.com/p/DcwSp7fpVLc/c/17871477573594721
seasonal_woven,igc:18115146005079646,ig:DcwSp7fpVLc,automatic_lexical_match,https://www.instagram.com/p/DcwSp7fpVLc/c/18115146005079646
seasonal_woven,igc:18065362907778040,ig:DcwSp7fpVLc,automatic_lexical_match,https://www.instagram.com/p/DcwSp7fpVLc/c/18065362907778040
seasonal_woven,igc:17926045539413225,ig:DcwSp7fpVLc,automatic_lexical_match,https://www.instagram.com/p/DcwSp7fpVLc/c/17926045539413225
seasonal_woven,igc:18617684125000608,ig:DcwSp7fpVLc,automatic_lexical_match,https://www.instagram.com/p/DcwSp7fpVLc/c/18617684125000608
seasonal_woven,igc:18110931794469176,ig:DcwSp7fpVLc,automatic_lexical_match,https://www.instagram.com/p/DcwSp7fpVLc/c/18110931794469176
seasonal_woven,igc:18408201637082784,ig:Dcb0yYByhb-,automatic_lexical_match,https://www.instagram.com/p/Dcb0yYByhb-/c/18408201637082784
seasonal_woven,igc:18124243945662546,ig:DaLPP4XsxGe,automatic_lexical_match,https://www.instagram.com/p/DaLPP4XsxGe/c/18124243945662546
seasonal_woven,igc:18109001798055694,ig:DaLPP4XsxGe,automatic_lexical_match,https://www.instagram.com/p/DaLPP4XsxGe/c/18109001798055694
seasonal_woven,igc:17868761601629091,ig:DaLPP4XsxGe,automatic_lexical_match,https://www.instagram.com/p/DaLPP4XsxGe/c/17868761601629091
seasonal_woven,igc:17946275190210609,ig:DaLPP4XsxGe,automatic_lexical_match,https://www.instagram.com/p/DaLPP4XsxGe/c/17946275190210609
seasonal_woven,igc:17862260304676772,ig:DZpphJ8sdwB,automatic_lexical_match,https://www.instagram.com/p/DZpphJ8sdwB/c/17862260304676772
seasonal_woven,igc:18336199339276244,ig:Dcygr_ux63y,automatic_lexical_match,https://www.instagram.com/p/Dcygr_ux63y/c/18336199339276244
seasonal_woven,igc:18092340683389962,ig:Dcygr_ux63y,automatic_lexical_match,https://www.instagram.com/p/Dcygr_ux63y/c/18092340683389962
seasonal_woven,igc:18461486677186666,ig:Dcygr_ux63y,automatic_lexical_match,https://www.instagram.com/p/Dcygr_ux63y/c/18461486677186666
seasonal_woven,igc:18065793185765977,ig:Dcygr_ux63y,automatic_lexical_match,https://www.instagram.com/p/Dcygr_ux63y/c/18065793185765977
seasonal_woven,igc:17904323199488151,ig:Dcygr_ux63y,automatic_lexical_match,https://www.instagram.com/p/Dcygr_ux63y/c/17904323199488151
seasonal_woven,igc:18142382776599647,ig:Dcygr_ux63y,automatic_lexical_match,https://www.instagram.com/p/Dcygr_ux63y/c/18142382776599647
seasonal_woven,igc:18136102891528540,ig:Dcygr_ux63y,automatic_lexical_match,https://www.instagram.com/p/Dcygr_ux63y/c/18136102891528540
seasonal_woven,igc:17964189126178229,ig:Dcygr_ux63y,automatic_lexical_match,https://www.instagram.com/p/Dcygr_ux63y/c/17964189126178229
seasonal_woven,igc:18087119522675891,ig:Dcygr_ux63y,automatic_lexical_match,https://www.instagram.com/p/Dcygr_ux63y/c/18087119522675891
seasonal_woven,igc:18125774566748962,ig:Dcygr_ux63y,automatic_lexical_match,https://www.instagram.com/p/Dcygr_ux63y/c/18125774566748962
seasonal_woven,igc:17988052611052592,ig:Dcygr_ux63y,automatic_lexical_match,https://www.instagram.com/p/Dcygr_ux63y/c/17988052611052592
seasonal_woven,igc:18117759866316666,ig:Dcygr_ux63y,automatic_lexical_match,https://www.instagram.com/p/Dcygr_ux63y/c/18117759866316666
seasonal_woven,igc:18389770612203231,ig:Dcygr_ux63y,automatic_lexical_match,https://www.instagram.com/p/Dcygr_ux63y/c/18389770612203231
seasonal_woven,igc:18123612856842745,ig:DcWLvteqezx,automatic_lexical_match,https://www.instagram.com/p/DcWLvteqezx/c/18123612856842745
seasonal_woven,igc:18026576009904525,ig:DcWLvteqezx,automatic_lexical_match,https://www.instagram.com/p/DcWLvteqezx/c/18026576009904525
seasonal_woven,igc:18205594354365906,ig:DcWLvteqezx,automatic_lexical_match,https://www.instagram.com/p/DcWLvteqezx/c/18205594354365906
seasonal_woven,igc:18113904737058919,ig:DcWLvteqezx,automatic_lexical_match,https://www.instagram.com/p/DcWLvteqezx/c/18113904737058919
seasonal_woven,igc:18333304912261888,ig:DcWLvteqezx,automatic_lexical_match,https://www.instagram.com/p/DcWLvteqezx/c/18333304912261888
seasonal_woven,igc:17933538510364303,ig:DcWLvteqezx,automatic_lexical_match,https://www.instagram.com/p/DcWLvteqezx/c/17933538510364303
seasonal_woven,igc:18010791185941399,ig:DcWLvteqezx,automatic_lexical_match,https://www.instagram.com/p/DcWLvteqezx/c/18010791185941399
seasonal_woven,igc:18069305000743640,ig:DcWLvteqezx,automatic_lexical_match,https://www.instagram.com/p/DcWLvteqezx/c/18069305000743640
seasonal_woven,igc:18112411315968548,ig:DcWLvteqezx,automatic_lexical_match,https://www.instagram.com/p/DcWLvteqezx/c/18112411315968548
seasonal_woven,igc:18096437513632333,ig:DcWLvteqezx,automatic_lexical_match,https://www.instagram.com/p/DcWLvteqezx/c/18096437513632333
seasonal_woven,igc:17903472087477852,ig:DcWLvteqezx,automatic_lexical_match,https://www.instagram.com/p/DcWLvteqezx/c/17903472087477852
seasonal_woven,igc:18441113290127382,ig:DcwSp7fpVLc,automatic_lexical_match,https://www.instagram.com/p/DcwSp7fpVLc/c/18441113290127382
seasonal_woven,igc:18392407078206283,ig:DcwSp7fpVLc,automatic_lexical_match,https://www.instagram.com/p/DcwSp7fpVLc/c/18392407078206283
seasonal_woven,igc:18110118899593186,ig:DcwSp7fpVLc,automatic_lexical_match,https://www.instagram.com/p/DcwSp7fpVLc/c/18110118899593186
seasonal_woven,igc:18086381033244805,ig:DcwSp7fpVLc,automatic_lexical_match,https://www.instagram.com/p/DcwSp7fpVLc/c/18086381033244805
seasonal_woven,igc:17994242793034890,ig:DcwSp7fpVLc,automatic_lexical_match,https://www.instagram.com/p/DcwSp7fpVLc/c/17994242793034890
seasonal_woven,igc:17904168849487580,ig:DcwSp7fpVLc,automatic_lexical_match,https://www.instagram.com/p/DcwSp7fpVLc/c/17904168849487580
seasonal_woven,igc:18238961137315203,ig:DcwSp7fpVLc,automatic_lexical_match,https://www.instagram.com/p/DcwSp7fpVLc/c/18238961137315203
seasonal_woven,igc:18062697926783424,ig:DcwSp7fpVLc,automatic_lexical_match,https://www.instagram.com/p/DcwSp7fpVLc/c/18062697926783424
seasonal_woven,igc:17887306554454069,ig:DcwSp7fpVLc,automatic_lexical_match,https://www.instagram.com/p/DcwSp7fpVLc/c/17887306554454069
seasonal_woven,igc:18114772900760657,ig:DcwSp7fpVLc,automatic_lexical_match,https://www.instagram.com/p/DcwSp7fpVLc/c/18114772900760657
seasonal_woven,igc:18128814544767666,ig:DcwSp7fpVLc,automatic_lexical_match,https://www.instagram.com/p/DcwSp7fpVLc/c/18128814544767666
seasonal_woven,igc:18110931527107619,ig:DcwSp7fpVLc,automatic_lexical_match,https://www.instagram.com/p/DcwSp7fpVLc/c/18110931527107619
seasonal_woven,igc:18127139188702971,ig:DcwSp7fpVLc,automatic_lexical_match,https://www.instagram.com/p/DcwSp7fpVLc/c/18127139188702971
seasonal_woven,igc:18487385524102111,ig:DcwSp7fpVLc,automatic_lexical_match,https://www.instagram.com/p/DcwSp7fpVLc/c/18487385524102111
seasonal_woven,igc:18075125093440415,ig:DWoHjhDCuXh,automatic_lexical_match,https://www.instagram.com/p/DWoHjhDCuXh/c/18075125093440415
seasonal_woven,igc:17926956084345008,ig:DZf-NuYgpG-,automatic_lexical_match,https://www.instagram.com/p/DZf-NuYgpG-/c/17926956084345008
seasonal_woven,igc:17973286986145891,ig:DdCfL_KpU2S,automatic_lexical_match,https://www.instagram.com/p/DdCfL_KpU2S/c/17973286986145891
seasonal_woven,igc:18012656660955266,ig:DdCfL_KpU2S,automatic_lexical_match,https://www.instagram.com/p/DdCfL_KpU2S/c/18012656660955266
seasonal_woven,igc:18113091992067329,ig:DdCfL_KpU2S,automatic_lexical_match,https://www.instagram.com/p/DdCfL_KpU2S/c/18113091992067329
seasonal_woven,igc:17948355690328234,ig:DdCfL_KpU2S,automatic_lexical_match,https://www.instagram.com/p/DdCfL_KpU2S/c/17948355690328234
seasonal_woven,igc:18135384262628599,ig:DdCfL_KpU2S,automatic_lexical_match,https://www.instagram.com/p/DdCfL_KpU2S/c/18135384262628599
seasonal_woven,igc:18408084949094445,ig:DdCfL_KpU2S,automatic_lexical_match,https://www.instagram.com/p/DdCfL_KpU2S/c/18408084949094445
seasonal_woven,igc:18093002345556402,ig:DdCfL_KpU2S,automatic_lexical_match,https://www.instagram.com/p/DdCfL_KpU2S/c/18093002345556402
seasonal_woven,igc:18115659688762153,ig:DdCfL_KpU2S,automatic_lexical_match,https://www.instagram.com/p/DdCfL_KpU2S/c/18115659688762153
seasonal_woven,igc:18196143196338801,ig:DdCfL_KpU2S,automatic_lexical_match,https://www.instagram.com/p/DdCfL_KpU2S/c/18196143196338801
seasonal_woven,igc:17934245337209384,ig:DWoHjhDCuXh,automatic_lexical_match,https://www.instagram.com/p/DWoHjhDCuXh/c/17934245337209384
seasonal_woven,igc:18262272190292530,ig:DWoHjhDCuXh,automatic_lexical_match,https://www.instagram.com/p/DWoHjhDCuXh/c/18262272190292530
seasonal_woven,igc:18109178969171579,ig:Dcb0yYByhb-,automatic_lexical_match,https://www.instagram.com/p/Dcb0yYByhb-/c/18109178969171579
seasonal_woven,igc:17976811193574379,ig:C7AKRw8Sy6U,automatic_lexical_match,https://www.instagram.com/p/C7AKRw8Sy6U/c/17976811193574379
seasonal_woven,igc:18156143959499572,ig:DcwSp7fpVLc,automatic_lexical_match,https://www.instagram.com/p/DcwSp7fpVLc/c/18156143959499572
seasonal_woven,igc:18080270726702577,ig:DcwSp7fpVLc,automatic_lexical_match,https://www.instagram.com/p/DcwSp7fpVLc/c/18080270726702577
seasonal_woven,igc:18110074790040793,ig:DcwSp7fpVLc,automatic_lexical_match,https://www.instagram.com/p/DcwSp7fpVLc/c/18110074790040793
seasonal_woven,igc:18164503720415216,ig:DcwSp7fpVLc,automatic_lexical_match,https://www.instagram.com/p/DcwSp7fpVLc/c/18164503720415216
seasonal_woven,igc:18006571832776210,ig:DcwSp7fpVLc,automatic_lexical_match,https://www.instagram.com/p/DcwSp7fpVLc/c/18006571832776210
seasonal_woven,igc:17990216988060735,ig:DcwSp7fpVLc,automatic_lexical_match,https://www.instagram.com/p/DcwSp7fpVLc/c/17990216988060735
seasonal_woven,igc:17985263043114730,ig:DcwSp7fpVLc,automatic_lexical_match,https://www.instagram.com/p/DcwSp7fpVLc/c/17985263043114730
seasonal_woven,igc:18268759018306208,ig:DcwSp7fpVLc,automatic_lexical_match,https://www.instagram.com/p/DcwSp7fpVLc/c/18268759018306208
seasonal_woven,igc:17961136896191687,ig:DcwSp7fpVLc,automatic_lexical_match,https://www.instagram.com/p/DcwSp7fpVLc/c/17961136896191687
seasonal_woven,igc:18002742671993623,ig:DcwSp7fpVLc,automatic_lexical_match,https://www.instagram.com/p/DcwSp7fpVLc/c/18002742671993623
seasonal_woven,igc:18620696428025116,ig:DcwSp7fpVLc,automatic_lexical_match,https://www.instagram.com/p/DcwSp7fpVLc/c/18620696428025116
seasonal_woven,igc:17898406647568343,ig:Db9QfF-zVhz,automatic_lexical_match,https://www.instagram.com/p/Db9QfF-zVhz/c/17898406647568343
seasonal_woven,igc:18008462846767984,ig:DcsvVuPv-VR,automatic_lexical_match,https://www.instagram.com/p/DcsvVuPv-VR/c/18008462846767984
seasonal_woven,igc:17874549918566347,ig:Dcygr_ux63y,automatic_lexical_match,https://www.instagram.com/p/Dcygr_ux63y/c/17874549918566347
seasonal_woven,igc:18127068988778963,ig:Dcygr_ux63y,automatic_lexical_match,https://www.instagram.com/p/Dcygr_ux63y/c/18127068988778963
seasonal_woven,igc:18085059380499797,ig:Dcygr_ux63y,automatic_lexical_match,https://www.instagram.com/p/Dcygr_ux63y/c/18085059380499797
seasonal_woven,igc:18105448637264632,ig:Dcygr_ux63y,automatic_lexical_match,https://www.instagram.com/p/Dcygr_ux63y/c/18105448637264632
seasonal_woven,igc:18020715899920841,ig:Dcygr_ux63y,automatic_lexical_match,https://www.instagram.com/p/Dcygr_ux63y/c/18020715899920841
seasonal_woven,igc:18204050152371996,ig:Dcygr_ux63y,automatic_lexical_match,https://www.instagram.com/p/Dcygr_ux63y/c/18204050152371996
seasonal_woven,igc:18113573653899686,ig:Dcygr_ux63y,automatic_lexical_match,https://www.instagram.com/p/Dcygr_ux63y/c/18113573653899686
seasonal_woven,igc:18005671880975553,ig:Dcygr_ux63y,automatic_lexical_match,https://www.instagram.com/p/Dcygr_ux63y/c/18005671880975553
seasonal_woven,igc:18147715264537238,ig:Dcygr_ux63y,automatic_lexical_match,https://www.instagram.com/p/Dcygr_ux63y/c/18147715264537238
seasonal_woven,igc:18097196696564859,ig:Dcygr_ux63y,automatic_lexical_match,https://www.instagram.com/p/Dcygr_ux63y/c/18097196696564859
seasonal_woven,igc:18432580264176480,ig:Dcygr_ux63y,automatic_lexical_match,https://www.instagram.com/p/Dcygr_ux63y/c/18432580264176480
seasonal_woven,igc:18627167452062465,ig:Dcygr_ux63y,automatic_lexical_match,https://www.instagram.com/p/Dcygr_ux63y/c/18627167452062465
seasonal_woven,igc:18110186057331267,ig:DdCfL_KpU2S,automatic_lexical_match,https://www.instagram.com/p/DdCfL_KpU2S/c/18110186057331267
seasonal_woven,igc:18237479597125022,ig:DdCfL_KpU2S,automatic_lexical_match,https://www.instagram.com/p/DdCfL_KpU2S/c/18237479597125022
seasonal_woven,igc:17986565883055338,ig:DdCfL_KpU2S,automatic_lexical_match,https://www.instagram.com/p/DdCfL_KpU2S/c/17986565883055338
seasonal_woven,igc:18068117015731145,ig:DdCfL_KpU2S,automatic_lexical_match,https://www.instagram.com/p/DdCfL_KpU2S/c/18068117015731145
seasonal_woven,igc:18031892762669029,ig:DdCfL_KpU2S,automatic_lexical_match,https://www.instagram.com/p/DdCfL_KpU2S/c/18031892762669029
seasonal_woven,igc:18107734385333950,ig:DdCfL_KpU2S,automatic_lexical_match,https://www.instagram.com/p/DdCfL_KpU2S/c/18107734385333950
seasonal_woven,igc:18132389878639514,ig:DdCfL_KpU2S,automatic_lexical_match,https://www.instagram.com/p/DdCfL_KpU2S/c/18132389878639514
seasonal_woven,igc:18090901886247432,ig:DdCfL_KpU2S,automatic_lexical_match,https://www.instagram.com/p/DdCfL_KpU2S/c/18090901886247432
seasonal_woven,igc:18067833332757467,ig:DdCfL_KpU2S,automatic_lexical_match,https://www.instagram.com/p/DdCfL_KpU2S/c/18067833332757467
seasonal_woven,igc:18391881952163731,ig:DdCfL_KpU2S,automatic_lexical_match,https://www.instagram.com/p/DdCfL_KpU2S/c/18391881952163731
seasonal_woven,igc:17935742847122536,ig:DdCfL_KpU2S,automatic_lexical_match,https://www.instagram.com/p/DdCfL_KpU2S/c/17935742847122536
seasonal_woven,igc:18397383118095614,ig:DY-z9hXzBNX,automatic_lexical_match,https://www.instagram.com/p/DY-z9hXzBNX/c/18397383118095614
seasonal_woven,igc:17999451563951864,ig:DY-z9hXzBNX,automatic_lexical_match,https://www.instagram.com/p/DY-z9hXzBNX/c/17999451563951864
seasonal_woven,igc:18060897125501156,ig:DY-z9hXzBNX,automatic_lexical_match,https://www.instagram.com/p/DY-z9hXzBNX/c/18060897125501156
seasonal_woven,igc:18085487693155313,ig:DY-z9hXzBNX,automatic_lexical_match,https://www.instagram.com/p/DY-z9hXzBNX/c/18085487693155313
seasonal_woven,igc:18077698559473805,ig:DY-z9hXzBNX,automatic_lexical_match,https://www.instagram.com/p/DY-z9hXzBNX/c/18077698559473805
seasonal_woven,igc:17928718299127253,ig:DY-z9hXzBNX,automatic_lexical_match,https://www.instagram.com/p/DY-z9hXzBNX/c/17928718299127253
seasonal_woven,igc:18333091264270655,ig:DY-z9hXzBNX,automatic_lexical_match,https://www.instagram.com/p/DY-z9hXzBNX/c/18333091264270655
seasonal_woven,igc:18234374116311638,ig:DY-z9hXzBNX,automatic_lexical_match,https://www.instagram.com/p/DY-z9hXzBNX/c/18234374116311638
seasonal_woven,igc:17934714873334732,ig:DY-z9hXzBNX,automatic_lexical_match,https://www.instagram.com/p/DY-z9hXzBNX/c/17934714873334732
seasonal_woven,igc:18104681756132884,ig:DY-z9hXzBNX,automatic_lexical_match,https://www.instagram.com/p/DY-z9hXzBNX/c/18104681756132884
seasonal_woven,igc:18398625112084532,ig:DY-z9hXzBNX,automatic_lexical_match,https://www.instagram.com/p/DY-z9hXzBNX/c/18398625112084532
seasonal_woven,igc:17928616479346064,ig:DY-z9hXzBNX,automatic_lexical_match,https://www.instagram.com/p/DY-z9hXzBNX/c/17928616479346064
seasonal_woven,igc:17912756745421661,ig:DY-z9hXzBNX,automatic_lexical_match,https://www.instagram.com/p/DY-z9hXzBNX/c/17912756745421661
seasonal_woven,igc:18082152479652621,ig:DY-z9hXzBNX,automatic_lexical_match,https://www.instagram.com/p/DY-z9hXzBNX/c/18082152479652621
seasonal_woven,igc:18102618170243171,ig:DcWLvteqezx,automatic_lexical_match,https://www.instagram.com/p/DcWLvteqezx/c/18102618170243171
seasonal_woven,igc:18463583608138818,ig:DcWLvteqezx,automatic_lexical_match,https://www.instagram.com/p/DcWLvteqezx/c/18463583608138818
seasonal_woven,igc:17995819271816554,ig:DcWLvteqezx,automatic_lexical_match,https://www.instagram.com/p/DcWLvteqezx/c/17995819271816554
seasonal_woven,igc:18057027053554700,ig:DcWLvteqezx,automatic_lexical_match,https://www.instagram.com/p/DcWLvteqezx/c/18057027053554700
seasonal_woven,igc:18018357575718753,ig:DcWLvteqezx,automatic_lexical_match,https://www.instagram.com/p/DcWLvteqezx/c/18018357575718753
seasonal_woven,igc:17903072583489337,ig:DcWLvteqezx,automatic_lexical_match,https://www.instagram.com/p/DcWLvteqezx/c/17903072583489337
seasonal_woven,igc:18365041051244892,ig:DcWLvteqezx,automatic_lexical_match,https://www.instagram.com/p/DcWLvteqezx/c/18365041051244892
seasonal_woven,igc:18139337041539402,ig:DcWLvteqezx,automatic_lexical_match,https://www.instagram.com/p/DcWLvteqezx/c/18139337041539402
seasonal_woven,igc:17897516991661355,ig:DcWLvteqezx,automatic_lexical_match,https://www.instagram.com/p/DcWLvteqezx/c/17897516991661355
seasonal_woven,igc:17890372122612264,ig:DcWLvteqezx,automatic_lexical_match,https://www.instagram.com/p/DcWLvteqezx/c/17890372122612264
seasonal_woven,igc:18126693883744083,ig:DcWLvteqezx,automatic_lexical_match,https://www.instagram.com/p/DcWLvteqezx/c/18126693883744083
seasonal_woven,igc:17936108595367955,ig:DbYjau7Rd1O,automatic_lexical_match,https://www.instagram.com/p/DbYjau7Rd1O/c/17936108595367955
seasonal_woven,igc:18107465711349984,ig:DbYjau7Rd1O,automatic_lexical_match,https://www.instagram.com/p/DbYjau7Rd1O/c/18107465711349984
seasonal_woven,igc:18096905954649042,ig:DbYjau7Rd1O,automatic_lexical_match,https://www.instagram.com/p/DbYjau7Rd1O/c/18096905954649042
seasonal_woven,igc:18107835182590073,ig:DbYjau7Rd1O,automatic_lexical_match,https://www.instagram.com/p/DbYjau7Rd1O/c/18107835182590073
seasonal_woven,igc:18072998408718766,ig:DbYjau7Rd1O,automatic_lexical_match,https://www.instagram.com/p/DbYjau7Rd1O/c/18072998408718766
seasonal_woven,igc:17928251649162471,ig:DbYjau7Rd1O,automatic_lexical_match,https://www.instagram.com/p/DbYjau7Rd1O/c/17928251649162471
seasonal_woven,igc:17959714707208283,ig:DbYjau7Rd1O,automatic_lexical_match,https://www.instagram.com/p/DbYjau7Rd1O/c/17959714707208283
seasonal_woven,igc:17962896047984330,ig:DbYjau7Rd1O,automatic_lexical_match,https://www.instagram.com/p/DbYjau7Rd1O/c/17962896047984330
seasonal_woven,igc:18472696684113702,ig:DbYjau7Rd1O,automatic_lexical_match,https://www.instagram.com/p/DbYjau7Rd1O/c/18472696684113702
seasonal_woven,igc:17991986744840353,ig:DbYjau7Rd1O,automatic_lexical_match,https://www.instagram.com/p/DbYjau7Rd1O/c/17991986744840353
seasonal_woven,igc:18123947866854376,ig:DbYjau7Rd1O,automatic_lexical_match,https://www.instagram.com/p/DbYjau7Rd1O/c/18123947866854376
seasonal_woven,igc:18009745280764268,ig:DbYjau7Rd1O,automatic_lexical_match,https://www.instagram.com/p/DbYjau7Rd1O/c/18009745280764268
seasonal_woven,igc:18089738150655587,ig:DbYjau7Rd1O,automatic_lexical_match,https://www.instagram.com/p/DbYjau7Rd1O/c/18089738150655587
seasonal_woven,igc:18115724810080209,ig:DbYjau7Rd1O,automatic_lexical_match,https://www.instagram.com/p/DbYjau7Rd1O/c/18115724810080209
seasonal_woven,igc:18628210408024278,ig:DbYjau7Rd1O,automatic_lexical_match,https://www.instagram.com/p/DbYjau7Rd1O/c/18628210408024278
seasonal_woven,igc:18113458915897906,ig:DY-z9hXzBNX,automatic_lexical_match,https://www.instagram.com/p/DY-z9hXzBNX/c/18113458915897906
seasonal_woven,igc:17945135751223639,ig:DY-z9hXzBNX,automatic_lexical_match,https://www.instagram.com/p/DY-z9hXzBNX/c/17945135751223639
seasonal_woven,igc:18106210148029774,ig:DY-z9hXzBNX,automatic_lexical_match,https://www.instagram.com/p/DY-z9hXzBNX/c/18106210148029774
seasonal_woven,igc:18226918039319372,ig:DY-z9hXzBNX,automatic_lexical_match,https://www.instagram.com/p/DY-z9hXzBNX/c/18226918039319372
seasonal_woven,igc:18141048349540517,ig:DY-z9hXzBNX,automatic_lexical_match,https://www.instagram.com/p/DY-z9hXzBNX/c/18141048349540517
seasonal_woven,igc:17977509774028074,ig:DY-z9hXzBNX,automatic_lexical_match,https://www.instagram.com/p/DY-z9hXzBNX/c/17977509774028074
seasonal_woven,igc:18274737697288628,ig:DY-z9hXzBNX,automatic_lexical_match,https://www.instagram.com/p/DY-z9hXzBNX/c/18274737697288628
seasonal_woven,igc:17988487271823623,ig:DY-z9hXzBNX,automatic_lexical_match,https://www.instagram.com/p/DY-z9hXzBNX/c/17988487271823623
seasonal_woven,igc:18421574029176004,ig:DY-z9hXzBNX,automatic_lexical_match,https://www.instagram.com/p/DY-z9hXzBNX/c/18421574029176004
seasonal_woven,igc:18088460933453544,ig:DY-z9hXzBNX,automatic_lexical_match,https://www.instagram.com/p/DY-z9hXzBNX/c/18088460933453544
seasonal_woven,igc:18057253097743934,ig:DY-z9hXzBNX,automatic_lexical_match,https://www.instagram.com/p/DY-z9hXzBNX/c/18057253097743934
seasonal_woven,igc:18114458707784541,ig:DbYjau7Rd1O,automatic_lexical_match,https://www.instagram.com/p/DbYjau7Rd1O/c/18114458707784541
seasonal_woven,igc:18110366966156871,ig:DbYjau7Rd1O,automatic_lexical_match,https://www.instagram.com/p/DbYjau7Rd1O/c/18110366966156871
seasonal_woven,igc:18479955367128741,ig:DbYjau7Rd1O,automatic_lexical_match,https://www.instagram.com/p/DbYjau7Rd1O/c/18479955367128741
seasonal_woven,igc:18185272006408896,ig:DbYjau7Rd1O,automatic_lexical_match,https://www.instagram.com/p/DbYjau7Rd1O/c/18185272006408896
seasonal_woven,igc:18142646620597034,ig:DbYjau7Rd1O,automatic_lexical_match,https://www.instagram.com/p/DbYjau7Rd1O/c/18142646620597034
seasonal_woven,igc:18314944129304720,ig:DbYjau7Rd1O,automatic_lexical_match,https://www.instagram.com/p/DbYjau7Rd1O/c/18314944129304720
seasonal_woven,igc:18219523378338435,ig:DbYjau7Rd1O,automatic_lexical_match,https://www.instagram.com/p/DbYjau7Rd1O/c/18219523378338435
seasonal_woven,igc:18127925317703368,ig:DbYjau7Rd1O,automatic_lexical_match,https://www.instagram.com/p/DbYjau7Rd1O/c/18127925317703368
seasonal_woven,igc:18429874858183072,ig:DbYjau7Rd1O,automatic_lexical_match,https://www.instagram.com/p/DbYjau7Rd1O/c/18429874858183072
seasonal_woven,igc:18107075387581786,ig:DbYjau7Rd1O,automatic_lexical_match,https://www.instagram.com/p/DbYjau7Rd1O/c/18107075387581786
seasonal_woven,igc:17957585924938753,ig:DWoHjhDCuXh,automatic_lexical_match,https://www.instagram.com/p/DWoHjhDCuXh/c/17957585924938753
seasonal_woven,igc:18108171923167475,ig:DdCfL_KpU2S,automatic_lexical_match,https://www.instagram.com/p/DdCfL_KpU2S/c/18108171923167475
seasonal_woven,igc:18123196492803941,ig:DdCfL_KpU2S,automatic_lexical_match,https://www.instagram.com/p/DdCfL_KpU2S/c/18123196492803941
seasonal_woven,igc:18029882897853171,ig:DdCfL_KpU2S,automatic_lexical_match,https://www.instagram.com/p/DdCfL_KpU2S/c/18029882897853171
seasonal_woven,igc:18380049010231806,ig:DdCfL_KpU2S,automatic_lexical_match,https://www.instagram.com/p/DdCfL_KpU2S/c/18380049010231806
seasonal_woven,igc:18069591671566323,ig:DdCfL_KpU2S,automatic_lexical_match,https://www.instagram.com/p/DdCfL_KpU2S/c/18069591671566323
seasonal_woven,igc:18109339343296261,ig:DZf-NuYgpG-,automatic_lexical_match,https://www.instagram.com/p/DZf-NuYgpG-/c/18109339343296261
seasonal_woven,igc:18207791143342001,ig:DZf-NuYgpG-,automatic_lexical_match,https://www.instagram.com/p/DZf-NuYgpG-/c/18207791143342001
seasonal_woven,igc:18104580182210579,ig:Dcygr_ux63y,automatic_lexical_match,https://www.instagram.com/p/Dcygr_ux63y/c/18104580182210579
seasonal_woven,igc:18363111592245425,ig:Dcygr_ux63y,automatic_lexical_match,https://www.instagram.com/p/Dcygr_ux63y/c/18363111592245425
seasonal_woven,igc:18024656834879867,ig:Dcygr_ux63y,automatic_lexical_match,https://www.instagram.com/p/Dcygr_ux63y/c/18024656834879867
seasonal_woven,igc:18098081435528116,ig:Dcygr_ux63y,automatic_lexical_match,https://www.instagram.com/p/Dcygr_ux63y/c/18098081435528116
seasonal_woven,igc:18220333237341133,ig:Dcygr_ux63y,automatic_lexical_match,https://www.instagram.com/p/Dcygr_ux63y/c/18220333237341133
seasonal_woven,igc:18240847939312441,ig:Dcygr_ux63y,automatic_lexical_match,https://www.instagram.com/p/Dcygr_ux63y/c/18240847939312441
seasonal_woven,igc:17894524188670513,ig:Dcygr_ux63y,automatic_lexical_match,https://www.instagram.com/p/Dcygr_ux63y/c/17894524188670513
seasonal_woven,igc:17986478195866505,ig:Dcygr_ux63y,automatic_lexical_match,https://www.instagram.com/p/Dcygr_ux63y/c/17986478195866505
seasonal_woven,igc:18139975468582426,ig:Dcygr_ux63y,automatic_lexical_match,https://www.instagram.com/p/Dcygr_ux63y/c/18139975468582426
seasonal_woven,igc:18090453782443332,ig:Dcygr_ux63y,automatic_lexical_match,https://www.instagram.com/p/Dcygr_ux63y/c/18090453782443332
seasonal_woven,igc:18097795253454445,ig:Dc_zbXRp_c6,automatic_lexical_match,https://www.instagram.com/p/Dc_zbXRp_c6/c/18097795253454445
seasonal_woven,igc:18114066593070446,ig:Dc_zbXRp_c6,automatic_lexical_match,https://www.instagram.com/p/Dc_zbXRp_c6/c/18114066593070446
seasonal_woven,igc:18162689302484568,ig:Dc_zbXRp_c6,automatic_lexical_match,https://www.instagram.com/p/Dc_zbXRp_c6/c/18162689302484568
seasonal_woven,igc:18170573665455789,ig:Dc_zbXRp_c6,automatic_lexical_match,https://www.instagram.com/p/Dc_zbXRp_c6/c/18170573665455789
seasonal_woven,igc:17896677519668924,ig:Dc_zbXRp_c6,automatic_lexical_match,https://www.instagram.com/p/Dc_zbXRp_c6/c/17896677519668924
seasonal_woven,igc:17939791005094592,ig:Dc_zbXRp_c6,automatic_lexical_match,https://www.instagram.com/p/Dc_zbXRp_c6/c/17939791005094592
seasonal_woven,igc:18105114668224900,ig:Dc_zbXRp_c6,automatic_lexical_match,https://www.instagram.com/p/Dc_zbXRp_c6/c/18105114668224900
seasonal_woven,igc:18074869352418880,ig:Dc_zbXRp_c6,automatic_lexical_match,https://www.instagram.com/p/Dc_zbXRp_c6/c/18074869352418880
seasonal_woven,igc:18125131279829252,ig:Dc_zbXRp_c6,automatic_lexical_match,https://www.instagram.com/p/Dc_zbXRp_c6/c/18125131279829252
seasonal_woven,igc:18123096784889300,ig:Dc_zbXRp_c6,automatic_lexical_match,https://www.instagram.com/p/Dc_zbXRp_c6/c/18123096784889300
seasonal_woven,igc:18154215970445252,ig:Dc_zbXRp_c6,automatic_lexical_match,https://www.instagram.com/p/Dc_zbXRp_c6/c/18154215970445252
seasonal_woven,igc:18417126181159168,ig:Dc_zbXRp_c6,automatic_lexical_match,https://www.instagram.com/p/Dc_zbXRp_c6/c/18417126181159168
seasonal_woven,igc:17975548869129610,ig:Dc_zbXRp_c6,automatic_lexical_match,https://www.instagram.com/p/Dc_zbXRp_c6/c/17975548869129610
seasonal_woven,igc:18612496123065051,ig:Dc_zbXRp_c6,automatic_lexical_match,https://www.instagram.com/p/Dc_zbXRp_c6/c/18612496123065051
seasonal_woven,igc:18095894558348876,ig:DZ3gXIzq35d,automatic_lexical_match,https://www.instagram.com/p/DZ3gXIzq35d/c/18095894558348876
seasonal_woven,igc:17999603336793230,ig:DcEx35uOfLE,automatic_lexical_match,https://www.instagram.com/p/DcEx35uOfLE/c/17999603336793230
seasonal_woven,igc:18141910960606548,ig:Dc_zbXRp_c6,automatic_lexical_match,https://www.instagram.com/p/Dc_zbXRp_c6/c/18141910960606548
seasonal_woven,igc:18122817907885877,ig:Dc_zbXRp_c6,automatic_lexical_match,https://www.instagram.com/p/Dc_zbXRp_c6/c/18122817907885877
seasonal_woven,igc:18162136471469238,ig:Dc_zbXRp_c6,automatic_lexical_match,https://www.instagram.com/p/Dc_zbXRp_c6/c/18162136471469238
seasonal_woven,igc:18006648023982312,ig:Dc_zbXRp_c6,automatic_lexical_match,https://www.instagram.com/p/Dc_zbXRp_c6/c/18006648023982312
seasonal_woven,igc:17962448559187816,ig:Dc_zbXRp_c6,automatic_lexical_match,https://www.instagram.com/p/Dc_zbXRp_c6/c/17962448559187816
seasonal_woven,igc:18100340543362204,ig:Dc_zbXRp_c6,automatic_lexical_match,https://www.instagram.com/p/Dc_zbXRp_c6/c/18100340543362204
seasonal_woven,igc:18092039096443392,ig:Dc_zbXRp_c6,automatic_lexical_match,https://www.instagram.com/p/Dc_zbXRp_c6/c/18092039096443392
seasonal_woven,igc:18092766959406270,ig:Dc_zbXRp_c6,automatic_lexical_match,https://www.instagram.com/p/Dc_zbXRp_c6/c/18092766959406270
seasonal_woven,igc:17944039866072501,ig:Dc_zbXRp_c6,automatic_lexical_match,https://www.instagram.com/p/Dc_zbXRp_c6/c/17944039866072501
seasonal_woven,igc:17885680467476234,ig:Dc_zbXRp_c6,automatic_lexical_match,https://www.instagram.com/p/Dc_zbXRp_c6/c/17885680467476234
seasonal_woven,igc:18113858356799141,ig:Dc_zbXRp_c6,automatic_lexical_match,https://www.instagram.com/p/Dc_zbXRp_c6/c/18113858356799141
seasonal_woven,igc:18168093973459532,ig:Dc_zbXRp_c6,automatic_lexical_match,https://www.instagram.com/p/Dc_zbXRp_c6/c/18168093973459532
seasonal_woven,igc:18118943518864347,ig:Dc_zbXRp_c6,automatic_lexical_match,https://www.instagram.com/p/Dc_zbXRp_c6/c/18118943518864347
seasonal_woven,igc:18006620963975265,ig:Dc_zbXRp_c6,automatic_lexical_match,https://www.instagram.com/p/Dc_zbXRp_c6/c/18006620963975265
seasonal_woven,igc:18164578174479266,ig:Dc_zbXRp_c6,automatic_lexical_match,https://www.instagram.com/p/Dc_zbXRp_c6/c/18164578174479266
seasonal_woven,igc:18102271013119416,ig:DY-z9hXzBNX,automatic_lexical_match,https://www.instagram.com/p/DY-z9hXzBNX/c/18102271013119416
seasonal_woven,igc:18038624018657297,ig:DY-z9hXzBNX,automatic_lexical_match,https://www.instagram.com/p/DY-z9hXzBNX/c/18038624018657297
seasonal_woven,igc:18167872966380924,ig:DY-z9hXzBNX,automatic_lexical_match,https://www.instagram.com/p/DY-z9hXzBNX/c/18167872966380924
seasonal_woven,igc:18087305237110939,ig:DY-z9hXzBNX,automatic_lexical_match,https://www.instagram.com/p/DY-z9hXzBNX/c/18087305237110939
seasonal_woven,igc:17896620045492378,ig:DY-z9hXzBNX,automatic_lexical_match,https://www.instagram.com/p/DY-z9hXzBNX/c/17896620045492378
seasonal_woven,igc:18474051448099093,ig:DY-z9hXzBNX,automatic_lexical_match,https://www.instagram.com/p/DY-z9hXzBNX/c/18474051448099093
seasonal_woven,igc:18003300182958349,ig:DY-z9hXzBNX,automatic_lexical_match,https://www.instagram.com/p/DY-z9hXzBNX/c/18003300182958349
seasonal_woven,igc:18136249423568250,ig:DY-z9hXzBNX,automatic_lexical_match,https://www.instagram.com/p/DY-z9hXzBNX/c/18136249423568250
seasonal_woven,igc:18105075290281212,ig:DY-z9hXzBNX,automatic_lexical_match,https://www.instagram.com/p/DY-z9hXzBNX/c/18105075290281212
seasonal_woven,igc:18140516683549921,ig:DY-z9hXzBNX,automatic_lexical_match,https://www.instagram.com/p/DY-z9hXzBNX/c/18140516683549921
seasonal_woven,igc:18090862625443673,ig:DbYjau7Rd1O,automatic_lexical_match,https://www.instagram.com/p/DbYjau7Rd1O/c/18090862625443673
seasonal_woven,igc:18110598868865524,ig:DbYjau7Rd1O,automatic_lexical_match,https://www.instagram.com/p/DbYjau7Rd1O/c/18110598868865524
seasonal_woven,igc:18113000084074650,ig:DbYjau7Rd1O,automatic_lexical_match,https://www.instagram.com/p/DbYjau7Rd1O/c/18113000084074650
seasonal_woven,igc:18347856367264521,ig:DbYjau7Rd1O,automatic_lexical_match,https://www.instagram.com/p/DbYjau7Rd1O/c/18347856367264521
seasonal_woven,igc:18011646386956140,ig:DbYjau7Rd1O,automatic_lexical_match,https://www.instagram.com/p/DbYjau7Rd1O/c/18011646386956140
seasonal_woven,igc:18140862535607146,ig:DbYjau7Rd1O,automatic_lexical_match,https://www.instagram.com/p/DbYjau7Rd1O/c/18140862535607146
seasonal_woven,igc:18132913102572017,ig:DbYjau7Rd1O,automatic_lexical_match,https://www.instagram.com/p/DbYjau7Rd1O/c/18132913102572017
seasonal_woven,igc:18100567595570044,ig:DbYjau7Rd1O,automatic_lexical_match,https://www.instagram.com/p/DbYjau7Rd1O/c/18100567595570044
seasonal_woven,igc:18066899957756645,ig:DbYjau7Rd1O,automatic_lexical_match,https://www.instagram.com/p/DbYjau7Rd1O/c/18066899957756645
seasonal_woven,igc:17925428715183001,ig:DbYjau7Rd1O,automatic_lexical_match,https://www.instagram.com/p/DbYjau7Rd1O/c/17925428715183001
seasonal_woven,igc:18105343166006488,ig:DbYjau7Rd1O,automatic_lexical_match,https://www.instagram.com/p/DbYjau7Rd1O/c/18105343166006488
seasonal_woven,igc:17967199335157011,ig:Dcygr_ux63y,automatic_lexical_match,https://www.instagram.com/p/Dcygr_ux63y/c/17967199335157011
seasonal_woven,igc:17897228187386826,ig:Dcygr_ux63y,automatic_lexical_match,https://www.instagram.com/p/Dcygr_ux63y/c/17897228187386826
seasonal_woven,igc:18020366015926370,ig:Dcygr_ux63y,automatic_lexical_match,https://www.instagram.com/p/Dcygr_ux63y/c/18020366015926370
seasonal_woven,igc:18132800797727196,ig:Dcygr_ux63y,automatic_lexical_match,https://www.instagram.com/p/Dcygr_ux63y/c/18132800797727196
seasonal_woven,igc:18101725292461008,ig:Dcygr_ux63y,automatic_lexical_match,https://www.instagram.com/p/Dcygr_ux63y/c/18101725292461008
seasonal_woven,igc:18143278465569559,ig:Dcygr_ux63y,automatic_lexical_match,https://www.instagram.com/p/Dcygr_ux63y/c/18143278465569559
seasonal_woven,igc:18127203514743943,ig:Dcygr_ux63y,automatic_lexical_match,https://www.instagram.com/p/Dcygr_ux63y/c/18127203514743943
seasonal_woven,igc:18110339095860973,ig:Dcygr_ux63y,automatic_lexical_match,https://www.instagram.com/p/Dcygr_ux63y/c/18110339095860973
seasonal_woven,igc:18104166998188398,ig:Dcygr_ux63y,automatic_lexical_match,https://www.instagram.com/p/Dcygr_ux63y/c/18104166998188398
seasonal_woven,igc:18134738311655109,ig:DdCfL_KpU2S,automatic_lexical_match,https://www.instagram.com/p/DdCfL_KpU2S/c/18134738311655109
seasonal_woven,igc:18113863397069934,ig:DdCfL_KpU2S,automatic_lexical_match,https://www.instagram.com/p/DdCfL_KpU2S/c/18113863397069934
seasonal_woven,igc:18114903535965817,ig:DdCfL_KpU2S,automatic_lexical_match,https://www.instagram.com/p/DdCfL_KpU2S/c/18114903535965817
seasonal_woven,igc:18584270389067181,ig:DdCfL_KpU2S,automatic_lexical_match,https://www.instagram.com/p/DdCfL_KpU2S/c/18584270389067181
seasonal_woven,igc:18216022621352156,ig:DdCfL_KpU2S,automatic_lexical_match,https://www.instagram.com/p/DdCfL_KpU2S/c/18216022621352156
seasonal_woven,igc:17880242910625173,ig:DdCfL_KpU2S,automatic_lexical_match,https://www.instagram.com/p/DdCfL_KpU2S/c/17880242910625173
seasonal_woven,igc:18099000239629656,ig:DdCfL_KpU2S,automatic_lexical_match,https://www.instagram.com/p/DdCfL_KpU2S/c/18099000239629656
seasonal_woven,igc:17985617046065395,ig:DdCfL_KpU2S,automatic_lexical_match,https://www.instagram.com/p/DdCfL_KpU2S/c/17985617046065395
seasonal_woven,igc:17942513238282587,ig:DcEx35uOfLE,automatic_lexical_match,https://www.instagram.com/p/DcEx35uOfLE/c/17942513238282587
seasonal_woven,igc:18012320318752771,ig:Dc_zbXRp_c6,automatic_lexical_match,https://www.instagram.com/p/Dc_zbXRp_c6/c/18012320318752771
seasonal_woven,igc:18103054007347088,ig:Dc_zbXRp_c6,automatic_lexical_match,https://www.instagram.com/p/Dc_zbXRp_c6/c/18103054007347088
seasonal_woven,igc:18165168424464349,ig:Dc_zbXRp_c6,automatic_lexical_match,https://www.instagram.com/p/Dc_zbXRp_c6/c/18165168424464349
seasonal_woven,igc:18115022959769496,ig:Dc_zbXRp_c6,automatic_lexical_match,https://www.instagram.com/p/Dc_zbXRp_c6/c/18115022959769496
seasonal_woven,igc:18114022915795721,ig:Dc_zbXRp_c6,automatic_lexical_match,https://www.instagram.com/p/Dc_zbXRp_c6/c/18114022915795721
seasonal_woven,igc:18096803618635861,ig:Dc_zbXRp_c6,automatic_lexical_match,https://www.instagram.com/p/Dc_zbXRp_c6/c/18096803618635861
seasonal_woven,igc:18371445787209366,ig:Dc_zbXRp_c6,automatic_lexical_match,https://www.instagram.com/p/Dc_zbXRp_c6/c/18371445787209366
seasonal_woven,igc:18110057885134822,ig:Dc_zbXRp_c6,automatic_lexical_match,https://www.instagram.com/p/Dc_zbXRp_c6/c/18110057885134822
seasonal_woven,igc:18111990403961713,ig:Dc_zbXRp_c6,automatic_lexical_match,https://www.instagram.com/p/Dc_zbXRp_c6/c/18111990403961713
seasonal_woven,igc:18194059867383501,ig:Dc_zbXRp_c6,automatic_lexical_match,https://www.instagram.com/p/Dc_zbXRp_c6/c/18194059867383501
seasonal_woven,igc:17901548898352179,ig:Dc_zbXRp_c6,automatic_lexical_match,https://www.instagram.com/p/Dc_zbXRp_c6/c/17901548898352179
seasonal_woven,igc:18093111263636623,ig:Dc_zbXRp_c6,automatic_lexical_match,https://www.instagram.com/p/Dc_zbXRp_c6/c/18093111263636623
seasonal_woven,igc:18103397789461583,ig:Dc_zbXRp_c6,automatic_lexical_match,https://www.instagram.com/p/Dc_zbXRp_c6/c/18103397789461583
seasonal_woven,igc:17874074679526694,ig:DaLPP4XsxGe,automatic_lexical_match,https://www.instagram.com/p/DaLPP4XsxGe/c/17874074679526694
seasonal_woven,igc:18126516889650802,ig:DaLPP4XsxGe,automatic_lexical_match,https://www.instagram.com/p/DaLPP4XsxGe/c/18126516889650802
seasonal_woven,igc:18053978012772393,ig:DaLPP4XsxGe,automatic_lexical_match,https://www.instagram.com/p/DaLPP4XsxGe/c/18053978012772393
seasonal_woven,igc:18101926382154837,ig:DaLPP4XsxGe,automatic_lexical_match,https://www.instagram.com/p/DaLPP4XsxGe/c/18101926382154837
seasonal_woven,igc:18419682916180673,ig:DaLPP4XsxGe,automatic_lexical_match,https://www.instagram.com/p/DaLPP4XsxGe/c/18419682916180673
seasonal_woven,igc:18168250366386330,ig:DaLPP4XsxGe,automatic_lexical_match,https://www.instagram.com/p/DaLPP4XsxGe/c/18168250366386330
seasonal_woven,igc:18024371219702228,ig:DbYjau7Rd1O,automatic_lexical_match,https://www.instagram.com/p/DbYjau7Rd1O/c/18024371219702228
seasonal_woven,igc:17908002432523631,ig:DbYjau7Rd1O,automatic_lexical_match,https://www.instagram.com/p/DbYjau7Rd1O/c/17908002432523631
seasonal_woven,igc:18127982713775538,ig:DbYjau7Rd1O,automatic_lexical_match,https://www.instagram.com/p/DbYjau7Rd1O/c/18127982713775538
seasonal_woven,igc:17906580516520722,ig:DbYjau7Rd1O,automatic_lexical_match,https://www.instagram.com/p/DbYjau7Rd1O/c/17906580516520722
seasonal_woven,igc:18019883054719417,ig:DbYjau7Rd1O,automatic_lexical_match,https://www.instagram.com/p/DbYjau7Rd1O/c/18019883054719417
seasonal_woven,igc:18448406482125882,ig:DbYjau7Rd1O,automatic_lexical_match,https://www.instagram.com/p/DbYjau7Rd1O/c/18448406482125882
seasonal_woven,igc:17945045718085227,ig:DbYjau7Rd1O,automatic_lexical_match,https://www.instagram.com/p/DbYjau7Rd1O/c/17945045718085227
seasonal_woven,igc:18115359079988947,ig:DbYjau7Rd1O,automatic_lexical_match,https://www.instagram.com/p/DbYjau7Rd1O/c/18115359079988947
seasonal_woven,igc:17899518765370816,ig:DbYjau7Rd1O,automatic_lexical_match,https://www.instagram.com/p/DbYjau7Rd1O/c/17899518765370816
seasonal_woven,igc:18386563477167000,ig:DbYjau7Rd1O,automatic_lexical_match,https://www.instagram.com/p/DbYjau7Rd1O/c/18386563477167000
seasonal_woven,igc:18066532370774587,ig:DbYjau7Rd1O,automatic_lexical_match,https://www.instagram.com/p/DbYjau7Rd1O/c/18066532370774587
seasonal_woven,igc:18125728030788924,ig:DbYjau7Rd1O,automatic_lexical_match,https://www.instagram.com/p/DbYjau7Rd1O/c/18125728030788924
seasonal_woven,igc:17985090516099217,ig:DbYjau7Rd1O,automatic_lexical_match,https://www.instagram.com/p/DbYjau7Rd1O/c/17985090516099217
seasonal_woven,igc:18113197084999811,ig:DbYjau7Rd1O,automatic_lexical_match,https://www.instagram.com/p/DbYjau7Rd1O/c/18113197084999811
seasonal_woven,igc:18162700897489801,ig:DbYjau7Rd1O,automatic_lexical_match,https://www.instagram.com/p/DbYjau7Rd1O/c/18162700897489801
seasonal_woven,igc:17906835783492918,ig:DbYjau7Rd1O,automatic_lexical_match,https://www.instagram.com/p/DbYjau7Rd1O/c/17906835783492918
seasonal_woven,igc:17919676452222136,ig:DbYjau7Rd1O,automatic_lexical_match,https://www.instagram.com/p/DbYjau7Rd1O/c/17919676452222136
seasonal_woven,igc:18099193934034237,ig:DbYjau7Rd1O,automatic_lexical_match,https://www.instagram.com/p/DbYjau7Rd1O/c/18099193934034237
seasonal_woven,igc:17987598297028022,ig:DbYjau7Rd1O,automatic_lexical_match,https://www.instagram.com/p/DbYjau7Rd1O/c/17987598297028022
seasonal_woven,igc:18111421460034818,ig:DbYjau7Rd1O,automatic_lexical_match,https://www.instagram.com/p/DbYjau7Rd1O/c/18111421460034818
seasonal_woven,igc:17984239155119040,ig:DbYjau7Rd1O,automatic_lexical_match,https://www.instagram.com/p/DbYjau7Rd1O/c/17984239155119040
seasonal_woven,igc:18441313780135539,ig:DbYjau7Rd1O,automatic_lexical_match,https://www.instagram.com/p/DbYjau7Rd1O/c/18441313780135539
seasonal_woven,igc:17935091040124772,ig:DbYjau7Rd1O,automatic_lexical_match,https://www.instagram.com/p/DbYjau7Rd1O/c/17935091040124772
seasonal_woven,igc:18100267265009603,ig:Dc_zbXRp_c6,automatic_lexical_match,https://www.instagram.com/p/Dc_zbXRp_c6/c/18100267265009603
seasonal_woven,igc:18123854071819816,ig:Dc_zbXRp_c6,automatic_lexical_match,https://www.instagram.com/p/Dc_zbXRp_c6/c/18123854071819816
seasonal_woven,igc:18130724515735090,ig:Dc_zbXRp_c6,automatic_lexical_match,https://www.instagram.com/p/Dc_zbXRp_c6/c/18130724515735090
seasonal_woven,igc:18087520799218307,ig:Dc_zbXRp_c6,automatic_lexical_match,https://www.instagram.com/p/Dc_zbXRp_c6/c/18087520799218307
seasonal_woven,igc:18115085315065498,ig:Dc_zbXRp_c6,automatic_lexical_match,https://www.instagram.com/p/Dc_zbXRp_c6/c/18115085315065498
seasonal_woven,igc:17888475006677805,ig:Dc_zbXRp_c6,automatic_lexical_match,https://www.instagram.com/p/Dc_zbXRp_c6/c/17888475006677805
seasonal_woven,igc:18128649778745887,ig:Dc_zbXRp_c6,automatic_lexical_match,https://www.instagram.com/p/Dc_zbXRp_c6/c/18128649778745887
seasonal_woven,igc:18086780183422100,ig:Dc_zbXRp_c6,automatic_lexical_match,https://www.instagram.com/p/Dc_zbXRp_c6/c/18086780183422100
seasonal_woven,igc:18114946745001213,ig:Dc_zbXRp_c6,automatic_lexical_match,https://www.instagram.com/p/Dc_zbXRp_c6/c/18114946745001213
seasonal_woven,igc:17978201696913060,ig:Dc_zbXRp_c6,automatic_lexical_match,https://www.instagram.com/p/Dc_zbXRp_c6/c/17978201696913060
seasonal_woven,igc:17976874653087672,ig:Dc_zbXRp_c6,automatic_lexical_match,https://www.instagram.com/p/Dc_zbXRp_c6/c/17976874653087672
seasonal_woven,igc:18136632466623226,ig:Dc_zbXRp_c6,automatic_lexical_match,https://www.instagram.com/p/Dc_zbXRp_c6/c/18136632466623226
seasonal_woven,igc:18414797998159985,ig:Dc_zbXRp_c6,automatic_lexical_match,https://www.instagram.com/p/Dc_zbXRp_c6/c/18414797998159985
seasonal_woven,igc:17930832660143955,ig:Dc_zbXRp_c6,automatic_lexical_match,https://www.instagram.com/p/Dc_zbXRp_c6/c/17930832660143955
seasonal_woven,igc:18007597613937904,ig:DaLPP4XsxGe,automatic_lexical_match,https://www.instagram.com/p/DaLPP4XsxGe/c/18007597613937904
seasonal_woven,igc:18107031089333079,ig:DcB0ybMOP-6,automatic_lexical_match,https://www.instagram.com/p/DcB0ybMOP-6/c/18107031089333079
seasonal_woven,igc:18118834184065484,ig:DdCfL_KpU2S,automatic_lexical_match,https://www.instagram.com/p/DdCfL_KpU2S/c/18118834184065484
seasonal_woven,igc:18345768499286135,ig:DdCfL_KpU2S,automatic_lexical_match,https://www.instagram.com/p/DdCfL_KpU2S/c/18345768499286135
seasonal_woven,igc:17905130382327693,ig:DdCfL_KpU2S,automatic_lexical_match,https://www.instagram.com/p/DdCfL_KpU2S/c/17905130382327693
seasonal_woven,igc:18203538475373281,ig:DdCfL_KpU2S,automatic_lexical_match,https://www.instagram.com/p/DdCfL_KpU2S/c/18203538475373281
seasonal_woven,igc:18376907158238225,ig:DdCfL_KpU2S,automatic_lexical_match,https://www.instagram.com/p/DdCfL_KpU2S/c/18376907158238225
seasonal_woven,igc:17997758801811655,ig:Dc_zbXRp_c6,automatic_lexical_match,https://www.instagram.com/p/Dc_zbXRp_c6/c/17997758801811655
seasonal_woven,igc:18127732606738197,ig:Dc_zbXRp_c6,automatic_lexical_match,https://www.instagram.com/p/Dc_zbXRp_c6/c/18127732606738197
seasonal_woven,igc:18101116307342838,ig:Dc_zbXRp_c6,automatic_lexical_match,https://www.instagram.com/p/Dc_zbXRp_c6/c/18101116307342838
seasonal_woven,igc:17945615655302093,ig:Dc_zbXRp_c6,automatic_lexical_match,https://www.instagram.com/p/Dc_zbXRp_c6/c/17945615655302093
seasonal_woven,igc:17933022492389018,ig:Dc_zbXRp_c6,automatic_lexical_match,https://www.instagram.com/p/Dc_zbXRp_c6/c/17933022492389018
seasonal_woven,igc:18620818372037334,ig:Dc_zbXRp_c6,automatic_lexical_match,https://www.instagram.com/p/Dc_zbXRp_c6/c/18620818372037334
seasonal_woven,igc:18109101836170694,ig:Dc_zbXRp_c6,automatic_lexical_match,https://www.instagram.com/p/Dc_zbXRp_c6/c/18109101836170694
seasonal_woven,igc:18100698494620512,ig:Dc_zbXRp_c6,automatic_lexical_match,https://www.instagram.com/p/Dc_zbXRp_c6/c/18100698494620512
seasonal_woven,igc:17904555051562527,ig:Dc_zbXRp_c6,automatic_lexical_match,https://www.instagram.com/p/Dc_zbXRp_c6/c/17904555051562527
seasonal_woven,igc:18100174922571879,ig:Dc_zbXRp_c6,automatic_lexical_match,https://www.instagram.com/p/Dc_zbXRp_c6/c/18100174922571879
seasonal_woven,igc:17948214747289081,ig:Dc_zbXRp_c6,automatic_lexical_match,https://www.instagram.com/p/Dc_zbXRp_c6/c/17948214747289081
seasonal_woven,igc:17965188593969376,ig:Dc_zbXRp_c6,automatic_lexical_match,https://www.instagram.com/p/Dc_zbXRp_c6/c/17965188593969376
seasonal_woven,igc:18107072554899589,ig:Dc_zbXRp_c6,automatic_lexical_match,https://www.instagram.com/p/Dc_zbXRp_c6/c/18107072554899589
seasonal_woven,igc:17880145377652833,ig:DcbWhitOnk7,automatic_lexical_match,https://www.instagram.com/p/DcbWhitOnk7/c/17880145377652833
seasonal_woven,igc:17912378889263417,ig:DcbWhitOnk7,automatic_lexical_match,https://www.instagram.com/p/DcbWhitOnk7/c/17912378889263417
seasonal_woven,igc:17892118800655315,ig:DbYjau7Rd1O,automatic_lexical_match,https://www.instagram.com/p/DbYjau7Rd1O/c/17892118800655315
seasonal_woven,igc:18114486812004942,ig:DbYjau7Rd1O,automatic_lexical_match,https://www.instagram.com/p/DbYjau7Rd1O/c/18114486812004942
seasonal_woven,igc:18140616907590610,ig:DbYjau7Rd1O,automatic_lexical_match,https://www.instagram.com/p/DbYjau7Rd1O/c/18140616907590610
seasonal_woven,igc:18095157950098731,ig:DbYjau7Rd1O,automatic_lexical_match,https://www.instagram.com/p/DbYjau7Rd1O/c/18095157950098731
seasonal_woven,igc:18108403502587603,ig:DbYjau7Rd1O,automatic_lexical_match,https://www.instagram.com/p/DbYjau7Rd1O/c/18108403502587603
seasonal_woven,igc:18128019313783805,ig:DbYjau7Rd1O,automatic_lexical_match,https://www.instagram.com/p/DbYjau7Rd1O/c/18128019313783805
seasonal_woven,igc:18363958177301325,ig:DbYjau7Rd1O,automatic_lexical_match,https://www.instagram.com/p/DbYjau7Rd1O/c/18363958177301325
seasonal_woven,igc:18119134270936874,ig:DbYjau7Rd1O,automatic_lexical_match,https://www.instagram.com/p/DbYjau7Rd1O/c/18119134270936874
seasonal_woven,igc:17910153555467261,ig:DbYjau7Rd1O,automatic_lexical_match,https://www.instagram.com/p/DbYjau7Rd1O/c/17910153555467261
seasonal_woven,igc:18106414019597919,ig:DbYjau7Rd1O,automatic_lexical_match,https://www.instagram.com/p/DbYjau7Rd1O/c/18106414019597919
seasonal_woven,igc:17992064343043519,ig:DbYjau7Rd1O,automatic_lexical_match,https://www.instagram.com/p/DbYjau7Rd1O/c/17992064343043519
seasonal_woven,igc:17979452799085263,ig:Dc_zbXRp_c6,automatic_lexical_match,https://www.instagram.com/p/Dc_zbXRp_c6/c/17979452799085263
seasonal_woven,igc:18126286691503764,ig:Dc_zbXRp_c6,automatic_lexical_match,https://www.instagram.com/p/Dc_zbXRp_c6/c/18126286691503764
seasonal_woven,igc:18094208369542662,ig:Dc_zbXRp_c6,automatic_lexical_match,https://www.instagram.com/p/Dc_zbXRp_c6/c/18094208369542662
seasonal_woven,igc:18093477503420648,ig:Dc_zbXRp_c6,automatic_lexical_match,https://www.instagram.com/p/Dc_zbXRp_c6/c/18093477503420648
seasonal_woven,igc:18076624535449445,ig:Dc_zbXRp_c6,automatic_lexical_match,https://www.instagram.com/p/Dc_zbXRp_c6/c/18076624535449445
seasonal_woven,igc:18138172633716510,ig:Dc_zbXRp_c6,automatic_lexical_match,https://www.instagram.com/p/Dc_zbXRp_c6/c/18138172633716510
seasonal_woven,igc:18106091243233824,ig:Dc_zbXRp_c6,automatic_lexical_match,https://www.instagram.com/p/Dc_zbXRp_c6/c/18106091243233824
seasonal_woven,igc:18558039976074602,ig:Dc_zbXRp_c6,automatic_lexical_match,https://www.instagram.com/p/Dc_zbXRp_c6/c/18558039976074602
seasonal_woven,igc:18073154090448518,ig:Dc_zbXRp_c6,automatic_lexical_match,https://www.instagram.com/p/Dc_zbXRp_c6/c/18073154090448518
seasonal_woven,igc:18115246733327549,ig:Dc_zbXRp_c6,automatic_lexical_match,https://www.instagram.com/p/Dc_zbXRp_c6/c/18115246733327549
seasonal_woven,igc:17922516417202238,ig:Dc_zbXRp_c6,automatic_lexical_match,https://www.instagram.com/p/Dc_zbXRp_c6/c/17922516417202238
seasonal_woven,igc:18127431682688273,ig:Dc_zbXRp_c6,automatic_lexical_match,https://www.instagram.com/p/Dc_zbXRp_c6/c/18127431682688273
seasonal_woven,igc:18023657444704418,ig:Dc_zbXRp_c6,automatic_lexical_match,https://www.instagram.com/p/Dc_zbXRp_c6/c/18023657444704418
seasonal_woven,igc:18007384601967946,ig:Dc_zbXRp_c6,automatic_lexical_match,https://www.instagram.com/p/Dc_zbXRp_c6/c/18007384601967946
seasonal_woven,igc:17971222871942871,ig:DdCfL_KpU2S,automatic_lexical_match,https://www.instagram.com/p/DdCfL_KpU2S/c/17971222871942871
seasonal_woven,igc:18103461425192919,ig:DdCfL_KpU2S,automatic_lexical_match,https://www.instagram.com/p/DdCfL_KpU2S/c/18103461425192919
seasonal_woven,igc:17956853655216001,ig:DdCfL_KpU2S,automatic_lexical_match,https://www.instagram.com/p/DdCfL_KpU2S/c/17956853655216001
seasonal_woven,igc:18093492101433315,ig:DdCfL_KpU2S,automatic_lexical_match,https://www.instagram.com/p/DdCfL_KpU2S/c/18093492101433315
seasonal_woven,igc:18163907896472635,ig:DdCfL_KpU2S,automatic_lexical_match,https://www.instagram.com/p/DdCfL_KpU2S/c/18163907896472635
seasonal_woven,igc:18015829898944361,ig:DdCfL_KpU2S,automatic_lexical_match,https://www.instagram.com/p/DdCfL_KpU2S/c/18015829898944361
seasonal_woven,igc:18460373395141611,ig:DdCfL_KpU2S,automatic_lexical_match,https://www.instagram.com/p/DdCfL_KpU2S/c/18460373395141611
seasonal_woven,igc:18082929350700741,ig:DdCfL_KpU2S,automatic_lexical_match,https://www.instagram.com/p/DdCfL_KpU2S/c/18082929350700741
seasonal_woven,igc:17959135170198406,ig:DdCfL_KpU2S,automatic_lexical_match,https://www.instagram.com/p/DdCfL_KpU2S/c/17959135170198406
seasonal_woven,igc:17902110012564277,ig:DbYjau7Rd1O,automatic_lexical_match,https://www.instagram.com/p/DbYjau7Rd1O/c/17902110012564277
seasonal_woven,igc:18089520914267311,ig:DbYjau7Rd1O,automatic_lexical_match,https://www.instagram.com/p/DbYjau7Rd1O/c/18089520914267311
seasonal_woven,igc:17943825096333187,ig:DbYjau7Rd1O,automatic_lexical_match,https://www.instagram.com/p/DbYjau7Rd1O/c/17943825096333187
seasonal_woven,igc:17984471856114810,ig:DbYjau7Rd1O,automatic_lexical_match,https://www.instagram.com/p/DbYjau7Rd1O/c/17984471856114810
seasonal_woven,igc:18131938648658032,ig:DbYjau7Rd1O,automatic_lexical_match,https://www.instagram.com/p/DbYjau7Rd1O/c/18131938648658032
seasonal_woven,igc:18138702232716635,ig:DbYjau7Rd1O,automatic_lexical_match,https://www.instagram.com/p/DbYjau7Rd1O/c/18138702232716635
seasonal_woven,igc:17901812745349747,ig:DbYjau7Rd1O,automatic_lexical_match,https://www.instagram.com/p/DbYjau7Rd1O/c/17901812745349747
seasonal_woven,igc:18150241549530099,ig:DdCfL_KpU2S,automatic_lexical_match,https://www.instagram.com/p/DdCfL_KpU2S/c/18150241549530099
seasonal_woven,igc:18115435618944465,ig:DdCfL_KpU2S,automatic_lexical_match,https://www.instagram.com/p/DdCfL_KpU2S/c/18115435618944465
seasonal_woven,igc:18084564245699730,ig:DdCfL_KpU2S,automatic_lexical_match,https://www.instagram.com/p/DdCfL_KpU2S/c/18084564245699730
seasonal_woven,igc:17890759167436910,ig:DdCfL_KpU2S,automatic_lexical_match,https://www.instagram.com/p/DdCfL_KpU2S/c/17890759167436910
seasonal_woven,igc:18113428918821091,ig:DdCfL_KpU2S,automatic_lexical_match,https://www.instagram.com/p/DdCfL_KpU2S/c/18113428918821091
seasonal_woven,igc:18136146847540080,ig:DdCfL_KpU2S,automatic_lexical_match,https://www.instagram.com/p/DdCfL_KpU2S/c/18136146847540080
seasonal_woven,igc:18214849582354193,ig:Dc_zbXRp_c6,automatic_lexical_match,https://www.instagram.com/p/Dc_zbXRp_c6/c/18214849582354193
seasonal_woven,igc:17901207216595127,ig:Dc_zbXRp_c6,automatic_lexical_match,https://www.instagram.com/p/Dc_zbXRp_c6/c/17901207216595127
seasonal_woven,igc:18105395968928530,ig:Dc_zbXRp_c6,automatic_lexical_match,https://www.instagram.com/p/Dc_zbXRp_c6/c/18105395968928530
seasonal_woven,igc:18196466701377369,ig:Dc_zbXRp_c6,automatic_lexical_match,https://www.instagram.com/p/Dc_zbXRp_c6/c/18196466701377369
seasonal_woven,igc:18110360246609600,ig:Dc_zbXRp_c6,automatic_lexical_match,https://www.instagram.com/p/Dc_zbXRp_c6/c/18110360246609600
seasonal_woven,igc:18084148223296992,ig:Dc_zbXRp_c6,automatic_lexical_match,https://www.instagram.com/p/Dc_zbXRp_c6/c/18084148223296992
seasonal_woven,igc:18093308078540144,ig:Dc_zbXRp_c6,automatic_lexical_match,https://www.instagram.com/p/Dc_zbXRp_c6/c/18093308078540144
seasonal_woven,igc:18232100569320027,ig:Dc_zbXRp_c6,automatic_lexical_match,https://www.instagram.com/p/Dc_zbXRp_c6/c/18232100569320027
seasonal_woven,igc:18004928420995671,ig:Dc_zbXRp_c6,automatic_lexical_match,https://www.instagram.com/p/Dc_zbXRp_c6/c/18004928420995671
seasonal_woven,igc:18147179281556082,ig:Dc_zbXRp_c6,automatic_lexical_match,https://www.instagram.com/p/Dc_zbXRp_c6/c/18147179281556082
seasonal_woven,igc:18102815612525093,ig:Dc_zbXRp_c6,automatic_lexical_match,https://www.instagram.com/p/Dc_zbXRp_c6/c/18102815612525093
seasonal_woven,igc:18017378417931094,ig:Dc2_9ydS0x1,automatic_lexical_match,https://www.instagram.com/p/Dc2_9ydS0x1/c/18017378417931094
seasonal_woven,igc:17905892319488942,ig:Dc2_9ydS0x1,automatic_lexical_match,https://www.instagram.com/p/Dc2_9ydS0x1/c/17905892319488942
seasonal_woven,igc:18405304699083470,ig:DcWLvteqezx,automatic_lexical_match,https://www.instagram.com/p/DcWLvteqezx/c/18405304699083470
seasonal_woven,igc:18125994574752912,ig:DcWLvteqezx,automatic_lexical_match,https://www.instagram.com/p/DcWLvteqezx/c/18125994574752912
seasonal_woven,igc:18107537018148467,ig:DcWLvteqezx,automatic_lexical_match,https://www.instagram.com/p/DcWLvteqezx/c/18107537018148467
seasonal_woven,igc:18221122177332049,ig:DcWLvteqezx,automatic_lexical_match,https://www.instagram.com/p/DcWLvteqezx/c/18221122177332049
seasonal_woven,igc:18059951213040057,ig:DMQIVJ_IkDC,automatic_lexical_match,https://www.instagram.com/p/DMQIVJ_IkDC/c/18059951213040057
seasonal_woven,igc:18053868869608979,ig:DMQIVJ_IkDC,automatic_lexical_match,https://www.instagram.com/p/DMQIVJ_IkDC/c/18053868869608979
seasonal_woven,igc:17964173834930932,ig:DMQIVJ_IkDC,automatic_lexical_match,https://www.instagram.com/p/DMQIVJ_IkDC/c/17964173834930932
seasonal_woven,igc:17985881043010177,ig:Dai_VLvz_X3,automatic_lexical_match,https://www.instagram.com/p/Dai_VLvz_X3/c/17985881043010177
seasonal_woven,igc:17871245382403306,ig:DMQIVJ_IkDC,automatic_lexical_match,https://www.instagram.com/p/DMQIVJ_IkDC/c/17871245382403306
seasonal_woven,igc:17876747472618647,ig:Dai_VLvz_X3,automatic_lexical_match,https://www.instagram.com/p/Dai_VLvz_X3/c/17876747472618647
seasonal_woven,igc:18100919459293382,ig:DVjIggIjgow,automatic_lexical_match,https://www.instagram.com/p/DVjIggIjgow/c/18100919459293382
seasonal_woven,igc:18047895677565268,ig:DKzkvhDq8Pt,automatic_lexical_match,https://www.instagram.com/p/DKzkvhDq8Pt/c/18047895677565268
seasonal_woven,ttc:7617656506067337998,tt:7616492357252287757,automatic_lexical_match,https://www.tiktok.com/@native.handbags/video/7616492357252287757
seasonal_woven,ttc:7655047076053697294,tt:7639422063865777430,automatic_lexical_match,https://www.tiktok.com/@iamsaraouardi/video/7639422063865777430
seasonal_woven,ttc:7672362957254656782,tt:7672086495074749728,automatic_lexical_match,https://www.tiktok.com/@yevtopyer/video/7672086495074749728
seasonal_woven,ttc:7652406067875922702,tt:7652379521559137566,automatic_lexical_match,https://www.tiktok.com/@imjustbarbs/video/7652379521559137566
seasonal_woven,ttc:7652739604542604063,tt:7652379521559137566,automatic_lexical_match,https://www.tiktok.com/@imjustbarbs/video/7652379521559137566
seasonal_woven,ttc:7627458802934252319,tt:7627179930677333270,automatic_lexical_match,https://www.tiktok.com/@aliceinparisofficial/video/7627179930677333270
seasonal_woven,ttc:7626725948876210957,tt:7620834527749033238,automatic_lexical_match,https://www.tiktok.com/@lucyhitchcock/video/7620834527749033238
seasonal_woven,ttc:7652902368921633566,tt:7652379521559137566,automatic_lexical_match,https://www.tiktok.com/@imjustbarbs/video/7652379521559137566
seasonal_woven,ttc:7656156423319241486,tt:7652379521559137566,automatic_lexical_match,https://www.tiktok.com/@imjustbarbs/video/7652379521559137566
seasonal_woven,igc:18096629630433114,ig:DboMAsXgXg7,automatic_lexical_match,https://www.instagram.com/p/DboMAsXgXg7/c/18096629630433114
seasonal_woven,igc:18146728546550740,ig:DboMAsXgXg7,automatic_lexical_match,https://www.instagram.com/p/DboMAsXgXg7/c/18146728546550740
seasonal_woven,igc:17901645489349662,ig:DboMAsXgXg7,automatic_lexical_match,https://www.instagram.com/p/DboMAsXgXg7/c/17901645489349662
seasonal_woven,igc:18176259883441131,ig:DboMAsXgXg7,automatic_lexical_match,https://www.instagram.com/p/DboMAsXgXg7/c/18176259883441131
seasonal_woven,igc:17998388592006389,ig:DboMAsXgXg7,automatic_lexical_match,https://www.instagram.com/p/DboMAsXgXg7/c/17998388592006389
seasonal_woven,igc:18133547755649227,ig:DboMAsXgXg7,automatic_lexical_match,https://www.instagram.com/p/DboMAsXgXg7/c/18133547755649227
seasonal_woven,igc:18130789699737713,ig:DboMAsXgXg7,automatic_lexical_match,https://www.instagram.com/p/DboMAsXgXg7/c/18130789699737713
seasonal_woven,igc:17987856759044542,ig:DboMAsXgXg7,automatic_lexical_match,https://www.instagram.com/p/DboMAsXgXg7/c/17987856759044542
seasonal_woven,igc:18167173336460891,ig:DboMAsXgXg7,automatic_lexical_match,https://www.instagram.com/p/DboMAsXgXg7/c/18167173336460891
seasonal_woven,igc:18282061462294527,ig:DboMAsXgXg7,automatic_lexical_match,https://www.instagram.com/p/DboMAsXgXg7/c/18282061462294527
seasonal_woven,igc:18018042581925025,ig:DboMAsXgXg7,automatic_lexical_match,https://www.instagram.com/p/DboMAsXgXg7/c/18018042581925025
seasonal_woven,igc:17871836586634523,ig:DboMAsXgXg7,automatic_lexical_match,https://www.instagram.com/p/DboMAsXgXg7/c/17871836586634523
seasonal_woven,igc:17972181218935019,ig:DboMAsXgXg7,automatic_lexical_match,https://www.instagram.com/p/DboMAsXgXg7/c/17972181218935019
seasonal_woven,igc:18132572569639336,ig:DboMAsXgXg7,automatic_lexical_match,https://www.instagram.com/p/DboMAsXgXg7/c/18132572569639336
seasonal_woven,igc:17880865773688834,ig:DboMAsXgXg7,automatic_lexical_match,https://www.instagram.com/p/DboMAsXgXg7/c/17880865773688834
seasonal_woven,igc:18213596230352358,ig:DbopI80TuC2,automatic_lexical_match,https://www.instagram.com/p/DbopI80TuC2/c/18213596230352358
seasonal_woven,igc:18028809743666546,ig:Db6dZHTo6JM,automatic_lexical_match,https://www.instagram.com/p/Db6dZHTo6JM/c/18028809743666546
seasonal_woven,igc:18074384027419797,ig:DdHBGQiK7Ee,automatic_lexical_match,https://www.instagram.com/p/DdHBGQiK7Ee/c/18074384027419797
seasonal_woven,igc:18141811603576458,ig:Dc0_95Ust3q,automatic_lexical_match,https://www.instagram.com/p/Dc0_95Ust3q/c/18141811603576458
seasonal_woven,igc:18130203421736289,ig:Dc0_95Ust3q,automatic_lexical_match,https://www.instagram.com/p/Dc0_95Ust3q/c/18130203421736289
seasonal_woven,igc:18064272629757156,ig:Dc0_95Ust3q,automatic_lexical_match,https://www.instagram.com/p/Dc0_95Ust3q/c/18064272629757156
seasonal_woven,igc:17945193756317274,ig:Dc0_95Ust3q,automatic_lexical_match,https://www.instagram.com/p/Dc0_95Ust3q/c/17945193756317274
seasonal_woven,igc:18121082692894554,ig:DboMAsXgXg7,automatic_lexical_match,https://www.instagram.com/p/DboMAsXgXg7/c/18121082692894554
seasonal_woven,igc:18111927509045402,ig:DboMAsXgXg7,automatic_lexical_match,https://www.instagram.com/p/DboMAsXgXg7/c/18111927509045402
seasonal_woven,igc:18147509179531288,ig:DboMAsXgXg7,automatic_lexical_match,https://www.instagram.com/p/DboMAsXgXg7/c/18147509179531288
seasonal_woven,igc:18093331778535126,ig:DboMAsXgXg7,automatic_lexical_match,https://www.instagram.com/p/DboMAsXgXg7/c/18093331778535126
seasonal_woven,igc:18424150771194742,ig:DboMAsXgXg7,automatic_lexical_match,https://www.instagram.com/p/DboMAsXgXg7/c/18424150771194742
seasonal_woven,igc:17972690288932952,ig:DboMAsXgXg7,automatic_lexical_match,https://www.instagram.com/p/DboMAsXgXg7/c/17972690288932952
seasonal_woven,igc:18105501935160679,ig:DboMAsXgXg7,automatic_lexical_match,https://www.instagram.com/p/DboMAsXgXg7/c/18105501935160679
seasonal_woven,igc:17918120154440608,ig:DboMAsXgXg7,automatic_lexical_match,https://www.instagram.com/p/DboMAsXgXg7/c/17918120154440608
seasonal_woven,igc:18390863470162505,ig:DboMAsXgXg7,automatic_lexical_match,https://www.instagram.com/p/DboMAsXgXg7/c/18390863470162505
seasonal_woven,igc:18194343190377593,ig:DboMAsXgXg7,automatic_lexical_match,https://www.instagram.com/p/DboMAsXgXg7/c/18194343190377593
seasonal_woven,igc:18091438997275352,ig:DboMAsXgXg7,automatic_lexical_match,https://www.instagram.com/p/DboMAsXgXg7/c/18091438997275352
seasonal_woven,igc:18140174317606459,ig:DboMAsXgXg7,automatic_lexical_match,https://www.instagram.com/p/DboMAsXgXg7/c/18140174317606459
seasonal_woven,igc:17927091903165729,ig:DboMAsXgXg7,automatic_lexical_match,https://www.instagram.com/p/DboMAsXgXg7/c/17927091903165729
seasonal_woven,igc:18102784151350118,ig:DboMAsXgXg7,automatic_lexical_match,https://www.instagram.com/p/DboMAsXgXg7/c/18102784151350118
seasonal_woven,igc:17871280590584732,ig:DboMAsXgXg7,automatic_lexical_match,https://www.instagram.com/p/DboMAsXgXg7/c/17871280590584732
seasonal_woven,igc:18121757221875557,ig:DcMmDt9AVpc,automatic_lexical_match,https://www.instagram.com/p/DcMmDt9AVpc/c/18121757221875557
seasonal_woven,igc:18125877676757686,ig:Dc0_95Ust3q,automatic_lexical_match,https://www.instagram.com/p/Dc0_95Ust3q/c/18125877676757686
seasonal_woven,igc:17997488354810314,ig:Dc0_95Ust3q,automatic_lexical_match,https://www.instagram.com/p/Dc0_95Ust3q/c/17997488354810314
seasonal_woven,igc:18194728132382221,ig:Dc0_95Ust3q,automatic_lexical_match,https://www.instagram.com/p/Dc0_95Ust3q/c/18194728132382221
seasonal_woven,igc:18128520205838388,ig:DboMAsXgXg7,automatic_lexical_match,https://www.instagram.com/p/DboMAsXgXg7/c/18128520205838388
seasonal_woven,igc:18613589206033715,ig:DboMAsXgXg7,automatic_lexical_match,https://www.instagram.com/p/DboMAsXgXg7/c/18613589206033715
seasonal_woven,igc:18121959115903243,ig:DboMAsXgXg7,automatic_lexical_match,https://www.instagram.com/p/DboMAsXgXg7/c/18121959115903243
seasonal_woven,igc:18093137183434696,ig:DboMAsXgXg7,automatic_lexical_match,https://www.instagram.com/p/DboMAsXgXg7/c/18093137183434696
seasonal_woven,igc:18140675560581792,ig:DboMAsXgXg7,automatic_lexical_match,https://www.instagram.com/p/DboMAsXgXg7/c/18140675560581792
seasonal_woven,igc:18100090466365364,ig:DboMAsXgXg7,automatic_lexical_match,https://www.instagram.com/p/DboMAsXgXg7/c/18100090466365364
seasonal_woven,igc:18095065469529252,ig:DboMAsXgXg7,automatic_lexical_match,https://www.instagram.com/p/DboMAsXgXg7/c/18095065469529252
seasonal_woven,igc:17915691963241903,ig:DboMAsXgXg7,automatic_lexical_match,https://www.instagram.com/p/DboMAsXgXg7/c/17915691963241903
seasonal_woven,igc:18121036231836347,ig:DboMAsXgXg7,automatic_lexical_match,https://www.instagram.com/p/DboMAsXgXg7/c/18121036231836347
seasonal_woven,igc:17970087026944649,ig:DboMAsXgXg7,automatic_lexical_match,https://www.instagram.com/p/DboMAsXgXg7/c/17970087026944649
seasonal_woven,igc:18091797842394442,ig:DboMAsXgXg7,automatic_lexical_match,https://www.instagram.com/p/DboMAsXgXg7/c/18091797842394442
seasonal_woven,igc:17950727589027506,ig:DboMAsXgXg7,automatic_lexical_match,https://www.instagram.com/p/DboMAsXgXg7/c/17950727589027506
seasonal_woven,igc:18071976923438397,ig:DboMAsXgXg7,automatic_lexical_match,https://www.instagram.com/p/DboMAsXgXg7/c/18071976923438397
seasonal_woven,igc:18088905578320126,ig:DboMAsXgXg7,automatic_lexical_match,https://www.instagram.com/p/DboMAsXgXg7/c/18088905578320126
seasonal_woven,igc:18133441834633964,ig:DboMAsXgXg7,automatic_lexical_match,https://www.instagram.com/p/DboMAsXgXg7/c/18133441834633964
seasonal_woven,igc:18215208700343672,ig:Dc0_95Ust3q,automatic_lexical_match,https://www.instagram.com/p/Dc0_95Ust3q/c/18215208700343672
seasonal_woven,igc:18051878933586450,ig:Dc0_95Ust3q,automatic_lexical_match,https://www.instagram.com/p/Dc0_95Ust3q/c/18051878933586450
seasonal_woven,igc:17927451924163076,ig:Dc0_95Ust3q,automatic_lexical_match,https://www.instagram.com/p/Dc0_95Ust3q/c/17927451924163076
seasonal_woven,igc:17966529183170249,ig:Dc0_95Ust3q,automatic_lexical_match,https://www.instagram.com/p/Dc0_95Ust3q/c/17966529183170249
seasonal_woven,igc:17950701465256828,ig:Dc0_95Ust3q,automatic_lexical_match,https://www.instagram.com/p/Dc0_95Ust3q/c/17950701465256828
seasonal_woven,igc:18090488540159450,ig:DboMAsXgXg7,automatic_lexical_match,https://www.instagram.com/p/DboMAsXgXg7/c/18090488540159450
seasonal_woven,igc:17867281719642459,ig:DboMAsXgXg7,automatic_lexical_match,https://www.instagram.com/p/DboMAsXgXg7/c/17867281719642459
seasonal_woven,igc:18131658715637578,ig:DboMAsXgXg7,automatic_lexical_match,https://www.instagram.com/p/DboMAsXgXg7/c/18131658715637578
seasonal_woven,igc:18120078032480578,ig:DboMAsXgXg7,automatic_lexical_match,https://www.instagram.com/p/DboMAsXgXg7/c/18120078032480578
seasonal_woven,igc:17985544797028286,ig:DboMAsXgXg7,automatic_lexical_match,https://www.instagram.com/p/DboMAsXgXg7/c/17985544797028286
seasonal_woven,igc:18108504053130850,ig:DboMAsXgXg7,automatic_lexical_match,https://www.instagram.com/p/DboMAsXgXg7/c/18108504053130850
seasonal_woven,igc:18018734030719259,ig:DboMAsXgXg7,automatic_lexical_match,https://www.instagram.com/p/DboMAsXgXg7/c/18018734030719259
seasonal_woven,igc:17885619141616203,ig:DboMAsXgXg7,automatic_lexical_match,https://www.instagram.com/p/DboMAsXgXg7/c/17885619141616203
seasonal_woven,igc:18109080011272590,ig:DboMAsXgXg7,automatic_lexical_match,https://www.instagram.com/p/DboMAsXgXg7/c/18109080011272590
seasonal_woven,igc:18109634231013282,ig:DboMAsXgXg7,automatic_lexical_match,https://www.instagram.com/p/DboMAsXgXg7/c/18109634231013282
seasonal_woven,igc:18102248078599894,ig:DboMAsXgXg7,automatic_lexical_match,https://www.instagram.com/p/DboMAsXgXg7/c/18102248078599894
seasonal_woven,igc:17979765969118271,ig:DboMAsXgXg7,automatic_lexical_match,https://www.instagram.com/p/DboMAsXgXg7/c/17979765969118271
seasonal_woven,igc:17883668127681800,ig:DboMAsXgXg7,automatic_lexical_match,https://www.instagram.com/p/DboMAsXgXg7/c/17883668127681800
seasonal_woven,igc:17964203555965968,ig:DboMAsXgXg7,automatic_lexical_match,https://www.instagram.com/p/DboMAsXgXg7/c/17964203555965968
seasonal_woven,igc:18101791801979565,ig:DboMAsXgXg7,automatic_lexical_match,https://www.instagram.com/p/DboMAsXgXg7/c/18101791801979565
seasonal_woven,igc:18340481827267128,ig:DboMAsXgXg7,automatic_lexical_match,https://www.instagram.com/p/DboMAsXgXg7/c/18340481827267128
seasonal_woven,igc:18123125995895587,ig:DboMAsXgXg7,automatic_lexical_match,https://www.instagram.com/p/DboMAsXgXg7/c/18123125995895587
seasonal_woven,igc:17983121826063271,ig:DboMAsXgXg7,automatic_lexical_match,https://www.instagram.com/p/DboMAsXgXg7/c/17983121826063271
seasonal_woven,igc:17878877289623881,ig:DboMAsXgXg7,automatic_lexical_match,https://www.instagram.com/p/DboMAsXgXg7/c/17878877289623881
seasonal_woven,igc:18091860836428203,ig:DboMAsXgXg7,automatic_lexical_match,https://www.instagram.com/p/DboMAsXgXg7/c/18091860836428203
seasonal_woven,igc:18089422700415358,ig:DboMAsXgXg7,automatic_lexical_match,https://www.instagram.com/p/DboMAsXgXg7/c/18089422700415358
seasonal_woven,igc:18129208339592447,ig:DboMAsXgXg7,automatic_lexical_match,https://www.instagram.com/p/DboMAsXgXg7/c/18129208339592447
seasonal_woven,igc:17933113197379978,ig:DboMAsXgXg7,automatic_lexical_match,https://www.instagram.com/p/DboMAsXgXg7/c/17933113197379978
seasonal_woven,igc:17993630897826169,ig:DboMAsXgXg7,automatic_lexical_match,https://www.instagram.com/p/DboMAsXgXg7/c/17993630897826169
seasonal_woven,igc:18129818101658014,ig:DboMAsXgXg7,automatic_lexical_match,https://www.instagram.com/p/DboMAsXgXg7/c/18129818101658014
seasonal_woven,igc:17915096925446586,ig:DboMAsXgXg7,automatic_lexical_match,https://www.instagram.com/p/DboMAsXgXg7/c/17915096925446586
seasonal_woven,igc:18455758519141602,ig:DboMAsXgXg7,automatic_lexical_match,https://www.instagram.com/p/DboMAsXgXg7/c/18455758519141602
seasonal_woven,igc:18479719219104314,ig:DboMAsXgXg7,automatic_lexical_match,https://www.instagram.com/p/DboMAsXgXg7/c/18479719219104314
seasonal_woven,igc:18066824681721039,ig:DboMAsXgXg7,automatic_lexical_match,https://www.instagram.com/p/DboMAsXgXg7/c/18066824681721039
seasonal_woven,ttc:7676187997830923022,tt:7670290170209438989,automatic_lexical_match,https://www.tiktok.com/@jessicanlinn/video/7670290170209438989
seasonal_woven,ttc:7676960494670742303,tt:7676869158180572438,automatic_lexical_match,https://www.tiktok.com/@iamsaraouardi/video/7676869158180572438
seasonal_woven,ttc:7677339004999779102,tt:7676869158180572438,automatic_lexical_match,https://www.tiktok.com/@iamsaraouardi/video/7676869158180572438
seasonal_woven,ttc:7678072183092740894,tt:7666796165639277846,automatic_lexical_match,https://www.tiktok.com/@iamsaraouardi/video/7666796165639277846
seasonal_woven,ttc:7669862110303060749,tt:7666796165639277846,automatic_lexical_match,https://www.tiktok.com/@iamsaraouardi/video/7666796165639277846
seasonal_woven,ttc:7678905352452735765,tt:7666796165639277846,automatic_lexical_match,https://www.tiktok.com/@iamsaraouardi/video/7666796165639277846
seasonal_woven,ttc:7555151745811759903,tt:7554098048394185997,automatic_lexical_match,https://www.tiktok.com/@skyleranneolson/video/7554098048394185997
seasonal_woven,ttc:7682790709494547213,tt:7676645924118007070,automatic_lexical_match,https://www.tiktok.com/@britt.rae2/video/7676645924118007070
seasonal_woven,ttc:7678152676924179230,tt:7670290170209438989,automatic_lexical_match,https://www.tiktok.com/@jessicanlinn/video/7670290170209438989
seasonal_woven,ttc:7569393448378729230,tt:7555972915817237773,automatic_lexical_match,https://www.tiktok.com/@skyleranneolson/video/7555972915817237773
seasonal_woven,ttc:7560050705483481864,tt:7555972915817237773,automatic_lexical_match,https://www.tiktok.com/@skyleranneolson/video/7555972915817237773
seasonal_woven,ttc:7661061223761068831,tt:7660723867878493454,automatic_lexical_match,https://www.tiktok.com/@flippingfarrell/video/7660723867878493454
seasonal_woven,ttc:7560666288419570453,tt:7555972915817237773,automatic_lexical_match,https://www.tiktok.com/@skyleranneolson/video/7555972915817237773
seasonal_woven,igc:18399902401159515,ig:DVltcMmDkry,automatic_lexical_match,https://www.instagram.com/p/DVltcMmDkry/
seasonal_woven,igc:18169433353455188,ig:DcRygptSW1a,automatic_lexical_match,https://www.instagram.com/p/DcRygptSW1a/
seasonal_woven,igc:18114874174778240,ig:Dcq2T9WKMkU,automatic_lexical_match,https://www.instagram.com/p/Dcq2T9WKMkU/
seasonal_woven,igc:18100010684017959,ig:Dcq2T9WKMkU,automatic_lexical_match,https://www.instagram.com/p/Dcq2T9WKMkU/
seasonal_woven,igc:18130259983781027,ig:Dcq2T9WKMkU,automatic_lexical_match,https://www.instagram.com/p/Dcq2T9WKMkU/
seasonal_woven,igc:17956940697246732,ig:Dcq2T9WKMkU,automatic_lexical_match,https://www.instagram.com/p/Dcq2T9WKMkU/
seasonal_woven,igc:18077983775361395,ig:Dcq2T9WKMkU,automatic_lexical_match,https://www.instagram.com/p/Dcq2T9WKMkU/
seasonal_woven,igc:18122348720504206,ig:Dcq2T9WKMkU,automatic_lexical_match,https://www.instagram.com/p/Dcq2T9WKMkU/
seasonal_woven,igc:17894912967398629,ig:Dcq2T9WKMkU,automatic_lexical_match,https://www.instagram.com/p/Dcq2T9WKMkU/
seasonal_woven,igc:17987651403103408,ig:Dcq2T9WKMkU,automatic_lexical_match,https://www.instagram.com/p/Dcq2T9WKMkU/
seasonal_woven,igc:18309539215304711,ig:Dcq2T9WKMkU,automatic_lexical_match,https://www.instagram.com/p/Dcq2T9WKMkU/
seasonal_woven,igc:18342885019267846,ig:Dcq2T9WKMkU,automatic_lexical_match,https://www.instagram.com/p/Dcq2T9WKMkU/
seasonal_woven,igc:17868175593647454,ig:Dcq2T9WKMkU,automatic_lexical_match,https://www.instagram.com/p/Dcq2T9WKMkU/
seasonal_woven,igc:17901246144592280,ig:Dc_W9r2KYFv,automatic_lexical_match,https://www.instagram.com/p/Dc_W9r2KYFv/
seasonal_woven,igc:18108504554521525,ig:Dc_W9r2KYFv,automatic_lexical_match,https://www.instagram.com/p/Dc_W9r2KYFv/
seasonal_woven,igc:18108551057111374,ig:Dc_W9r2KYFv,automatic_lexical_match,https://www.instagram.com/p/Dc_W9r2KYFv/
seasonal_woven,igc:18134611726643683,ig:Dc_W9r2KYFv,automatic_lexical_match,https://www.instagram.com/p/Dc_W9r2KYFv/
seasonal_woven,igc:18463462309139007,ig:Dc_W9r2KYFv,automatic_lexical_match,https://www.instagram.com/p/Dc_W9r2KYFv/
seasonal_woven,igc:17981827566095716,ig:Dc_W9r2KYFv,automatic_lexical_match,https://www.instagram.com/p/Dc_W9r2KYFv/
seasonal_woven,igc:18074228291424952,ig:Dc_W9r2KYFv,automatic_lexical_match,https://www.instagram.com/p/Dc_W9r2KYFv/
seasonal_woven,igc:18100957058626917,ig:Dc_W9r2KYFv,automatic_lexical_match,https://www.instagram.com/p/Dc_W9r2KYFv/
seasonal_woven,igc:18071563718756081,ig:Dc_W9r2KYFv,automatic_lexical_match,https://www.instagram.com/p/Dc_W9r2KYFv/
seasonal_woven,igc:18355405789223944,ig:Dc_W9r2KYFv,automatic_lexical_match,https://www.instagram.com/p/Dc_W9r2KYFv/
seasonal_woven,igc:18130515541672611,ig:Dc_W9r2KYFv,automatic_lexical_match,https://www.instagram.com/p/Dc_W9r2KYFv/
seasonal_woven,igc:18033088649649687,ig:DbuAhVjRlaG,automatic_lexical_match,https://www.instagram.com/p/DbuAhVjRlaG/
seasonal_woven,igc:18110229065038510,ig:DcW5JhSS7k_,automatic_lexical_match,https://www.instagram.com/p/DcW5JhSS7k_/
seasonal_woven,igc:18079249136662185,ig:DangnV2xG65,automatic_lexical_match,https://www.instagram.com/p/DangnV2xG65/
seasonal_woven,igc:18088108142693898,ig:Dc6ESv5xXBk,automatic_lexical_match,https://www.instagram.com/p/Dc6ESv5xXBk/
seasonal_woven,igc:18366996742212732,ig:Dc6ESv5xXBk,automatic_lexical_match,https://www.instagram.com/p/Dc6ESv5xXBk/
seasonal_woven,igc:17975861252923030,ig:Dc6ESv5xXBk,automatic_lexical_match,https://www.instagram.com/p/Dc6ESv5xXBk/
seasonal_woven,igc:17890924884437723,ig:Dc6ESv5xXBk,automatic_lexical_match,https://www.instagram.com/p/Dc6ESv5xXBk/
seasonal_woven,igc:18115344167057324,ig:Dc6ESv5xXBk,automatic_lexical_match,https://www.instagram.com/p/Dc6ESv5xXBk/
seasonal_woven,igc:17890778037434862,ig:Dc6ESv5xXBk,automatic_lexical_match,https://www.instagram.com/p/Dc6ESv5xXBk/
seasonal_woven,igc:18006707045776770,ig:Dc6ESv5xXBk,automatic_lexical_match,https://www.instagram.com/p/Dc6ESv5xXBk/
seasonal_woven,igc:18161404894487031,ig:Dc6ESv5xXBk,automatic_lexical_match,https://www.instagram.com/p/Dc6ESv5xXBk/
seasonal_woven,igc:17880341190688360,ig:Dc6ESv5xXBk,automatic_lexical_match,https://www.instagram.com/p/Dc6ESv5xXBk/
seasonal_woven,igc:17879867685689944,ig:Dc6ESv5xXBk,automatic_lexical_match,https://www.instagram.com/p/Dc6ESv5xXBk/
seasonal_woven,igc:18090392396187096,ig:Dc6ESv5xXBk,automatic_lexical_match,https://www.instagram.com/p/Dc6ESv5xXBk/
seasonal_woven,igc:17932547442388018,ig:Dc6ESv5xXBk,automatic_lexical_match,https://www.instagram.com/p/Dc6ESv5xXBk/
seasonal_woven,igc:18115589113979091,ig:Dc6ESv5xXBk,automatic_lexical_match,https://www.instagram.com/p/Dc6ESv5xXBk/
seasonal_woven,igc:18174718426388968,ig:Dc6ESv5xXBk,automatic_lexical_match,https://www.instagram.com/p/Dc6ESv5xXBk/
seasonal_woven,igc:18091862414640162,ig:DcbPPiQqe_s,automatic_lexical_match,https://www.instagram.com/p/DcbPPiQqe_s/
seasonal_woven,igc:18387090604204918,ig:DZ-IOnMNv6l,automatic_lexical_match,https://www.instagram.com/p/DZ-IOnMNv6l/
seasonal_woven,igc:17955769827178839,ig:DafCEB2zOGS,automatic_lexical_match,https://www.instagram.com/p/DafCEB2zOGS/
seasonal_woven,igc:17935610682323167,ig:DafCEB2zOGS,automatic_lexical_match,https://www.instagram.com/p/DafCEB2zOGS/
seasonal_woven,igc:18114749216305130,ig:DafCEB2zOGS,automatic_lexical_match,https://www.instagram.com/p/DafCEB2zOGS/
seasonal_woven,igc:17895344139578772,ig:DbyzTSQPAbz,automatic_lexical_match,https://www.instagram.com/p/DbyzTSQPAbz/
seasonal_woven,igc:18229664803322652,ig:DczuSqbSo_F,automatic_lexical_match,https://www.instagram.com/p/DczuSqbSo_F/
seasonal_woven,igc:17861893773678385,ig:DcoDQVMqvdc,automatic_lexical_match,https://www.instagram.com/p/DcoDQVMqvdc/
seasonal_woven,igc:18084845636692498,ig:DcJgEKquiXk,automatic_lexical_match,https://www.instagram.com/p/DcJgEKquiXk/
seasonal_woven,igc:18107828999353286,ig:DcJgEKquiXk,automatic_lexical_match,https://www.instagram.com/p/DcJgEKquiXk/
seasonal_woven,igc:17904302748485748,ig:DcJgEKquiXk,automatic_lexical_match,https://www.instagram.com/p/DcJgEKquiXk/
seasonal_woven,igc:18114453605054314,ig:DcJgEKquiXk,automatic_lexical_match,https://www.instagram.com/p/DcJgEKquiXk/
seasonal_woven,igc:18096090746421266,ig:DcJgEKquiXk,automatic_lexical_match,https://www.instagram.com/p/DcJgEKquiXk/
seasonal_woven,igc:18058886741788667,ig:DcJgEKquiXk,automatic_lexical_match,https://www.instagram.com/p/DcJgEKquiXk/
seasonal_woven,igc:17903324832326230,ig:DcJgEKquiXk,automatic_lexical_match,https://www.instagram.com/p/DcJgEKquiXk/
seasonal_woven,igc:18612077542029162,ig:DcJgEKquiXk,automatic_lexical_match,https://www.instagram.com/p/DcJgEKquiXk/
seasonal_woven,igc:17910025452444702,ig:DcJgEKquiXk,automatic_lexical_match,https://www.instagram.com/p/DcJgEKquiXk/
seasonal_woven,igc:17966655174155180,ig:DcJgEKquiXk,automatic_lexical_match,https://www.instagram.com/p/DcJgEKquiXk/
seasonal_woven,igc:18103532729228848,ig:DcWKfE4uRaB,automatic_lexical_match,https://www.instagram.com/p/DcWKfE4uRaB/
seasonal_woven,igc:18164579506464767,ig:DccF8FiAFIx,automatic_lexical_match,https://www.instagram.com/p/DccF8FiAFIx/
seasonal_woven,igc:17937067206364112,ig:DccF8FiAFIx,automatic_lexical_match,https://www.instagram.com/p/DccF8FiAFIx/
seasonal_woven,igc:18171071113454117,ig:DccF8FiAFIx,automatic_lexical_match,https://www.instagram.com/p/DccF8FiAFIx/
seasonal_woven,igc:18101723258524647,ig:DccF8FiAFIx,automatic_lexical_match,https://www.instagram.com/p/DccF8FiAFIx/
seasonal_woven,igc:18028080443684861,ig:DccF8FiAFIx,automatic_lexical_match,https://www.instagram.com/p/DccF8FiAFIx/
seasonal_woven,igc:17967971049157901,ig:DccF8FiAFIx,automatic_lexical_match,https://www.instagram.com/p/DccF8FiAFIx/
seasonal_woven,igc:18187476496360209,ig:DccF8FiAFIx,automatic_lexical_match,https://www.instagram.com/p/DccF8FiAFIx/
seasonal_woven,igc:18059984741788796,ig:DccF8FiAFIx,automatic_lexical_match,https://www.instagram.com/p/DccF8FiAFIx/
seasonal_woven,igc:18214560004347552,ig:DccF8FiAFIx,automatic_lexical_match,https://www.instagram.com/p/DccF8FiAFIx/
seasonal_woven,igc:17946795843279065,ig:DccF8FiAFIx,automatic_lexical_match,https://www.instagram.com/p/DccF8FiAFIx/
seasonal_woven,igc:18125772685878158,ig:DccF8FiAFIx,automatic_lexical_match,https://www.instagram.com/p/DccF8FiAFIx/
seasonal_woven,igc:18102729274981804,ig:DccF8FiAFIx,automatic_lexical_match,https://www.instagram.com/p/DccF8FiAFIx/
seasonal_woven,igc:17943404040323868,ig:DccF8FiAFIx,automatic_lexical_match,https://www.instagram.com/p/DccF8FiAFIx/
seasonal_woven,igc:17865537618659874,ig:DccF8FiAFIx,automatic_lexical_match,https://www.instagram.com/p/DccF8FiAFIx/
seasonal_woven,igc:18187397692361136,ig:DccF8FiAFIx,automatic_lexical_match,https://www.instagram.com/p/DccF8FiAFIx/
work_polish,igc:18514053802069049,ig:DSUPUC0iF5r,analyst_inspected_anchor,https://www.instagram.com/p/DSUPUC0iF5r/c/18514053802069049
work_polish,igc:18210453211315923,ig:DSUPUC0iF5r,analyst_inspected_anchor,https://www.instagram.com/p/DSUPUC0iF5r/c/18210453211315923
work_polish,ttc:7681050295510401805,tt:7681030709988969741,analyst_inspected_anchor,https://www.tiktok.com/@johnathan.guo/video/7681030709988969741
work_polish,igc:18108917369273814,ig:DcgfD_ejl4-,automatic_lexical_match,https://www.instagram.com/p/DcgfD_ejl4-/c/18108917369273814
work_polish,igc:18071022524388051,ig:DHvgPHWqmW2,automatic_lexical_match,https://www.instagram.com/p/DHvgPHWqmW2/c/18071022524388051
work_polish,igc:18025714607479721,ig:DHvgPHWqmW2,automatic_lexical_match,https://www.instagram.com/p/DHvgPHWqmW2/c/18025714607479721
work_polish,igc:18076735939634588,ig:DHvgPHWqmW2,automatic_lexical_match,https://www.instagram.com/p/DHvgPHWqmW2/c/18076735939634588
work_polish,igc:17849099871443537,ig:DHvgPHWqmW2,automatic_lexical_match,https://www.instagram.com/p/DHvgPHWqmW2/c/17849099871443537
work_polish,igc:17904047553513815,ig:DYU6BvfAVmQ,automatic_lexical_match,https://www.instagram.com/p/DYU6BvfAVmQ/c/17904047553513815
work_polish,igc:17919275796077258,ig:DHvgPHWqmW2,automatic_lexical_match,https://www.instagram.com/p/DHvgPHWqmW2/c/17919275796077258
work_polish,igc:18076313407858581,ig:DO8lWKXClxX,automatic_lexical_match,https://www.instagram.com/p/DO8lWKXClxX/c/18076313407858581
work_polish,igc:17894501553327620,ig:DO8lWKXClxX,automatic_lexical_match,https://www.instagram.com/p/DO8lWKXClxX/c/17894501553327620
work_polish,igc:17875909650504376,ig:DZmq1zHAIp-,automatic_lexical_match,https://www.instagram.com/p/DZmq1zHAIp-/c/17875909650504376
work_polish,igc:17959781945961479,ig:DZmq1zHAIp-,automatic_lexical_match,https://www.instagram.com/p/DZmq1zHAIp-/c/17959781945961479
work_polish,igc:18082466561406899,ig:DYU6BvfAVmQ,automatic_lexical_match,https://www.instagram.com/p/DYU6BvfAVmQ/c/18082466561406899
work_polish,igc:18135863656589650,ig:DW5CM72iBZF,automatic_lexical_match,https://www.instagram.com/p/DW5CM72iBZF/c/18135863656589650
work_polish,igc:17873736477612842,ig:DYU6BvfAVmQ,automatic_lexical_match,https://www.instagram.com/p/DYU6BvfAVmQ/c/17873736477612842
work_polish,igc:17999603336793230,ig:DcEx35uOfLE,automatic_lexical_match,https://www.instagram.com/p/DcEx35uOfLE/c/17999603336793230
work_polish,igc:18109914413276235,ig:DcbWhitOnk7,automatic_lexical_match,https://www.instagram.com/p/DcbWhitOnk7/c/18109914413276235
work_polish,igc:18103968788317733,ig:DYU6BvfAVmQ,automatic_lexical_match,https://www.instagram.com/p/DYU6BvfAVmQ/c/18103968788317733
work_polish,igc:18613809481058703,ig:DX93093O4y2,automatic_lexical_match,https://www.instagram.com/p/DX93093O4y2/c/18613809481058703
work_polish,igc:18405761971153637,ig:DX93093O4y2,automatic_lexical_match,https://www.instagram.com/p/DX93093O4y2/c/18405761971153637
work_polish,ttc:7669011147115234069,tt:7668001244018986273,automatic_lexical_match,https://www.tiktok.com/@spiritual.materialist/video/7668001244018986273
work_polish,igc:18080903981047590,ig:DSUPUC0iF5r,automatic_lexical_match,https://www.instagram.com/p/DSUPUC0iF5r/c/18080903981047590
work_polish,igc:17966234302897545,ig:Cl2HtNBtl03,automatic_lexical_match,https://www.instagram.com/p/Cl2HtNBtl03/c/17966234302897545
work_polish,igc:17950654100932470,ig:DSUPUC0iF5r,automatic_lexical_match,https://www.instagram.com/p/DSUPUC0iF5r/c/17950654100932470
work_polish,igc:18514053802069049,ig:DSUPUC0iF5r,automatic_lexical_match,https://www.instagram.com/p/DSUPUC0iF5r/c/18514053802069049
work_polish,igc:18210453211315923,ig:DSUPUC0iF5r,automatic_lexical_match,https://www.instagram.com/p/DSUPUC0iF5r/c/18210453211315923
work_polish,ttc:7666995620461511437,tt:7666956616465435918,automatic_lexical_match,https://www.tiktok.com/@kyraboesiger/video/7666956616465435918
work_polish,ttc:7684365870017774366,tt:7666956616465435918,automatic_lexical_match,https://www.tiktok.com/@kyraboesiger/video/7666956616465435918
work_polish,ttc:7667194658187297549,tt:7666956616465435918,automatic_lexical_match,https://www.tiktok.com/@kyraboesiger/video/7666956616465435918
work_polish,ttc:7668224100598956822,tt:7666956616465435918,automatic_lexical_match,https://www.tiktok.com/@kyraboesiger/video/7666956616465435918
work_polish,ttc:7667042549782446861,tt:7666956616465435918,automatic_lexical_match,https://www.tiktok.com/@kyraboesiger/video/7666956616465435918
work_polish,ttc:7666996324173529886,tt:7666956616465435918,automatic_lexical_match,https://www.tiktok.com/@kyraboesiger/video/7666956616465435918
work_polish,ttc:7669817628638839582,tt:7666956616465435918,automatic_lexical_match,https://www.tiktok.com/@kyraboesiger/video/7666956616465435918
work_polish,ttc:7672490294408364814,tt:7666956616465435918,automatic_lexical_match,https://www.tiktok.com/@kyraboesiger/video/7666956616465435918
work_polish,ttc:7683511516683551502,tt:7666956616465435918,automatic_lexical_match,https://www.tiktok.com/@kyraboesiger/video/7666956616465435918
work_polish,ttc:7667073132105138974,tt:7666956616465435918,automatic_lexical_match,https://www.tiktok.com/@kyraboesiger/video/7666956616465435918
work_polish,ttc:7667076451830088462,tt:7666956616465435918,automatic_lexical_match,https://www.tiktok.com/@kyraboesiger/video/7666956616465435918
work_polish,ttc:7667032852765360927,tt:7666956616465435918,automatic_lexical_match,https://www.tiktok.com/@kyraboesiger/video/7666956616465435918
work_polish,ttc:7668119265686274830,tt:7666956616465435918,automatic_lexical_match,https://www.tiktok.com/@kyraboesiger/video/7666956616465435918
work_polish,ttc:7667188797684253453,tt:7666956616465435918,automatic_lexical_match,https://www.tiktok.com/@kyraboesiger/video/7666956616465435918
work_polish,ttc:7669502471773586207,tt:7666956616465435918,automatic_lexical_match,https://www.tiktok.com/@kyraboesiger/video/7666956616465435918
work_polish,ttc:7676818389072200461,tt:7666956616465435918,automatic_lexical_match,https://www.tiktok.com/@kyraboesiger/video/7666956616465435918
work_polish,ttc:7679459124220035854,tt:7666956616465435918,automatic_lexical_match,https://www.tiktok.com/@kyraboesiger/video/7666956616465435918
work_polish,ttc:7674279474843042590,tt:7666956616465435918,automatic_lexical_match,https://www.tiktok.com/@kyraboesiger/video/7666956616465435918
work_polish,ttc:7681080570621920031,tt:7666956616465435918,automatic_lexical_match,https://www.tiktok.com/@kyraboesiger/video/7666956616465435918
work_polish,ttc:7675845226757554975,tt:7666956616465435918,automatic_lexical_match,https://www.tiktok.com/@kyraboesiger/video/7666956616465435918
work_polish,ttc:7671237667220374302,tt:7666956616465435918,automatic_lexical_match,https://www.tiktok.com/@kyraboesiger/video/7666956616465435918
work_polish,ttc:7667027635277562637,tt:7666956616465435918,automatic_lexical_match,https://www.tiktok.com/@kyraboesiger/video/7666956616465435918
work_polish,ttc:7478954208113230614,tt:7449222569577745694,automatic_lexical_match,https://www.tiktok.com/@luxuryandarts/video/7449222569577745694
work_polish,ttc:7643308972154716950,tt:7643265440549965074,automatic_lexical_match,https://www.tiktok.com/@alliegoodbun/video/7643265440549965074
work_polish,ttc:7659273386066445087,tt:7643265440549965074,automatic_lexical_match,https://www.tiktok.com/@alliegoodbun/video/7643265440549965074
work_polish,ttc:7643408270854079240,tt:7643265440549965074,automatic_lexical_match,https://www.tiktok.com/@alliegoodbun/video/7643265440549965074
work_polish,ttc:7668507199639061261,tt:7666956616465435918,automatic_lexical_match,https://www.tiktok.com/@kyraboesiger/video/7666956616465435918
work_polish,ttc:7667034478925546271,tt:7666956616465435918,automatic_lexical_match,https://www.tiktok.com/@kyraboesiger/video/7666956616465435918
work_polish,ttc:7668027316409549582,tt:7666956616465435918,automatic_lexical_match,https://www.tiktok.com/@kyraboesiger/video/7666956616465435918
work_polish,ttc:7666998634797761311,tt:7666956616465435918,automatic_lexical_match,https://www.tiktok.com/@kyraboesiger/video/7666956616465435918
work_polish,ttc:7669917259049534239,tt:7666956616465435918,automatic_lexical_match,https://www.tiktok.com/@kyraboesiger/video/7666956616465435918
work_polish,ttc:7667100881905713933,tt:7666956616465435918,automatic_lexical_match,https://www.tiktok.com/@kyraboesiger/video/7666956616465435918
work_polish,ttc:7667160425306342158,tt:7666956616465435918,automatic_lexical_match,https://www.tiktok.com/@kyraboesiger/video/7666956616465435918
work_polish,ttc:7667757674638115615,tt:7666956616465435918,automatic_lexical_match,https://www.tiktok.com/@kyraboesiger/video/7666956616465435918
work_polish,ttc:7651230617611223839,tt:7649444253394947342,automatic_lexical_match,https://www.tiktok.com/@bryannawozniak/video/7649444253394947342
work_polish,ttc:7681050295510401805,tt:7681030709988969741,automatic_lexical_match,https://www.tiktok.com/@johnathan.guo/video/7681030709988969741
work_polish,ttc:7681301829900682014,tt:7681030709988969741,automatic_lexical_match,https://www.tiktok.com/@johnathan.guo/video/7681030709988969741
work_polish,ttc:7681511326749491982,tt:7681030709988969741,automatic_lexical_match,https://www.tiktok.com/@johnathan.guo/video/7681030709988969741
work_polish,ttc:7672110956000609046,tt:7661349233068346646,automatic_lexical_match,https://www.tiktok.com/@heightandhustle/video/7661349233068346646
work_polish,ttc:7672251848107459350,tt:7672086495074749728,automatic_lexical_match,https://www.tiktok.com/@yevtopyer/video/7672086495074749728
work_polish,ttc:7641604181258617620,tt:7491264828397374742,automatic_lexical_match,https://www.tiktok.com/@miarosemcgrath/video/7491264828397374742
work_polish,ttc:7596295479810573074,tt:7491264828397374742,automatic_lexical_match,https://www.tiktok.com/@miarosemcgrath/video/7491264828397374742
work_polish,ttc:7491455002084868886,tt:7491264828397374742,automatic_lexical_match,https://www.tiktok.com/@miarosemcgrath/video/7491264828397374742
work_polish,ttc:7677257294610137878,tt:7658024421730323734,automatic_lexical_match,https://www.tiktok.com/@sophwayy/video/7658024421730323734
work_polish,ttc:7622411232227033863,tt:7620834527749033238,automatic_lexical_match,https://www.tiktok.com/@lucyhitchcock/video/7620834527749033238
work_polish,ttc:7622042440212431623,tt:7620834527749033238,automatic_lexical_match,https://www.tiktok.com/@lucyhitchcock/video/7620834527749033238
work_polish,ttc:7621261531594294038,tt:7620834527749033238,automatic_lexical_match,https://www.tiktok.com/@lucyhitchcock/video/7620834527749033238
work_polish,ttc:7621476872568603414,tt:7620834527749033238,automatic_lexical_match,https://www.tiktok.com/@lucyhitchcock/video/7620834527749033238
work_polish,ttc:7621055057884906242,tt:7620834527749033238,automatic_lexical_match,https://www.tiktok.com/@lucyhitchcock/video/7620834527749033238
work_polish,ttc:7665288163430171400,tt:7645168876275354900,automatic_lexical_match,https://www.tiktok.com/@elaandearth/video/7645168876275354900
work_polish,ttc:7677124260707795730,tt:7645168876275354900,automatic_lexical_match,https://www.tiktok.com/@elaandearth/video/7645168876275354900
work_polish,ttc:7672960867894575890,tt:7645168876275354900,automatic_lexical_match,https://www.tiktok.com/@elaandearth/video/7645168876275354900
work_polish,ttc:7671932880947413778,tt:7645168876275354900,automatic_lexical_match,https://www.tiktok.com/@elaandearth/video/7645168876275354900
work_polish,ttc:7668118680140661524,tt:7645168876275354900,automatic_lexical_match,https://www.tiktok.com/@elaandearth/video/7645168876275354900
work_polish,ttc:7665667564459197205,tt:7645168876275354900,automatic_lexical_match,https://www.tiktok.com/@elaandearth/video/7645168876275354900
work_polish,ttc:7631907425205158687,tt:7620834527749033238,automatic_lexical_match,https://www.tiktok.com/@lucyhitchcock/video/7620834527749033238
work_polish,ttc:7621478899877577494,tt:7620834527749033238,automatic_lexical_match,https://www.tiktok.com/@lucyhitchcock/video/7620834527749033238
work_polish,ttc:7679582547496977173,tt:7645168876275354900,automatic_lexical_match,https://www.tiktok.com/@elaandearth/video/7645168876275354900
work_polish,ttc:7669493041409409805,tt:7666956616465435918,automatic_lexical_match,https://www.tiktok.com/@kyraboesiger/video/7666956616465435918
work_polish,ttc:7675029603178873630,tt:7666956616465435918,automatic_lexical_match,https://www.tiktok.com/@kyraboesiger/video/7666956616465435918
work_polish,ttc:7678463205765808909,tt:7666956616465435918,automatic_lexical_match,https://www.tiktok.com/@kyraboesiger/video/7666956616465435918
work_polish,ttc:7673783686584959758,tt:7666956616465435918,automatic_lexical_match,https://www.tiktok.com/@kyraboesiger/video/7666956616465435918
work_polish,ttc:7668509318484607775,tt:7666956616465435918,automatic_lexical_match,https://www.tiktok.com/@kyraboesiger/video/7666956616465435918
work_polish,ttc:7675372367179563807,tt:7666956616465435918,automatic_lexical_match,https://www.tiktok.com/@kyraboesiger/video/7666956616465435918
work_polish,ttc:7668428770760278814,tt:7666956616465435918,automatic_lexical_match,https://www.tiktok.com/@kyraboesiger/video/7666956616465435918
work_polish,ttc:7667044070883459871,tt:7666956616465435918,automatic_lexical_match,https://www.tiktok.com/@kyraboesiger/video/7666956616465435918
work_polish,ttc:7674792184068064013,tt:7666956616465435918,automatic_lexical_match,https://www.tiktok.com/@kyraboesiger/video/7666956616465435918
work_polish,ttc:7668289148256076575,tt:7666956616465435918,automatic_lexical_match,https://www.tiktok.com/@kyraboesiger/video/7666956616465435918
work_polish,ttc:7678934411266573069,tt:7666956616465435918,automatic_lexical_match,https://www.tiktok.com/@kyraboesiger/video/7666956616465435918
work_polish,ttc:7667039098159678238,tt:7666956616465435918,automatic_lexical_match,https://www.tiktok.com/@kyraboesiger/video/7666956616465435918
work_polish,ttc:7667596011568874254,tt:7666956616465435918,automatic_lexical_match,https://www.tiktok.com/@kyraboesiger/video/7666956616465435918
work_polish,ttc:7667637457768170254,tt:7666956616465435918,automatic_lexical_match,https://www.tiktok.com/@kyraboesiger/video/7666956616465435918
work_polish,ttc:7622073951280677639,tt:7620834527749033238,automatic_lexical_match,https://www.tiktok.com/@lucyhitchcock/video/7620834527749033238
work_polish,ttc:7621147046225691414,tt:7620834527749033238,automatic_lexical_match,https://www.tiktok.com/@lucyhitchcock/video/7620834527749033238
work_polish,ttc:7631110610076058382,tt:7620834527749033238,automatic_lexical_match,https://www.tiktok.com/@lucyhitchcock/video/7620834527749033238
work_polish,ttc:7653210401463042846,tt:7620834527749033238,automatic_lexical_match,https://www.tiktok.com/@lucyhitchcock/video/7620834527749033238
work_polish,ttc:7635310316972557086,tt:7620834527749033238,automatic_lexical_match,https://www.tiktok.com/@lucyhitchcock/video/7620834527749033238
work_polish,ttc:7622668011560698638,tt:7620834527749033238,automatic_lexical_match,https://www.tiktok.com/@lucyhitchcock/video/7620834527749033238
work_polish,ttc:7622629238675768094,tt:7620834527749033238,automatic_lexical_match,https://www.tiktok.com/@lucyhitchcock/video/7620834527749033238
work_polish,ttc:7638406844965683969,tt:7620834527749033238,automatic_lexical_match,https://www.tiktok.com/@lucyhitchcock/video/7620834527749033238
work_polish,ttc:7622196698403914503,tt:7620834527749033238,automatic_lexical_match,https://www.tiktok.com/@lucyhitchcock/video/7620834527749033238
work_polish,ttc:7635026517017346846,tt:7620834527749033238,automatic_lexical_match,https://www.tiktok.com/@lucyhitchcock/video/7620834527749033238
work_polish,ttc:7621018140482700034,tt:7620834527749033238,automatic_lexical_match,https://www.tiktok.com/@lucyhitchcock/video/7620834527749033238
work_polish,igc:18115185727990026,ig:Dcyea4RKmoi,automatic_lexical_match,https://www.instagram.com/p/Dcyea4RKmoi/c/18115185727990026
work_polish,ttc:7683201030410863382,tt:7682857812308790550,automatic_lexical_match,https://www.tiktok.com/@josayzso/video/7682857812308790550
work_polish,igc:18272082970292535,ig:DS4_C9IDmw5,automatic_lexical_match,https://www.instagram.com/p/DS4_C9IDmw5/
work_polish,igc:18158971651495655,ig:DbEyB9jTqcA,automatic_lexical_match,https://www.instagram.com/p/DbEyB9jTqcA/
work_polish,igc:17956494279228113,ig:DdFqu35SXS_,automatic_lexical_match,https://www.instagram.com/p/DdFqu35SXS_/
travel_scale,igc:17894501553327620,ig:DO8lWKXClxX,analyst_inspected_anchor,https://www.instagram.com/p/DO8lWKXClxX/c/17894501553327620
travel_scale,igc:18082466561406899,ig:DYU6BvfAVmQ,analyst_inspected_anchor,https://www.instagram.com/p/DYU6BvfAVmQ/c/18082466561406899
travel_scale,ttc:7667194658187297549,tt:7666956616465435918,analyst_inspected_anchor,https://www.tiktok.com/@kyraboesiger/video/7666956616465435918
travel_scale,igc:17972762967085000,ig:Dax_hKCgyw-,automatic_lexical_match,https://www.instagram.com/p/Dax_hKCgyw-/c/17972762967085000
travel_scale,igc:17926288383381214,ig:DaQtCPki27D,automatic_lexical_match,https://www.instagram.com/p/DaQtCPki27D/c/17926288383381214
travel_scale,igc:17973912504109280,ig:Dags8BvRQ4z,automatic_lexical_match,https://www.instagram.com/p/Dags8BvRQ4z/c/17973912504109280
travel_scale,igc:18097857731095490,ig:Dags8BvRQ4z,automatic_lexical_match,https://www.instagram.com/p/Dags8BvRQ4z/c/18097857731095490
travel_scale,igc:18094528190455393,ig:Dags8BvRQ4z,automatic_lexical_match,https://www.instagram.com/p/Dags8BvRQ4z/c/18094528190455393
travel_scale,igc:17913746457240179,ig:Dags8BvRQ4z,automatic_lexical_match,https://www.instagram.com/p/Dags8BvRQ4z/c/17913746457240179
travel_scale,igc:18060629282767632,ig:Dags8BvRQ4z,automatic_lexical_match,https://www.instagram.com/p/Dags8BvRQ4z/c/18060629282767632
travel_scale,igc:18122176321697053,ig:Dags8BvRQ4z,automatic_lexical_match,https://www.instagram.com/p/Dags8BvRQ4z/c/18122176321697053
travel_scale,igc:18145905298529920,ig:Dags8BvRQ4z,automatic_lexical_match,https://www.instagram.com/p/Dags8BvRQ4z/c/18145905298529920
travel_scale,igc:18021417902899480,ig:Dags8BvRQ4z,automatic_lexical_match,https://www.instagram.com/p/Dags8BvRQ4z/c/18021417902899480
travel_scale,igc:18096861107458549,ig:Dags8BvRQ4z,automatic_lexical_match,https://www.instagram.com/p/Dags8BvRQ4z/c/18096861107458549
travel_scale,igc:18093049226565742,ig:Dags8BvRQ4z,automatic_lexical_match,https://www.instagram.com/p/Dags8BvRQ4z/c/18093049226565742
travel_scale,igc:17891341443396749,ig:Dags8BvRQ4z,automatic_lexical_match,https://www.instagram.com/p/Dags8BvRQ4z/c/17891341443396749
travel_scale,igc:17939142048298626,ig:Dags8BvRQ4z,automatic_lexical_match,https://www.instagram.com/p/Dags8BvRQ4z/c/17939142048298626
travel_scale,igc:18118637236662389,ig:Dags8BvRQ4z,automatic_lexical_match,https://www.instagram.com/p/Dags8BvRQ4z/c/18118637236662389
travel_scale,igc:18108917369273814,ig:DcgfD_ejl4-,automatic_lexical_match,https://www.instagram.com/p/DcgfD_ejl4-/c/18108917369273814
travel_scale,igc:18113118101074260,ig:DcgfD_ejl4-,automatic_lexical_match,https://www.instagram.com/p/DcgfD_ejl4-/c/18113118101074260
travel_scale,igc:18282616873294912,ig:DcgfD_ejl4-,automatic_lexical_match,https://www.instagram.com/p/DcgfD_ejl4-/c/18282616873294912
travel_scale,igc:18173106283435111,ig:DcgfD_ejl4-,automatic_lexical_match,https://www.instagram.com/p/DcgfD_ejl4-/c/18173106283435111
travel_scale,igc:17993104728039924,ig:DcgfD_ejl4-,automatic_lexical_match,https://www.instagram.com/p/DcgfD_ejl4-/c/17993104728039924
travel_scale,igc:17895139593487442,ig:DaT5VIfs6Sq,automatic_lexical_match,https://www.instagram.com/p/DaT5VIfs6Sq/c/17895139593487442
travel_scale,igc:18140819698607050,ig:DY0AIjaDDbi,automatic_lexical_match,https://www.instagram.com/p/DY0AIjaDDbi/c/18140819698607050
travel_scale,igc:17938868831981723,ig:DPHU8A_D5Xt,automatic_lexical_match,https://www.instagram.com/p/DPHU8A_D5Xt/c/17938868831981723
travel_scale,igc:18094937147375384,ig:DaAQeKXMGaz,automatic_lexical_match,https://www.instagram.com/p/DaAQeKXMGaz/c/18094937147375384
travel_scale,igc:17879919228486307,ig:DaAQeKXMGaz,automatic_lexical_match,https://www.instagram.com/p/DaAQeKXMGaz/c/17879919228486307
travel_scale,igc:18165096850470275,ig:Dcygr_ux63y,automatic_lexical_match,https://www.instagram.com/p/Dcygr_ux63y/c/18165096850470275
travel_scale,igc:17945959092332066,ig:Da2-DkKAmcW,automatic_lexical_match,https://www.instagram.com/p/Da2-DkKAmcW/c/17945959092332066
travel_scale,igc:18087058910449249,ig:DadwnM1hmXa,automatic_lexical_match,https://www.instagram.com/p/DadwnM1hmXa/c/18087058910449249
travel_scale,igc:17993923055793087,ig:DZOsGdmMppU,automatic_lexical_match,https://www.instagram.com/p/DZOsGdmMppU/c/17993923055793087
travel_scale,igc:18090982295380330,ig:DcgfD_ejl4-,automatic_lexical_match,https://www.instagram.com/p/DcgfD_ejl4-/c/18090982295380330
travel_scale,igc:18093545678548244,ig:DcgfD_ejl4-,automatic_lexical_match,https://www.instagram.com/p/DcgfD_ejl4-/c/18093545678548244
travel_scale,igc:17903909016477545,ig:DcgfD_ejl4-,automatic_lexical_match,https://www.instagram.com/p/DcgfD_ejl4-/c/17903909016477545
travel_scale,igc:18344241736172620,ig:DaLPP4XsxGe,automatic_lexical_match,https://www.instagram.com/p/DaLPP4XsxGe/c/18344241736172620
travel_scale,igc:17935199256288782,ig:DaLPP4XsxGe,automatic_lexical_match,https://www.instagram.com/p/DaLPP4XsxGe/c/17935199256288782
travel_scale,igc:18105318179115339,ig:Dags8BvRQ4z,automatic_lexical_match,https://www.instagram.com/p/Dags8BvRQ4z/c/18105318179115339
travel_scale,igc:17991063458971240,ig:Dags8BvRQ4z,automatic_lexical_match,https://www.instagram.com/p/Dags8BvRQ4z/c/17991063458971240
travel_scale,igc:17900254644508014,ig:Dags8BvRQ4z,automatic_lexical_match,https://www.instagram.com/p/Dags8BvRQ4z/c/17900254644508014
travel_scale,igc:18228904078317202,ig:Dags8BvRQ4z,automatic_lexical_match,https://www.instagram.com/p/Dags8BvRQ4z/c/18228904078317202
travel_scale,igc:18101583782224110,ig:Dags8BvRQ4z,automatic_lexical_match,https://www.instagram.com/p/Dags8BvRQ4z/c/18101583782224110
travel_scale,igc:18083069318220744,ig:Dags8BvRQ4z,automatic_lexical_match,https://www.instagram.com/p/Dags8BvRQ4z/c/18083069318220744
travel_scale,igc:18109973830888527,ig:Dags8BvRQ4z,automatic_lexical_match,https://www.instagram.com/p/Dags8BvRQ4z/c/18109973830888527
travel_scale,igc:18125644045589174,ig:Dags8BvRQ4z,automatic_lexical_match,https://www.instagram.com/p/Dags8BvRQ4z/c/18125644045589174
travel_scale,igc:18090979520419305,ig:Dags8BvRQ4z,automatic_lexical_match,https://www.instagram.com/p/Dags8BvRQ4z/c/18090979520419305
travel_scale,igc:18073235066352681,ig:Dags8BvRQ4z,automatic_lexical_match,https://www.instagram.com/p/Dags8BvRQ4z/c/18073235066352681
travel_scale,igc:18099120104148147,ig:Dags8BvRQ4z,automatic_lexical_match,https://www.instagram.com/p/Dags8BvRQ4z/c/18099120104148147
travel_scale,igc:18208716922358411,ig:Dags8BvRQ4z,automatic_lexical_match,https://www.instagram.com/p/Dags8BvRQ4z/c/18208716922358411
travel_scale,igc:17945264736257219,ig:Dags8BvRQ4z,automatic_lexical_match,https://www.instagram.com/p/Dags8BvRQ4z/c/17945264736257219
travel_scale,igc:18278701843294957,ig:Dags8BvRQ4z,automatic_lexical_match,https://www.instagram.com/p/Dags8BvRQ4z/c/18278701843294957
travel_scale,igc:18123618706782395,ig:Dags8BvRQ4z,automatic_lexical_match,https://www.instagram.com/p/Dags8BvRQ4z/c/18123618706782395
travel_scale,igc:18009364880746712,ig:DbIhkWAMEWB,automatic_lexical_match,https://www.instagram.com/p/DbIhkWAMEWB/c/18009364880746712
travel_scale,igc:18022291688917382,ig:DSWB_i_ALqB,automatic_lexical_match,https://www.instagram.com/p/DSWB_i_ALqB/c/18022291688917382
travel_scale,igc:17869369461565332,ig:DO8lWKXClxX,automatic_lexical_match,https://www.instagram.com/p/DO8lWKXClxX/c/17869369461565332
travel_scale,igc:18051011270380191,ig:DO8lWKXClxX,automatic_lexical_match,https://www.instagram.com/p/DO8lWKXClxX/c/18051011270380191
travel_scale,igc:17910491325239636,ig:DO8lWKXClxX,automatic_lexical_match,https://www.instagram.com/p/DO8lWKXClxX/c/17910491325239636
travel_scale,igc:18059423528142034,ig:DO8lWKXClxX,automatic_lexical_match,https://www.instagram.com/p/DO8lWKXClxX/c/18059423528142034
travel_scale,igc:18120953305729310,ig:DXl_DTBDdWj,automatic_lexical_match,https://www.instagram.com/p/DXl_DTBDdWj/c/18120953305729310
travel_scale,igc:18128815855643390,ig:DU9KqzjDH7Y,automatic_lexical_match,https://www.instagram.com/p/DU9KqzjDH7Y/c/18128815855643390
travel_scale,igc:18010528169976005,ig:DPG9kZ5kZWk,automatic_lexical_match,https://www.instagram.com/p/DPG9kZ5kZWk/c/18010528169976005
travel_scale,igc:17956697151236789,ig:DPG9kZ5kZWk,automatic_lexical_match,https://www.instagram.com/p/DPG9kZ5kZWk/c/17956697151236789
travel_scale,igc:17882808609617917,ig:DPG9kZ5kZWk,automatic_lexical_match,https://www.instagram.com/p/DPG9kZ5kZWk/c/17882808609617917
travel_scale,igc:18097218854279039,ig:DPG9kZ5kZWk,automatic_lexical_match,https://www.instagram.com/p/DPG9kZ5kZWk/c/18097218854279039
travel_scale,igc:18095678966461501,ig:DPG9kZ5kZWk,automatic_lexical_match,https://www.instagram.com/p/DPG9kZ5kZWk/c/18095678966461501
travel_scale,igc:17972404643901133,ig:DPG9kZ5kZWk,automatic_lexical_match,https://www.instagram.com/p/DPG9kZ5kZWk/c/17972404643901133
travel_scale,igc:17901143748288438,ig:DPG9kZ5kZWk,automatic_lexical_match,https://www.instagram.com/p/DPG9kZ5kZWk/c/17901143748288438
travel_scale,igc:18062219225615183,ig:DPG9kZ5kZWk,automatic_lexical_match,https://www.instagram.com/p/DPG9kZ5kZWk/c/18062219225615183
travel_scale,igc:18368872042158676,ig:DPG9kZ5kZWk,automatic_lexical_match,https://www.instagram.com/p/DPG9kZ5kZWk/c/18368872042158676
travel_scale,igc:17911393056086206,ig:DPG9kZ5kZWk,automatic_lexical_match,https://www.instagram.com/p/DPG9kZ5kZWk/c/17911393056086206
travel_scale,igc:17893964901398494,ig:DcgfD_ejl4-,automatic_lexical_match,https://www.instagram.com/p/DcgfD_ejl4-/c/17893964901398494
travel_scale,igc:18091676555647642,ig:DcgfD_ejl4-,automatic_lexical_match,https://www.instagram.com/p/DcgfD_ejl4-/c/18091676555647642
travel_scale,igc:17903291079439367,ig:DZOsGdmMppU,automatic_lexical_match,https://www.instagram.com/p/DZOsGdmMppU/c/17903291079439367
travel_scale,igc:18058436750546898,ig:DZmq1zHAIp-,automatic_lexical_match,https://www.instagram.com/p/DZmq1zHAIp-/c/18058436750546898
travel_scale,igc:18151690801314019,ig:C7AKRw8Sy6U,automatic_lexical_match,https://www.instagram.com/p/C7AKRw8Sy6U/c/18151690801314019
travel_scale,igc:18133805911651931,ig:DafssF9IRyI,automatic_lexical_match,https://www.instagram.com/p/DafssF9IRyI/c/18133805911651931
travel_scale,igc:17918308113223284,ig:DafssF9IRyI,automatic_lexical_match,https://www.instagram.com/p/DafssF9IRyI/c/17918308113223284
travel_scale,igc:18018897245920473,ig:Da8Z4g3MwcJ,automatic_lexical_match,https://www.instagram.com/p/Da8Z4g3MwcJ/c/18018897245920473
travel_scale,igc:17978538810092175,ig:Da8Z4g3MwcJ,automatic_lexical_match,https://www.instagram.com/p/Da8Z4g3MwcJ/c/17978538810092175
travel_scale,igc:17938158663071947,ig:DaLPP4XsxGe,automatic_lexical_match,https://www.instagram.com/p/DaLPP4XsxGe/c/17938158663071947
travel_scale,igc:18112660838497092,ig:DY9scFmAKgj,automatic_lexical_match,https://www.instagram.com/p/DY9scFmAKgj/c/18112660838497092
travel_scale,igc:17950952508169885,ig:DY9scFmAKgj,automatic_lexical_match,https://www.instagram.com/p/DY9scFmAKgj/c/17950952508169885
travel_scale,igc:18017296964946395,ig:DX93093O4y2,automatic_lexical_match,https://www.instagram.com/p/DX93093O4y2/c/18017296964946395
travel_scale,igc:18095372834641044,ig:DX93093O4y2,automatic_lexical_match,https://www.instagram.com/p/DX93093O4y2/c/18095372834641044
travel_scale,igc:18092728262436960,ig:Dags8BvRQ4z,automatic_lexical_match,https://www.instagram.com/p/Dags8BvRQ4z/c/18092728262436960
travel_scale,igc:18402694423080056,ig:Dags8BvRQ4z,automatic_lexical_match,https://www.instagram.com/p/Dags8BvRQ4z/c/18402694423080056
travel_scale,igc:18108938257977219,ig:Dags8BvRQ4z,automatic_lexical_match,https://www.instagram.com/p/Dags8BvRQ4z/c/18108938257977219
travel_scale,igc:18104569952142545,ig:Dags8BvRQ4z,automatic_lexical_match,https://www.instagram.com/p/Dags8BvRQ4z/c/18104569952142545
travel_scale,igc:18100550929916978,ig:Dags8BvRQ4z,automatic_lexical_match,https://www.instagram.com/p/Dags8BvRQ4z/c/18100550929916978
travel_scale,igc:18016911194879993,ig:Dags8BvRQ4z,automatic_lexical_match,https://www.instagram.com/p/Dags8BvRQ4z/c/18016911194879993
travel_scale,igc:18102563426325032,ig:Dags8BvRQ4z,automatic_lexical_match,https://www.instagram.com/p/Dags8BvRQ4z/c/18102563426325032
travel_scale,igc:18334463785251625,ig:Dags8BvRQ4z,automatic_lexical_match,https://www.instagram.com/p/Dags8BvRQ4z/c/18334463785251625
travel_scale,igc:17964530646132447,ig:Dags8BvRQ4z,automatic_lexical_match,https://www.instagram.com/p/Dags8BvRQ4z/c/17964530646132447
travel_scale,igc:18600600136047897,ig:Dags8BvRQ4z,automatic_lexical_match,https://www.instagram.com/p/Dags8BvRQ4z/c/18600600136047897
travel_scale,igc:18011128991738866,ig:Dags8BvRQ4z,automatic_lexical_match,https://www.instagram.com/p/Dags8BvRQ4z/c/18011128991738866
travel_scale,igc:18012888050870014,ig:Dags8BvRQ4z,automatic_lexical_match,https://www.instagram.com/p/Dags8BvRQ4z/c/18012888050870014
travel_scale,igc:18071022524388051,ig:DHvgPHWqmW2,automatic_lexical_match,https://www.instagram.com/p/DHvgPHWqmW2/c/18071022524388051
travel_scale,igc:18025714607479721,ig:DHvgPHWqmW2,automatic_lexical_match,https://www.instagram.com/p/DHvgPHWqmW2/c/18025714607479721
travel_scale,igc:17849099871443537,ig:DHvgPHWqmW2,automatic_lexical_match,https://www.instagram.com/p/DHvgPHWqmW2/c/17849099871443537
travel_scale,igc:18041918684419980,ig:DHvgPHWqmW2,automatic_lexical_match,https://www.instagram.com/p/DHvgPHWqmW2/c/18041918684419980
travel_scale,igc:17979148388869732,ig:DPG9kZ5kZWk,automatic_lexical_match,https://www.instagram.com/p/DPG9kZ5kZWk/c/17979148388869732
travel_scale,igc:18130776469720984,ig:DZf-NuYgpG-,automatic_lexical_match,https://www.instagram.com/p/DZf-NuYgpG-/c/18130776469720984
travel_scale,igc:18058497746387637,ig:DO8lWKXClxX,automatic_lexical_match,https://www.instagram.com/p/DO8lWKXClxX/c/18058497746387637
travel_scale,igc:18147754666504590,ig:DaLPP4XsxGe,automatic_lexical_match,https://www.instagram.com/p/DaLPP4XsxGe/c/18147754666504590
travel_scale,igc:18129718390549513,ig:DaLPP4XsxGe,automatic_lexical_match,https://www.instagram.com/p/DaLPP4XsxGe/c/18129718390549513
travel_scale,igc:18094729946211297,ig:DaLPP4XsxGe,automatic_lexical_match,https://www.instagram.com/p/DaLPP4XsxGe/c/18094729946211297
travel_scale,igc:17936843526343622,ig:DbZB7wJjWEV,automatic_lexical_match,https://www.instagram.com/p/DbZB7wJjWEV/c/17936843526343622
travel_scale,igc:18468812227129451,ig:DbZB7wJjWEV,automatic_lexical_match,https://www.instagram.com/p/DbZB7wJjWEV/c/18468812227129451
travel_scale,igc:18100945142242820,ig:DbZB7wJjWEV,automatic_lexical_match,https://www.instagram.com/p/DbZB7wJjWEV/c/18100945142242820
travel_scale,igc:17904047553513815,ig:DYU6BvfAVmQ,automatic_lexical_match,https://www.instagram.com/p/DYU6BvfAVmQ/c/17904047553513815
travel_scale,igc:18085321166417607,ig:DYwfKoko68c,automatic_lexical_match,https://www.instagram.com/p/DYwfKoko68c/c/18085321166417607
travel_scale,igc:18107643715861392,ig:DWWdXh7Ebjz,automatic_lexical_match,https://www.instagram.com/p/DWWdXh7Ebjz/c/18107643715861392
travel_scale,igc:18221980306313372,ig:DWWdXh7Ebjz,automatic_lexical_match,https://www.instagram.com/p/DWWdXh7Ebjz/c/18221980306313372
travel_scale,igc:18203383138362583,ig:Dags8BvRQ4z,automatic_lexical_match,https://www.instagram.com/p/Dags8BvRQ4z/c/18203383138362583
travel_scale,igc:18010886558923092,ig:Dags8BvRQ4z,automatic_lexical_match,https://www.instagram.com/p/Dags8BvRQ4z/c/18010886558923092
travel_scale,igc:18043351961796926,ig:Dags8BvRQ4z,automatic_lexical_match,https://www.instagram.com/p/Dags8BvRQ4z/c/18043351961796926
travel_scale,igc:18109500967972996,ig:Dags8BvRQ4z,automatic_lexical_match,https://www.instagram.com/p/Dags8BvRQ4z/c/18109500967972996
travel_scale,igc:18119054980742626,ig:Dags8BvRQ4z,automatic_lexical_match,https://www.instagram.com/p/Dags8BvRQ4z/c/18119054980742626
travel_scale,igc:18100652315585537,ig:Dags8BvRQ4z,automatic_lexical_match,https://www.instagram.com/p/Dags8BvRQ4z/c/18100652315585537
travel_scale,igc:17902799760306961,ig:Dags8BvRQ4z,automatic_lexical_match,https://www.instagram.com/p/Dags8BvRQ4z/c/17902799760306961
travel_scale,igc:18060227264752441,ig:Dags8BvRQ4z,automatic_lexical_match,https://www.instagram.com/p/Dags8BvRQ4z/c/18060227264752441
travel_scale,igc:18084741341634956,ig:Dags8BvRQ4z,automatic_lexical_match,https://www.instagram.com/p/Dags8BvRQ4z/c/18084741341634956
travel_scale,igc:18089422850323888,ig:Dags8BvRQ4z,automatic_lexical_match,https://www.instagram.com/p/Dags8BvRQ4z/c/18089422850323888
travel_scale,igc:18020689568904981,ig:Dags8BvRQ4z,automatic_lexical_match,https://www.instagram.com/p/Dags8BvRQ4z/c/18020689568904981
travel_scale,igc:18359511244213044,ig:Dags8BvRQ4z,automatic_lexical_match,https://www.instagram.com/p/Dags8BvRQ4z/c/18359511244213044
travel_scale,igc:18108776636052146,ig:Dags8BvRQ4z,automatic_lexical_match,https://www.instagram.com/p/Dags8BvRQ4z/c/18108776636052146
travel_scale,igc:18076313407858581,ig:DO8lWKXClxX,automatic_lexical_match,https://www.instagram.com/p/DO8lWKXClxX/c/18076313407858581
travel_scale,igc:17894501553327620,ig:DO8lWKXClxX,automatic_lexical_match,https://www.instagram.com/p/DO8lWKXClxX/c/17894501553327620
travel_scale,igc:18086288105287416,ig:DcJd0Y5AGgb,automatic_lexical_match,https://www.instagram.com/p/DcJd0Y5AGgb/c/18086288105287416
travel_scale,igc:18485756581103410,ig:DcJd0Y5AGgb,automatic_lexical_match,https://www.instagram.com/p/DcJd0Y5AGgb/c/18485756581103410
travel_scale,igc:18100634123360770,ig:DbZVk6fg-RU,automatic_lexical_match,https://www.instagram.com/p/DbZVk6fg-RU/c/18100634123360770
travel_scale,igc:17937779901317291,ig:Daz3BysAfYj,automatic_lexical_match,https://www.instagram.com/p/Daz3BysAfYj/c/17937779901317291
travel_scale,igc:18127408681702393,ig:DcMSxrogpFQ,automatic_lexical_match,https://www.instagram.com/p/DcMSxrogpFQ/c/18127408681702393
travel_scale,igc:18345229894269455,ig:DcMSxrogpFQ,automatic_lexical_match,https://www.instagram.com/p/DcMSxrogpFQ/c/18345229894269455
travel_scale,igc:18009868421940961,ig:DbZB7wJjWEV,automatic_lexical_match,https://www.instagram.com/p/DbZB7wJjWEV/c/18009868421940961
travel_scale,igc:18134258662717857,ig:DbZB7wJjWEV,automatic_lexical_match,https://www.instagram.com/p/DbZB7wJjWEV/c/18134258662717857
travel_scale,igc:18088526081425712,ig:DbZB7wJjWEV,automatic_lexical_match,https://www.instagram.com/p/DbZB7wJjWEV/c/18088526081425712
travel_scale,igc:18391129024206349,ig:DckZrxuTwii,automatic_lexical_match,https://www.instagram.com/p/DckZrxuTwii/c/18391129024206349
travel_scale,igc:18097131410204001,ig:DaQtCPki27D,automatic_lexical_match,https://www.instagram.com/p/DaQtCPki27D/c/18097131410204001
travel_scale,igc:17875909650504376,ig:DZmq1zHAIp-,automatic_lexical_match,https://www.instagram.com/p/DZmq1zHAIp-/c/17875909650504376
travel_scale,igc:17959781945961479,ig:DZmq1zHAIp-,automatic_lexical_match,https://www.instagram.com/p/DZmq1zHAIp-/c/17959781945961479
travel_scale,igc:17978885547004369,ig:Dc85VrJxehB,automatic_lexical_match,https://www.instagram.com/p/Dc85VrJxehB/c/17978885547004369
travel_scale,igc:18082737407325685,ig:Dc85VrJxehB,automatic_lexical_match,https://www.instagram.com/p/Dc85VrJxehB/c/18082737407325685
travel_scale,igc:18090398714145156,ig:DWWdXh7Ebjz,automatic_lexical_match,https://www.instagram.com/p/DWWdXh7Ebjz/c/18090398714145156
travel_scale,igc:18447680857107366,ig:DWWdXh7Ebjz,automatic_lexical_match,https://www.instagram.com/p/DWWdXh7Ebjz/c/18447680857107366
travel_scale,igc:18083464460374000,ig:DWWdXh7Ebjz,automatic_lexical_match,https://www.instagram.com/p/DWWdXh7Ebjz/c/18083464460374000
travel_scale,igc:18082466561406899,ig:DYU6BvfAVmQ,automatic_lexical_match,https://www.instagram.com/p/DYU6BvfAVmQ/c/18082466561406899
travel_scale,igc:18127341205618498,ig:DZ53bCjhSh8,automatic_lexical_match,https://www.instagram.com/p/DZ53bCjhSh8/c/18127341205618498
travel_scale,igc:17896322463662005,ig:DcWLvteqezx,automatic_lexical_match,https://www.instagram.com/p/DcWLvteqezx/c/17896322463662005
travel_scale,igc:17922455607201936,ig:Dcjorv-y74O,automatic_lexical_match,https://www.instagram.com/p/Dcjorv-y74O/c/17922455607201936
travel_scale,igc:18162892300489245,ig:Dai_VLvz_X3,automatic_lexical_match,https://www.instagram.com/p/Dai_VLvz_X3/c/18162892300489245
travel_scale,igc:18123584056850290,ig:Dai_VLvz_X3,automatic_lexical_match,https://www.instagram.com/p/Dai_VLvz_X3/c/18123584056850290
travel_scale,igc:17983730694001697,ig:DafssF9IRyI,automatic_lexical_match,https://www.instagram.com/p/DafssF9IRyI/c/17983730694001697
travel_scale,igc:18125523772660871,ig:DafssF9IRyI,automatic_lexical_match,https://www.instagram.com/p/DafssF9IRyI/c/18125523772660871
travel_scale,igc:18013679000717773,ig:DafssF9IRyI,automatic_lexical_match,https://www.instagram.com/p/DafssF9IRyI/c/18013679000717773
travel_scale,igc:18378140836162722,ig:DafssF9IRyI,automatic_lexical_match,https://www.instagram.com/p/DafssF9IRyI/c/18378140836162722
travel_scale,igc:18100138577105891,ig:DcMeCLRsyaD,automatic_lexical_match,https://www.instagram.com/p/DcMeCLRsyaD/c/18100138577105891
travel_scale,igc:18093452795368820,ig:DbbRz2SgFfY,automatic_lexical_match,https://www.instagram.com/p/DbbRz2SgFfY/c/18093452795368820
travel_scale,igc:18115287460698141,ig:Dags8BvRQ4z,automatic_lexical_match,https://www.instagram.com/p/Dags8BvRQ4z/c/18115287460698141
travel_scale,igc:18099955301269686,ig:Dags8BvRQ4z,automatic_lexical_match,https://www.instagram.com/p/Dags8BvRQ4z/c/18099955301269686
travel_scale,igc:17959668140973712,ig:Dags8BvRQ4z,automatic_lexical_match,https://www.instagram.com/p/Dags8BvRQ4z/c/17959668140973712
travel_scale,igc:18114621931901616,ig:Dags8BvRQ4z,automatic_lexical_match,https://www.instagram.com/p/Dags8BvRQ4z/c/18114621931901616
travel_scale,igc:17914724283220294,ig:Dags8BvRQ4z,automatic_lexical_match,https://www.instagram.com/p/Dags8BvRQ4z/c/17914724283220294
travel_scale,igc:18194323402335934,ig:Dags8BvRQ4z,automatic_lexical_match,https://www.instagram.com/p/Dags8BvRQ4z/c/18194323402335934
travel_scale,igc:18089819540416021,ig:Dags8BvRQ4z,automatic_lexical_match,https://www.instagram.com/p/Dags8BvRQ4z/c/18089819540416021
travel_scale,igc:17909045895261150,ig:Dags8BvRQ4z,automatic_lexical_match,https://www.instagram.com/p/Dags8BvRQ4z/c/17909045895261150
travel_scale,igc:17979710727059308,ig:Dags8BvRQ4z,automatic_lexical_match,https://www.instagram.com/p/Dags8BvRQ4z/c/17979710727059308
travel_scale,igc:18123141520685140,ig:Dags8BvRQ4z,automatic_lexical_match,https://www.instagram.com/p/Dags8BvRQ4z/c/18123141520685140
travel_scale,igc:18163465873453850,ig:Dags8BvRQ4z,automatic_lexical_match,https://www.instagram.com/p/Dags8BvRQ4z/c/18163465873453850
travel_scale,igc:18084424385646745,ig:Dags8BvRQ4z,automatic_lexical_match,https://www.instagram.com/p/Dags8BvRQ4z/c/18084424385646745
travel_scale,igc:18369290374226068,ig:Dags8BvRQ4z,automatic_lexical_match,https://www.instagram.com/p/Dags8BvRQ4z/c/18369290374226068
travel_scale,igc:18081298088453779,ig:Dags8BvRQ4z,automatic_lexical_match,https://www.instagram.com/p/Dags8BvRQ4z/c/18081298088453779
travel_scale,igc:17969718339140447,ig:Dcu1WXmAhPq,automatic_lexical_match,https://www.instagram.com/p/Dcu1WXmAhPq/c/17969718339140447
travel_scale,igc:17926587387165509,ig:Dcb0yYByhb-,automatic_lexical_match,https://www.instagram.com/p/Dcb0yYByhb-/c/17926587387165509
travel_scale,igc:18145064839490681,ig:Dai_VLvz_X3,automatic_lexical_match,https://www.instagram.com/p/Dai_VLvz_X3/c/18145064839490681
travel_scale,igc:18082881227306926,ig:Da8Z4g3MwcJ,automatic_lexical_match,https://www.instagram.com/p/Da8Z4g3MwcJ/c/18082881227306926
travel_scale,igc:18296253748259920,ig:C6tk06ngawl,automatic_lexical_match,https://www.instagram.com/p/C6tk06ngawl/c/18296253748259920
travel_scale,igc:18302423875268737,ig:C6tk06ngawl,automatic_lexical_match,https://www.instagram.com/p/C6tk06ngawl/c/18302423875268737
travel_scale,igc:17904692034446559,ig:DW5CM72iBZF,automatic_lexical_match,https://www.instagram.com/p/DW5CM72iBZF/c/17904692034446559
travel_scale,igc:18101071070514814,ig:DYXpZTYMt0W,automatic_lexical_match,https://www.instagram.com/p/DYXpZTYMt0W/c/18101071070514814
travel_scale,igc:17947909577998944,ig:DYXpZTYMt0W,automatic_lexical_match,https://www.instagram.com/p/DYXpZTYMt0W/c/17947909577998944
travel_scale,igc:17865361545625558,ig:DYXpZTYMt0W,automatic_lexical_match,https://www.instagram.com/p/DYXpZTYMt0W/c/17865361545625558
travel_scale,igc:17873736477612842,ig:DYU6BvfAVmQ,automatic_lexical_match,https://www.instagram.com/p/DYU6BvfAVmQ/c/17873736477612842
travel_scale,igc:18062200046373796,ig:DWWdXh7Ebjz,automatic_lexical_match,https://www.instagram.com/p/DWWdXh7Ebjz/c/18062200046373796
travel_scale,igc:18169326145366167,ig:DWWdXh7Ebjz,automatic_lexical_match,https://www.instagram.com/p/DWWdXh7Ebjz/c/18169326145366167
travel_scale,igc:18075758852259280,ig:DYU6BvfAVmQ,automatic_lexical_match,https://www.instagram.com/p/DYU6BvfAVmQ/c/18075758852259280
travel_scale,igc:17871425841512682,ig:DYU6BvfAVmQ,automatic_lexical_match,https://www.instagram.com/p/DYU6BvfAVmQ/c/17871425841512682
travel_scale,igc:17938354725096045,ig:DcsvVuPv-VR,automatic_lexical_match,https://www.instagram.com/p/DcsvVuPv-VR/c/17938354725096045
travel_scale,igc:17942501856080322,ig:DYXpZTYMt0W,automatic_lexical_match,https://www.instagram.com/p/DYXpZTYMt0W/c/17942501856080322
travel_scale,igc:18072672497462825,ig:Dcgl2JFNPPf,automatic_lexical_match,https://www.instagram.com/p/Dcgl2JFNPPf/c/18072672497462825
travel_scale,igc:18118419469842073,ig:Dags8BvRQ4z,automatic_lexical_match,https://www.instagram.com/p/Dags8BvRQ4z/c/18118419469842073
travel_scale,igc:18128123320710275,ig:Dags8BvRQ4z,automatic_lexical_match,https://www.instagram.com/p/Dags8BvRQ4z/c/18128123320710275
travel_scale,igc:18412458967147422,ig:Dags8BvRQ4z,automatic_lexical_match,https://www.instagram.com/p/Dags8BvRQ4z/c/18412458967147422
travel_scale,igc:17939605869071887,ig:Dags8BvRQ4z,automatic_lexical_match,https://www.instagram.com/p/Dags8BvRQ4z/c/17939605869071887
travel_scale,igc:18183479104402227,ig:Dags8BvRQ4z,automatic_lexical_match,https://www.instagram.com/p/Dags8BvRQ4z/c/18183479104402227
travel_scale,igc:18333814960254187,ig:Dags8BvRQ4z,automatic_lexical_match,https://www.instagram.com/p/Dags8BvRQ4z/c/18333814960254187
travel_scale,igc:17977448805107666,ig:Dags8BvRQ4z,automatic_lexical_match,https://www.instagram.com/p/Dags8BvRQ4z/c/17977448805107666
travel_scale,igc:17936014731316216,ig:Dags8BvRQ4z,automatic_lexical_match,https://www.instagram.com/p/Dags8BvRQ4z/c/17936014731316216
travel_scale,igc:18122777749722061,ig:Dags8BvRQ4z,automatic_lexical_match,https://www.instagram.com/p/Dags8BvRQ4z/c/18122777749722061
travel_scale,igc:17926421382146880,ig:Dags8BvRQ4z,automatic_lexical_match,https://www.instagram.com/p/Dags8BvRQ4z/c/17926421382146880
travel_scale,igc:18120877147875037,ig:Dags8BvRQ4z,automatic_lexical_match,https://www.instagram.com/p/Dags8BvRQ4z/c/18120877147875037
travel_scale,igc:18109987399978875,ig:Dags8BvRQ4z,automatic_lexical_match,https://www.instagram.com/p/Dags8BvRQ4z/c/18109987399978875
travel_scale,igc:18100508753229406,ig:Dags8BvRQ4z,automatic_lexical_match,https://www.instagram.com/p/Dags8BvRQ4z/c/18100508753229406
travel_scale,igc:18056617676772923,ig:Dags8BvRQ4z,automatic_lexical_match,https://www.instagram.com/p/Dags8BvRQ4z/c/18056617676772923
travel_scale,igc:17867287038587751,ig:Dags8BvRQ4z,automatic_lexical_match,https://www.instagram.com/p/Dags8BvRQ4z/c/17867287038587751
travel_scale,igc:18074274082631673,ig:C6tk06ngawl,automatic_lexical_match,https://www.instagram.com/p/C6tk06ngawl/c/18074274082631673
travel_scale,igc:17934125073085958,ig:DW5CM72iBZF,automatic_lexical_match,https://www.instagram.com/p/DW5CM72iBZF/c/17934125073085958
travel_scale,igc:18086049569526166,ig:DW5CM72iBZF,automatic_lexical_match,https://www.instagram.com/p/DW5CM72iBZF/c/18086049569526166
travel_scale,igc:18104017988188293,ig:DcluoTsM_lV,automatic_lexical_match,https://www.instagram.com/p/DcluoTsM_lV/c/18104017988188293
travel_scale,igc:18137045245714436,ig:Dc2_9ydS0x1,automatic_lexical_match,https://www.instagram.com/p/Dc2_9ydS0x1/c/18137045245714436
travel_scale,igc:18375883696232018,ig:Dakb7gKt_lj,automatic_lexical_match,https://www.instagram.com/p/Dakb7gKt_lj/c/18375883696232018
travel_scale,igc:17938945104275894,ig:Dags8BvRQ4z,automatic_lexical_match,https://www.instagram.com/p/Dags8BvRQ4z/c/17938945104275894
travel_scale,igc:17974816473098604,ig:Dags8BvRQ4z,automatic_lexical_match,https://www.instagram.com/p/Dags8BvRQ4z/c/17974816473098604
travel_scale,igc:18094554704358841,ig:Dags8BvRQ4z,automatic_lexical_match,https://www.instagram.com/p/Dags8BvRQ4z/c/18094554704358841
travel_scale,igc:17992916520005873,ig:Dags8BvRQ4z,automatic_lexical_match,https://www.instagram.com/p/Dags8BvRQ4z/c/17992916520005873
travel_scale,igc:17911955250239977,ig:Dags8BvRQ4z,automatic_lexical_match,https://www.instagram.com/p/Dags8BvRQ4z/c/17911955250239977
travel_scale,igc:18106668508831193,ig:Dags8BvRQ4z,automatic_lexical_match,https://www.instagram.com/p/Dags8BvRQ4z/c/18106668508831193
travel_scale,igc:18334463374249870,ig:Dags8BvRQ4z,automatic_lexical_match,https://www.instagram.com/p/Dags8BvRQ4z/c/18334463374249870
travel_scale,igc:18274204435290752,ig:Dags8BvRQ4z,automatic_lexical_match,https://www.instagram.com/p/Dags8BvRQ4z/c/18274204435290752
travel_scale,igc:18101023154595438,ig:Dags8BvRQ4z,automatic_lexical_match,https://www.instagram.com/p/Dags8BvRQ4z/c/18101023154595438
travel_scale,igc:17924751837370461,ig:Dags8BvRQ4z,automatic_lexical_match,https://www.instagram.com/p/Dags8BvRQ4z/c/17924751837370461
travel_scale,igc:18072342380533794,ig:DcluoTsM_lV,automatic_lexical_match,https://www.instagram.com/p/DcluoTsM_lV/c/18072342380533794
travel_scale,igc:18107654957138621,ig:DcluoTsM_lV,automatic_lexical_match,https://www.instagram.com/p/DcluoTsM_lV/c/18107654957138621
travel_scale,igc:18112064033089699,ig:DcluoTsM_lV,automatic_lexical_match,https://www.instagram.com/p/DcluoTsM_lV/c/18112064033089699
travel_scale,igc:18101355281191858,ig:DcluoTsM_lV,automatic_lexical_match,https://www.instagram.com/p/DcluoTsM_lV/c/18101355281191858
travel_scale,igc:18105490157158758,ig:Dcgl2JFNPPf,automatic_lexical_match,https://www.instagram.com/p/Dcgl2JFNPPf/c/18105490157158758
travel_scale,igc:18103968788317733,ig:DYU6BvfAVmQ,automatic_lexical_match,https://www.instagram.com/p/DYU6BvfAVmQ/c/18103968788317733
travel_scale,igc:18160676845445655,ig:DW5CM72iBZF,automatic_lexical_match,https://www.instagram.com/p/DW5CM72iBZF/c/18160676845445655
travel_scale,igc:17953121469213901,ig:DX93093O4y2,automatic_lexical_match,https://www.instagram.com/p/DX93093O4y2/c/17953121469213901
travel_scale,igc:18159220816479055,ig:Dakb7gKt_lj,automatic_lexical_match,https://www.instagram.com/p/Dakb7gKt_lj/c/18159220816479055
travel_scale,igc:18124244242651753,ig:DQ4SzAXAPfT,automatic_lexical_match,https://www.instagram.com/p/DQ4SzAXAPfT/c/18124244242651753
travel_scale,igc:18126516889650802,ig:DaLPP4XsxGe,automatic_lexical_match,https://www.instagram.com/p/DaLPP4XsxGe/c/18126516889650802
travel_scale,igc:18108080954163815,ig:Dcgl2JFNPPf,automatic_lexical_match,https://www.instagram.com/p/Dcgl2JFNPPf/c/18108080954163815
travel_scale,igc:18391200166205175,ig:DX93093O4y2,automatic_lexical_match,https://www.instagram.com/p/DX93093O4y2/c/18391200166205175
travel_scale,igc:18127048939714935,ig:DZ3gXIzq35d,automatic_lexical_match,https://www.instagram.com/p/DZ3gXIzq35d/c/18127048939714935
travel_scale,igc:18163648297415114,ig:DakxW-YMug9,automatic_lexical_match,https://www.instagram.com/p/DakxW-YMug9/c/18163648297415114
travel_scale,igc:18015745322879712,ig:DZpphJ8sdwB,automatic_lexical_match,https://www.instagram.com/p/DZpphJ8sdwB/c/18015745322879712
travel_scale,igc:18003515528959594,ig:Dakb7gKt_lj,automatic_lexical_match,https://www.instagram.com/p/Dakb7gKt_lj/c/18003515528959594
travel_scale,igc:17942938326050019,ig:Dakb7gKt_lj,automatic_lexical_match,https://www.instagram.com/p/Dakb7gKt_lj/c/17942938326050019
travel_scale,igc:17908736892428237,ig:DaLPP4XsxGe,automatic_lexical_match,https://www.instagram.com/p/DaLPP4XsxGe/c/17908736892428237
travel_scale,igc:17901203631356161,ig:DbUtXy0t5oJ,automatic_lexical_match,https://www.instagram.com/p/DbUtXy0t5oJ/c/17901203631356161
travel_scale,igc:18331203214277546,ig:Dc2_9ydS0x1,automatic_lexical_match,https://www.instagram.com/p/Dc2_9ydS0x1/c/18331203214277546
travel_scale,igc:18052462055797761,ig:Dcq__agouAR,automatic_lexical_match,https://www.instagram.com/p/Dcq__agouAR/c/18052462055797761
travel_scale,igc:18613809481058703,ig:DX93093O4y2,automatic_lexical_match,https://www.instagram.com/p/DX93093O4y2/c/18613809481058703
travel_scale,igc:18153883255500928,ig:DX93093O4y2,automatic_lexical_match,https://www.instagram.com/p/DX93093O4y2/c/18153883255500928
travel_scale,igc:18064174748734031,ig:DX93093O4y2,automatic_lexical_match,https://www.instagram.com/p/DX93093O4y2/c/18064174748734031
travel_scale,igc:18016297283920443,ig:DbvWK7jAGj7,automatic_lexical_match,https://www.instagram.com/p/DbvWK7jAGj7/c/18016297283920443
travel_scale,igc:18085932809680423,ig:Dc2_9ydS0x1,automatic_lexical_match,https://www.instagram.com/p/Dc2_9ydS0x1/c/18085932809680423
travel_scale,igc:18092272715425248,ig:Dc2_9ydS0x1,automatic_lexical_match,https://www.instagram.com/p/Dc2_9ydS0x1/c/18092272715425248
travel_scale,igc:18130695511660640,ig:Dc2_9ydS0x1,automatic_lexical_match,https://www.instagram.com/p/Dc2_9ydS0x1/c/18130695511660640
travel_scale,igc:18095624441118758,ig:DW5CM72iBZF,automatic_lexical_match,https://www.instagram.com/p/DW5CM72iBZF/c/18095624441118758
travel_scale,igc:18071714924267560,ig:DW5CM72iBZF,automatic_lexical_match,https://www.instagram.com/p/DW5CM72iBZF/c/18071714924267560
travel_scale,igc:18094432325627006,ig:DX93093O4y2,automatic_lexical_match,https://www.instagram.com/p/DX93093O4y2/c/18094432325627006
travel_scale,igc:17871010074565754,ig:DX93093O4y2,automatic_lexical_match,https://www.instagram.com/p/DX93093O4y2/c/17871010074565754
travel_scale,igc:17905892319488942,ig:Dc2_9ydS0x1,automatic_lexical_match,https://www.instagram.com/p/Dc2_9ydS0x1/c/17905892319488942
travel_scale,igc:18212088046354091,ig:DX93093O4y2,automatic_lexical_match,https://www.instagram.com/p/DX93093O4y2/c/18212088046354091
travel_scale,igc:18061912880399743,ig:DW5CM72iBZF,automatic_lexical_match,https://www.instagram.com/p/DW5CM72iBZF/c/18061912880399743
travel_scale,igc:17933034513055160,ig:DW5CM72iBZF,automatic_lexical_match,https://www.instagram.com/p/DW5CM72iBZF/c/17933034513055160
travel_scale,igc:18135732631590221,ig:Dai_VLvz_X3,automatic_lexical_match,https://www.instagram.com/p/Dai_VLvz_X3/c/18135732631590221
travel_scale,igc:18055715111788106,ig:DbvWK7jAGj7,automatic_lexical_match,https://www.instagram.com/p/DbvWK7jAGj7/c/18055715111788106
travel_scale,igc:18123921697775663,ig:DX93093O4y2,automatic_lexical_match,https://www.instagram.com/p/DX93093O4y2/c/18123921697775663
travel_scale,igc:17941547988257190,ig:DX93093O4y2,automatic_lexical_match,https://www.instagram.com/p/DX93093O4y2/c/17941547988257190
travel_scale,igc:17987345060843060,ig:DX93093O4y2,automatic_lexical_match,https://www.instagram.com/p/DX93093O4y2/c/17987345060843060
travel_scale,igc:18122495020813673,ig:Dai_VLvz_X3,automatic_lexical_match,https://www.instagram.com/p/Dai_VLvz_X3/c/18122495020813673
travel_scale,igc:17959941348153373,ig:DX93093O4y2,automatic_lexical_match,https://www.instagram.com/p/DX93093O4y2/c/17959941348153373
travel_scale,igc:18330422152265592,ig:Dai_VLvz_X3,automatic_lexical_match,https://www.instagram.com/p/Dai_VLvz_X3/c/18330422152265592
travel_scale,igc:18405761971153637,ig:DX93093O4y2,automatic_lexical_match,https://www.instagram.com/p/DX93093O4y2/c/18405761971153637
travel_scale,igc:18145918945513640,ig:Dai_VLvz_X3,automatic_lexical_match,https://www.instagram.com/p/Dai_VLvz_X3/c/18145918945513640
travel_scale,ttc:7678613079865557761,tt:7668001244018986273,automatic_lexical_match,https://www.tiktok.com/@spiritual.materialist/video/7668001244018986273
travel_scale,igc:18328048270262689,ig:Cl2HtNBtl03,automatic_lexical_match,https://www.instagram.com/p/Cl2HtNBtl03/c/18328048270262689
travel_scale,igc:18041106589389807,ig:Cl2HtNBtl03,automatic_lexical_match,https://www.instagram.com/p/Cl2HtNBtl03/c/18041106589389807
travel_scale,igc:18007496585696684,ig:DWAmznQEUvg,automatic_lexical_match,https://www.instagram.com/p/DWAmznQEUvg/c/18007496585696684
travel_scale,igc:18098135921298273,ig:DZ5YybMyYZp,automatic_lexical_match,https://www.instagram.com/p/DZ5YybMyYZp/c/18098135921298273
travel_scale,igc:18343826254214477,ig:DWCTTyCDOeW,automatic_lexical_match,https://www.instagram.com/p/DWCTTyCDOeW/c/18343826254214477
travel_scale,igc:17903919576260980,ig:DXtUXg6BH2W,automatic_lexical_match,https://www.instagram.com/p/DXtUXg6BH2W/c/17903919576260980
travel_scale,igc:17966066034042747,ig:DUzgCcTE6zD,automatic_lexical_match,https://www.instagram.com/p/DUzgCcTE6zD/c/17966066034042747
travel_scale,igc:17888437074090375,ig:DFQvIehKmjm,automatic_lexical_match,https://www.instagram.com/p/DFQvIehKmjm/c/17888437074090375
travel_scale,igc:18210822184209673,ig:CpK_T9GqZ3b,automatic_lexical_match,https://www.instagram.com/p/CpK_T9GqZ3b/c/18210822184209673
travel_scale,igc:18080903981047590,ig:DSUPUC0iF5r,automatic_lexical_match,https://www.instagram.com/p/DSUPUC0iF5r/c/18080903981047590
travel_scale,igc:18094399331316667,ig:DHn-pONT1xi,automatic_lexical_match,https://www.instagram.com/p/DHn-pONT1xi/c/18094399331316667
travel_scale,igc:17967511348846703,ig:Chxve5QLpzz,automatic_lexical_match,https://www.instagram.com/p/Chxve5QLpzz/c/17967511348846703
travel_scale,igc:18094046212778112,ig:DSUPUC0iF5r,automatic_lexical_match,https://www.instagram.com/p/DSUPUC0iF5r/c/18094046212778112
travel_scale,igc:18079676873513768,ig:DHn-pONT1xi,automatic_lexical_match,https://www.instagram.com/p/DHn-pONT1xi/c/18079676873513768
travel_scale,igc:18012992899548339,ig:CpK_T9GqZ3b,automatic_lexical_match,https://www.instagram.com/p/CpK_T9GqZ3b/c/18012992899548339
travel_scale,igc:18141044176462378,ig:DSUPUC0iF5r,automatic_lexical_match,https://www.instagram.com/p/DSUPUC0iF5r/c/18141044176462378
travel_scale,igc:18033267827774509,ig:DSUPUC0iF5r,automatic_lexical_match,https://www.instagram.com/p/DSUPUC0iF5r/c/18033267827774509
travel_scale,igc:18151846951430204,ig:DSUPUC0iF5r,automatic_lexical_match,https://www.instagram.com/p/DSUPUC0iF5r/c/18151846951430204
travel_scale,igc:18015909661521256,ig:CpK_T9GqZ3b,automatic_lexical_match,https://www.instagram.com/p/CpK_T9GqZ3b/c/18015909661521256
travel_scale,igc:17966234302897545,ig:Cl2HtNBtl03,automatic_lexical_match,https://www.instagram.com/p/Cl2HtNBtl03/c/17966234302897545
travel_scale,igc:17950654100932470,ig:DSUPUC0iF5r,automatic_lexical_match,https://www.instagram.com/p/DSUPUC0iF5r/c/17950654100932470
travel_scale,igc:18514053802069049,ig:DSUPUC0iF5r,automatic_lexical_match,https://www.instagram.com/p/DSUPUC0iF5r/c/18514053802069049
travel_scale,igc:17986356934754222,ig:CpK_T9GqZ3b,automatic_lexical_match,https://www.instagram.com/p/CpK_T9GqZ3b/c/17986356934754222
travel_scale,igc:18093238712117117,ig:DWANxYblAS8,automatic_lexical_match,https://www.instagram.com/p/DWANxYblAS8/c/18093238712117117
travel_scale,igc:17935052196038651,ig:DWANxYblAS8,automatic_lexical_match,https://www.instagram.com/p/DWANxYblAS8/c/17935052196038651
travel_scale,igc:18112387681677148,ig:DWUM-6LEabR,automatic_lexical_match,https://www.instagram.com/p/DWUM-6LEabR/c/18112387681677148
travel_scale,ttc:7672801142322266893,tt:7672790276276079903,automatic_lexical_match,https://www.tiktok.com/@imjustbarbs/video/7672790276276079903
travel_scale,ttc:7625243491631563528,tt:7218302653489483051,automatic_lexical_match,https://www.tiktok.com/@steffieinthecity/video/7218302653489483051
travel_scale,ttc:7683905176114234143,tt:7683875254153792782,automatic_lexical_match,https://www.tiktok.com/@h89722980/video/7683875254153792782
travel_scale,ttc:7666995620461511437,tt:7666956616465435918,automatic_lexical_match,https://www.tiktok.com/@kyraboesiger/video/7666956616465435918
travel_scale,ttc:7684365870017774366,tt:7666956616465435918,automatic_lexical_match,https://www.tiktok.com/@kyraboesiger/video/7666956616465435918
travel_scale,ttc:7667194658187297549,tt:7666956616465435918,automatic_lexical_match,https://www.tiktok.com/@kyraboesiger/video/7666956616465435918
travel_scale,ttc:7668224100598956822,tt:7666956616465435918,automatic_lexical_match,https://www.tiktok.com/@kyraboesiger/video/7666956616465435918
travel_scale,ttc:7667042549782446861,tt:7666956616465435918,automatic_lexical_match,https://www.tiktok.com/@kyraboesiger/video/7666956616465435918
travel_scale,ttc:7666996324173529886,tt:7666956616465435918,automatic_lexical_match,https://www.tiktok.com/@kyraboesiger/video/7666956616465435918
travel_scale,ttc:7669817628638839582,tt:7666956616465435918,automatic_lexical_match,https://www.tiktok.com/@kyraboesiger/video/7666956616465435918
travel_scale,ttc:7672490294408364814,tt:7666956616465435918,automatic_lexical_match,https://www.tiktok.com/@kyraboesiger/video/7666956616465435918
travel_scale,ttc:7667073132105138974,tt:7666956616465435918,automatic_lexical_match,https://www.tiktok.com/@kyraboesiger/video/7666956616465435918
travel_scale,ttc:7667076451830088462,tt:7666956616465435918,automatic_lexical_match,https://www.tiktok.com/@kyraboesiger/video/7666956616465435918
travel_scale,ttc:7667402244384555789,tt:7666956616465435918,automatic_lexical_match,https://www.tiktok.com/@kyraboesiger/video/7666956616465435918
travel_scale,ttc:7667032852765360927,tt:7666956616465435918,automatic_lexical_match,https://www.tiktok.com/@kyraboesiger/video/7666956616465435918
travel_scale,ttc:7667197850723992334,tt:7666956616465435918,automatic_lexical_match,https://www.tiktok.com/@kyraboesiger/video/7666956616465435918
travel_scale,ttc:7668119265686274830,tt:7666956616465435918,automatic_lexical_match,https://www.tiktok.com/@kyraboesiger/video/7666956616465435918
travel_scale,ttc:7667188797684253453,tt:7666956616465435918,automatic_lexical_match,https://www.tiktok.com/@kyraboesiger/video/7666956616465435918
travel_scale,ttc:7669502471773586207,tt:7666956616465435918,automatic_lexical_match,https://www.tiktok.com/@kyraboesiger/video/7666956616465435918
travel_scale,ttc:7676818389072200461,tt:7666956616465435918,automatic_lexical_match,https://www.tiktok.com/@kyraboesiger/video/7666956616465435918
travel_scale,ttc:7679459124220035854,tt:7666956616465435918,automatic_lexical_match,https://www.tiktok.com/@kyraboesiger/video/7666956616465435918
travel_scale,ttc:7674279474843042590,tt:7666956616465435918,automatic_lexical_match,https://www.tiktok.com/@kyraboesiger/video/7666956616465435918
travel_scale,ttc:7681080570621920031,tt:7666956616465435918,automatic_lexical_match,https://www.tiktok.com/@kyraboesiger/video/7666956616465435918
travel_scale,ttc:7675845226757554975,tt:7666956616465435918,automatic_lexical_match,https://www.tiktok.com/@kyraboesiger/video/7666956616465435918
travel_scale,ttc:7671237667220374302,tt:7666956616465435918,automatic_lexical_match,https://www.tiktok.com/@kyraboesiger/video/7666956616465435918
travel_scale,ttc:7667027635277562637,tt:7666956616465435918,automatic_lexical_match,https://www.tiktok.com/@kyraboesiger/video/7666956616465435918
travel_scale,ttc:7478954208113230614,tt:7449222569577745694,automatic_lexical_match,https://www.tiktok.com/@luxuryandarts/video/7449222569577745694
travel_scale,ttc:7643308972154716950,tt:7643265440549965074,automatic_lexical_match,https://www.tiktok.com/@alliegoodbun/video/7643265440549965074
travel_scale,ttc:7643435649592427277,tt:7643265440549965074,automatic_lexical_match,https://www.tiktok.com/@alliegoodbun/video/7643265440549965074
travel_scale,ttc:7643271581753590541,tt:7643265440549965074,automatic_lexical_match,https://www.tiktok.com/@alliegoodbun/video/7643265440549965074
travel_scale,ttc:7668355643376042774,tt:7643265440549965074,automatic_lexical_match,https://www.tiktok.com/@alliegoodbun/video/7643265440549965074
travel_scale,ttc:7643302383891825439,tt:7643265440549965074,automatic_lexical_match,https://www.tiktok.com/@alliegoodbun/video/7643265440549965074
travel_scale,ttc:7643309163624399630,tt:7643265440549965074,automatic_lexical_match,https://www.tiktok.com/@alliegoodbun/video/7643265440549965074
travel_scale,ttc:7643408270854079240,tt:7643265440549965074,automatic_lexical_match,https://www.tiktok.com/@alliegoodbun/video/7643265440549965074
travel_scale,ttc:7643563662162871060,tt:7643265440549965074,automatic_lexical_match,https://www.tiktok.com/@alliegoodbun/video/7643265440549965074
travel_scale,ttc:7668507199639061261,tt:7666956616465435918,automatic_lexical_match,https://www.tiktok.com/@kyraboesiger/video/7666956616465435918
travel_scale,ttc:7667034478925546271,tt:7666956616465435918,automatic_lexical_match,https://www.tiktok.com/@kyraboesiger/video/7666956616465435918
travel_scale,ttc:7668027316409549582,tt:7666956616465435918,automatic_lexical_match,https://www.tiktok.com/@kyraboesiger/video/7666956616465435918
travel_scale,ttc:7666998634797761311,tt:7666956616465435918,automatic_lexical_match,https://www.tiktok.com/@kyraboesiger/video/7666956616465435918
travel_scale,ttc:7669917259049534239,tt:7666956616465435918,automatic_lexical_match,https://www.tiktok.com/@kyraboesiger/video/7666956616465435918
travel_scale,ttc:7667100881905713933,tt:7666956616465435918,automatic_lexical_match,https://www.tiktok.com/@kyraboesiger/video/7666956616465435918
travel_scale,ttc:7667160425306342158,tt:7666956616465435918,automatic_lexical_match,https://www.tiktok.com/@kyraboesiger/video/7666956616465435918
travel_scale,ttc:7667757674638115615,tt:7666956616465435918,automatic_lexical_match,https://www.tiktok.com/@kyraboesiger/video/7666956616465435918
travel_scale,ttc:7677632625426662158,tt:7666956616465435918,automatic_lexical_match,https://www.tiktok.com/@kyraboesiger/video/7666956616465435918
travel_scale,ttc:7651230617611223839,tt:7649444253394947342,automatic_lexical_match,https://www.tiktok.com/@bryannawozniak/video/7649444253394947342
travel_scale,ttc:7681301829900682014,tt:7681030709988969741,automatic_lexical_match,https://www.tiktok.com/@johnathan.guo/video/7681030709988969741
travel_scale,ttc:7681143498619388685,tt:7681030709988969741,automatic_lexical_match,https://www.tiktok.com/@johnathan.guo/video/7681030709988969741
travel_scale,ttc:7680284001760920353,tt:7680276310329019670,automatic_lexical_match,https://www.tiktok.com/@kaynatt.m/video/7680276310329019670
travel_scale,ttc:7668742136468226838,tt:7662002150159125762,automatic_lexical_match,https://www.tiktok.com/@aliceinparisofficial/video/7662002150159125762
travel_scale,ttc:7221657086622614298,tt:7218302653489483051,automatic_lexical_match,https://www.tiktok.com/@steffieinthecity/video/7218302653489483051
travel_scale,ttc:7596295479810573074,tt:7491264828397374742,automatic_lexical_match,https://www.tiktok.com/@miarosemcgrath/video/7491264828397374742
travel_scale,ttc:7491304503968777015,tt:7491264828397374742,automatic_lexical_match,https://www.tiktok.com/@miarosemcgrath/video/7491264828397374742
travel_scale,ttc:7508029806060258070,tt:7491264828397374742,automatic_lexical_match,https://www.tiktok.com/@miarosemcgrath/video/7491264828397374742
travel_scale,ttc:7491586586506330902,tt:7491264828397374742,automatic_lexical_match,https://www.tiktok.com/@miarosemcgrath/video/7491264828397374742
travel_scale,ttc:7676847551253529362,tt:7658024421730323734,automatic_lexical_match,https://www.tiktok.com/@sophwayy/video/7658024421730323734
travel_scale,ttc:7602702536759968520,tt:7573945394862853383,automatic_lexical_match,https://www.tiktok.com/@georgeyhenshall/video/7573945394862853383
travel_scale,ttc:7573956397466764050,tt:7573945394862853383,automatic_lexical_match,https://www.tiktok.com/@georgeyhenshall/video/7573945394862853383
travel_scale,ttc:7573953954574238471,tt:7573945394862853383,automatic_lexical_match,https://www.tiktok.com/@georgeyhenshall/video/7573945394862853383
travel_scale,ttc:7622042440212431623,tt:7620834527749033238,automatic_lexical_match,https://www.tiktok.com/@lucyhitchcock/video/7620834527749033238
travel_scale,ttc:7621261531594294038,tt:7620834527749033238,automatic_lexical_match,https://www.tiktok.com/@lucyhitchcock/video/7620834527749033238
travel_scale,ttc:7620920678552781571,tt:7620834527749033238,automatic_lexical_match,https://www.tiktok.com/@lucyhitchcock/video/7620834527749033238
travel_scale,ttc:7622423408898999070,tt:7620834527749033238,automatic_lexical_match,https://www.tiktok.com/@lucyhitchcock/video/7620834527749033238
travel_scale,ttc:7620947081881207574,tt:7620834527749033238,automatic_lexical_match,https://www.tiktok.com/@lucyhitchcock/video/7620834527749033238
travel_scale,ttc:7620885311032558358,tt:7620834527749033238,automatic_lexical_match,https://www.tiktok.com/@lucyhitchcock/video/7620834527749033238
travel_scale,ttc:7672960867894575890,tt:7645168876275354900,automatic_lexical_match,https://www.tiktok.com/@elaandearth/video/7645168876275354900
travel_scale,ttc:7671932880947413778,tt:7645168876275354900,automatic_lexical_match,https://www.tiktok.com/@elaandearth/video/7645168876275354900
travel_scale,ttc:7650756303460090645,tt:7645168876275354900,automatic_lexical_match,https://www.tiktok.com/@elaandearth/video/7645168876275354900
travel_scale,ttc:7668118680140661524,tt:7645168876275354900,automatic_lexical_match,https://www.tiktok.com/@elaandearth/video/7645168876275354900
travel_scale,ttc:7665667564459197205,tt:7645168876275354900,automatic_lexical_match,https://www.tiktok.com/@elaandearth/video/7645168876275354900
travel_scale,ttc:7631907425205158687,tt:7620834527749033238,automatic_lexical_match,https://www.tiktok.com/@lucyhitchcock/video/7620834527749033238
travel_scale,ttc:7621478899877577494,tt:7620834527749033238,automatic_lexical_match,https://www.tiktok.com/@lucyhitchcock/video/7620834527749033238
travel_scale,ttc:7648816125782672149,tt:7645168876275354900,automatic_lexical_match,https://www.tiktok.com/@elaandearth/video/7645168876275354900
travel_scale,ttc:7634747712403079958,tt:7540062054619647263,automatic_lexical_match,https://www.tiktok.com/@shopwithevette/video/7540062054619647263
travel_scale,ttc:7669493041409409805,tt:7666956616465435918,automatic_lexical_match,https://www.tiktok.com/@kyraboesiger/video/7666956616465435918
travel_scale,ttc:7675029603178873630,tt:7666956616465435918,automatic_lexical_match,https://www.tiktok.com/@kyraboesiger/video/7666956616465435918
travel_scale,ttc:7678463205765808909,tt:7666956616465435918,automatic_lexical_match,https://www.tiktok.com/@kyraboesiger/video/7666956616465435918
travel_scale,ttc:7673783686584959758,tt:7666956616465435918,automatic_lexical_match,https://www.tiktok.com/@kyraboesiger/video/7666956616465435918
travel_scale,ttc:7668509318484607775,tt:7666956616465435918,automatic_lexical_match,https://www.tiktok.com/@kyraboesiger/video/7666956616465435918
travel_scale,ttc:7675372367179563807,tt:7666956616465435918,automatic_lexical_match,https://www.tiktok.com/@kyraboesiger/video/7666956616465435918
travel_scale,ttc:7668428770760278814,tt:7666956616465435918,automatic_lexical_match,https://www.tiktok.com/@kyraboesiger/video/7666956616465435918
travel_scale,ttc:7667659469325091615,tt:7666956616465435918,automatic_lexical_match,https://www.tiktok.com/@kyraboesiger/video/7666956616465435918
travel_scale,ttc:7667044070883459871,tt:7666956616465435918,automatic_lexical_match,https://www.tiktok.com/@kyraboesiger/video/7666956616465435918
travel_scale,ttc:7674792184068064013,tt:7666956616465435918,automatic_lexical_match,https://www.tiktok.com/@kyraboesiger/video/7666956616465435918
travel_scale,ttc:7668289148256076575,tt:7666956616465435918,automatic_lexical_match,https://www.tiktok.com/@kyraboesiger/video/7666956616465435918
travel_scale,ttc:7678934411266573069,tt:7666956616465435918,automatic_lexical_match,https://www.tiktok.com/@kyraboesiger/video/7666956616465435918
travel_scale,ttc:7670500043409490706,tt:7666956616465435918,automatic_lexical_match,https://www.tiktok.com/@kyraboesiger/video/7666956616465435918
travel_scale,ttc:7667039098159678238,tt:7666956616465435918,automatic_lexical_match,https://www.tiktok.com/@kyraboesiger/video/7666956616465435918
travel_scale,ttc:7667380317280600846,tt:7666956616465435918,automatic_lexical_match,https://www.tiktok.com/@kyraboesiger/video/7666956616465435918
travel_scale,ttc:7667596011568874254,tt:7666956616465435918,automatic_lexical_match,https://www.tiktok.com/@kyraboesiger/video/7666956616465435918
travel_scale,ttc:7667637457768170254,tt:7666956616465435918,automatic_lexical_match,https://www.tiktok.com/@kyraboesiger/video/7666956616465435918
travel_scale,ttc:7652351680730170143,tt:7649444253394947342,automatic_lexical_match,https://www.tiktok.com/@bryannawozniak/video/7649444253394947342
travel_scale,ttc:7641464958417617694,tt:7639552753609510158,automatic_lexical_match,https://www.tiktok.com/@moniiicamendoza/video/7639552753609510158
travel_scale,ttc:7641205387291296542,tt:7639552753609510158,automatic_lexical_match,https://www.tiktok.com/@moniiicamendoza/video/7639552753609510158
travel_scale,ttc:7643535901574267679,tt:7639552753609510158,automatic_lexical_match,https://www.tiktok.com/@moniiicamendoza/video/7639552753609510158
travel_scale,ttc:7640134794773742367,tt:7639552753609510158,automatic_lexical_match,https://www.tiktok.com/@moniiicamendoza/video/7639552753609510158
travel_scale,ttc:7641213919679791885,tt:7639552753609510158,automatic_lexical_match,https://www.tiktok.com/@moniiicamendoza/video/7639552753609510158
travel_scale,ttc:7640392342184313614,tt:7639552753609510158,automatic_lexical_match,https://www.tiktok.com/@moniiicamendoza/video/7639552753609510158
travel_scale,ttc:7640144185333302046,tt:7639552753609510158,automatic_lexical_match,https://www.tiktok.com/@moniiicamendoza/video/7639552753609510158
travel_scale,ttc:7622073951280677639,tt:7620834527749033238,automatic_lexical_match,https://www.tiktok.com/@lucyhitchcock/video/7620834527749033238
travel_scale,ttc:7621147046225691414,tt:7620834527749033238,automatic_lexical_match,https://www.tiktok.com/@lucyhitchcock/video/7620834527749033238
travel_scale,ttc:7621257002312975126,tt:7620834527749033238,automatic_lexical_match,https://www.tiktok.com/@lucyhitchcock/video/7620834527749033238
travel_scale,ttc:7620960111507784470,tt:7620834527749033238,automatic_lexical_match,https://www.tiktok.com/@lucyhitchcock/video/7620834527749033238
travel_scale,ttc:7620919698661966624,tt:7620834527749033238,automatic_lexical_match,https://www.tiktok.com/@lucyhitchcock/video/7620834527749033238
travel_scale,ttc:7631110610076058382,tt:7620834527749033238,automatic_lexical_match,https://www.tiktok.com/@lucyhitchcock/video/7620834527749033238
travel_scale,ttc:7653210401463042846,tt:7620834527749033238,automatic_lexical_match,https://www.tiktok.com/@lucyhitchcock/video/7620834527749033238
travel_scale,ttc:7622869760922108690,tt:7620834527749033238,automatic_lexical_match,https://www.tiktok.com/@lucyhitchcock/video/7620834527749033238
travel_scale,ttc:7631478230797091592,tt:7620834527749033238,automatic_lexical_match,https://www.tiktok.com/@lucyhitchcock/video/7620834527749033238
travel_scale,ttc:7622196698403914503,tt:7620834527749033238,automatic_lexical_match,https://www.tiktok.com/@lucyhitchcock/video/7620834527749033238
travel_scale,ttc:7635026517017346846,tt:7620834527749033238,automatic_lexical_match,https://www.tiktok.com/@lucyhitchcock/video/7620834527749033238
travel_scale,ttc:7639454045098885906,tt:7620834527749033238,automatic_lexical_match,https://www.tiktok.com/@lucyhitchcock/video/7620834527749033238
travel_scale,ttc:7621018140482700034,tt:7620834527749033238,automatic_lexical_match,https://www.tiktok.com/@lucyhitchcock/video/7620834527749033238
travel_scale,ttc:7640978312060060447,tt:7639552753609510158,automatic_lexical_match,https://www.tiktok.com/@moniiicamendoza/video/7639552753609510158
travel_scale,ttc:7640232088608195358,tt:7639552753609510158,automatic_lexical_match,https://www.tiktok.com/@moniiicamendoza/video/7639552753609510158
travel_scale,ttc:7641322606227014414,tt:7639552753609510158,automatic_lexical_match,https://www.tiktok.com/@moniiicamendoza/video/7639552753609510158
travel_scale,ttc:7662262591096816392,tt:7645168876275354900,automatic_lexical_match,https://www.tiktok.com/@elaandearth/video/7645168876275354900
travel_scale,igc:18120028000909457,ig:DdGrcfVCcso,automatic_lexical_match,https://www.instagram.com/p/DdGrcfVCcso/c/18120028000909457
travel_scale,igc:18213596230352358,ig:DbopI80TuC2,automatic_lexical_match,https://www.instagram.com/p/DbopI80TuC2/c/18213596230352358
travel_scale,igc:18017171333923352,ig:DcwKBp-zayN,automatic_lexical_match,https://www.instagram.com/p/DcwKBp-zayN/c/18017171333923352
travel_scale,igc:18016427729723565,ig:Db6dZHTo6JM,automatic_lexical_match,https://www.instagram.com/p/Db6dZHTo6JM/c/18016427729723565
travel_scale,igc:18129348985678786,ig:Db6dZHTo6JM,automatic_lexical_match,https://www.instagram.com/p/Db6dZHTo6JM/c/18129348985678786
travel_scale,igc:17898381735663910,ig:DdHBGQiK7Ee,automatic_lexical_match,https://www.instagram.com/p/DdHBGQiK7Ee/c/17898381735663910
travel_scale,igc:18074384027419797,ig:DdHBGQiK7Ee,automatic_lexical_match,https://www.instagram.com/p/DdHBGQiK7Ee/c/18074384027419797
travel_scale,igc:18119996333512802,ig:DdHBGQiK7Ee,automatic_lexical_match,https://www.instagram.com/p/DdHBGQiK7Ee/c/18119996333512802
travel_scale,igc:18362614387242158,ig:DbopI80TuC2,automatic_lexical_match,https://www.instagram.com/p/DbopI80TuC2/c/18362614387242158
travel_scale,igc:18141811603576458,ig:Dc0_95Ust3q,automatic_lexical_match,https://www.instagram.com/p/Dc0_95Ust3q/c/18141811603576458
travel_scale,igc:18130203421736289,ig:Dc0_95Ust3q,automatic_lexical_match,https://www.instagram.com/p/Dc0_95Ust3q/c/18130203421736289
travel_scale,igc:18184481542416780,ig:Dc0_95Ust3q,automatic_lexical_match,https://www.instagram.com/p/Dc0_95Ust3q/c/18184481542416780
travel_scale,igc:18118078063933330,ig:Dc0_95Ust3q,automatic_lexical_match,https://www.instagram.com/p/Dc0_95Ust3q/c/18118078063933330
travel_scale,igc:17961511643980315,ig:DcwKBp-zayN,automatic_lexical_match,https://www.instagram.com/p/DcwKBp-zayN/c/17961511643980315
travel_scale,igc:17860111365575766,ig:DSCU3ANiWip,automatic_lexical_match,https://www.instagram.com/p/DSCU3ANiWip/c/17860111365575766
travel_scale,igc:18245091283310427,ig:Dc0_95Ust3q,automatic_lexical_match,https://www.instagram.com/p/Dc0_95Ust3q/c/18245091283310427
travel_scale,igc:18094477118539696,ig:Dc0_95Ust3q,automatic_lexical_match,https://www.instagram.com/p/Dc0_95Ust3q/c/18094477118539696
travel_scale,igc:18490856311098033,ig:Dc0_95Ust3q,automatic_lexical_match,https://www.instagram.com/p/Dc0_95Ust3q/c/18490856311098033
travel_scale,igc:18170094691401822,ig:DS5aU7XDv7U,automatic_lexical_match,https://www.instagram.com/p/DS5aU7XDv7U/c/18170094691401822
travel_scale,igc:17876604057489544,ig:DS5aU7XDv7U,automatic_lexical_match,https://www.instagram.com/p/DS5aU7XDv7U/c/17876604057489544
travel_scale,igc:18115185727990026,ig:Dcyea4RKmoi,automatic_lexical_match,https://www.instagram.com/p/Dcyea4RKmoi/c/18115185727990026
travel_scale,igc:18125877676757686,ig:Dc0_95Ust3q,automatic_lexical_match,https://www.instagram.com/p/Dc0_95Ust3q/c/18125877676757686
travel_scale,igc:18490106344099205,ig:Dc0_95Ust3q,automatic_lexical_match,https://www.instagram.com/p/Dc0_95Ust3q/c/18490106344099205
travel_scale,igc:18332064760256833,ig:Dc0_95Ust3q,automatic_lexical_match,https://www.instagram.com/p/Dc0_95Ust3q/c/18332064760256833
travel_scale,igc:18091791377305900,ig:Dc0_95Ust3q,automatic_lexical_match,https://www.instagram.com/p/Dc0_95Ust3q/c/18091791377305900
travel_scale,igc:18619492228046199,ig:Dc0_95Ust3q,automatic_lexical_match,https://www.instagram.com/p/Dc0_95Ust3q/c/18619492228046199
travel_scale,igc:18125601823814823,ig:Dc0_95Ust3q,automatic_lexical_match,https://www.instagram.com/p/Dc0_95Ust3q/c/18125601823814823
travel_scale,igc:18013209848747956,ig:Dc0_95Ust3q,automatic_lexical_match,https://www.instagram.com/p/Dc0_95Ust3q/c/18013209848747956
travel_scale,igc:17982248067066353,ig:Dc0_95Ust3q,automatic_lexical_match,https://www.instagram.com/p/Dc0_95Ust3q/c/17982248067066353
travel_scale,igc:18098127845042109,ig:Dc0_95Ust3q,automatic_lexical_match,https://www.instagram.com/p/Dc0_95Ust3q/c/18098127845042109
travel_scale,igc:18103512884617422,ig:Dc0_95Ust3q,automatic_lexical_match,https://www.instagram.com/p/Dc0_95Ust3q/c/18103512884617422
travel_scale,igc:18120079285905506,ig:Dc0_95Ust3q,automatic_lexical_match,https://www.instagram.com/p/Dc0_95Ust3q/c/18120079285905506
travel_scale,ttc:7683332961597850399,tt:7683317131148053791,automatic_lexical_match,https://www.tiktok.com/@britt.rae2/video/7683317131148053791
travel_scale,ttc:7681397350480413454,tt:7676869158180572438,automatic_lexical_match,https://www.tiktok.com/@iamsaraouardi/video/7676869158180572438
travel_scale,ttc:7677807039776080671,tt:7677722775099936030,automatic_lexical_match,https://www.tiktok.com/@erinmillerartistry/video/7677722775099936030
travel_scale,ttc:7683854468018570005,tt:7677722775099936030,automatic_lexical_match,https://www.tiktok.com/@erinmillerartistry/video/7677722775099936030
travel_scale,ttc:7683653897492071199,tt:7677722775099936030,automatic_lexical_match,https://www.tiktok.com/@erinmillerartistry/video/7677722775099936030
travel_scale,ttc:7683994540177195797,tt:7677722775099936030,automatic_lexical_match,https://www.tiktok.com/@erinmillerartistry/video/7677722775099936030
travel_scale,ttc:7682398738626757389,tt:7677722775099936030,automatic_lexical_match,https://www.tiktok.com/@erinmillerartistry/video/7677722775099936030
travel_scale,ttc:7678109113821414174,tt:7677722775099936030,automatic_lexical_match,https://www.tiktok.com/@erinmillerartistry/video/7677722775099936030
travel_scale,ttc:7677985117919216398,tt:7677722775099936030,automatic_lexical_match,https://www.tiktok.com/@erinmillerartistry/video/7677722775099936030
travel_scale,ttc:7670345495743398670,tt:7666796165639277846,automatic_lexical_match,https://www.tiktok.com/@iamsaraouardi/video/7666796165639277846
travel_scale,ttc:7678072183092740894,tt:7666796165639277846,automatic_lexical_match,https://www.tiktok.com/@iamsaraouardi/video/7666796165639277846
travel_scale,ttc:7678733165116097301,tt:7666796165639277846,automatic_lexical_match,https://www.tiktok.com/@iamsaraouardi/video/7666796165639277846
travel_scale,ttc:7670175589731271437,tt:7666796165639277846,automatic_lexical_match,https://www.tiktok.com/@iamsaraouardi/video/7666796165639277846
travel_scale,ttc:7572079041172554527,tt:7554098048394185997,automatic_lexical_match,https://www.tiktok.com/@skyleranneolson/video/7554098048394185997
travel_scale,ttc:7554138312132182814,tt:7554098048394185997,automatic_lexical_match,https://www.tiktok.com/@skyleranneolson/video/7554098048394185997
travel_scale,ttc:7554370650979730190,tt:7554098048394185997,automatic_lexical_match,https://www.tiktok.com/@skyleranneolson/video/7554098048394185997
travel_scale,ttc:7584439736950276895,tt:7554098048394185997,automatic_lexical_match,https://www.tiktok.com/@skyleranneolson/video/7554098048394185997
travel_scale,ttc:7554395790639678239,tt:7554098048394185997,automatic_lexical_match,https://www.tiktok.com/@skyleranneolson/video/7554098048394185997
travel_scale,ttc:7554398782278058782,tt:7554098048394185997,automatic_lexical_match,https://www.tiktok.com/@skyleranneolson/video/7554098048394185997
travel_scale,ttc:7554919777803404045,tt:7554098048394185997,automatic_lexical_match,https://www.tiktok.com/@skyleranneolson/video/7554098048394185997
travel_scale,ttc:7555151745811759903,tt:7554098048394185997,automatic_lexical_match,https://www.tiktok.com/@skyleranneolson/video/7554098048394185997
travel_scale,ttc:7554233178824475406,tt:7554098048394185997,automatic_lexical_match,https://www.tiktok.com/@skyleranneolson/video/7554098048394185997
travel_scale,ttc:7554217436724740919,tt:7554098048394185997,automatic_lexical_match,https://www.tiktok.com/@skyleranneolson/video/7554098048394185997
travel_scale,ttc:7557395870460199693,tt:7554098048394185997,automatic_lexical_match,https://www.tiktok.com/@skyleranneolson/video/7554098048394185997
travel_scale,ttc:7589124924954919735,tt:7554098048394185997,automatic_lexical_match,https://www.tiktok.com/@skyleranneolson/video/7554098048394185997
travel_scale,ttc:7680739798504031007,tt:7676645924118007070,automatic_lexical_match,https://www.tiktok.com/@britt.rae2/video/7676645924118007070
travel_scale,ttc:7677991368438547214,tt:7677722775099936030,automatic_lexical_match,https://www.tiktok.com/@erinmillerartistry/video/7677722775099936030
travel_scale,ttc:7678747590242140948,tt:7670290170209438989,automatic_lexical_match,https://www.tiktok.com/@jessicanlinn/video/7670290170209438989
travel_scale,ttc:7603984410861896462,tt:7555972915817237773,automatic_lexical_match,https://www.tiktok.com/@skyleranneolson/video/7555972915817237773
travel_scale,ttc:7556057703488979725,tt:7555972915817237773,automatic_lexical_match,https://www.tiktok.com/@skyleranneolson/video/7555972915817237773
travel_scale,ttc:7556422791600767799,tt:7555972915817237773,automatic_lexical_match,https://www.tiktok.com/@skyleranneolson/video/7555972915817237773
travel_scale,ttc:7556255810969977655,tt:7555972915817237773,automatic_lexical_match,https://www.tiktok.com/@skyleranneolson/video/7555972915817237773
travel_scale,ttc:7556039438184350495,tt:7555972915817237773,automatic_lexical_match,https://www.tiktok.com/@skyleranneolson/video/7555972915817237773
travel_scale,ttc:7593559397940495118,tt:7555972915817237773,automatic_lexical_match,https://www.tiktok.com/@skyleranneolson/video/7555972915817237773
travel_scale,ttc:7557637219550561031,tt:7555972915817237773,automatic_lexical_match,https://www.tiktok.com/@skyleranneolson/video/7555972915817237773
travel_scale,ttc:7557770352748610315,tt:7555972915817237773,automatic_lexical_match,https://www.tiktok.com/@skyleranneolson/video/7555972915817237773
travel_scale,ttc:7574113802523329310,tt:7555972915817237773,automatic_lexical_match,https://www.tiktok.com/@skyleranneolson/video/7555972915817237773
travel_scale,ttc:7555991773228008223,tt:7555972915817237773,automatic_lexical_match,https://www.tiktok.com/@skyleranneolson/video/7555972915817237773
travel_scale,ttc:7556997279292195615,tt:7555972915817237773,automatic_lexical_match,https://www.tiktok.com/@skyleranneolson/video/7555972915817237773
travel_scale,ttc:7561139508557873933,tt:7555972915817237773,automatic_lexical_match,https://www.tiktok.com/@skyleranneolson/video/7555972915817237773
travel_scale,ttc:7556033270259270414,tt:7555972915817237773,automatic_lexical_match,https://www.tiktok.com/@skyleranneolson/video/7555972915817237773
travel_scale,ttc:7586961138466980663,tt:7555972915817237773,automatic_lexical_match,https://www.tiktok.com/@skyleranneolson/video/7555972915817237773
travel_scale,ttc:7560552487452869407,tt:7555972915817237773,automatic_lexical_match,https://www.tiktok.com/@skyleranneolson/video/7555972915817237773
travel_scale,ttc:7569581542411469579,tt:7555972915817237773,automatic_lexical_match,https://www.tiktok.com/@skyleranneolson/video/7555972915817237773
travel_scale,ttc:7556655177467953951,tt:7555972915817237773,automatic_lexical_match,https://www.tiktok.com/@skyleranneolson/video/7555972915817237773
travel_scale,ttc:7681850157449495310,tt:7555972915817237773,automatic_lexical_match,https://www.tiktok.com/@skyleranneolson/video/7555972915817237773
travel_scale,ttc:7601758854133809951,tt:7555972915817237773,automatic_lexical_match,https://www.tiktok.com/@skyleranneolson/video/7555972915817237773
travel_scale,ttc:7589125158452626231,tt:7555972915817237773,automatic_lexical_match,https://www.tiktok.com/@skyleranneolson/video/7555972915817237773
travel_scale,ttc:7586133820655567636,tt:7555972915817237773,automatic_lexical_match,https://www.tiktok.com/@skyleranneolson/video/7555972915817237773
travel_scale,ttc:7557790772360856321,tt:7555972915817237773,automatic_lexical_match,https://www.tiktok.com/@skyleranneolson/video/7555972915817237773
travel_scale,ttc:7582796717536445215,tt:7555972915817237773,automatic_lexical_match,https://www.tiktok.com/@skyleranneolson/video/7555972915817237773
travel_scale,ttc:7557779780302717704,tt:7555972915817237773,automatic_lexical_match,https://www.tiktok.com/@skyleranneolson/video/7555972915817237773
travel_scale,ttc:7556433289511797534,tt:7555972915817237773,automatic_lexical_match,https://www.tiktok.com/@skyleranneolson/video/7555972915817237773
travel_scale,ttc:7564609852815950622,tt:7555972915817237773,automatic_lexical_match,https://www.tiktok.com/@skyleranneolson/video/7555972915817237773
travel_scale,ttc:7560050705483481864,tt:7555972915817237773,automatic_lexical_match,https://www.tiktok.com/@skyleranneolson/video/7555972915817237773
travel_scale,ttc:7559055139216392990,tt:7555972915817237773,automatic_lexical_match,https://www.tiktok.com/@skyleranneolson/video/7555972915817237773
travel_scale,ttc:7681940280480924447,tt:7677722775099936030,automatic_lexical_match,https://www.tiktok.com/@erinmillerartistry/video/7677722775099936030
travel_scale,ttc:7662643502001619719,tt:7652535489613909262,automatic_lexical_match,https://www.tiktok.com/@drews_view22/video/7652535489613909262
travel_scale,ttc:7519680900478944030,tt:7519185501526543647,automatic_lexical_match,https://www.tiktok.com/@selfmade8999/video/7519185501526543647
travel_scale,ttc:7412194079179604768,tt:7412155936476826913,automatic_lexical_match,https://www.tiktok.com/@gabriellaluxurymum/video/7412155936476826913
travel_scale,ttc:7678084452607427342,tt:7677722775099936030,automatic_lexical_match,https://www.tiktok.com/@erinmillerartistry/video/7677722775099936030
travel_scale,ttc:7678411843249980190,tt:7677722775099936030,automatic_lexical_match,https://www.tiktok.com/@erinmillerartistry/video/7677722775099936030
travel_scale,ttc:7683201030410863382,tt:7682857812308790550,automatic_lexical_match,https://www.tiktok.com/@josayzso/video/7682857812308790550
travel_scale,ttc:7556516909359121182,tt:7555972915817237773,automatic_lexical_match,https://www.tiktok.com/@skyleranneolson/video/7555972915817237773
travel_scale,ttc:7559327969497121567,tt:7555972915817237773,automatic_lexical_match,https://www.tiktok.com/@skyleranneolson/video/7555972915817237773
travel_scale,ttc:7557537441420428062,tt:7555972915817237773,automatic_lexical_match,https://www.tiktok.com/@skyleranneolson/video/7555972915817237773
travel_scale,ttc:7566082582866166548,tt:7555972915817237773,automatic_lexical_match,https://www.tiktok.com/@skyleranneolson/video/7555972915817237773
travel_scale,ttc:7556247389653500686,tt:7555972915817237773,automatic_lexical_match,https://www.tiktok.com/@skyleranneolson/video/7555972915817237773
travel_scale,ttc:7557864264573846286,tt:7555972915817237773,automatic_lexical_match,https://www.tiktok.com/@skyleranneolson/video/7555972915817237773
travel_scale,ttc:7556038229225784095,tt:7555972915817237773,automatic_lexical_match,https://www.tiktok.com/@skyleranneolson/video/7555972915817237773
travel_scale,ttc:7556064979122144030,tt:7555972915817237773,automatic_lexical_match,https://www.tiktok.com/@skyleranneolson/video/7555972915817237773
travel_scale,ttc:7556679603277546271,tt:7555972915817237773,automatic_lexical_match,https://www.tiktok.com/@skyleranneolson/video/7555972915817237773
travel_scale,ttc:7558930599470170935,tt:7555972915817237773,automatic_lexical_match,https://www.tiktok.com/@skyleranneolson/video/7555972915817237773
travel_scale,ttc:7560769042145280785,tt:7555972915817237773,automatic_lexical_match,https://www.tiktok.com/@skyleranneolson/video/7555972915817237773
travel_scale,ttc:7575328037174248210,tt:7555972915817237773,automatic_lexical_match,https://www.tiktok.com/@skyleranneolson/video/7555972915817237773
travel_scale,ttc:7574028698526008094,tt:7555972915817237773,automatic_lexical_match,https://www.tiktok.com/@skyleranneolson/video/7555972915817237773
travel_scale,ttc:7573568362170942263,tt:7555972915817237773,automatic_lexical_match,https://www.tiktok.com/@skyleranneolson/video/7555972915817237773
travel_scale,ttc:7576140595337888543,tt:7555972915817237773,automatic_lexical_match,https://www.tiktok.com/@skyleranneolson/video/7555972915817237773
travel_scale,ttc:7559337379245490957,tt:7555972915817237773,automatic_lexical_match,https://www.tiktok.com/@skyleranneolson/video/7555972915817237773
travel_scale,ttc:7660999251938673438,tt:7660723867878493454,automatic_lexical_match,https://www.tiktok.com/@flippingfarrell/video/7660723867878493454
travel_scale,ttc:7412183427991995169,tt:7412155936476826913,automatic_lexical_match,https://www.tiktok.com/@gabriellaluxurymum/video/7412155936476826913
travel_scale,ttc:7677738140107604766,tt:7677722775099936030,automatic_lexical_match,https://www.tiktok.com/@erinmillerartistry/video/7677722775099936030
travel_scale,ttc:7678018754890990349,tt:7677722775099936030,automatic_lexical_match,https://www.tiktok.com/@erinmillerartistry/video/7677722775099936030
travel_scale,ttc:7678101645066027807,tt:7677722775099936030,automatic_lexical_match,https://www.tiktok.com/@erinmillerartistry/video/7677722775099936030
travel_scale,igc:18037570523804346,ig:DVyUAw8FDKj,automatic_lexical_match,https://www.instagram.com/p/DVyUAw8FDKj/
travel_scale,igc:18592084576006876,ig:DVyUAw8FDKj,automatic_lexical_match,https://www.instagram.com/p/DVyUAw8FDKj/
travel_scale,igc:18533032525073707,ig:DVyUAw8FDKj,automatic_lexical_match,https://www.instagram.com/p/DVyUAw8FDKj/
travel_scale,igc:17964972639108747,ig:DVyUAw8FDKj,automatic_lexical_match,https://www.instagram.com/p/DVyUAw8FDKj/
travel_scale,igc:18103582069838314,ig:DVyUAw8FDKj,automatic_lexical_match,https://www.instagram.com/p/DVyUAw8FDKj/
travel_scale,igc:18090874946611448,ig:DVyUAw8FDKj,automatic_lexical_match,https://www.instagram.com/p/DVyUAw8FDKj/
travel_scale,igc:18092719964237245,ig:DVyUAw8FDKj,automatic_lexical_match,https://www.instagram.com/p/DVyUAw8FDKj/
travel_scale,igc:18313328224263452,ig:DVyUAw8FDKj,automatic_lexical_match,https://www.instagram.com/p/DVyUAw8FDKj/
travel_scale,igc:17952597699127065,ig:DVyUAw8FDKj,automatic_lexical_match,https://www.instagram.com/p/DVyUAw8FDKj/
travel_scale,igc:18112844314877676,ig:DVyUAw8FDKj,automatic_lexical_match,https://www.instagram.com/p/DVyUAw8FDKj/
travel_scale,igc:18014797844893690,ig:DVyUAw8FDKj,automatic_lexical_match,https://www.instagram.com/p/DVyUAw8FDKj/
travel_scale,igc:18211381780330316,ig:DVyUAw8FDKj,automatic_lexical_match,https://www.instagram.com/p/DVyUAw8FDKj/
travel_scale,igc:17877875331447310,ig:DVyUAw8FDKj,automatic_lexical_match,https://www.instagram.com/p/DVyUAw8FDKj/
travel_scale,igc:17874872481662154,ig:DVyUAw8FDKj,automatic_lexical_match,https://www.instagram.com/p/DVyUAw8FDKj/
travel_scale,igc:18168443998419708,ig:DVyUAw8FDKj,automatic_lexical_match,https://www.instagram.com/p/DVyUAw8FDKj/
travel_scale,igc:18018246068817994,ig:DVq8AlADT9e,automatic_lexical_match,https://www.instagram.com/p/DVq8AlADT9e/
travel_scale,igc:18063655076336532,ig:DVq8AlADT9e,automatic_lexical_match,https://www.instagram.com/p/DVq8AlADT9e/
travel_scale,igc:18056113952461808,ig:DVq8AlADT9e,automatic_lexical_match,https://www.instagram.com/p/DVq8AlADT9e/
travel_scale,igc:17917349358127042,ig:DVq8AlADT9e,automatic_lexical_match,https://www.instagram.com/p/DVq8AlADT9e/
travel_scale,igc:18100593358782196,ig:DWWgQIbjqbW,automatic_lexical_match,https://www.instagram.com/p/DWWgQIbjqbW/
travel_scale,igc:18071066849534374,ig:DWL_6qZDHSS,automatic_lexical_match,https://www.instagram.com/p/DWL_6qZDHSS/
travel_scale,igc:18121527298906873,ig:DWL_6qZDHSS,automatic_lexical_match,https://www.instagram.com/p/DWL_6qZDHSS/
travel_scale,igc:18195974755382719,ig:DWL_6qZDHSS,automatic_lexical_match,https://www.instagram.com/p/DWL_6qZDHSS/
travel_scale,igc:18006216542988071,ig:DWL_6qZDHSS,automatic_lexical_match,https://www.instagram.com/p/DWL_6qZDHSS/
travel_scale,igc:18046572182819398,ig:DWL_6qZDHSS,automatic_lexical_match,https://www.instagram.com/p/DWL_6qZDHSS/
travel_scale,igc:17996604707810603,ig:DWL_6qZDHSS,automatic_lexical_match,https://www.instagram.com/p/DWL_6qZDHSS/
travel_scale,igc:17887685631674558,ig:DWL_6qZDHSS,automatic_lexical_match,https://www.instagram.com/p/DWL_6qZDHSS/
travel_scale,igc:18224602075336161,ig:DWL_6qZDHSS,automatic_lexical_match,https://www.instagram.com/p/DWL_6qZDHSS/
travel_scale,igc:18454945300138104,ig:DWL_6qZDHSS,automatic_lexical_match,https://www.instagram.com/p/DWL_6qZDHSS/
travel_scale,igc:18441511111192271,ig:DWL_6qZDHSS,automatic_lexical_match,https://www.instagram.com/p/DWL_6qZDHSS/
travel_scale,igc:18461992048114964,ig:DWL_6qZDHSS,automatic_lexical_match,https://www.instagram.com/p/DWL_6qZDHSS/
travel_scale,igc:17906254431462791,ig:DWL_6qZDHSS,automatic_lexical_match,https://www.instagram.com/p/DWL_6qZDHSS/
travel_scale,igc:18060132368773899,ig:DWL_6qZDHSS,automatic_lexical_match,https://www.instagram.com/p/DWL_6qZDHSS/
travel_scale,igc:17915902908410910,ig:DWL_6qZDHSS,automatic_lexical_match,https://www.instagram.com/p/DWL_6qZDHSS/
travel_scale,igc:18342250540215455,ig:DVg_eObkZEm,automatic_lexical_match,https://www.instagram.com/p/DVg_eObkZEm/
travel_scale,igc:17883082695517687,ig:DVj3D_9AWFG,automatic_lexical_match,https://www.instagram.com/p/DVj3D_9AWFG/
travel_scale,igc:17905761309514398,ig:DVUtroaDre7,automatic_lexical_match,https://www.instagram.com/p/DVUtroaDre7/
travel_scale,igc:18112383974052304,ig:DVUtroaDre7,automatic_lexical_match,https://www.instagram.com/p/DVUtroaDre7/
travel_scale,igc:18226080679323612,ig:DVUtroaDre7,automatic_lexical_match,https://www.instagram.com/p/DVUtroaDre7/
travel_scale,igc:18120122836888335,ig:DVUtroaDre7,automatic_lexical_match,https://www.instagram.com/p/DVUtroaDre7/
travel_scale,igc:17910510240234212,ig:DVUtroaDre7,automatic_lexical_match,https://www.instagram.com/p/DVUtroaDre7/
travel_scale,igc:18529413949073186,ig:DVUtroaDre7,automatic_lexical_match,https://www.instagram.com/p/DVUtroaDre7/
travel_scale,igc:18064019498475586,ig:DVUtroaDre7,automatic_lexical_match,https://www.instagram.com/p/DVUtroaDre7/
travel_scale,igc:18050203529769682,ig:DVUtroaDre7,automatic_lexical_match,https://www.instagram.com/p/DVUtroaDre7/
travel_scale,igc:17890889670510223,ig:DVUtroaDre7,automatic_lexical_match,https://www.instagram.com/p/DVUtroaDre7/
travel_scale,igc:18093126962194873,ig:DVUtroaDre7,automatic_lexical_match,https://www.instagram.com/p/DVUtroaDre7/
travel_scale,igc:18078456314221980,ig:DVUtroaDre7,automatic_lexical_match,https://www.instagram.com/p/DVUtroaDre7/
travel_scale,igc:18015342680839208,ig:DVUtroaDre7,automatic_lexical_match,https://www.instagram.com/p/DVUtroaDre7/
travel_scale,igc:18142146196516842,ig:DVUtroaDre7,automatic_lexical_match,https://www.instagram.com/p/DVUtroaDre7/
travel_scale,igc:17977504283861995,ig:DVUtroaDre7,automatic_lexical_match,https://www.instagram.com/p/DVUtroaDre7/
travel_scale,igc:17936782293248738,ig:DVUtroaDre7,automatic_lexical_match,https://www.instagram.com/p/DVUtroaDre7/
travel_scale,igc:17913192381382005,ig:DVoHTY4DnkB,automatic_lexical_match,https://www.instagram.com/p/DVoHTY4DnkB/
travel_scale,igc:17927075088312602,ig:DVoHTY4DnkB,automatic_lexical_match,https://www.instagram.com/p/DVoHTY4DnkB/
travel_scale,igc:17976565487862014,ig:DVoHTY4DnkB,automatic_lexical_match,https://www.instagram.com/p/DVoHTY4DnkB/
travel_scale,igc:18109327426804307,ig:DVoHTY4DnkB,automatic_lexical_match,https://www.instagram.com/p/DVoHTY4DnkB/
travel_scale,igc:18121008475653960,ig:DVoHTY4DnkB,automatic_lexical_match,https://www.instagram.com/p/DVoHTY4DnkB/
travel_scale,igc:17853333309676500,ig:DVZVvabjM54,automatic_lexical_match,https://www.instagram.com/p/DVZVvabjM54/
travel_scale,igc:17946901164308319,ig:DdC2wrsijmP,automatic_lexical_match,https://www.instagram.com/p/DdC2wrsijmP/
travel_scale,igc:18404245885093086,ig:DcybQ_uOUm3,automatic_lexical_match,https://www.instagram.com/p/DcybQ_uOUm3/
travel_scale,igc:18090983957243480,ig:DdHRsZ5ubNp,automatic_lexical_match,https://www.instagram.com/p/DdHRsZ5ubNp/
travel_scale,igc:18008046101963845,ig:DdHRsZ5ubNp,automatic_lexical_match,https://www.instagram.com/p/DdHRsZ5ubNp/
travel_scale,igc:18025733267889663,ig:DcEYnzZsxCL,automatic_lexical_match,https://www.instagram.com/p/DcEYnzZsxCL/
travel_scale,igc:18033965687645240,ig:DbTu5aitYrC,automatic_lexical_match,https://www.instagram.com/p/DbTu5aitYrC/
travel_scale,igc:17951322456229010,ig:DbBxVV2RpQa,automatic_lexical_match,https://www.instagram.com/p/DbBxVV2RpQa/
travel_scale,igc:18088610825413424,ig:DbBxVV2RpQa,automatic_lexical_match,https://www.instagram.com/p/DbBxVV2RpQa/
travel_scale,igc:18109023682810822,ig:DbJ1doxxTni,automatic_lexical_match,https://www.instagram.com/p/DbJ1doxxTni/
travel_scale,igc:18148492828533176,ig:DcW5JhSS7k_,automatic_lexical_match,https://www.instagram.com/p/DcW5JhSS7k_/
travel_scale,igc:18107212796144048,ig:DcW5JhSS7k_,automatic_lexical_match,https://www.instagram.com/p/DcW5JhSS7k_/
travel_scale,igc:18121125298921522,ig:DdHjWExPP-i,automatic_lexical_match,https://www.instagram.com/p/DdHjWExPP-i/
travel_scale,igc:18059406038771292,ig:DbB_dAghL2v,automatic_lexical_match,https://www.instagram.com/p/DbB_dAghL2v/
travel_scale,igc:18393991501201930,ig:Dc6d5wrOmmZ,automatic_lexical_match,https://www.instagram.com/p/Dc6d5wrOmmZ/
travel_scale,igc:18091364276616191,ig:C-F0zs5IPRE,automatic_lexical_match,https://www.instagram.com/p/C-F0zs5IPRE/
travel_scale,igc:18091862414640162,ig:DcbPPiQqe_s,automatic_lexical_match,https://www.instagram.com/p/DcbPPiQqe_s/
travel_scale,igc:17862895059640055,ig:DaTlpabx8aY,automatic_lexical_match,https://www.instagram.com/p/DaTlpabx8aY/
travel_scale,igc:18103343771248525,ig:DdHfBIVOeaq,automatic_lexical_match,https://www.instagram.com/p/DdHfBIVOeaq/
travel_scale,igc:17905408338326962,ig:DdHfBIVOeaq,automatic_lexical_match,https://www.instagram.com/p/DdHfBIVOeaq/
travel_scale,igc:18090655862427647,ig:DdHfBIVOeaq,automatic_lexical_match,https://www.instagram.com/p/DdHfBIVOeaq/
travel_scale,igc:18133799263634962,ig:DdHfBIVOeaq,automatic_lexical_match,https://www.instagram.com/p/DdHfBIVOeaq/
travel_scale,igc:18121953575511024,ig:DdHfBIVOeaq,automatic_lexical_match,https://www.instagram.com/p/DdHfBIVOeaq/
travel_scale,igc:18441939397126826,ig:DdHfBIVOeaq,automatic_lexical_match,https://www.instagram.com/p/DdHfBIVOeaq/
travel_scale,igc:18146974024551618,ig:DdHfBIVOeaq,automatic_lexical_match,https://www.instagram.com/p/DdHfBIVOeaq/
travel_scale,igc:18130219165673524,ig:DdHfBIVOeaq,automatic_lexical_match,https://www.instagram.com/p/DdHfBIVOeaq/
travel_scale,igc:17908104975533330,ig:DdHe6houaqJ,automatic_lexical_match,https://www.instagram.com/p/DdHe6houaqJ/
travel_scale,igc:18103817392970961,ig:DdHe6houaqJ,automatic_lexical_match,https://www.instagram.com/p/DdHe6houaqJ/
travel_scale,igc:17912672439462019,ig:DdHe6houaqJ,automatic_lexical_match,https://www.instagram.com/p/DdHe6houaqJ/
travel_scale,igc:18406142005088989,ig:DcMRIZquFvf,automatic_lexical_match,https://www.instagram.com/p/DcMRIZquFvf/
travel_scale,igc:17862614694677214,ig:Dc5gmt-zDzR,automatic_lexical_match,https://www.instagram.com/p/Dc5gmt-zDzR/
travel_scale,igc:18104274215225181,ig:DcKi1vUzmJ7,automatic_lexical_match,https://www.instagram.com/p/DcKi1vUzmJ7/
travel_scale,igc:18103532729228848,ig:DcWKfE4uRaB,automatic_lexical_match,https://www.instagram.com/p/DcWKfE4uRaB/
travel_scale,igc:17962315632195497,ig:DctmVKyBzzd,automatic_lexical_match,https://www.instagram.com/p/DctmVKyBzzd/
travel_scale,igc:18093426794639218,ig:DctmVKyBzzd,automatic_lexical_match,https://www.instagram.com/p/DctmVKyBzzd/
travel_scale,igc:17904793263517643,ig:DctmVKyBzzd,automatic_lexical_match,https://www.instagram.com/p/DctmVKyBzzd/
travel_scale,igc:18376695976236376,ig:DctmVKyBzzd,automatic_lexical_match,https://www.instagram.com/p/DctmVKyBzzd/
travel_scale,igc:17987613426055186,ig:DctmVKyBzzd,automatic_lexical_match,https://www.instagram.com/p/DctmVKyBzzd/
travel_scale,igc:18145554469547109,ig:DctmVKyBzzd,automatic_lexical_match,https://www.instagram.com/p/DctmVKyBzzd/
travel_scale,igc:18074420333413104,ig:DctmVKyBzzd,automatic_lexical_match,https://www.instagram.com/p/DctmVKyBzzd/
travel_scale,igc:17986735500059836,ig:DctmVKyBzzd,automatic_lexical_match,https://www.instagram.com/p/DctmVKyBzzd/
travel_scale,igc:17904565719515036,ig:DctmVKyBzzd,automatic_lexical_match,https://www.instagram.com/p/DctmVKyBzzd/
travel_scale,igc:18123887761634600,ig:DctmVKyBzzd,automatic_lexical_match,https://www.instagram.com/p/DctmVKyBzzd/
travel_scale,igc:18108349499118722,ig:Dbq5AplRRSA,automatic_lexical_match,https://www.instagram.com/p/Dbq5AplRRSA/
gifting,ttc:7652857751300801302,tt:7652379521559137566,analyst_inspected_anchor,https://www.tiktok.com/@imjustbarbs/video/7652379521559137566
gifting,igc:18368032459243398,ig:DcUFBAQPLts,analyst_inspected_anchor,https://www.instagram.com/p/DcUFBAQPLts/c/18368032459243398
gifting,igc:18046041050572605,ig:DZf-NuYgpG-,analyst_inspected_anchor,https://www.instagram.com/p/DZf-NuYgpG-/c/18046041050572605
gifting,igc:18156447925504459,ig:DcRsKHHBW45,automatic_lexical_match,https://www.instagram.com/p/DcRsKHHBW45/c/18156447925504459
gifting,igc:18368032459243398,ig:DcUFBAQPLts,automatic_lexical_match,https://www.instagram.com/p/DcUFBAQPLts/c/18368032459243398
gifting,igc:17899347555375407,ig:DcRsKHHBW45,automatic_lexical_match,https://www.instagram.com/p/DcRsKHHBW45/c/17899347555375407
gifting,igc:18046041050572605,ig:DZf-NuYgpG-,automatic_lexical_match,https://www.instagram.com/p/DZf-NuYgpG-/c/18046041050572605
gifting,igc:17858649999680011,ig:DbEHV44MYoJ,automatic_lexical_match,https://www.instagram.com/p/DbEHV44MYoJ/c/17858649999680011
gifting,igc:18007795979975277,ig:DcluoTsM_lV,automatic_lexical_match,https://www.instagram.com/p/DcluoTsM_lV/c/18007795979975277
gifting,igc:18093898580555028,ig:DcoJLhqiTkB,automatic_lexical_match,https://www.instagram.com/p/DcoJLhqiTkB/c/18093898580555028
gifting,igc:18122587939548612,ig:DSLgtUIkmC4,automatic_lexical_match,https://www.instagram.com/p/DSLgtUIkmC4/c/18122587939548612
gifting,igc:18108755965627709,ig:DSLgtUIkmC4,automatic_lexical_match,https://www.instagram.com/p/DSLgtUIkmC4/c/18108755965627709
gifting,ttc:7654693359097643794,tt:7493277078276640031,automatic_lexical_match,https://www.tiktok.com/@steffieinthecity/video/7493277078276640031
gifting,ttc:7589089976467129101,tt:7589057437001420062,automatic_lexical_match,https://www.tiktok.com/@hothealthywealthyandwise/video/7589057437001420062
gifting,ttc:7589357427226346295,tt:7589057437001420062,automatic_lexical_match,https://www.tiktok.com/@hothealthywealthyandwise/video/7589057437001420062
gifting,ttc:7620960111507784470,tt:7620834527749033238,automatic_lexical_match,https://www.tiktok.com/@lucyhitchcock/video/7620834527749033238
gifting,ttc:7643674078537270036,tt:7620834527749033238,automatic_lexical_match,https://www.tiktok.com/@lucyhitchcock/video/7620834527749033238
gifting,ttc:7652857751300801302,tt:7652379521559137566,automatic_lexical_match,https://www.tiktok.com/@imjustbarbs/video/7652379521559137566
gifting,ttc:7682070730075767566,tt:7666796165639277846,automatic_lexical_match,https://www.tiktok.com/@iamsaraouardi/video/7666796165639277846
gifting,ttc:7563699958391341855,tt:7555972915817237773,automatic_lexical_match,https://www.tiktok.com/@skyleranneolson/video/7555972915817237773
gifting,ttc:7677780441407423245,tt:7677722775099936030,automatic_lexical_match,https://www.tiktok.com/@erinmillerartistry/video/7677722775099936030
gifting,igc:18272082970292535,ig:DS4_C9IDmw5,automatic_lexical_match,https://www.instagram.com/p/DS4_C9IDmw5/
purchase_trigger,igc:18114321833006180,ig:Dcgl2JFNPPf,analyst_inspected_anchor,https://www.instagram.com/p/Dcgl2JFNPPf/c/18114321833006180
purchase_trigger,igc:18124446868802964,ig:Dcgl2JFNPPf,analyst_inspected_anchor,https://www.instagram.com/p/Dcgl2JFNPPf/c/18124446868802964
purchase_trigger,ttc:7527074752147587895,tt:7527006509264276766,analyst_inspected_anchor,https://www.tiktok.com/@michelletimestwo/video/7527006509264276766
purchase_trigger,igc:18104782088124895,ig:Dax_hKCgyw-,automatic_lexical_match,https://www.instagram.com/p/Dax_hKCgyw-/c/18104782088124895
purchase_trigger,igc:18092068880552084,ig:DcOkDmFOC7I,automatic_lexical_match,https://www.instagram.com/p/DcOkDmFOC7I/c/18092068880552084
purchase_trigger,igc:18076145735415791,ig:DaQtCPki27D,automatic_lexical_match,https://www.instagram.com/p/DaQtCPki27D/c/18076145735415791
purchase_trigger,igc:17936025642316776,ig:DaQtCPki27D,automatic_lexical_match,https://www.instagram.com/p/DaQtCPki27D/c/17936025642316776
purchase_trigger,igc:17937749460101049,ig:DcgfD_ejl4-,automatic_lexical_match,https://www.instagram.com/p/DcgfD_ejl4-/c/17937749460101049
purchase_trigger,igc:18183024139403483,ig:Da5fM5dlSOK,automatic_lexical_match,https://www.instagram.com/p/Da5fM5dlSOK/c/18183024139403483
purchase_trigger,igc:18334793056249047,ig:DDXIojFNwC4,automatic_lexical_match,https://www.instagram.com/p/DDXIojFNwC4/c/18334793056249047
purchase_trigger,igc:18085326587174115,ig:DDXIojFNwC4,automatic_lexical_match,https://www.instagram.com/p/DDXIojFNwC4/c/18085326587174115
purchase_trigger,igc:17938868831981723,ig:DPHU8A_D5Xt,automatic_lexical_match,https://www.instagram.com/p/DPHU8A_D5Xt/c/17938868831981723
purchase_trigger,igc:18094937147375384,ig:DaAQeKXMGaz,automatic_lexical_match,https://www.instagram.com/p/DaAQeKXMGaz/c/18094937147375384
purchase_trigger,igc:18109954274068118,ig:DaAQeKXMGaz,automatic_lexical_match,https://www.instagram.com/p/DaAQeKXMGaz/c/18109954274068118
purchase_trigger,igc:18111714523777880,ig:DU9KqzjDH7Y,automatic_lexical_match,https://www.instagram.com/p/DU9KqzjDH7Y/c/18111714523777880
purchase_trigger,igc:17954208795215848,ig:DR1QtjoAEn-,automatic_lexical_match,https://www.instagram.com/p/DR1QtjoAEn-/c/17954208795215848
purchase_trigger,igc:18211317385357203,ig:DcgfD_ejl4-,automatic_lexical_match,https://www.instagram.com/p/DcgfD_ejl4-/c/18211317385357203
purchase_trigger,igc:18327378439286287,ig:DDXIojFNwC4,automatic_lexical_match,https://www.instagram.com/p/DDXIojFNwC4/c/18327378439286287
purchase_trigger,igc:18055499906375015,ig:DDXIojFNwC4,automatic_lexical_match,https://www.instagram.com/p/DDXIojFNwC4/c/18055499906375015
purchase_trigger,igc:18346145746169323,ig:Dax_hKCgyw-,automatic_lexical_match,https://www.instagram.com/p/Dax_hKCgyw-/c/18346145746169323
purchase_trigger,igc:18134637673628473,ig:Da7-1Qcgcb3,automatic_lexical_match,https://www.instagram.com/p/Da7-1Qcgcb3/c/18134637673628473
purchase_trigger,igc:18009364880746712,ig:DbIhkWAMEWB,automatic_lexical_match,https://www.instagram.com/p/DbIhkWAMEWB/c/18009364880746712
purchase_trigger,igc:18102872855618154,ig:DSWB_i_ALqB,automatic_lexical_match,https://www.instagram.com/p/DSWB_i_ALqB/c/18102872855618154
purchase_trigger,igc:18113438309078879,ig:DSWB_i_ALqB,automatic_lexical_match,https://www.instagram.com/p/DSWB_i_ALqB/c/18113438309078879
purchase_trigger,igc:18045644948813122,ig:DSWB_i_ALqB,automatic_lexical_match,https://www.instagram.com/p/DSWB_i_ALqB/c/18045644948813122
purchase_trigger,igc:17905472859321146,ig:DSWB_i_ALqB,automatic_lexical_match,https://www.instagram.com/p/DSWB_i_ALqB/c/17905472859321146
purchase_trigger,igc:17903689353483653,ig:DSWB_i_ALqB,automatic_lexical_match,https://www.instagram.com/p/DSWB_i_ALqB/c/17903689353483653
purchase_trigger,igc:18116658047295103,ig:DSWB_i_ALqB,automatic_lexical_match,https://www.instagram.com/p/DSWB_i_ALqB/c/18116658047295103
purchase_trigger,igc:18121783534864436,ig:DR1QtjoAEn-,automatic_lexical_match,https://www.instagram.com/p/DR1QtjoAEn-/c/18121783534864436
purchase_trigger,igc:17969945553132385,ig:DR1QtjoAEn-,automatic_lexical_match,https://www.instagram.com/p/DR1QtjoAEn-/c/17969945553132385
purchase_trigger,igc:18116066791912853,ig:DYwfKoko68c,automatic_lexical_match,https://www.instagram.com/p/DYwfKoko68c/c/18116066791912853
purchase_trigger,igc:18199723096348937,ig:DXl_DTBDdWj,automatic_lexical_match,https://www.instagram.com/p/DXl_DTBDdWj/c/18199723096348937
purchase_trigger,igc:17990959937825087,ig:DU9KqzjDH7Y,automatic_lexical_match,https://www.instagram.com/p/DU9KqzjDH7Y/c/17990959937825087
purchase_trigger,igc:18611602135025189,ig:DU9KqzjDH7Y,automatic_lexical_match,https://www.instagram.com/p/DU9KqzjDH7Y/c/18611602135025189
purchase_trigger,igc:18368872042158676,ig:DPG9kZ5kZWk,automatic_lexical_match,https://www.instagram.com/p/DPG9kZ5kZWk/c/18368872042158676
purchase_trigger,igc:17916083193034353,ig:DDXIojFNwC4,automatic_lexical_match,https://www.instagram.com/p/DDXIojFNwC4/c/17916083193034353
purchase_trigger,igc:17908040670467172,ig:DcgfD_ejl4-,automatic_lexical_match,https://www.instagram.com/p/DcgfD_ejl4-/c/17908040670467172
purchase_trigger,igc:18009335396954162,ig:DcgfD_ejl4-,automatic_lexical_match,https://www.instagram.com/p/DcgfD_ejl4-/c/18009335396954162
purchase_trigger,igc:18084921626267694,ig:DcgfD_ejl4-,automatic_lexical_match,https://www.instagram.com/p/DcgfD_ejl4-/c/18084921626267694
purchase_trigger,igc:18069553400352299,ig:DZOsGdmMppU,automatic_lexical_match,https://www.instagram.com/p/DZOsGdmMppU/c/18069553400352299
purchase_trigger,igc:18107526293010575,ig:DaAQeKXMGaz,automatic_lexical_match,https://www.instagram.com/p/DaAQeKXMGaz/c/18107526293010575
purchase_trigger,igc:18111118330952874,ig:Db9QfF-zVhz,automatic_lexical_match,https://www.instagram.com/p/Db9QfF-zVhz/c/18111118330952874
purchase_trigger,igc:18029167304850088,ig:DSWB_i_ALqB,automatic_lexical_match,https://www.instagram.com/p/DSWB_i_ALqB/c/18029167304850088
purchase_trigger,igc:18128247940676146,ig:DSWB_i_ALqB,automatic_lexical_match,https://www.instagram.com/p/DSWB_i_ALqB/c/18128247940676146
purchase_trigger,igc:18011896826940258,ig:DSWB_i_ALqB,automatic_lexical_match,https://www.instagram.com/p/DSWB_i_ALqB/c/18011896826940258
purchase_trigger,igc:18093023951176327,ig:DcljDRyKTWR,automatic_lexical_match,https://www.instagram.com/p/DcljDRyKTWR/c/18093023951176327
purchase_trigger,igc:18236457169256046,ig:C7AKRw8Sy6U,automatic_lexical_match,https://www.instagram.com/p/C7AKRw8Sy6U/c/18236457169256046
purchase_trigger,igc:17903054859549368,ig:DZ53bCjhSh8,automatic_lexical_match,https://www.instagram.com/p/DZ53bCjhSh8/c/17903054859549368
purchase_trigger,igc:18088603025532848,ig:DU9KqzjDH7Y,automatic_lexical_match,https://www.instagram.com/p/DU9KqzjDH7Y/c/18088603025532848
purchase_trigger,igc:18017296964946395,ig:DX93093O4y2,automatic_lexical_match,https://www.instagram.com/p/DX93093O4y2/c/18017296964946395
purchase_trigger,igc:18095372834641044,ig:DX93093O4y2,automatic_lexical_match,https://www.instagram.com/p/DX93093O4y2/c/18095372834641044
purchase_trigger,igc:17937479889325941,ig:DaQtCPki27D,automatic_lexical_match,https://www.instagram.com/p/DaQtCPki27D/c/17937479889325941
purchase_trigger,igc:18114567497055864,ig:DcEudEWJgzk,automatic_lexical_match,https://www.instagram.com/p/DcEudEWJgzk/c/18114567497055864
purchase_trigger,igc:18100288025239380,ig:C6tk06ngawl,automatic_lexical_match,https://www.instagram.com/p/C6tk06ngawl/c/18100288025239380
purchase_trigger,igc:18081765923217788,ig:DZf-NuYgpG-,automatic_lexical_match,https://www.instagram.com/p/DZf-NuYgpG-/c/18081765923217788
purchase_trigger,igc:18103051808014147,ig:DZf-NuYgpG-,automatic_lexical_match,https://www.instagram.com/p/DZf-NuYgpG-/c/18103051808014147
purchase_trigger,igc:18130776469720984,ig:DZf-NuYgpG-,automatic_lexical_match,https://www.instagram.com/p/DZf-NuYgpG-/c/18130776469720984
purchase_trigger,igc:18025811612532512,ig:DO8lWKXClxX,automatic_lexical_match,https://www.instagram.com/p/DO8lWKXClxX/c/18025811612532512
purchase_trigger,igc:18099811505461135,ig:DbZB7wJjWEV,automatic_lexical_match,https://www.instagram.com/p/DbZB7wJjWEV/c/18099811505461135
purchase_trigger,igc:17902011240287553,ig:DZOsGdmMppU,automatic_lexical_match,https://www.instagram.com/p/DZOsGdmMppU/c/17902011240287553
purchase_trigger,igc:18136409494582818,ig:DaQtCPki27D,automatic_lexical_match,https://www.instagram.com/p/DaQtCPki27D/c/18136409494582818
purchase_trigger,igc:18172680484438575,ig:DZA3DR8It05,automatic_lexical_match,https://www.instagram.com/p/DZA3DR8It05/c/18172680484438575
purchase_trigger,igc:18082015628167658,ig:C6tk06ngawl,automatic_lexical_match,https://www.instagram.com/p/C6tk06ngawl/c/18082015628167658
purchase_trigger,igc:18116427778914662,ig:DU9KqzjDH7Y,automatic_lexical_match,https://www.instagram.com/p/DU9KqzjDH7Y/c/18116427778914662
purchase_trigger,igc:18019166318857552,ig:DbEHV44MYoJ,automatic_lexical_match,https://www.instagram.com/p/DbEHV44MYoJ/c/18019166318857552
purchase_trigger,igc:18061781147786237,ig:DcgfD_ejl4-,automatic_lexical_match,https://www.instagram.com/p/DcgfD_ejl4-/c/18061781147786237
purchase_trigger,igc:18109778792097528,ig:DSWB_i_ALqB,automatic_lexical_match,https://www.instagram.com/p/DSWB_i_ALqB/c/18109778792097528
purchase_trigger,igc:17932731117124965,ig:DSWB_i_ALqB,automatic_lexical_match,https://www.instagram.com/p/DSWB_i_ALqB/c/17932731117124965
purchase_trigger,igc:18266080258305559,ig:DSWB_i_ALqB,automatic_lexical_match,https://www.instagram.com/p/DSWB_i_ALqB/c/18266080258305559
purchase_trigger,igc:18108364598023201,ig:DSWB_i_ALqB,automatic_lexical_match,https://www.instagram.com/p/DSWB_i_ALqB/c/18108364598023201
purchase_trigger,igc:18107140121147179,ig:DSWB_i_ALqB,automatic_lexical_match,https://www.instagram.com/p/DSWB_i_ALqB/c/18107140121147179
purchase_trigger,igc:17969321138942909,ig:DR1QtjoAEn-,automatic_lexical_match,https://www.instagram.com/p/DR1QtjoAEn-/c/17969321138942909
purchase_trigger,igc:18055311638716861,ig:DR1QtjoAEn-,automatic_lexical_match,https://www.instagram.com/p/DR1QtjoAEn-/c/18055311638716861
purchase_trigger,igc:18569540023067297,ig:DaQtCPki27D,automatic_lexical_match,https://www.instagram.com/p/DaQtCPki27D/c/18569540023067297
purchase_trigger,igc:18108090023063024,ig:DZmq1zHAIp-,automatic_lexical_match,https://www.instagram.com/p/DZmq1zHAIp-/c/18108090023063024
purchase_trigger,igc:18121053130704754,ig:DZmq1zHAIp-,automatic_lexical_match,https://www.instagram.com/p/DZmq1zHAIp-/c/18121053130704754
purchase_trigger,igc:18196672126376520,ig:DZpphJ8sdwB,automatic_lexical_match,https://www.instagram.com/p/DZpphJ8sdwB/c/18196672126376520
purchase_trigger,igc:17959611549128710,ig:DYU6BvfAVmQ,automatic_lexical_match,https://www.instagram.com/p/DYU6BvfAVmQ/c/17959611549128710
purchase_trigger,igc:17979245055102654,ig:Dah9EpQsKIZ,automatic_lexical_match,https://www.instagram.com/p/Dah9EpQsKIZ/c/17979245055102654
purchase_trigger,igc:18400974940092132,ig:DSWB_i_ALqB,automatic_lexical_match,https://www.instagram.com/p/DSWB_i_ALqB/c/18400974940092132
purchase_trigger,igc:18124480993691058,ig:DSWB_i_ALqB,automatic_lexical_match,https://www.instagram.com/p/DSWB_i_ALqB/c/18124480993691058
purchase_trigger,igc:17864103192646371,ig:DSWB_i_ALqB,automatic_lexical_match,https://www.instagram.com/p/DSWB_i_ALqB/c/17864103192646371
purchase_trigger,igc:18083393216270187,ig:DSWB_i_ALqB,automatic_lexical_match,https://www.instagram.com/p/DSWB_i_ALqB/c/18083393216270187
purchase_trigger,igc:17938907112327580,ig:DY5xhWqtfYk,automatic_lexical_match,https://www.instagram.com/p/DY5xhWqtfYk/c/17938907112327580
purchase_trigger,igc:18160904386487212,ig:DcaSvauA5KA,automatic_lexical_match,https://www.instagram.com/p/DcaSvauA5KA/c/18160904386487212
purchase_trigger,igc:17894850369579022,ig:DR1QtjoAEn-,automatic_lexical_match,https://www.instagram.com/p/DR1QtjoAEn-/c/17894850369579022
purchase_trigger,igc:18093282629071745,ig:DR1QtjoAEn-,automatic_lexical_match,https://www.instagram.com/p/DR1QtjoAEn-/c/18093282629071745
purchase_trigger,igc:17981241060021062,ig:DU9KqzjDH7Y,automatic_lexical_match,https://www.instagram.com/p/DU9KqzjDH7Y/c/17981241060021062
purchase_trigger,igc:18134990923650326,ig:Dcgl2JFNPPf,automatic_lexical_match,https://www.instagram.com/p/Dcgl2JFNPPf/c/18134990923650326
purchase_trigger,igc:18128805484681136,ig:DQ4SzAXAPfT,automatic_lexical_match,https://www.instagram.com/p/DQ4SzAXAPfT/c/18128805484681136
purchase_trigger,igc:17895036582563811,ig:DSWB_i_ALqB,automatic_lexical_match,https://www.instagram.com/p/DSWB_i_ALqB/c/17895036582563811
purchase_trigger,igc:17950828551014043,ig:DSWB_i_ALqB,automatic_lexical_match,https://www.instagram.com/p/DSWB_i_ALqB/c/17950828551014043
purchase_trigger,igc:18094704929575108,ig:Db9QfF-zVhz,automatic_lexical_match,https://www.instagram.com/p/Db9QfF-zVhz/c/18094704929575108
purchase_trigger,igc:18133125481630693,ig:DcsvVuPv-VR,automatic_lexical_match,https://www.instagram.com/p/DcsvVuPv-VR/c/18133125481630693
purchase_trigger,igc:18087827648437572,ig:DaQtCPki27D,automatic_lexical_match,https://www.instagram.com/p/DaQtCPki27D/c/18087827648437572
purchase_trigger,igc:18092107640262124,ig:DYU6BvfAVmQ,automatic_lexical_match,https://www.instagram.com/p/DYU6BvfAVmQ/c/18092107640262124
purchase_trigger,igc:17999743247343674,ig:C7AKRw8Sy6U,automatic_lexical_match,https://www.instagram.com/p/C7AKRw8Sy6U/c/17999743247343674
purchase_trigger,igc:17939116460828764,ig:C7AKRw8Sy6U,automatic_lexical_match,https://www.instagram.com/p/C7AKRw8Sy6U/c/17939116460828764
purchase_trigger,igc:17860601778691990,ig:Dcgl2JFNPPf,automatic_lexical_match,https://www.instagram.com/p/Dcgl2JFNPPf/c/17860601778691990
purchase_trigger,igc:17871459978650748,ig:Dcgl2JFNPPf,automatic_lexical_match,https://www.instagram.com/p/Dcgl2JFNPPf/c/17871459978650748
purchase_trigger,igc:18109520558616001,ig:DZpphJ8sdwB,automatic_lexical_match,https://www.instagram.com/p/DZpphJ8sdwB/c/18109520558616001
purchase_trigger,igc:17903156259508004,ig:DZpphJ8sdwB,automatic_lexical_match,https://www.instagram.com/p/DZpphJ8sdwB/c/17903156259508004
purchase_trigger,igc:18175710058433750,ig:DcluoTsM_lV,automatic_lexical_match,https://www.instagram.com/p/DcluoTsM_lV/c/18175710058433750
purchase_trigger,igc:18100709792158610,ig:DSWB_i_ALqB,automatic_lexical_match,https://www.instagram.com/p/DSWB_i_ALqB/c/18100709792158610
purchase_trigger,igc:18622420189043397,ig:DSWB_i_ALqB,automatic_lexical_match,https://www.instagram.com/p/DSWB_i_ALqB/c/18622420189043397
purchase_trigger,igc:17985770271014627,ig:DR1QtjoAEn-,automatic_lexical_match,https://www.instagram.com/p/DR1QtjoAEn-/c/17985770271014627
purchase_trigger,igc:17990906988006384,ig:DZA3DR8It05,automatic_lexical_match,https://www.instagram.com/p/DZA3DR8It05/c/17990906988006384
purchase_trigger,igc:18072342380533794,ig:DcluoTsM_lV,automatic_lexical_match,https://www.instagram.com/p/DcluoTsM_lV/c/18072342380533794
purchase_trigger,igc:18107654957138621,ig:DcluoTsM_lV,automatic_lexical_match,https://www.instagram.com/p/DcluoTsM_lV/c/18107654957138621
purchase_trigger,igc:17925425202365711,ig:DSWB_i_ALqB,automatic_lexical_match,https://www.instagram.com/p/DSWB_i_ALqB/c/17925425202365711
purchase_trigger,igc:18120907870833327,ig:DSWB_i_ALqB,automatic_lexical_match,https://www.instagram.com/p/DSWB_i_ALqB/c/18120907870833327
purchase_trigger,igc:17958354183150903,ig:DSWB_i_ALqB,automatic_lexical_match,https://www.instagram.com/p/DSWB_i_ALqB/c/17958354183150903
purchase_trigger,igc:18106459852797641,ig:DQ4SzAXAPfT,automatic_lexical_match,https://www.instagram.com/p/DQ4SzAXAPfT/c/18106459852797641
purchase_trigger,igc:17909975268426305,ig:DZ3gXIzq35d,automatic_lexical_match,https://www.instagram.com/p/DZ3gXIzq35d/c/17909975268426305
purchase_trigger,igc:18363002617242513,ig:DZpphJ8sdwB,automatic_lexical_match,https://www.instagram.com/p/DZpphJ8sdwB/c/18363002617242513
purchase_trigger,igc:17934993090368459,ig:Dcgl2JFNPPf,automatic_lexical_match,https://www.instagram.com/p/Dcgl2JFNPPf/c/17934993090368459
purchase_trigger,igc:18114321833006180,ig:Dcgl2JFNPPf,automatic_lexical_match,https://www.instagram.com/p/Dcgl2JFNPPf/c/18114321833006180
purchase_trigger,igc:18164744596481293,ig:Dcgl2JFNPPf,automatic_lexical_match,https://www.instagram.com/p/Dcgl2JFNPPf/c/18164744596481293
purchase_trigger,igc:17986461171302209,ig:Dcgl2JFNPPf,automatic_lexical_match,https://www.instagram.com/p/Dcgl2JFNPPf/c/17986461171302209
purchase_trigger,igc:18103968788317733,ig:DYU6BvfAVmQ,automatic_lexical_match,https://www.instagram.com/p/DYU6BvfAVmQ/c/18103968788317733
purchase_trigger,igc:17994857544008543,ig:Dc2_9ydS0x1,automatic_lexical_match,https://www.instagram.com/p/Dc2_9ydS0x1/c/17994857544008543
purchase_trigger,igc:18104948093116142,ig:DZA3DR8It05,automatic_lexical_match,https://www.instagram.com/p/DZA3DR8It05/c/18104948093116142
purchase_trigger,igc:18122023084855893,ig:Dcgl2JFNPPf,automatic_lexical_match,https://www.instagram.com/p/Dcgl2JFNPPf/c/18122023084855893
purchase_trigger,igc:18014985389934546,ig:Dcgl2JFNPPf,automatic_lexical_match,https://www.instagram.com/p/Dcgl2JFNPPf/c/18014985389934546
purchase_trigger,igc:18136949011720095,ig:Dcgl2JFNPPf,automatic_lexical_match,https://www.instagram.com/p/Dcgl2JFNPPf/c/18136949011720095
purchase_trigger,igc:17972211885128922,ig:DbNghyXMTzl,automatic_lexical_match,https://www.instagram.com/p/DbNghyXMTzl/c/17972211885128922
purchase_trigger,igc:17975777705900523,ig:DZpphJ8sdwB,automatic_lexical_match,https://www.instagram.com/p/DZpphJ8sdwB/c/17975777705900523
purchase_trigger,igc:18113823265794144,ig:Dcgl2JFNPPf,automatic_lexical_match,https://www.instagram.com/p/Dcgl2JFNPPf/c/18113823265794144
purchase_trigger,igc:18099839996281069,ig:Dcgl2JFNPPf,automatic_lexical_match,https://www.instagram.com/p/Dcgl2JFNPPf/c/18099839996281069
purchase_trigger,igc:18102144905462218,ig:Dcgl2JFNPPf,automatic_lexical_match,https://www.instagram.com/p/Dcgl2JFNPPf/c/18102144905462218
purchase_trigger,igc:17993363660830603,ig:Dcgl2JFNPPf,automatic_lexical_match,https://www.instagram.com/p/Dcgl2JFNPPf/c/17993363660830603
purchase_trigger,igc:17910383043282269,ig:Dcq__agouAR,automatic_lexical_match,https://www.instagram.com/p/Dcq__agouAR/c/17910383043282269
purchase_trigger,igc:18112113476046574,ig:Dc2_9ydS0x1,automatic_lexical_match,https://www.instagram.com/p/Dc2_9ydS0x1/c/18112113476046574
purchase_trigger,igc:18330905377302956,ig:Dc2_9ydS0x1,automatic_lexical_match,https://www.instagram.com/p/Dc2_9ydS0x1/c/18330905377302956
purchase_trigger,igc:17991344852958677,ig:DQ4SzAXAPfT,automatic_lexical_match,https://www.instagram.com/p/DQ4SzAXAPfT/c/17991344852958677
purchase_trigger,igc:18331203214277546,ig:Dc2_9ydS0x1,automatic_lexical_match,https://www.instagram.com/p/Dc2_9ydS0x1/c/18331203214277546
purchase_trigger,igc:17904669150552438,ig:Dc2_9ydS0x1,automatic_lexical_match,https://www.instagram.com/p/Dc2_9ydS0x1/c/17904669150552438
purchase_trigger,igc:18125434021828554,ig:Dcgl2JFNPPf,automatic_lexical_match,https://www.instagram.com/p/Dcgl2JFNPPf/c/18125434021828554
purchase_trigger,igc:18092272715425248,ig:Dc2_9ydS0x1,automatic_lexical_match,https://www.instagram.com/p/Dc2_9ydS0x1/c/18092272715425248
purchase_trigger,igc:18093898580555028,ig:DcoJLhqiTkB,automatic_lexical_match,https://www.instagram.com/p/DcoJLhqiTkB/c/18093898580555028
purchase_trigger,igc:18181549957416643,ig:Dcq__agouAR,automatic_lexical_match,https://www.instagram.com/p/Dcq__agouAR/c/18181549957416643
purchase_trigger,igc:18106872029182130,ig:Dcq__agouAR,automatic_lexical_match,https://www.instagram.com/p/Dcq__agouAR/c/18106872029182130
purchase_trigger,igc:18085530878307295,ig:Dcq__agouAR,automatic_lexical_match,https://www.instagram.com/p/Dcq__agouAR/c/18085530878307295
purchase_trigger,igc:17905892319488942,ig:Dc2_9ydS0x1,automatic_lexical_match,https://www.instagram.com/p/Dc2_9ydS0x1/c/17905892319488942
purchase_trigger,igc:18264498643305598,ig:DcB0ybMOP-6,automatic_lexical_match,https://www.instagram.com/p/DcB0ybMOP-6/c/18264498643305598
purchase_trigger,igc:18060425150602045,ig:DbNghyXMTzl,automatic_lexical_match,https://www.instagram.com/p/DbNghyXMTzl/c/18060425150602045
purchase_trigger,igc:18034626041777283,ig:DQ4SzAXAPfT,automatic_lexical_match,https://www.instagram.com/p/DQ4SzAXAPfT/c/18034626041777283
purchase_trigger,igc:18112213249618319,ig:DQ4SzAXAPfT,automatic_lexical_match,https://www.instagram.com/p/DQ4SzAXAPfT/c/18112213249618319
purchase_trigger,igc:18091992484787880,ig:DQ4SzAXAPfT,automatic_lexical_match,https://www.instagram.com/p/DQ4SzAXAPfT/c/18091992484787880
purchase_trigger,igc:18373411021080163,ig:DQ4SzAXAPfT,automatic_lexical_match,https://www.instagram.com/p/DQ4SzAXAPfT/c/18373411021080163
purchase_trigger,igc:18093356390222724,ig:DX93093O4y2,automatic_lexical_match,https://www.instagram.com/p/DX93093O4y2/c/18093356390222724
purchase_trigger,igc:18108130696931776,ig:DX93093O4y2,automatic_lexical_match,https://www.instagram.com/p/DX93093O4y2/c/18108130696931776
purchase_trigger,ttc:7668086579609928456,tt:7668001244018986273,automatic_lexical_match,https://www.tiktok.com/@spiritual.materialist/video/7668001244018986273
purchase_trigger,ttc:7668024742267650829,tt:7668001244018986273,automatic_lexical_match,https://www.tiktok.com/@spiritual.materialist/video/7668001244018986273
purchase_trigger,ttc:7668161079130178322,tt:7668001244018986273,automatic_lexical_match,https://www.tiktok.com/@spiritual.materialist/video/7668001244018986273
purchase_trigger,igc:18105075437508787,ig:DWCTTyCDOeW,automatic_lexical_match,https://www.instagram.com/p/DWCTTyCDOeW/c/18105075437508787
purchase_trigger,igc:18083837615208291,ig:DUzgCcTE6zD,automatic_lexical_match,https://www.instagram.com/p/DUzgCcTE6zD/c/18083837615208291
purchase_trigger,igc:18085820944977896,ig:DKpXzP3A3ig,automatic_lexical_match,https://www.instagram.com/p/DKpXzP3A3ig/c/18085820944977896
purchase_trigger,igc:17940646058895412,ig:DKzkvhDq8Pt,automatic_lexical_match,https://www.instagram.com/p/DKzkvhDq8Pt/c/17940646058895412
purchase_trigger,igc:18195579712378282,ig:DWw2XKnEdVb,automatic_lexical_match,https://www.instagram.com/p/DWw2XKnEdVb/c/18195579712378282
purchase_trigger,igc:18122587939548612,ig:DSLgtUIkmC4,automatic_lexical_match,https://www.instagram.com/p/DSLgtUIkmC4/c/18122587939548612
purchase_trigger,igc:18078350555519928,ig:DSLgtUIkmC4,automatic_lexical_match,https://www.instagram.com/p/DSLgtUIkmC4/c/18078350555519928
purchase_trigger,igc:18087617242993142,ig:DSLgtUIkmC4,automatic_lexical_match,https://www.instagram.com/p/DSLgtUIkmC4/c/18087617242993142
purchase_trigger,igc:18067142435244283,ig:DGa5ahNMX3E,automatic_lexical_match,https://www.instagram.com/p/DGa5ahNMX3E/c/18067142435244283
purchase_trigger,igc:18210822184209673,ig:CpK_T9GqZ3b,automatic_lexical_match,https://www.instagram.com/p/CpK_T9GqZ3b/c/18210822184209673
purchase_trigger,igc:18390228901198887,ig:DUzgCcTE6zD,automatic_lexical_match,https://www.instagram.com/p/DUzgCcTE6zD/c/18390228901198887
purchase_trigger,igc:18102074534519508,ig:DHn-pONT1xi,automatic_lexical_match,https://www.instagram.com/p/DHn-pONT1xi/c/18102074534519508
purchase_trigger,igc:17911897317358333,ig:DHn-pONT1xi,automatic_lexical_match,https://www.instagram.com/p/DHn-pONT1xi/c/17911897317358333
purchase_trigger,igc:17881328682414720,ig:DV7ZvweIZY2,automatic_lexical_match,https://www.instagram.com/p/DV7ZvweIZY2/c/17881328682414720
purchase_trigger,igc:17959521303195218,ig:DZ5YybMyYZp,automatic_lexical_match,https://www.instagram.com/p/DZ5YybMyYZp/c/17959521303195218
purchase_trigger,igc:18476514778128667,ig:DZ5YybMyYZp,automatic_lexical_match,https://www.instagram.com/p/DZ5YybMyYZp/c/18476514778128667
purchase_trigger,igc:18093711593175459,ig:DZ5YybMyYZp,automatic_lexical_match,https://www.instagram.com/p/DZ5YybMyYZp/c/18093711593175459
purchase_trigger,igc:18130452535724422,ig:DZ5YybMyYZp,automatic_lexical_match,https://www.instagram.com/p/DZ5YybMyYZp/c/18130452535724422
purchase_trigger,igc:17939138327458940,ig:Cl2HtNBtl03,automatic_lexical_match,https://www.instagram.com/p/Cl2HtNBtl03/c/17939138327458940
purchase_trigger,igc:18076681901036521,ig:DGa5ahNMX3E,automatic_lexical_match,https://www.instagram.com/p/DGa5ahNMX3E/c/18076681901036521
purchase_trigger,igc:18180857158360708,ig:DNoPkkKOTKB,automatic_lexical_match,https://www.instagram.com/p/DNoPkkKOTKB/c/18180857158360708
purchase_trigger,igc:18177282115389171,ig:DHn-pONT1xi,automatic_lexical_match,https://www.instagram.com/p/DHn-pONT1xi/c/18177282115389171
purchase_trigger,igc:17912521254292759,ig:DHn-pONT1xi,automatic_lexical_match,https://www.instagram.com/p/DHn-pONT1xi/c/17912521254292759
purchase_trigger,igc:18109847623579085,ig:DHn-pONT1xi,automatic_lexical_match,https://www.instagram.com/p/DHn-pONT1xi/c/18109847623579085
purchase_trigger,igc:18145428301459713,ig:DHn-pONT1xi,automatic_lexical_match,https://www.instagram.com/p/DHn-pONT1xi/c/18145428301459713
purchase_trigger,igc:18109606504812946,ig:DZ5YybMyYZp,automatic_lexical_match,https://www.instagram.com/p/DZ5YybMyYZp/c/18109606504812946
purchase_trigger,igc:18266124475248129,ig:DEzlTFitiVD,automatic_lexical_match,https://www.instagram.com/p/DEzlTFitiVD/c/18266124475248129
purchase_trigger,igc:18032098838568365,ig:DTXlDFdjCuv,automatic_lexical_match,https://www.instagram.com/p/DTXlDFdjCuv/c/18032098838568365
purchase_trigger,igc:18025305809759969,ig:DHn-pONT1xi,automatic_lexical_match,https://www.instagram.com/p/DHn-pONT1xi/c/18025305809759969
purchase_trigger,igc:18058784009620762,ig:DHn-pONT1xi,automatic_lexical_match,https://www.instagram.com/p/DHn-pONT1xi/c/18058784009620762
purchase_trigger,igc:17929214114338648,ig:Chxve5QLpzz,automatic_lexical_match,https://www.instagram.com/p/Chxve5QLpzz/c/17929214114338648
purchase_trigger,igc:17910245430425263,ig:DZ5YybMyYZp,automatic_lexical_match,https://www.instagram.com/p/DZ5YybMyYZp/c/17910245430425263
purchase_trigger,igc:18058395958939836,ig:DEzlTFitiVD,automatic_lexical_match,https://www.instagram.com/p/DEzlTFitiVD/c/18058395958939836
purchase_trigger,igc:17951594131986487,ig:Chxve5QLpzz,automatic_lexical_match,https://www.instagram.com/p/Chxve5QLpzz/c/17951594131986487
purchase_trigger,igc:17919037293179800,ig:DZ5YybMyYZp,automatic_lexical_match,https://www.instagram.com/p/DZ5YybMyYZp/c/17919037293179800
purchase_trigger,igc:17967972648084527,ig:DZ5YybMyYZp,automatic_lexical_match,https://www.instagram.com/p/DZ5YybMyYZp/c/17967972648084527
purchase_trigger,igc:18092078777605634,ig:DZ5YybMyYZp,automatic_lexical_match,https://www.instagram.com/p/DZ5YybMyYZp/c/18092078777605634
purchase_trigger,igc:18092652685999830,ig:DUzgCcTE6zD,automatic_lexical_match,https://www.instagram.com/p/DUzgCcTE6zD/c/18092652685999830
purchase_trigger,igc:18417249649139735,ig:DSUPUC0iF5r,automatic_lexical_match,https://www.instagram.com/p/DSUPUC0iF5r/c/18417249649139735
purchase_trigger,igc:18092059156510181,ig:DGa5ahNMX3E,automatic_lexical_match,https://www.instagram.com/p/DGa5ahNMX3E/c/18092059156510181
purchase_trigger,ttc:7218368432970089262,tt:7218302653489483051,automatic_lexical_match,https://www.tiktok.com/@steffieinthecity/video/7218302653489483051
purchase_trigger,ttc:7683905176114234143,tt:7683875254153792782,automatic_lexical_match,https://www.tiktok.com/@h89722980/video/7683875254153792782
purchase_trigger,ttc:7616731935545803533,tt:7616492357252287757,automatic_lexical_match,https://www.tiktok.com/@native.handbags/video/7616492357252287757
purchase_trigger,ttc:7619184339675300621,tt:7616492357252287757,automatic_lexical_match,https://www.tiktok.com/@native.handbags/video/7616492357252287757
purchase_trigger,ttc:7589089976467129101,tt:7589057437001420062,automatic_lexical_match,https://www.tiktok.com/@hothealthywealthyandwise/video/7589057437001420062
purchase_trigger,ttc:7589145881308922654,tt:7589057437001420062,automatic_lexical_match,https://www.tiktok.com/@hothealthywealthyandwise/video/7589057437001420062
purchase_trigger,ttc:7589357427226346295,tt:7589057437001420062,automatic_lexical_match,https://www.tiktok.com/@hothealthywealthyandwise/video/7589057437001420062
purchase_trigger,ttc:7589390017735623438,tt:7589057437001420062,automatic_lexical_match,https://www.tiktok.com/@hothealthywealthyandwise/video/7589057437001420062
purchase_trigger,ttc:7600558491459650359,tt:7589057437001420062,automatic_lexical_match,https://www.tiktok.com/@hothealthywealthyandwise/video/7589057437001420062
purchase_trigger,ttc:7597132424679523085,tt:7589057437001420062,automatic_lexical_match,https://www.tiktok.com/@hothealthywealthyandwise/video/7589057437001420062
purchase_trigger,ttc:7667402244384555789,tt:7666956616465435918,automatic_lexical_match,https://www.tiktok.com/@kyraboesiger/video/7666956616465435918
purchase_trigger,ttc:7676818389072200461,tt:7666956616465435918,automatic_lexical_match,https://www.tiktok.com/@kyraboesiger/video/7666956616465435918
purchase_trigger,ttc:7616800234194289438,tt:7616792692030278926,automatic_lexical_match,https://www.tiktok.com/@curlsandcoins/video/7616792692030278926
purchase_trigger,ttc:7616793331993658125,tt:7616792692030278926,automatic_lexical_match,https://www.tiktok.com/@curlsandcoins/video/7616792692030278926
purchase_trigger,ttc:7644161713147724557,tt:7639422063865777430,automatic_lexical_match,https://www.tiktok.com/@iamsaraouardi/video/7639422063865777430
purchase_trigger,ttc:7651230617611223839,tt:7649444253394947342,automatic_lexical_match,https://www.tiktok.com/@bryannawozniak/video/7649444253394947342
purchase_trigger,ttc:7655443656068891406,tt:7649444253394947342,automatic_lexical_match,https://www.tiktok.com/@bryannawozniak/video/7649444253394947342
purchase_trigger,ttc:7666862634993730317,tt:7649444253394947342,automatic_lexical_match,https://www.tiktok.com/@bryannawozniak/video/7649444253394947342
purchase_trigger,ttc:7661713666917008150,tt:7661349233068346646,automatic_lexical_match,https://www.tiktok.com/@heightandhustle/video/7661349233068346646
purchase_trigger,ttc:7677706630506791712,tt:7661349233068346646,automatic_lexical_match,https://www.tiktok.com/@heightandhustle/video/7661349233068346646
purchase_trigger,ttc:7681180471208936205,tt:7681030709988969741,automatic_lexical_match,https://www.tiktok.com/@johnathan.guo/video/7681030709988969741
purchase_trigger,ttc:7681008967241696022,tt:7680276310329019670,automatic_lexical_match,https://www.tiktok.com/@kaynatt.m/video/7680276310329019670
purchase_trigger,ttc:7672362957254656782,tt:7672086495074749728,automatic_lexical_match,https://www.tiktok.com/@yevtopyer/video/7672086495074749728
purchase_trigger,ttc:7491455002084868886,tt:7491264828397374742,automatic_lexical_match,https://www.tiktok.com/@miarosemcgrath/video/7491264828397374742
purchase_trigger,ttc:7575742044602860296,tt:7573945394862853383,automatic_lexical_match,https://www.tiktok.com/@georgeyhenshall/video/7573945394862853383
purchase_trigger,ttc:7621236631182410518,tt:7620834527749033238,automatic_lexical_match,https://www.tiktok.com/@lucyhitchcock/video/7620834527749033238
purchase_trigger,ttc:7620857080837178134,tt:7620834527749033238,automatic_lexical_match,https://www.tiktok.com/@lucyhitchcock/video/7620834527749033238
purchase_trigger,ttc:7621261531594294038,tt:7620834527749033238,automatic_lexical_match,https://www.tiktok.com/@lucyhitchcock/video/7620834527749033238
purchase_trigger,ttc:7620885311032558358,tt:7620834527749033238,automatic_lexical_match,https://www.tiktok.com/@lucyhitchcock/video/7620834527749033238
purchase_trigger,ttc:7624290525038265101,tt:7620834527749033238,automatic_lexical_match,https://www.tiktok.com/@lucyhitchcock/video/7620834527749033238
purchase_trigger,ttc:7676725462973940500,tt:7645168876275354900,automatic_lexical_match,https://www.tiktok.com/@elaandearth/video/7645168876275354900
purchase_trigger,ttc:7652538901458699030,tt:7652379521559137566,automatic_lexical_match,https://www.tiktok.com/@imjustbarbs/video/7652379521559137566
purchase_trigger,ttc:7652545403736851231,tt:7652379521559137566,automatic_lexical_match,https://www.tiktok.com/@imjustbarbs/video/7652379521559137566
purchase_trigger,ttc:7653059418662421279,tt:7652379521559137566,automatic_lexical_match,https://www.tiktok.com/@imjustbarbs/video/7652379521559137566
purchase_trigger,ttc:7652720937687368479,tt:7652379521559137566,automatic_lexical_match,https://www.tiktok.com/@imjustbarbs/video/7652379521559137566
purchase_trigger,ttc:7652739604542604063,tt:7652379521559137566,automatic_lexical_match,https://www.tiktok.com/@imjustbarbs/video/7652379521559137566
purchase_trigger,ttc:7668289148256076575,tt:7666956616465435918,automatic_lexical_match,https://www.tiktok.com/@kyraboesiger/video/7666956616465435918
purchase_trigger,ttc:7654338875200750349,tt:7649444253394947342,automatic_lexical_match,https://www.tiktok.com/@bryannawozniak/video/7649444253394947342
purchase_trigger,ttc:7640328947868205854,tt:7639552753609510158,automatic_lexical_match,https://www.tiktok.com/@moniiicamendoza/video/7639552753609510158
purchase_trigger,ttc:7641237166002406175,tt:7639552753609510158,automatic_lexical_match,https://www.tiktok.com/@moniiicamendoza/video/7639552753609510158
purchase_trigger,ttc:7643535901574267679,tt:7639552753609510158,automatic_lexical_match,https://www.tiktok.com/@moniiicamendoza/video/7639552753609510158
purchase_trigger,ttc:7640134794773742367,tt:7639552753609510158,automatic_lexical_match,https://www.tiktok.com/@moniiicamendoza/video/7639552753609510158
purchase_trigger,ttc:7645628827838513934,tt:7639552753609510158,automatic_lexical_match,https://www.tiktok.com/@moniiicamendoza/video/7639552753609510158
purchase_trigger,ttc:7641752303482045197,tt:7639552753609510158,automatic_lexical_match,https://www.tiktok.com/@moniiicamendoza/video/7639552753609510158
purchase_trigger,ttc:7640468395423236878,tt:7639552753609510158,automatic_lexical_match,https://www.tiktok.com/@moniiicamendoza/video/7639552753609510158
purchase_trigger,ttc:7626725948876210957,tt:7620834527749033238,automatic_lexical_match,https://www.tiktok.com/@lucyhitchcock/video/7620834527749033238
purchase_trigger,ttc:7649362314952999700,tt:7645168876275354900,automatic_lexical_match,https://www.tiktok.com/@elaandearth/video/7645168876275354900
purchase_trigger,ttc:7648168030228824850,tt:7645168876275354900,automatic_lexical_match,https://www.tiktok.com/@elaandearth/video/7645168876275354900
purchase_trigger,ttc:7649356754594480904,tt:7645168876275354900,automatic_lexical_match,https://www.tiktok.com/@elaandearth/video/7645168876275354900
purchase_trigger,ttc:7653142346603135774,tt:7652379521559137566,automatic_lexical_match,https://www.tiktok.com/@imjustbarbs/video/7652379521559137566
purchase_trigger,ttc:7622865213834347294,tt:7620834527749033238,automatic_lexical_match,https://www.tiktok.com/@lucyhitchcock/video/7620834527749033238
purchase_trigger,ttc:7640457400436523789,tt:7639552753609510158,automatic_lexical_match,https://www.tiktok.com/@moniiicamendoza/video/7639552753609510158
purchase_trigger,ttc:7640232088608195358,tt:7639552753609510158,automatic_lexical_match,https://www.tiktok.com/@moniiicamendoza/video/7639552753609510158
purchase_trigger,ttc:7641285233552245535,tt:7639552753609510158,automatic_lexical_match,https://www.tiktok.com/@moniiicamendoza/video/7639552753609510158
purchase_trigger,ttc:7658064382216635167,tt:7639552753609510158,automatic_lexical_match,https://www.tiktok.com/@moniiicamendoza/video/7639552753609510158
purchase_trigger,igc:18100611626017238,ig:DdJPm0RjYAP,automatic_lexical_match,https://www.instagram.com/p/DdJPm0RjYAP/c/18100611626017238
purchase_trigger,igc:18023495027899463,ig:DbptyvPzNi3,automatic_lexical_match,https://www.instagram.com/p/DbptyvPzNi3/c/18023495027899463
purchase_trigger,igc:17941869291227099,ig:DWmvHcVAQla,automatic_lexical_match,https://www.instagram.com/p/DWmvHcVAQla/c/17941869291227099
purchase_trigger,igc:18333097456254347,ig:DbptyvPzNi3,automatic_lexical_match,https://www.instagram.com/p/DbptyvPzNi3/c/18333097456254347
purchase_trigger,igc:18112009340314299,ig:Da2D2vVTHaw,automatic_lexical_match,https://www.instagram.com/p/Da2D2vVTHaw/c/18112009340314299
purchase_trigger,igc:18203159035326814,ig:DdFbml6mFH7,automatic_lexical_match,https://www.instagram.com/p/DdFbml6mFH7/c/18203159035326814
purchase_trigger,igc:17860111365575766,ig:DSCU3ANiWip,automatic_lexical_match,https://www.instagram.com/p/DSCU3ANiWip/c/17860111365575766
purchase_trigger,igc:18088557113659324,ig:Dc0_95Ust3q,automatic_lexical_match,https://www.instagram.com/p/Dc0_95Ust3q/c/18088557113659324
purchase_trigger,igc:18096766124349762,ig:DJ_994UpN_7,automatic_lexical_match,https://www.instagram.com/p/DJ_994UpN_7/c/18096766124349762
purchase_trigger,igc:18099762853588598,ig:DJ_994UpN_7,automatic_lexical_match,https://www.instagram.com/p/DJ_994UpN_7/c/18099762853588598
purchase_trigger,ttc:7683756830115234574,tt:7680929088273403150,automatic_lexical_match,https://www.tiktok.com/@50dollars.handbag/video/7680929088273403150
purchase_trigger,ttc:7681086819043607326,tt:7680929088273403150,automatic_lexical_match,https://www.tiktok.com/@50dollars.handbag/video/7680929088273403150
purchase_trigger,ttc:7681852926684103438,tt:7680929088273403150,automatic_lexical_match,https://www.tiktok.com/@50dollars.handbag/video/7680929088273403150
purchase_trigger,ttc:7670604594879447809,tt:7670290170209438989,automatic_lexical_match,https://www.tiktok.com/@jessicanlinn/video/7670290170209438989
purchase_trigger,ttc:7671650014825513758,tt:7670290170209438989,automatic_lexical_match,https://www.tiktok.com/@jessicanlinn/video/7670290170209438989
purchase_trigger,ttc:7676187997830923022,tt:7670290170209438989,automatic_lexical_match,https://www.tiktok.com/@jessicanlinn/video/7670290170209438989
purchase_trigger,ttc:7670772508316795661,tt:7670290170209438989,automatic_lexical_match,https://www.tiktok.com/@jessicanlinn/video/7670290170209438989
purchase_trigger,ttc:7682575379664716574,tt:7677722775099936030,automatic_lexical_match,https://www.tiktok.com/@erinmillerartistry/video/7677722775099936030
purchase_trigger,ttc:7677985117919216398,tt:7677722775099936030,automatic_lexical_match,https://www.tiktok.com/@erinmillerartistry/video/7677722775099936030
purchase_trigger,ttc:7678072183092740894,tt:7666796165639277846,automatic_lexical_match,https://www.tiktok.com/@iamsaraouardi/video/7666796165639277846
purchase_trigger,ttc:7678535417193513741,tt:7676645924118007070,automatic_lexical_match,https://www.tiktok.com/@britt.rae2/video/7676645924118007070
purchase_trigger,ttc:7680000733781459743,tt:7676645924118007070,automatic_lexical_match,https://www.tiktok.com/@britt.rae2/video/7676645924118007070
purchase_trigger,ttc:7681330541267305229,tt:7676645924118007070,automatic_lexical_match,https://www.tiktok.com/@britt.rae2/video/7676645924118007070
purchase_trigger,ttc:7678467583934546719,tt:7676645924118007070,automatic_lexical_match,https://www.tiktok.com/@britt.rae2/video/7676645924118007070
purchase_trigger,ttc:7679862076076458765,tt:7676645924118007070,automatic_lexical_match,https://www.tiktok.com/@britt.rae2/video/7676645924118007070
purchase_trigger,ttc:7681292868371743490,tt:7676645924118007070,automatic_lexical_match,https://www.tiktok.com/@britt.rae2/video/7676645924118007070
purchase_trigger,ttc:7682688054876881695,tt:7680929088273403150,automatic_lexical_match,https://www.tiktok.com/@50dollars.handbag/video/7680929088273403150
purchase_trigger,ttc:7682281841081336607,tt:7670290170209438989,automatic_lexical_match,https://www.tiktok.com/@jessicanlinn/video/7670290170209438989
purchase_trigger,ttc:7678152676924179230,tt:7670290170209438989,automatic_lexical_match,https://www.tiktok.com/@jessicanlinn/video/7670290170209438989
purchase_trigger,ttc:7558682817489781535,tt:7555972915817237773,automatic_lexical_match,https://www.tiktok.com/@skyleranneolson/video/7555972915817237773
purchase_trigger,ttc:7652694398954193686,tt:7652535489613909262,automatic_lexical_match,https://www.tiktok.com/@drews_view22/video/7652535489613909262
purchase_trigger,ttc:7662288071668859668,tt:7652535489613909262,automatic_lexical_match,https://www.tiktok.com/@drews_view22/video/7652535489613909262
purchase_trigger,ttc:7626762761649472286,tt:7615428241423109389,automatic_lexical_match,https://www.tiktok.com/@mariawithcheese/video/7615428241423109389
purchase_trigger,ttc:7679522337678656286,tt:7650567513733975309,automatic_lexical_match,https://www.tiktok.com/@marie.l.sweet/video/7650567513733975309
purchase_trigger,ttc:7658390330295173902,tt:7650567513733975309,automatic_lexical_match,https://www.tiktok.com/@marie.l.sweet/video/7650567513733975309
purchase_trigger,ttc:7649418821770953485,tt:7648130942166502670,automatic_lexical_match,https://www.tiktok.com/@coach_angelbeck/video/7648130942166502670
purchase_trigger,ttc:7650330410300703502,tt:7648130942166502670,automatic_lexical_match,https://www.tiktok.com/@coach_angelbeck/video/7648130942166502670
purchase_trigger,ttc:7527662459306492727,tt:7527006509264276766,automatic_lexical_match,https://www.tiktok.com/@michelletimestwo/video/7527006509264276766
purchase_trigger,ttc:7527037185159021325,tt:7527006509264276766,automatic_lexical_match,https://www.tiktok.com/@michelletimestwo/video/7527006509264276766
purchase_trigger,ttc:7527355828166722318,tt:7527006509264276766,automatic_lexical_match,https://www.tiktok.com/@michelletimestwo/video/7527006509264276766
purchase_trigger,ttc:7527354878604804878,tt:7527006509264276766,automatic_lexical_match,https://www.tiktok.com/@michelletimestwo/video/7527006509264276766
purchase_trigger,ttc:7527482800381199118,tt:7527006509264276766,automatic_lexical_match,https://www.tiktok.com/@michelletimestwo/video/7527006509264276766
purchase_trigger,ttc:7527633569746912013,tt:7527006509264276766,automatic_lexical_match,https://www.tiktok.com/@michelletimestwo/video/7527006509264276766
purchase_trigger,ttc:7527319395162506015,tt:7527006509264276766,automatic_lexical_match,https://www.tiktok.com/@michelletimestwo/video/7527006509264276766
purchase_trigger,ttc:7527403923646579511,tt:7527006509264276766,automatic_lexical_match,https://www.tiktok.com/@michelletimestwo/video/7527006509264276766
purchase_trigger,ttc:7660731485456663310,tt:7660723867878493454,automatic_lexical_match,https://www.tiktok.com/@flippingfarrell/video/7660723867878493454
purchase_trigger,ttc:7661026219748590367,tt:7660723867878493454,automatic_lexical_match,https://www.tiktok.com/@flippingfarrell/video/7660723867878493454
purchase_trigger,ttc:7660942122924704543,tt:7660723867878493454,automatic_lexical_match,https://www.tiktok.com/@flippingfarrell/video/7660723867878493454
purchase_trigger,ttc:7661211688478688030,tt:7660723867878493454,automatic_lexical_match,https://www.tiktok.com/@flippingfarrell/video/7660723867878493454
purchase_trigger,ttc:7679143900850307871,tt:7676645924118007070,automatic_lexical_match,https://www.tiktok.com/@britt.rae2/video/7676645924118007070
purchase_trigger,ttc:7679826331479163679,tt:7676645924118007070,automatic_lexical_match,https://www.tiktok.com/@britt.rae2/video/7676645924118007070
purchase_trigger,ttc:7572244226433303326,tt:7555972915817237773,automatic_lexical_match,https://www.tiktok.com/@skyleranneolson/video/7555972915817237773
purchase_trigger,ttc:7650150789168120607,tt:7648130942166502670,automatic_lexical_match,https://www.tiktok.com/@coach_angelbeck/video/7648130942166502670
purchase_trigger,ttc:7648577501560800013,tt:7648130942166502670,automatic_lexical_match,https://www.tiktok.com/@coach_angelbeck/video/7648130942166502670
purchase_trigger,ttc:7527074752147587895,tt:7527006509264276766,automatic_lexical_match,https://www.tiktok.com/@michelletimestwo/video/7527006509264276766
purchase_trigger,ttc:7527329841377755959,tt:7527006509264276766,automatic_lexical_match,https://www.tiktok.com/@michelletimestwo/video/7527006509264276766
purchase_trigger,ttc:7527256834340979511,tt:7527006509264276766,automatic_lexical_match,https://www.tiktok.com/@michelletimestwo/video/7527006509264276766
purchase_trigger,ttc:7527459890912609055,tt:7527006509264276766,automatic_lexical_match,https://www.tiktok.com/@michelletimestwo/video/7527006509264276766
purchase_trigger,ttc:7527328592255763213,tt:7527006509264276766,automatic_lexical_match,https://www.tiktok.com/@michelletimestwo/video/7527006509264276766
purchase_trigger,ttc:7527391703579656974,tt:7527006509264276766,automatic_lexical_match,https://www.tiktok.com/@michelletimestwo/video/7527006509264276766
purchase_trigger,ttc:7527348905622766391,tt:7527006509264276766,automatic_lexical_match,https://www.tiktok.com/@michelletimestwo/video/7527006509264276766
purchase_trigger,ttc:7527453093060313886,tt:7527006509264276766,automatic_lexical_match,https://www.tiktok.com/@michelletimestwo/video/7527006509264276766
purchase_trigger,ttc:7527600339161400078,tt:7527006509264276766,automatic_lexical_match,https://www.tiktok.com/@michelletimestwo/video/7527006509264276766
purchase_trigger,ttc:7528151614529880887,tt:7527006509264276766,automatic_lexical_match,https://www.tiktok.com/@michelletimestwo/video/7527006509264276766
purchase_trigger,ttc:7527560254948131614,tt:7527006509264276766,automatic_lexical_match,https://www.tiktok.com/@michelletimestwo/video/7527006509264276766
purchase_trigger,ttc:7527665158744425247,tt:7527006509264276766,automatic_lexical_match,https://www.tiktok.com/@michelletimestwo/video/7527006509264276766
purchase_trigger,igc:17992759752012882,ig:DdCIMdlzWjh,automatic_lexical_match,https://www.instagram.com/p/DdCIMdlzWjh/
purchase_trigger,igc:18104258594225248,ig:Db6xEKshX4-,automatic_lexical_match,https://www.instagram.com/p/Db6xEKshX4-/
purchase_trigger,igc:18211291888345878,ig:Db6xEKshX4-,automatic_lexical_match,https://www.instagram.com/p/Db6xEKshX4-/
purchase_trigger,igc:17883517254471256,ig:Db6xEKshX4-,automatic_lexical_match,https://www.instagram.com/p/Db6xEKshX4-/
purchase_trigger,igc:18404245885093086,ig:DcybQ_uOUm3,automatic_lexical_match,https://www.instagram.com/p/DcybQ_uOUm3/
purchase_trigger,igc:18111348748974461,ig:DbuAhVjRlaG,automatic_lexical_match,https://www.instagram.com/p/DbuAhVjRlaG/
purchase_trigger,igc:18157137523472297,ig:DangnV2xG65,automatic_lexical_match,https://www.instagram.com/p/DangnV2xG65/
purchase_trigger,igc:18032816519837774,ig:Dc6d5wrOmmZ,automatic_lexical_match,https://www.instagram.com/p/Dc6d5wrOmmZ/
purchase_trigger,igc:18070985315482313,ig:Dc6d5wrOmmZ,automatic_lexical_match,https://www.instagram.com/p/Dc6d5wrOmmZ/
purchase_trigger,igc:18033224669657606,ig:Dc6d5wrOmmZ,automatic_lexical_match,https://www.instagram.com/p/Dc6d5wrOmmZ/
purchase_trigger,igc:17908887930468697,ig:Dc6d5wrOmmZ,automatic_lexical_match,https://www.instagram.com/p/Dc6d5wrOmmZ/
purchase_trigger,igc:17923085877421384,ig:Dc6d5wrOmmZ,automatic_lexical_match,https://www.instagram.com/p/Dc6d5wrOmmZ/
purchase_trigger,igc:18125832169815455,ig:Dc6d5wrOmmZ,automatic_lexical_match,https://www.instagram.com/p/Dc6d5wrOmmZ/
purchase_trigger,igc:18132792358636944,ig:Dc6d5wrOmmZ,automatic_lexical_match,https://www.instagram.com/p/Dc6d5wrOmmZ/
purchase_trigger,igc:17906675256476199,ig:Dc6d5wrOmmZ,automatic_lexical_match,https://www.instagram.com/p/Dc6d5wrOmmZ/
purchase_trigger,igc:18131000149674179,ig:Dc6d5wrOmmZ,automatic_lexical_match,https://www.instagram.com/p/Dc6d5wrOmmZ/
purchase_trigger,igc:18091874648141209,ig:Dc6d5wrOmmZ,automatic_lexical_match,https://www.instagram.com/p/Dc6d5wrOmmZ/
purchase_trigger,igc:17921083509394664,ig:DaYV9WMNeAZ,automatic_lexical_match,https://www.instagram.com/p/DaYV9WMNeAZ/
purchase_trigger,igc:18212045857357964,ig:DbEyB9jTqcA,automatic_lexical_match,https://www.instagram.com/p/DbEyB9jTqcA/
purchase_trigger,igc:17868102153641010,ig:DdHe6houaqJ,automatic_lexical_match,https://www.instagram.com/p/DdHe6houaqJ/
purchase_trigger,igc:18052882904577106,ig:DcQ2N5_I2Hx,automatic_lexical_match,https://www.instagram.com/p/DcQ2N5_I2Hx/
purchase_trigger,igc:18388963351163473,ig:DcQ2N5_I2Hx,automatic_lexical_match,https://www.instagram.com/p/DcQ2N5_I2Hx/
purchase_trigger,igc:18222730621328217,ig:DK2Bg2ERrgc,automatic_lexical_match,https://www.instagram.com/p/DK2Bg2ERrgc/
purchase_trigger,igc:18096126323648177,ig:DcUJ3llotgZ,automatic_lexical_match,https://www.instagram.com/p/DcUJ3llotgZ/
purchase_trigger,igc:17894436225405847,ig:DcUJ3llotgZ,automatic_lexical_match,https://www.instagram.com/p/DcUJ3llotgZ/
purchase_trigger,igc:18409159564081452,ig:DcmMWyvyP54,automatic_lexical_match,https://www.instagram.com/p/DcmMWyvyP54/
