post_id,platform,url,caption,transcript,creator,published_at,likes,comments_reported,views,waves,raw_refs,seed_id,seed_notes,media_type,paid_partnership,input_url,theme_tags,category,category_method,transcript_status,retrieved_at,comments_collected,substantive_candidates
ig:DbC9Gy4AcNq,instagram,https://www.instagram.com/p/DbC9Gy4AcNq/,"Izuki is my favorite niche brand this year!
Their wallets are very unique and a lot more affordable than your typical designer wallet

The only issue is that they are always sold out, so be sure to sign up for their waitlist.","I'm a personal stylist, and my favorite niche brand this year is Isuki Studios. They make beautiful card holders and passport holders, but I hate that they're always sold out. If you don't join the waitlist, you're probably not getting one. I'm excited to see what else they come up with. I love supporting small brands that do unique things.",imthatlee,2026-07-21T07:14:46.000Z,2392,2,0,"[""01-ig-seeds"", ""05-ig-seed-transcripts""]","[""raw/01-ig-seeds-items.json#row=0"", ""raw/05-ig-seed-transcripts-items.json#row=134""]",S104,,Video,True,https://www.instagram.com/p/DbC9Gy4AcNq/,"[""new_brand"", ""founder"", ""designer_spend"", ""purchase_trigger""]",adjacent_fashion_or_other,lexical screening of creator caption/transcript; review source before bag-specific claims,automatic_unverified,2026-09-11,2,1
ig:DdAxBh7A_SN,instagram,https://www.instagram.com/p/DdAxBh7A_SN/,"Oceana is giving yacht wife, rich aunt, summer in Monaco… without needing Monaco money.

✨ Premium 316L stainless steel.
💧 Waterproof finish.
💛 Tarnish-resistant shine.

Classic polished, waterproof, and dangerously good at making basic outfits look styled.

Limited edition ONLY, don’t let her sell out in someone else’s cart.","So I kept seeing this watch all over my feed. First Hailey, then Victoria Beckham wearing it too. And I thought, okay, what is actually going on? So I looked it up. It's called the Oceana by Noir. And honestly, I completely get it now. Cleaning them all looks like money, but it's not. Waterproof, no tarnish, wears every single day. Beach brunch work a day, it just stays under $200 while the waitlist world charges $60,000. Same feeling, same wrist, same clean, just actually yours. No more, more Oceana. No more, more Oceana. Over 100,000 women already have it. 50% off today only. If you're thinking about it, don't. Just go.",nuamore,2026-09-08T03:53:30.000Z,1,0,0,"[""01-ig-seeds"", ""05-ig-seed-transcripts""]","[""raw/01-ig-seeds-items.json#row=1"", ""raw/05-ig-seed-transcripts-items.json#row=90""]",S162,* Singing 2,Video,False,https://www.instagram.com/p/DdAxBh7A_SN/,"[""designer_spend"", ""old_money"", ""outfit_upgrade"", ""social_judgment"", ""logo_independence"", ""seasonal_woven"", ""travel_scale"", ""purchase_trigger""]",adjacent_fashion_or_other,lexical screening of creator caption/transcript; review source before bag-specific claims,automatic_unverified,2026-09-11,0,0
ig:DY9scFmAKgj,instagram,https://www.instagram.com/p/DY9scFmAKgj/,"The bag built for every kind of day.

The FTL Pro fits clothes, tech, shoes, and travel essentials while still fitting perfectly under the seat in front of you.

No overhead bin stress.
No gate checking.
No overpacking chaos.

Just smarter travel.

Shop now and upgrade your carry setup.","This one bag is the reason I never pay airlines for baggage fees. The FTL Pro is my go-to travel bag right now. It comes with a dedicated pocket so you can pack your shoes without getting anything dirty. I can pack one to three days easily. There's a spot for everything, clothes, tech, and accessories. Personal items go in here and a separate pocket for shoes. Everything folds down neatly together and looks like a sleek weekender from the outside. This compartment keeps your dress shoes separated and protected. The laptop sleeve fits most sizes and gives quick access through TSA. And it's personal item approved. Fits perfectly under any seat in front of you. The FTL Pro is built for quick trips like one to three days, no problem. And honestly, I just love how nice it looks. So if you're constantly traveling, go grab yours before they sell out again.",ftlbags,2026-05-30T13:10:08.000Z,132,3,0,"[""01-ig-seeds"", ""05-ig-seed-transcripts""]","[""raw/01-ig-seeds-items.json#row=2"", ""raw/05-ig-seed-transcripts-items.json#row=37""]",S069,,Video,False,https://www.instagram.com/p/DY9scFmAKgj/,"[""euro_trip"", ""outfit_upgrade"", ""social_judgment"", ""work_polish"", ""travel_scale""]",handbag_context,lexical screening of creator caption/transcript; review source before bag-specific claims,automatic_unverified,2026-09-11,3,2
ig:Db6oIeWAYmk,instagram,https://www.instagram.com/p/Db6oIeWAYmk/,"JAXXON has over 100,000+ 5-Star Reviews for a reason. It’s featured in Forbes, Entrepreneur and GQ voted it the best men’s chain. Shop now at JAXXON.com","Every wedding we've been to this summer, he's worn the chain I got him. When he opened it, the weight and shine surprised us both. It looks way more expensive than what I paid for it. Now every time we're getting ready, the chain goes on with the suit. The finishing touch. It's in every photo from every wedding this summer. Open collar, chain sitting right there. Even after multiple weddings. Zero fading, no green neck. It still looks like the day I gave it to him. Get his before going to your next wedding together at Jackson.com.",jaxxon,2026-08-11T22:08:58.000Z,124,0,0,"[""01-ig-seeds"", ""05-ig-seed-transcripts""]","[""raw/01-ig-seeds-items.json#row=3"", ""raw/05-ig-seed-transcripts-items.json#row=25""]",S085,,Video,False,https://www.instagram.com/p/Db6oIeWAYmk/,"[""designer_spend"", ""outfit_upgrade"", ""quality_material"", ""seasonal_woven"", ""purchase_trigger""]",adjacent_fashion_or_other,lexical screening of creator caption/transcript; review source before bag-specific claims,automatic_unverified,2026-09-11,0,0
ig:DcRniFMSK53,instagram,https://www.instagram.com/p/DcRniFMSK53/,,,pearledivory,2026-08-20T20:26:25.000Z,32,0,0,"[""01-ig-seeds"", ""05-ig-seed-transcripts""]","[""raw/01-ig-seeds-items.json#row=4"", ""raw/05-ig-seed-transcripts-items.json#row=1""]",S130,* men’s static,Image,False,https://www.instagram.com/p/DcRniFMSK53/,[],adjacent_fashion_or_other,lexical screening of creator caption/transcript; review source before bag-specific claims,not_available,2026-09-11,0,0
ig:DR1QtjoAEn-,instagram,https://www.instagram.com/p/DR1QtjoAEn-/,Love exploring new fragrances? Try SIX incredible designer-inspired scents for just $79.95. Discover your next signature scent today!,"Isn't it wild? People drop 300 bucks on a logo in a bottle. Same formula, same iconic vibe, different name, ten times the price. They'll call it heritage. Sure, if heritage means paying extra so strangers guess your salary. We make what they hope you never find. Same ingredients the designer houses use, only they stick and people notice. For less than the tax on a status bottle. Call it a dupe if you want, we call it independence. Because if you need a logo to feel valuable, maybe it's not the fragrance that's fake. Dupe sense, luxury's long lost cousin. The cooler one though.",duppescents,2025-12-04T06:54:10.000Z,212823,2959,0,"[""01-ig-seeds"", ""05-ig-seed-transcripts""]","[""raw/01-ig-seeds-items.json#row=5"", ""raw/05-ig-seed-transcripts-items.json#row=28""]",S039,"* velantra affordable luxury 

Rania.haggag

Wear_this_next",Video,False,https://www.instagram.com/p/DR1QtjoAEn-/,"[""new_brand"", ""designer_spend"", ""logo_independence""]",adjacent_fashion_or_other,lexical screening of creator caption/transcript; review source before bag-specific claims,automatic_unverified,2026-09-11,94,60
ig:Da2-DkKAmcW,instagram,https://www.instagram.com/p/Da2-DkKAmcW/,Introducing the Chloe Tote.  Thoughtfully designed with multiple compartments to be the perfect piece for work & travel.  Available in Espresso Croc & Chai Matte Croc.  Handcrafted in Italy.,"Introducing the Chloe Tote. This is our first ever laptop bag. This is going to be your perfect companion for both work and travel. This bag has been 18 months in the making, and I'm so excited. If you have a 13-inch laptop, we have a sleeve on the inside flap or a full zipper compartment in the middle. If you have a larger 15-inch laptop like I do, it fits perfectly in this center compartment. And I wanted to design the bag with all of these compartments and sections because I think it just keeps all of your things much more organized. Everything's not flying around in your bag. And of course, the bag fits nicely over your shoulder with lots of room. Probably my favorite feature of the bag is this magnetic pocket in the back. This is going to be where you can put your passport, wallet, your phone, headphones, anything you need to get easily in and out. Especially when I'm traveling, I can just easily grab whatever I need from here. This really is the ultimate bag because it's fashion forward and sophisticated, but has so much utility and functionality to it.",aureum.collective,2026-07-16T15:32:11.000Z,449,14,0,"[""01-ig-seeds"", ""05-ig-seed-transcripts""]","[""raw/01-ig-seeds-items.json#row=6"", ""raw/05-ig-seed-transcripts-items.json#row=92""]",S043,Apology/transparency style ad,Video,False,https://www.instagram.com/p/Da2-DkKAmcW/,"[""old_money"", ""euro_trip"", ""quality_material"", ""work_polish"", ""travel_scale""]",handbag_context,lexical screening of creator caption/transcript; review source before bag-specific claims,automatic_unverified,2026-09-11,7,5
ig:DadLewIAJXZ,instagram,https://www.instagram.com/p/DadLewIAJXZ/,"Fall in LOVE with the all-new Summer Watch Collection 🌴🌊

✨Premium 316L stainless steel.
💧 Premium Waterproof design.
💖Tarnish resistant shine.

Limited edition ONLY – get yours before they’re gone!",,nuamore,2026-07-06T15:09:14.000Z,1,0,0,"[""01-ig-seeds"", ""05-ig-seed-transcripts""]","[""raw/01-ig-seeds-items.json#row=7"", ""raw/05-ig-seed-transcripts-items.json#row=2""]",S165,* illusion of choice,Image,False,https://www.instagram.com/p/DadLewIAJXZ/,"[""seasonal_woven"", ""purchase_trigger""]",adjacent_fashion_or_other,lexical screening of creator caption/transcript; review source before bag-specific claims,not_available,2026-09-11,0,0
ig:DZmq1zHAIp-,instagram,https://www.instagram.com/p/DZmq1zHAIp-/,"Maturing as a man is realizing you need a bag too. Which is something most of us figure out about 10 years after we should have, usually right around the moment our jacket pockets give up and the plastic dopp kit we'd been carrying starts to feel less like a workaround and more like an admission.

Which makes this bag, as it turns out, the quietest possible answer to: woven pebbled Dutch calfskin, structured base, 7.8 inches wide, small enough to wear under a jacket.

It fits your phone, wallet, airpods, keys, passport when you travel (and the small notebook you started carrying around the time you turned thirty-something, obviously). 

This bag is on Vellatini under Annamo. And it's nearly gone. A few are left.

Don't be the person searching for it after it sells out.",Nothing upgrades a man faster than a good bag. The difference is in the details.,vellatini,2026-06-15T11:05:02.000Z,1846,209,0,"[""01-ig-seeds"", ""05-ig-seed-transcripts""]","[""raw/01-ig-seeds-items.json#row=8"", ""raw/05-ig-seed-transcripts-items.json#row=14""]",S068,"
* men’s angle",Video,False,https://www.instagram.com/p/DZmq1zHAIp-/,"[""euro_trip"", ""social_judgment"", ""quality_material"", ""logo_independence"", ""seasonal_woven"", ""travel_scale""]",handbag_context,lexical screening of creator caption/transcript; review source before bag-specific claims,automatic_unverified,2026-09-11,41,27
ig:DcJd0Y5AGgb,instagram,https://www.instagram.com/p/DcJd0Y5AGgb/,"The Alastair Slim Fit Knit Polo features an intricate, stunning chevron knit pattern that elongates the body and highly elevates this classic piece. The super soft fabric moves and breathes extremely well for both the avid golfer or luxury lifestyle aficionado. Features a modern fit that's complimentary to athletic builds. Hugs the shoulders, chest and arms in all the right places. Long-Sleeve version also available.","Everybody wants to get that Brad Pitt old money style look, but nobody wants to tell you how because we all know he's not shopping at your local mall. Because this is the style you're gonna get at your local mall. It looks like a tablecloth and fits like a paper bag. And it's gonna fall apart in just one or two washes. But this, this is the style you're gonna see Brad Pitt wear. Because it fits in all the right places and you've still got room down here below. It doesn't fit like a paper bag. You can see the quality and the details that actually matter. If you're looking for quality and you don't want to look like everybody else that shops at your local mall, these are the ones. They're built to last and look good for every occasion. For size reference, just go your normal true to size. I'm 6'1"", 175. This right here is a size medium. I just picked these up on a summer sale, but every time they do a sale like this, they always sell out. So if you see your size and any colors you like, I'd get them before they sell out again.",trevor_cross1,2026-08-17T16:27:27.000Z,572,41,0,"[""01-ig-seeds"", ""05-ig-seed-transcripts""]","[""raw/01-ig-seeds-items.json#row=9"", ""raw/05-ig-seed-transcripts-items.json#row=8""]",S088,* brad pitt,Video,True,https://www.instagram.com/p/DcJd0Y5AGgb/,"[""designer_spend"", ""old_money"", ""outfit_upgrade"", ""social_judgment"", ""quality_material"", ""seasonal_woven"", ""travel_scale"", ""purchase_trigger""]",handbag_context,lexical screening of creator caption/transcript; review source before bag-specific claims,automatic_unverified,2026-09-11,13,8
ig:DZpphJ8sdwB,instagram,https://www.instagram.com/p/DZpphJ8sdwB/,"⏳ BUY 2 GET 1 FREE
🌍 Free worldwide shipping
💪 Trusted by 52,000+ men
✨ Minimal jewellery built to last

▶️ pureformeu.com ◀️","This costs $59, but it looks like $5,000. We did something most brands would never do. We took apart luxury pieces, analyzed everything. Solid 925 sterling silver, 18 karat gold plating, natural stones, the exact same materials. So we asked, what are you actually paying for? Because it's not just the jewelry, it's the logo, the store, the story, the markup. So we stripped all of that away and we built this. Same materials, same craftsmanship, same presence, without the $5,000 price tag. Their price, thousands. Ours, under $100. They sell status, we sell transparency. Over 50,000 customers already made the switch. Luxury without the illusion. And today, buy two, get one free.",pureform.eu,2026-06-16T14:51:12.000Z,12053,268,0,"[""01-ig-seeds"", ""05-ig-seed-transcripts""]","[""raw/01-ig-seeds-items.json#row=10"", ""raw/05-ig-seed-transcripts-items.json#row=42""]",S101,,Video,False,https://www.instagram.com/p/DZpphJ8sdwB/,"[""designer_spend"", ""euro_trip"", ""markup_skepticism"", ""quality_material"", ""logo_independence"", ""travel_scale"", ""purchase_trigger""]",adjacent_fashion_or_other,lexical screening of creator caption/transcript; review source before bag-specific claims,automatic_unverified,2026-09-11,98,65
ig:DaAQeKXMGaz,instagram,https://www.instagram.com/p/DaAQeKXMGaz/,"The only weekender you'll need fits as a carry-on, holds 3 days of gear, and turns heads at the airport. Free matching toiletry bag included.","This bag might change my life and yours. Hey, I'm Andrea. I created this bag. But yeah, I know. You don't even know who the fuck I am yet, even though we have 300k followers. So why have you never heard of me? Because we just launched in the US. Yeah, I'm French. And I created one of the fastest growing streetwear brands in France. To make it quick, 150,000 orders in two years. The growth has been insane. I was always afraid of coming to the US because I already failed here four years ago. I was 19, fresh out of fashion school. I had two runway shows at New York Fashion Week. I flew in with my mom. Hotel room turned into a showroom. Two suitcases full of pieces I designed. I thought I was about to make it, but nothing happened. I flew back to Paris feeling like I had failed. But I couldn't give up. The dream was too big. So I went home and built Art Real from scratch. Three years later, here we are. Same dream and a fucking bestseller. This is the Relic Duffel. And I'm selling 5,000 of them every month in France. Let me show you why. The design is just insane. Same jacquard as big luxury brands. The bag fits as a carry-on. And it's bigger than all those luxury bags that are expensive as fuck. The details are insane. And it's only $178. And the best part? You're one of the first to see it here in the US. For our first month, we made a crazy offer. With every bag you buy, we give you the matching toiletry bag for free. It's an insane toiletry bag like you've never seen. People pay $60 for it in France. But we're giving it away for free. Only for the first 500 orders though. So you better be fast.",arntreal.co,2026-06-25T09:34:52.000Z,2843,49,0,"[""01-ig-seeds"", ""05-ig-seed-transcripts""]","[""raw/01-ig-seeds-items.json#row=11"", ""raw/05-ig-seed-transcripts-items.json#row=121""]",S001,"* founder angle
* affordable luxury angle and why we exist",Video,False,https://www.instagram.com/p/DaAQeKXMGaz/,"[""new_brand"", ""founder"", ""designer_spend"", ""european_style"", ""euro_trip"", ""quality_material"", ""travel_scale"", ""purchase_trigger""]",handbag_context,lexical screening of creator caption/transcript; review source before bag-specific claims,automatic_unverified,2026-09-11,16,8
ig:Db4ULqGMNoU,instagram,https://www.instagram.com/p/Db4ULqGMNoU/,"Timeless Men’s Watches | Lifetime guarantee
 
Last chance - Get 4 FREE straps with any watch ordered today. 
Shop → www.cascalia.com",,cascalia_,2026-08-11T00:36:10.000Z,207,0,0,"[""01-ig-seeds"", ""05-ig-seed-transcripts""]","[""raw/01-ig-seeds-items.json#row=12"", ""raw/05-ig-seed-transcripts-items.json#row=58""]",S145,* women holding the bags,Video,False,https://www.instagram.com/p/Db4ULqGMNoU/,"[""old_money"", ""purchase_trigger""]",adjacent_fashion_or_other,lexical screening of creator caption/transcript; review source before bag-specific claims,not_available,2026-09-11,0,0
ig:DdAxBmQA9cG,instagram,https://www.instagram.com/p/DdAxBmQA9cG/,"Oceana is giving yacht wife, rich aunt, summer in Monaco… without needing Monaco money.

✨ Premium 316L stainless steel.
💧 Waterproof finish.
💛 Tarnish-resistant shine.

Classic polished, waterproof, and dangerously good at making basic outfits look styled.

Limited edition ONLY, don’t let her sell out in someone else’s cart.","I saved up for like months to go to New York and on my second day I just walked down Fifth Avenue just to walk, you know, just to see it. And I walked past the Rolex store and I just stopped like okay, wow. Then I see Audemars Piguet and I stop again and then I turn the corner and there's Patek Philippe and in the window there's the Patek Philippe Nautilus and I just stood there. I couldn't move, it was so simple, so clean, nothing flashy, nothing loud, just perfect. So I looked it up right there on my phone, $60,000, some of these go for $200,000, three year wait list. I almost cried and then I just stood there a little longer anyway, just looking at it through the glass. Even in another life with all that money would I actually wear it every day? Would I just be scared of everything, every scratch, every bump and every time I left the house I flew home and I couldn't stop thinking about it. So I'm lying in bed that night on TikTok still thinking about that look. And I just stopped. The Oceania by No More Stainless Steel, real finish, waterproof, doesn't tarnish, you wear it everywhere, beach, brunch, work, dates, no wait list and no $60,000 under $200 and it arrives in days. I ordered it that same night it came, I put it on and stood in front of my mirror and honestly, that feeling that I was looking on, a $60,000 watch was now on my wrist with less than $200. No More Oceania. No More Oceania. Over 100,000 women already have it, simple, clean and built to last, 50% off today only, go find yours.",nuamore,2026-09-08T03:53:31.000Z,0,0,0,"[""01-ig-seeds"", ""05-ig-seed-transcripts""]","[""raw/01-ig-seeds-items.json#row=13"", ""raw/05-ig-seed-transcripts-items.json#row=142""]",S157,* song,Video,False,https://www.instagram.com/p/DdAxBmQA9cG/,"[""designer_spend"", ""old_money"", ""outfit_upgrade"", ""social_judgment"", ""quality_material"", ""logo_independence"", ""seasonal_woven"", ""travel_scale"", ""purchase_trigger""]",adjacent_fashion_or_other,lexical screening of creator caption/transcript; review source before bag-specific claims,automatic_unverified,2026-09-11,0,0
ig:Db3WsbVAe09,instagram,https://www.instagram.com/p/Db3WsbVAe09/,Feel empowered every time you venture out with Carl Friedrik luggage by your side.,🎺,carlfriedrik,2026-08-10T15:38:52.000Z,24,0,0,"[""01-ig-seeds"", ""05-ig-seed-transcripts""]","[""raw/01-ig-seeds-items.json#row=14"", ""raw/05-ig-seed-transcripts-items.json#row=59""]",S082,,Video,False,https://www.instagram.com/p/Db3WsbVAe09/,"[""euro_trip"", ""travel_scale""]",handbag_context,lexical screening of creator caption/transcript; review source before bag-specific claims,automatic_unverified,2026-09-11,0,0
ig:DbZVk6fg-RU,instagram,https://www.instagram.com/p/DbZVk6fg-RU/,"From workdays to weekends, Quince's premium shirts are crafted with high-quality fabrics that are lightweight, breathable, and versatile, so they’re perfect for layering or wearing solo.","The linen shirt that feels like you're wearing nothing, but looks like you actually tried. 100% European linen from Quince. Light as air, relaxed, and polished. Premium brands charge $98, always priced fairly at $34. Shop the Linen Shirt at Quince.",onequince,2026-07-29T23:51:53.000Z,2371,33,0,"[""01-ig-seeds"", ""05-ig-seed-transcripts""]","[""raw/01-ig-seeds-items.json#row=15"", ""raw/05-ig-seed-transcripts-items.json#row=23""]",S089,,Video,True,https://www.instagram.com/p/DbZVk6fg-RU/,"[""designer_spend"", ""european_style"", ""euro_trip"", ""outfit_upgrade"", ""quality_material"", ""travel_scale""]",adjacent_fashion_or_other,lexical screening of creator caption/transcript; review source before bag-specific claims,automatic_unverified,2026-09-11,21,17
ig:Dcu1WXmAhPq,instagram,https://www.instagram.com/p/Dcu1WXmAhPq/,"😍 Ever wonder why luxury products are so expensive? 

🎁 At Quince, they don't have to be. We connect you directly with the factories that make for the world's leading luxury brands and deliver the highest quality products to you at an insanely low price.",But your life,onequince,2026-09-01T04:44:58.000Z,138,5,0,"[""01-ig-seeds"", ""05-ig-seed-transcripts""]","[""raw/01-ig-seeds-items.json#row=16"", ""raw/05-ig-seed-transcripts-items.json#row=72""]",S164,* listicle format,Video,False,https://www.instagram.com/p/Dcu1WXmAhPq/,"[""designer_spend"", ""markup_skepticism"", ""quality_material"", ""purchase_trigger""]",adjacent_fashion_or_other,lexical screening of creator caption/transcript; review source before bag-specific claims,automatic_unverified,2026-09-11,4,4
ig:DcFmN-agPC0,instagram,https://www.instagram.com/p/DcFmN-agPC0/,"Cologne that actually gets you noticed. 12 hours of performance, $39 a bottle. Discover our best-selling collection while stocks last.","Why do men keep choosing you over me? You're inspired by me. I'm Baccarat Rouge 540. Yeah, that's kind of the point. I'm the most complimented cologne on the planet. And you last about three hours. I'm made with premium ingredients, sourced from France. Same ingredients, same suppliers. We spent 18 months matching every note. Saffron, amber wood, cedar, jasmine, note for note. You're a copy. You tried to sue us, lost. LV tried too, also lost. Because matching a scent isn't a crime. It's just bad for your margins. We smell identical. Nobody can tell the difference. But you use 5% oil. I use 25. That's why you fade before lunch. And I'm still on his skin when he gets home at night. That's not possible for $39. It is when you're not paying for a celebrity campaign, a glass bottle, and a department store markup. Most of your price tag isn't the fragrance. It's the name. I'm worn by people who appreciate luxury. You're worn by people who can afford the marketing. I'm worn by 100,000 men who wanted the same scent, the same reactions, and five times the longevity for $39. But I'm the original. And you'll always be the original. The original that fades in two hours and costs $450. Meanwhile, she's complimenting him at dinner 12 hours after one spray. And it's me she's smelling, not you. You can't replace me. I'm not trying to replace you. I'm just giving men a reason to stop overpaying for a scent that quits before they do. Right now, it is up to 40% off. And buy two, get one free. All three Baccarat Rouge, Creed Aventus, and LV Imagination for $79. The same three from designers? Over $1,100. Clone Scents backs every bottle with a money-back guarantee. If she doesn't notice, if nobody says anything, every penny back. Head to Clonescents.com. Tap the link before they sell out again.",klonescents,2026-08-16T04:23:53.000Z,233,2,0,"[""01-ig-seeds"", ""05-ig-seed-transcripts""]","[""raw/01-ig-seeds-items.json#row=17"", ""raw/05-ig-seed-transcripts-items.json#row=65""]",S132,"* why are you so expensive, compare to Birkin bag",Video,False,https://www.instagram.com/p/DcFmN-agPC0/,"[""new_brand"", ""designer_spend"", ""social_judgment"", ""markup_skepticism"", ""purchase_trigger""]",adjacent_fashion_or_other,lexical screening of creator caption/transcript; review source before bag-specific claims,automatic_unverified,2026-09-11,0,0
ig:DSWB_i_ALqB,instagram,https://www.instagram.com/p/DSWB_i_ALqB/,Love exploring new fragrances? Try SIX incredible designer-inspired scents for just $79.95. Discover your next signature scent today!,"This is a letter from a luxury fragrance brand telling us we're ruining the industry, all because we're helping thousands of people stop overpaying for perfume. Let me explain. A year ago, we made the hardest decision of our lives. After years of working with luxury fragrance houses, watching $30 formulas get bottled, branded, and sold for $400, we'd had enough. We left the industry, we helped, and started building bouquets. A fragrance brand built on transparency, recreating iconic scents with the same premium ingredients with 50% more fragrance oil for a fraction of the price. Some call it copying, we call it reclaiming what was never protected. Because scent formulas can be patented, and maybe that's how it should be. And it actually worked. Maybe a little too well. Once people started realizing they could smell like Tom Ford, LV, and Creed for $14 instead of $400, the industry started noticing. Our ads got flagged, and our pages got reported. And for a while, it felt like we weren't supposed to exist. But then something wild happened. People started sharing our story, and the reviews poured in. And then this pay went from an idea to over 250,000 bottles sold. We're not here to destroy luxury, we're here to redefine it. So if you've been meaning to make the switch, try the fragrance brand they don't want you to find. There'll be a sixth sense set for $79.95 with a 100% money back guarantee, even if they're open. Because smelling expensive shouldn't make you broke.",duppescents,2025-12-17T00:20:30.000Z,99113,1589,0,"[""01-ig-seeds"", ""05-ig-seed-transcripts""]","[""raw/01-ig-seeds-items.json#row=18"", ""raw/05-ig-seed-transcripts-items.json#row=132""]",S059,* Birkin letter,Video,False,https://www.instagram.com/p/DSWB_i_ALqB/,"[""new_brand"", ""designer_spend"", ""purchase_trigger""]",adjacent_fashion_or_other,lexical screening of creator caption/transcript; review source before bag-specific claims,automatic_unverified,2026-09-11,98,75
ig:DbFo_S9gMpk,instagram,https://www.instagram.com/p/DbFo_S9gMpk/,"Maturing as a man is realizing you need a bag too. Which is something most of us figure out about 10 years after we should have, usually right around the moment our jacket pockets give up and the plastic dopp kit we'd been carrying starts to feel less like a workaround and more like an admission.

Which makes this bag, as it turns out, the quietest possible answer to: woven pebbled Dutch calfskin, structured base, 7.8 inches wide, small enough to wear under a jacket.

It fits your phone, wallet, airpods, keys, passport when you travel (and the small notebook you started carrying around the time you turned thirty-something, obviously). 

This bag is on Vellatini under Annamo. And it's nearly gone. A few are left.

Don't be the person searching for it after it sells out.",Not everyone needs a big bag. I do.,vellatini,2026-07-22T08:16:42.000Z,136,6,0,"[""01-ig-seeds"", ""05-ig-seed-transcripts""]","[""raw/01-ig-seeds-items.json#row=19"", ""raw/05-ig-seed-transcripts-items.json#row=138""]",S100,,Video,False,https://www.instagram.com/p/DbFo_S9gMpk/,"[""euro_trip"", ""social_judgment"", ""quality_material"", ""logo_independence"", ""seasonal_woven"", ""travel_scale""]",handbag_context,lexical screening of creator caption/transcript; review source before bag-specific claims,automatic_unverified,2026-09-11,2,2
ig:Da4Lm_EjYuz,instagram,https://www.instagram.com/p/Da4Lm_EjYuz/,Stop saving the good stuff for later. Life's too short to carry things you don't actually enjoy using.,What's in this bag? Probably everything you're looking for.,vellatini,2026-07-17T02:50:12.000Z,15,2,1702,"[""01-ig-seeds"", ""05-ig-seed-transcripts""]","[""raw/01-ig-seeds-items.json#row=20"", ""raw/05-ig-seed-transcripts-items.json#row=68""]",S053,,Video,False,https://www.instagram.com/reel/Da4Lm_EjYuz/,[],handbag_context,lexical screening of creator caption/transcript; review source before bag-specific claims,automatic_unverified,2026-09-11,1,1
ig:DbbRz2SgFfY,instagram,https://www.instagram.com/p/DbbRz2SgFfY/,"The Cuban Link Chain from JAXXON has over 100,000+ 5-Star Reviews for a reason. It’s featured in Forbes, Entrepreneur and GQ voted it the best men’s chain. Shop now at JAXXON.com","Girls, if your man isn't wearing a chain yet, you're both missing out. I don't know what it is, but ever since my man got this chain, I cannot keep my hands off of him. He just looks more put together, more intentional, like he did something on purpose. And the guys that know how to wear it right, you can just tell by the way that everyone looks at them. I gifted him this one from Jackson, it's real gold bonded, doesn't fade, doesn't tarnish. He's had it for months and it still looks so good on him. And it's got a 365 day warranty, so it's built to actually last. If you want your girl looking at you like that, click the link below.",jaxxon,2026-07-30T17:57:27.000Z,1292,33,0,"[""01-ig-seeds"", ""05-ig-seed-transcripts""]","[""raw/01-ig-seeds-items.json#row=21"", ""raw/05-ig-seed-transcripts-items.json#row=21""]",S161,* gf angle,Video,False,https://www.instagram.com/p/DbbRz2SgFfY/,"[""outfit_upgrade"", ""social_judgment"", ""gifting"", ""purchase_trigger""]",adjacent_fashion_or_other,lexical screening of creator caption/transcript; review source before bag-specific claims,automatic_unverified,2026-09-11,16,13
ig:Db9N0Ptgfds,instagram,https://www.instagram.com/p/Db9N0Ptgfds/,brands that give the row/khaite energy for fall but don’t cost the $$$ 🫢 comment LINKS & i’ll send everything I mentioned straight to your DMS 🤍 #fashionreels #brandstoknow #fashioninspo #wheretoshop #fashionbrand,"If you want to dress in a very The Row, Kate-coded way this fall, but you don't want to spend the money, these are the brands that you need to have on your radar. Now, if you very much have quiet luxury taste, but you're more so on the Ritzia budget, you are going to be obsessed with Pixi Market. Everything they do is very clean, elevated, structured, but most pieces are going to be under $300. Now, a quality trench coat is definitely going to be key to a fall wardrobe, and I just feel like this. And this look so expensive, like I could easily believe these are thousands of dollars. But this one is just under $200, and this one under $300, like for this style and design, I am actually shocked. I'm also obsessed with this suede moment, like so many ways to style a piece like this. And it's under $250. They also do elevated basics so well, just by adding that extra layer of interest that makes it look like it's something designer. But so well priced, like this piece right now is on sale for just $70. Now, the key to curating a quiet luxury wardrobe is just investing in high quality basics, and that is something that Modern Citizen does so well. Like at first glance, I would totally think this is a Kate cardigan, but it's their play on it in an organic cotton and wool blend for like a tenth of the price. And they even have some colorways like this and this on sale for just $105 right now. I just feel like they do tailoring so well, like this denim jacket and this leather blazer could easily be staples in your fall wardrobe and they are both on sale right now. Even just the way they do a basic white tee looks so high end and flattering. And hello, this is on sale for $55. Now, if your vibe is more so quiet luxury cool girl and you like to have a bit more interest added to your outfits, you are going to be obsessed with this brand centerpiece. I love how they take classic silhouettes and just add their own little pizzazz to it. Like this button down with the added scarf and the fringe detail, this strapless top with the asymmetrical design and the fringe. Don't even get me started on this set. Like these are going to be a little bit more on the higher end from $300 to $400, but everything is very well made. And this in particular is 100% silk, but they do have some great pieces on sale right now. Like this mini dress, which feels very much Mary-Kate and Ashley. And lastly, we have Rue Sophie. This is yet another brand that I'm just obsessed with their elevated basics. Like we're a thousand percent going to be seeing this funnel neck style everywhere this fall, but they made a version that's actually convertible. So you don't have to totally commit to it. I also love the scarf detailing in this one. I feel like we would see Rosie hunting in Whitley wearing something like this. Also just obsessed with the way they structure things like the cinching of the waist on this dress and the silhouette of this skirt. It really is these kinds of cuts that make things look more expensive than they are. And the majority of their pieces are just between one to $300. Now is honestly a great time to start building your fall wardrobe because so many of these pieces are on sale. So I'm of course going to have everything linked.",steffieinthecity,2026-08-12T22:19:45.000Z,2074,1622,78406,"[""01-ig-seeds"", ""05-ig-seed-transcripts""]","[""raw/01-ig-seeds-items.json#row=22"", ""raw/05-ig-seed-transcripts-items.json#row=160""]",S139,,Video,False,https://www.instagram.com/p/Db9N0Ptgfds/,"[""new_brand"", ""designer_spend"", ""old_money"", ""outfit_upgrade"", ""quality_material"", ""logo_independence"", ""seasonal_woven"", ""travel_scale"", ""purchase_trigger""]",adjacent_fashion_or_other,lexical screening of creator caption/transcript; review source before bag-specific claims,automatic_unverified,2026-09-11,24,0
ig:DZLA4ilxHv0,instagram,https://www.instagram.com/p/DZLA4ilxHv0/,"The summer bag I recommend every single year 🤎 Comment BAG for my favorites

A raffia tote is one of those pieces that instantly makes every outfit feel more seasonal, polished, and effortless. Plus, you’ll use it for everything from beach days to errands to vacation dinners.

#summerstyle #raffiabag #summerbag #styletips 
.
.
.
.
raffia tote bag, best summer bags, summer bag trends, vacation style essentials, beach tote bag, woven tote bag, chic summer accessories, timeless summer fashion, summer wardrobe essentials, resort style accessories","If you buy one bag this summer, make it a woven or raffia tote. I know there are a lot of trendy bags out there right now, but this is the one I reach for over and over again in the summer because it actually works for real life. It instantly makes any outfit feel more summery, and you could be wearing the most simple outfit, but a raffia or woven tote will give you the most effortless vibe. This is one of my most favorite brands, so I will link a ton of options from them. This bag is also extremely versatile. You can wear it to the beach or to lunch, on vacation or running errands, and it is such a great mom bag. I bring it out to basically every dinner with my kids during the summer because it can fit everything they might need. It works with dresses and denim and linen and pretty much anything and everything in your summer wardrobe. So not only is it practical, but it is also timeless. Unlike some trend-driven bags, a raffia or woven tote comes back every single summer, so you will wear it for years. I even made a reel saying that if I was building my summer wardrobe from scratch, I would buy a raffia tote, and I truly meant it. So I am going to link a bunch of options. Comment below if you'd like to shop.",wear_this_next,2026-06-04T17:20:12.000Z,825,4119,51217,"[""01-ig-seeds"", ""05-ig-seed-transcripts""]","[""raw/01-ig-seeds-items.json#row=23"", ""raw/05-ig-seed-transcripts-items.json#row=147""]",S006,"* the perfect raffia woven bag angle, talking head ai ugc",Video,False,https://www.instagram.com/reel/DZLA4ilxHv0/,"[""old_money"", ""euro_trip"", ""outfit_upgrade"", ""quality_material"", ""logo_independence"", ""seasonal_woven"", ""travel_scale""]",handbag_context,lexical screening of creator caption/transcript; review source before bag-specific claims,automatic_unverified,2026-09-11,100,0
ig:Dax_hKCgyw-,instagram,https://www.instagram.com/p/Dax_hKCgyw-/,"I’ve said it for years: a minimal sandal is one of the hardest-working pieces in a summer wardrobe. Even with the subtle CC logo, they’re timeless, understated, and the kind of shoe I’ll reach for with linen pants, denim shorts, dresses, and everything in between.

Sourced by @sourcedbyelyse 

#chanel #chanelsandals #designersandals #luxuryfashion #minimalstyle 
.
.
.
.
Chanel sandals, Chanel sandal review, Chanel sandal unboxing, designer sandals, luxury sandals, minimal sandals, timeless summer sandals, summer shoe trends, best designer sandals, luxury shoe investment, capsule wardrobe essentials, elevated summer style, chic summer outfits, classic summer wardrobe, minimalist fashion, designer shoe collection, luxury fashion finds, summer outfit ideas, linen pants outfit, denim shorts outfit, summer dresses with sandals, wearable luxury, timeless fashion pieces, luxury wardrobe essentials, fashion over 30, fashion over 40, petite style, elevated everyday outfits","If you've been following me for a while, you know I'm always talking about the importance of a minimal sandal. It's one of those pieces that instantly make every summer outfit feel more elevated. So when I saw these Chanel sandals, they felt very me. Even with the subtle logo, they're understated and timeless. I know they're an investment, but I always try to buy designer pieces that I'll actually wear over and over again, not just because of the name, but because they fit seamlessly into my wardrobe. And I already know these are going to be on repeat all season.",wear_this_next,2026-07-14T17:10:33.000Z,332,44,38353,"[""01-ig-seeds"", ""05-ig-seed-transcripts""]","[""raw/01-ig-seeds-items.json#row=24"", ""raw/05-ig-seed-transcripts-items.json#row=73""]",S019,"* ai ugc/aivo, use kling",Video,False,https://www.instagram.com/reel/Dax_hKCgyw-/,"[""old_money"", ""outfit_upgrade"", ""logo_independence"", ""seasonal_woven"", ""travel_scale"", ""purchase_trigger""]",adjacent_fashion_or_other,lexical screening of creator caption/transcript; review source before bag-specific claims,automatic_unverified,2026-09-11,23,17
ig:DcwbazQg351,instagram,https://www.instagram.com/p/DcwbazQg351/,"Comment SHOP and I’ll send you my favorite pieces for easy school drop-off + pick-up outfits that are actually comfortable 🙌 

Sweatpants, leggings, pull-on pants, relaxed denim—I’m wearing all of them. The difference is in how you style them. A better-fitting sweatpant, a matching athleisure set, an elevated sneaker or a great jacket can make even the easiest outfit feel so much more put together.

#casualoutfitideas #everydayoutfits #momstyle #outfitideas 
.
.
.
.
school drop off outfits, school pick up outfits, school drop off outfit ideas, casual school drop off outfits, comfortable mom outfits, casual mom style, everyday outfit ideas for women, comfortable outfits that look put together, casual fall outfits, easy everyday outfits, sweatpants outfit ideas, leggings outfit ideas, pull on pants outfits, relaxed jeans outfits","Let's talk about school pickup and drop-off outfits. Because yes, you could be really comfortable but still look put together. First are sweatpants. I think it's completely okay to wear sweatpants for school pickup or drop-off, but fit really matters here. You need to find a pair that fits you really well. Instead of pairing it with an oversized sweatshirt, I would add a great fitting tee or a knit and definitely a great jacket. Think leather, suede, satin, a great trench. You're still incredibly comfortable, but the jacket makes the whole outfit feel intentional. And I know so many women love their leggings. And if you're one of them, just wear them. I just think athleisure wear looks so much more put together when you're wearing a matching set. You can even wear a well-fitted tee, a great pair of sneakers, but a matching set will just make your outfit feel a little bit more thoughtful. Next, definitely lean into elastic pants. There are so many elastic waist pants to choose from right now, and they give you that comfort you want but still look so elevated. Style them exactly as you would a regular trouser with a simple tee, a knit, and I promise you will feel completely put together. And finally, remember that jeans can be just as comfortable. I would go for a pair like this that is a little baggier, looser, and feels more relaxed. Pair them with a simple tee, a button-down, a knit, nothing too fussy, and you still get that easy, comfortable feeling. As busy moms, we don't always have the time to get dressed up for school pickup or drop-off. It's really about choosing comfortable pieces and styling them in a way that makes you feel good. I am linking all my favorites, so comment below if you'd like to shop.",wear_this_next,2026-09-01T19:43:42.000Z,833,1136,43799,"[""01-ig-seeds"", ""05-ig-seed-transcripts"", ""08-ig-creator-expansion""]","[""raw/01-ig-seeds-items.json#row=25"", ""raw/05-ig-seed-transcripts-items.json#row=109"", ""raw/08-ig-creator-expansion-items.json#row=147""]",S122,* moms angle,Video,False,https://www.instagram.com/wear_this_next/,"[""outfit_upgrade"", ""social_judgment"", ""quality_material"", ""seasonal_woven"", ""travel_scale""]",adjacent_fashion_or_other,lexical screening of creator caption/transcript; review source before bag-specific claims,automatic_unverified,2026-09-11,10,5
ig:Da7-1Qcgcb3,instagram,https://www.instagram.com/p/Da7-1Qcgcb3/,"Comment SHOP for links ✨ If I didn’t already own the designer version, I’d buy these instead.

I truly believe you don’t have to spend thousands of dollars to achieve a polished, elevated wardrobe. While I love my designer pieces, these are the affordable alternatives I’d confidently recommend because they still prioritize great design, quality materials, and timeless silhouettes.

The goal isn’t to find an exact copy—it’s to achieve the same overall aesthetic with pieces that look chic, wear beautifully, and make sense for your budget.

#designerstyle #luxuryforless #affordablestyle #classicstyle 
.
.
.
.
designer alternatives, luxury look for less, affordable designer alternatives, elevated style, quiet luxury style, affordable fashion finds, timeless wardrobe essentials, capsule wardrobe, quality affordable clothing, designer inspired outfits, chic everyday outfits, classic style for women, elevated basics, expensive looking outfits, fashion over 30, fashion over 40, wearable fashion, casual chic outfits, investment style on a budget, luxury fashion alternatives","I own the designer version of all these pieces. If you are after the same overall look, you absolutely do not need to spend designer prices. Instead of these designer pants, I'd buy these. They have the same relaxed silhouette that instantly make an outfit feel more elevated. Instead of these k heels, I'd go with these. They look almost identical and they give you that same elevated finish to an outfit. Instead of this Chloe top, I'd buy this version from Reformation. It captures that same romantic bohemian aesthetic that's trending right now. Instead of these sandals from The Row, I'd buy these. They have that same clean, minimal feel that's very versatile, but they are a fraction of the price. And lastly, instead of this designer bag, I'd choose this one. It's structured, gives off that cool vibe, and has the same luxury look without the price tag. Designer pieces can absolutely be worth it. But if you are after the overall aesthetic, I can confidently recommend these alternative options. I'm linking all my favorites, so comment below if you'd like to shop.",wear_this_next,2026-07-18T14:15:36.000Z,424,1658,42662,"[""01-ig-seeds"", ""05-ig-seed-transcripts""]","[""raw/01-ig-seeds-items.json#row=26"", ""raw/05-ig-seed-transcripts-items.json#row=85""]",S020,"* save on designer brands, position as affordable luxury brand",Video,False,https://www.instagram.com/reel/Da7-1Qcgcb3/,"[""designer_spend"", ""old_money"", ""outfit_upgrade"", ""social_judgment"", ""quality_material"", ""logo_independence"", ""travel_scale""]",handbag_context,lexical screening of creator caption/transcript; review source before bag-specific claims,automatic_unverified,2026-09-11,7,5
ig:DU9KqzjDH7Y,instagram,https://www.instagram.com/p/DU9KqzjDH7Y/,"🖤The bag that blends natural charm with modern luxury.
Versatile, lightweight, and sophisticated — perfect for the beach, the city, or your next getaway.
👜 Get yours before it’s gone.","Oh my gosh, look at how pretty it is. It comes with a mini one inside of it. It attaches to and I think I would put the chain through this so it could be like a little wristlet. Let me show it to you guys on. How pretty she is. I am so obsessed. And then where's the mini? There's my mini in here. And then the mini. See how cute she is. So freaking cute.",zaprada_store,2026-02-19T22:09:29.000Z,21326,636,0,"[""01-ig-seeds"", ""05-ig-seed-transcripts""]","[""raw/01-ig-seeds-items.json#row=27"", ""raw/05-ig-seed-transcripts-items.json#row=77""]",S030,,Video,False,https://www.instagram.com/p/DU9KqzjDH7Y/,"[""old_money"", ""quality_material""]",handbag_context,lexical screening of creator caption/transcript; review source before bag-specific claims,automatic_unverified,2026-09-11,100,32
ig:DQ4SzAXAPfT,instagram,https://www.instagram.com/p/DQ4SzAXAPfT/,"RELAUNCHED → The Brone

 ☑️ 316L Stainless Steel Craft
 ☑️ Dependable Quartz Movement
 ☑️ Built for the Everyday Explorer

Shop → luckyfours.com/products/brone",Early this morning when you knocked upon my door,luckyfours,2025-11-10T14:38:43.000Z,93313,685,0,"[""01-ig-seeds"", ""05-ig-seed-transcripts""]","[""raw/01-ig-seeds-items.json#row=28"", ""raw/05-ig-seed-transcripts-items.json#row=54""]",S156,* POV: you bought a $150 bag and everyone thinks it’s $2000,Video,False,https://www.instagram.com/p/DQ4SzAXAPfT/,"[""quality_material""]",adjacent_fashion_or_other,lexical screening of creator caption/transcript; review source before bag-specific claims,automatic_unverified,2026-09-11,100,71
ig:DcRsKHHBW45,instagram,https://www.instagram.com/p/DcRsKHHBW45/,"a few looks.. tell us all your favorite please!! ✨ comment ""set"" and i'll send you a set to the best of summer fragrances. xo @devora.e","What are you wearing today? You look phenomenal. Thank you. Down to the belt. Something special for Pavel? You're phenomenal. Thank you. Your accessories. All gifts from my darling husband. You're incredible. And this necklace, come on. Thank you. This was custom made. What are you wearing today? Carolina Herrera dress, Gucci, Nicole, and Dolce & Gabbana, and Chanel. Show us the arm. Schiaparelli. Yes, and this is Cartier. And Schiaparelli earrings. Yes. Let's see. Amazing. Thank you so much. Love your outfits. Thank you. Love. And your shoes? Shoes? Chanel. And the hat? No brand. No brand, but the rings. You forgot about the rings. Home hat and the covering. Stunning. Thank you so much. What are you wearing today? Prada. Stunning. And the bag? And a hat from Emily Ford from Paris. How about the bag? The bag is vintage Chanel. Stunning. Chanel. And the bag? Is Paco Rabanne. Stunning. Tell us about the necklace. The necklace is by a woman named Bonnie Scheek. She designs and produces her own jewelry. And the watch? Cartier. I can't miss the ring. Where's that from? David Webb. Thank you so much. You're welcome.",classofpalmbeach,2026-08-20T21:11:30.000Z,556569,10485,6197067,"[""01-ig-seeds"", ""05-ig-seed-transcripts""]","[""raw/01-ig-seeds-items.json#row=29"", ""raw/05-ig-seed-transcripts-items.json#row=103""]",S124,* seedance 2.5 old money look,Video,False,https://www.instagram.com/reel/DcRsKHHBW45/,"[""european_style"", ""euro_trip"", ""outfit_upgrade"", ""social_judgment"", ""logo_independence"", ""seasonal_woven"", ""travel_scale"", ""gifting""]",handbag_context,lexical screening of creator caption/transcript; review source before bag-specific claims,automatic_unverified,2026-09-11,98,68
ig:DcMeCLRsyaD,instagram,https://www.instagram.com/p/DcMeCLRsyaD/,"Ditch the standard t-shirt. The Riviera Collection delivers a lightweight, breathable knit with an elevated texture that feels like luxury. Dress it down for the city or up for an event, it’s the ultimate cheat code for upscale style.","Every time I go out, this is the shirt I get asked about. This is the new long sleeve textured tee from Cuts and the best part is it now comes in black. It absolutely nails it with the detail in this texture. I mean, just look at it. It takes that same idea of a basic tee and pants and completely elevates it. With summer coming to an end and fall just around the corner, this is the perfect tee for any dates or events you have coming up. For reference, I'm six foot 160 pounds wearing a medium. So if you're looking for that quiet luxury, elevated, casual kind of look, this is where it starts. A fair warning, the short sleeve version of this already sold out twice this year and I'm sure this one will too. So if you click that link and see your size, I wouldn't wait.",cuts,2026-08-18T20:27:03.000Z,925,29,0,"[""01-ig-seeds"", ""05-ig-seed-transcripts""]","[""raw/01-ig-seeds-items.json#row=30"", ""raw/05-ig-seed-transcripts-items.json#row=24""]",S160,* social proof,Video,False,https://www.instagram.com/p/DcMeCLRsyaD/,"[""old_money"", ""outfit_upgrade"", ""quality_material"", ""logo_independence"", ""seasonal_woven"", ""travel_scale"", ""purchase_trigger""]",adjacent_fashion_or_other,lexical screening of creator caption/transcript; review source before bag-specific claims,automatic_unverified,2026-09-11,18,16
ig:Dca7KajMIAb,instagram,https://www.instagram.com/p/Dca7KajMIAb/,"The Ezra Loafer - Stupidly Comfortable.

New Colourways Now In Stock.",,dukedexter,2026-08-24T11:10:57.000Z,93,1,0,"[""01-ig-seeds"", ""05-ig-seed-transcripts""]","[""raw/01-ig-seeds-items.json#row=31"", ""raw/05-ig-seed-transcripts-items.json#row=3""]",S095,,Image,False,https://www.instagram.com/p/Dca7KajMIAb/,"[""purchase_trigger""]",adjacent_fashion_or_other,lexical screening of creator caption/transcript; review source before bag-specific claims,not_available,2026-09-11,1,0
ig:DY0AIjaDDbi,instagram,https://www.instagram.com/p/DY0AIjaDDbi/,"Tired of overpaying for fashion? 👀
Phia finds the best price for the exact item you want! With AI technology, and across 40,000+ retail & resale sites. Shop clothes, bags, and more on the go!","These Jimmy Choos are so nice. I could get that on Fia. These could be so cute for summer. Okay, Fia would have that for like $100. Now these would be so cute for date night. Okay, I could just get them on Fia. Okay, you keep saying Fia. What is that? Oh, Fia is this app where you can find anything you want for way less. I'll show you. All you do is search the item you're looking for, tap the blue key, and it'll show you where you can find the same item for a fraction of the cost. Wait, that's crazy. What's it called? It's called Fia. It's free in the App Store. You need to download it.",sophiakianni,2026-05-26T18:49:50.000Z,7781,13,0,"[""01-ig-seeds"", ""05-ig-seed-transcripts""]","[""raw/01-ig-seeds-items.json#row=32"", ""raw/05-ig-seed-transcripts-items.json#row=70""]",S033,,Video,True,https://www.instagram.com/p/DY0AIjaDDbi/,"[""designer_spend"", ""seasonal_woven"", ""purchase_trigger""]",handbag_context,lexical screening of creator caption/transcript; review source before bag-specific claims,automatic_unverified,2026-09-11,12,6
ig:DcWLvteqezx,instagram,https://www.instagram.com/p/DcWLvteqezx/,"Make sure you follow me because next I’m breaking down exactly what to pack for Paris, Milan and London this fall.

comment “fall” for the link https://liketk.it/6ltBN 
#greenscreen #falloutfitideas #eurofall #whattopack","If you're going to Europe this fall, please don't pack the same wardrobe for Milano, Paris and London, three fashion capitals, but they have three completely different dress codes. Starting with Paris, here I would pack less and focus on pieces that they work together. Think of trench or long wool coat, straight leg denim, ballet flats or pair of loafers. One good bag that works every day. Hear me out, keep the colors understated. Think of black, grey, burgundy, navy and cream. The goal is not to look overstyled, slightly undone, like I just threw this on even when you did not. For Milano, I'm immediately dressing things up. I would bring tailored trousers, fit knits, a beautiful coat or a leather jacket, definitely a stronger shoes. Also don't forget, here it's where you can play more with accessories, jewelry, richer colors like chocolate brown, deep red. Look, as an Italian, the only thing that I can say is start with your shoes and then build everything up. If you're going specifically to Milano, bear in mind it's way more polished and intentional. London, in my opinion, it's where you experiment, where you literally get your personality out. But don't forget, we have all the seasons in one day. So definitely bring with you a coat. I will personally pack a brown jacket, wear relaxed trousers, definitely your most comfortable sneakers because you walk a lot. This is where I would have more fun mixing vintage, checks, leather or something unexpected. This is only my starter pack. I will break down exactly what to pack city by city. So tell me Paris, London or Milan. Which one are you packing for? That's all for today. Thank you for listening. Ciao now.",iamsaraouardii,2026-08-22T15:01:36.000Z,1534,263,70075,"[""01-ig-seeds"", ""05-ig-seed-transcripts"", ""08-ig-creator-expansion""]","[""raw/01-ig-seeds-items.json#row=33"", ""raw/05-ig-seed-transcripts-items.json#row=140"", ""raw/08-ig-creator-expansion-items.json#row=101""]",S115,* GET UP EURO FALL TRIP,Video,False,https://www.instagram.com/iamsaraouardii/,"[""european_style"", ""euro_trip"", ""outfit_upgrade"", ""social_judgment"", ""quality_material"", ""logo_independence"", ""seasonal_woven"", ""travel_scale""]",handbag_context,lexical screening of creator caption/transcript; review source before bag-specific claims,automatic_unverified,2026-09-11,100,21
ig:DbIInIlg7JS,instagram,https://www.instagram.com/p/DbIInIlg7JS/,"Cooling, silk-like, and built to move. The Relaxed Twill TENCEL™ Shirt — the fabric upgrade your wardrobe has been waiting for.","If you've only worn cotton shirts, this is the difference. It moves with you, doesn't cling, doesn't sit flat. Closer to silk, cooler in the heat. You didn't miss it after all. The Tencel shirt went in days last time. It's back in now, white and black.",parknoire.co,2026-07-23T07:31:30.000Z,42,0,0,"[""01-ig-seeds"", ""05-ig-seed-transcripts""]","[""raw/01-ig-seeds-items.json#row=34"", ""raw/05-ig-seed-transcripts-items.json#row=20""]",S090,,Video,False,https://www.instagram.com/p/DbIInIlg7JS/,"[""outfit_upgrade""]",adjacent_fashion_or_other,lexical screening of creator caption/transcript; review source before bag-specific claims,automatic_unverified,2026-09-11,0,0
ig:DaT5VIfs6Sq,instagram,https://www.instagram.com/p/DaT5VIfs6Sq/,"5 Tote Bags That Will Only Get Better With Age

5 tote bags that actually improve the more you use them. Ralph Lauren Heritage Tote, Verafied, Bembien, Quince, and Alex Mill. Full-grain leather, vegetable-tanned leather, handwoven materials, bags built to develop a patina and look better at year three than they did the day you bought them. 

These aren’t the kind of bags that fall apart after a few months. They’re the ones that break in, soften up, and start to feel like yours. If you’re looking for an everyday carry, work bag, or travel bag that’s actually worth holding onto for years these are the five I’d start with. 

Find everything and more in my shopmy. #mensfashion #mensstyle #totebag #leatherbags #menswear",Your five tote bags that will get better the longer you have them. Jacob Elordi is making the tote bag cooler than ever for guys right now. They just look better than a backpack and the right one can add a finishing touch that can make a great outfit. One of my all-time favorites is the Ralph Lauren Heritage Tote. It's made with full grain leather and is just going to look better the more beat up it gets. Verified's Club Bag also looks amazing. Such a great design and also has a waterproof compartment which is a nice touch. Bembian makes the Lay Traveler which has this beautiful woven design. The leather develops a patina over time so it'll just keep looking better and better. Quince also has a super affordable Italian leather tote. It's a great option if you want a high quality leather tote bag but don't want to shell out a couple hundred bucks. And Alex Mill has a great canvas option that's garment washed so it has that lived-in look right away. All of these and some other cool tote bags I found are all linked in my shop mice.,finnlately,2026-07-03T00:38:39.000Z,1850,18,115872,"[""01-ig-seeds"", ""05-ig-seed-transcripts""]","[""raw/01-ig-seeds-items.json#row=35"", ""raw/05-ig-seed-transcripts-items.json#row=146""]",S037,* weekender-push to men,Video,False,https://www.instagram.com/reel/DaT5VIfs6Sq/,"[""designer_spend"", ""european_style"", ""euro_trip"", ""outfit_upgrade"", ""quality_material"", ""seasonal_woven"", ""work_polish"", ""travel_scale"", ""purchase_trigger""]",handbag_context,lexical screening of creator caption/transcript; review source before bag-specific claims,automatic_unverified,2026-09-11,11,10
ig:Dah9EpQsKIZ,instagram,https://www.instagram.com/p/Dah9EpQsKIZ/,"Trust me… this trend is only getting started

Comment trend for the link https://liketk.it/6hRZW

#falltrends #luxurybag #fallfashioninspo","I knew this trend was coming back the moment that I've seen it in every luxury runway. This autumn, don't look for a new handbag shape, but instead look for a new texture. And I'm talking about the croc embossed leather. It's not loud, it's not covered in logos, somehow makes any outfit look more elevated, sophisticated, and super chic. Already so many celebrities going ahead of this curve, styling this bag for every occasion. My most favorite is La Passeggiata from the Attico, Rodeo from Balenciaga, Petite One from Tory Burch, and Tea Lock from Totem. So if you are investing in a bag this year, I wouldn't focus on the silhouette, but on texture instead, because I have the feeling that this is one of those trends that it's going to take over quietly before even everyone realizes it's happening. And a little spoiler, I don't think only in bags. That's all for today, thank you for listening, ciao now!",iamsaraouardii,2026-07-08T11:40:52.000Z,710,255,32804,"[""01-ig-seeds"", ""05-ig-seed-transcripts""]","[""raw/01-ig-seeds-items.json#row=36"", ""raw/05-ig-seed-transcripts-items.json#row=96""]",S024,"* banger money
* the designer version",Video,False,https://www.instagram.com/reel/Dah9EpQsKIZ/,"[""old_money"", ""outfit_upgrade"", ""quality_material"", ""logo_independence"", ""seasonal_woven"", ""travel_scale""]",handbag_context,lexical screening of creator caption/transcript; review source before bag-specific claims,automatic_unverified,2026-09-11,100,3
ig:DcMSxrogpFQ,instagram,https://www.instagram.com/p/DcMSxrogpFQ/,"Gentlemen, I'm going to show you the last fit you'll ever need to buy. Check out Haus.","You ever notice anytime you see the pros wearing quarter zips? They're not wearing these. They're always wearing something more versatile. One that you can rock to the film room and then out to the field no problem. That's the reason so many of the pros are doing the same. But we all know how much these kind of quarter zips will run you. But you don't gotta drop a whole paycheck on a single one anymore. Because you're getting not one, not two, not three, but three for less than the price of one of those other brands. And you seriously can't go wrong with any of these colors. And it's the only quarter zip that I've found with intentional stitching on the delt to give you straight boulders and dual stitching down the lap to help give you that natural V taper. And this is one of the only quarter zips you can actually rock in the summertime because they're ventilated and ridiculously lightweight and breathable. And they got anti-odor tech built into the fabric. These aren't going to trap in sweat and then start to stink. So if you want to start rocking quarter zips just like the pros, I would not miss out on this crazy sale right now. And I ended up picking up every single color at the full price and I still love them. If I'm not gonna lie, them running that sale right after feels criminal. But fair warning, these normally love to sell at the full price. So I'd at least double check if they still have your size available. And as a reference, I'm 6'2, 205 rocking their XL. If you still aren't sure what size, you can just drop your height and your weight in the comments and I got you.",brodo.vordo,2026-08-18T18:48:41.000Z,118,6,0,"[""01-ig-seeds"", ""05-ig-seed-transcripts""]","[""raw/01-ig-seeds-items.json#row=37"", ""raw/05-ig-seed-transcripts-items.json#row=43""]",S084,,Video,False,https://www.instagram.com/p/DcMSxrogpFQ/,"[""designer_spend"", ""quality_material"", ""seasonal_woven"", ""travel_scale"", ""purchase_trigger""]",adjacent_fashion_or_other,lexical screening of creator caption/transcript; review source before bag-specific claims,automatic_unverified,2026-09-11,3,2
ig:Da5oc5RsU9L,instagram,https://www.instagram.com/p/Da5oc5RsU9L/,"The Diplomat is a sophisticated blend of form and function. Crafted from full-grain Italian leather, its sleek design offers a spacious, organized interior. Durable and versatile, it’s perfect for carrying everything from laptops to gym clothes, fitting seamlessly into both professional and personal life.",Ik heb mijn koffer gepakt.,satchelandpage,2026-07-17T16:21:07.000Z,134,0,0,"[""01-ig-seeds"", ""05-ig-seed-transcripts""]","[""raw/01-ig-seeds-items.json#row=38"", ""raw/05-ig-seed-transcripts-items.json#row=116""]",S110,* for men,Video,False,https://www.instagram.com/p/Da5oc5RsU9L/,"[""old_money"", ""european_style"", ""quality_material"", ""work_polish"", ""travel_scale""]",adjacent_fashion_or_other,lexical screening of creator caption/transcript; review source before bag-specific claims,automatic_unverified,2026-09-11,1,1
ig:DaMvEUjgr3o,instagram,https://www.instagram.com/p/DaMvEUjgr3o/,"Cologne that actually gets you noticed. 12 hours of performance, $39 a bottle. Discover our best-selling collection while stocks last.","Why do men keep choosing you over me? You're inspired by me. I'm Baccarat Rouge 540.
Yeah, that's kind of the point.
I'm the most complimented cologne on the planet.
And you last about three hours.
I'm made with premium ingredients sourced from France.
Same ingredients, same suppliers. We spent 18 months matching every note. Saffron, amberwood, cedar, jasmine, note for note.
You're a copy.
You tried to sue us. Lost. LV tried too. Also lost. Because matching a scent isn't a crime. It's just bad for your margins.
We smell identical. Nobody can tell the difference. But you use 5% oil. I use 25. That's why you fade before lunch. And I'm still on his skin when he gets home at night.
That's not possible for $39.
It is when you're not paying for a celebrity campaign, a glass bottle, and a department store markup.
Most of your price tag isn't the fragrance. It's the name.
I'm worn by people who appreciate luxury.
You're worn by people who can afford the marketing. I'm worn by 100,000 men who wanted the same scent, the same reactions, and five times the longevity for $39.
But I'm the original.
And you'll always be the original. The original that fades in two hours and costs $450.
Meanwhile, she's complimenting him at dinner 12 hours after one spray. And it's me she's smelling, not you.
You can't replace me.
I'm not trying to replace you. I'm just giving men a reason to stop overpaying for a scent that quits before they do.
Right now it is up to 40% off. And buy two, get one free.
All three Baccarat Rouge, Creed Aventus, and LV Imagination for $79.
The same three from designers? Over $1,100.
Clone Scents backs every bottle with a money back guarantee.
If she doesn't notice, if nobody says anything, every penny back.
Head to CloneSense.com. Tap the link before they sell out again.",klonescents,2026-06-30T05:53:07.000Z,26266,439,0,"[""01-ig-seeds"", ""05-ig-seed-transcripts""]","[""raw/01-ig-seeds-items.json#row=39"", ""raw/05-ig-seed-transcripts-items.json#row=53""]",S035,* Hermes ad,Video,False,https://www.instagram.com/p/DaMvEUjgr3o/,"[""new_brand"", ""designer_spend"", ""social_judgment"", ""markup_skepticism"", ""purchase_trigger""]",adjacent_fashion_or_other,lexical screening of creator caption/transcript; review source before bag-specific claims,automatic_unverified,2026-09-11,15,8
ig:DbLcoPLgWMl,instagram,https://www.instagram.com/p/DbLcoPLgWMl/,"Say hello to the Raffia Tote Bag, now available.

Shop yours today at classicalwaves.com 🌊","Gdyż ona,",classicalwaves,2026-07-24T14:24:09.000Z,107,3,0,"[""01-ig-seeds"", ""05-ig-seed-transcripts""]","[""raw/01-ig-seeds-items.json#row=40"", ""raw/05-ig-seed-transcripts-items.json#row=13""]",S075,,Video,False,https://www.instagram.com/p/DbLcoPLgWMl/,"[""old_money"", ""seasonal_woven""]",handbag_context,lexical screening of creator caption/transcript; review source before bag-specific claims,automatic_unverified,2026-09-11,3,0
ig:DczLYq1goao,instagram,https://www.instagram.com/p/DczLYq1goao/,i fear we’ve entered the era where having the most recognizable bag in the room is actually less cool than having the one nobody can identify 👀 comment COOL BAGS and i’ll send the links to all of these straight to your DMs 🩵 #fashionreels #handbags #baglover #affordablefashion #fashioninspo,"Cool girls don't buy bags just for the logo, they buy bags that actually have personality, so allow me to engage four brands that do exactly that. First up is Lenodo, they have such a unique concept where they rework old Pucci and Missoni scarves into these super unique bags at very reasonable price points. They also have so many stunning animal print bags as well like this, this, and this. I love these as an unexpected evening bag or even a cool girl bride bag. Next is Maria La Rosa, she makes these insane clutches and bandana bags. The detailing is seriously so stunning, like these are true statement bags that really just make the entire look. Then we have the very Scandi chic brand Lifner, they're definitely known for their clutches, they have such a unique kind of vintagey vibe. They literally look designer to me. I'm obsessed with so many of their animal print bags as well, like how chic is this Dalmatian print? Really just nail that effortless silhouette as well, like we see here. And lastly, if your style is truly whimsical, you will be obsessed with Symmetry. They have so many of these stunning clutches with kind of a 70s feel. Think sequins, fringe, and bags that almost feel reminiscent to J.W. Anderson's Dior. Like these are truly next level with so much personality, and most of them are just going to be in that $300 range, which is insane for the amount of detail. Let me know what your favorite cool girl bag brands are, and of course I'll have everything linked on my shopline.",steffieinthecity,2026-09-02T21:15:52.000Z,1423,423,65208,"[""01-ig-seeds"", ""05-ig-seed-transcripts"", ""08-ig-creator-expansion""]","[""raw/01-ig-seeds-items.json#row=41"", ""raw/05-ig-seed-transcripts-items.json#row=104"", ""raw/08-ig-creator-expansion-items.json#row=32""]",S129,"* where cool girls are buying bags, all around velantra, run to collection page",Video,False,https://www.instagram.com/steffieinthecity/,"[""designer_spend"", ""outfit_upgrade"", ""logo_independence""]",handbag_context,lexical screening of creator caption/transcript; review source before bag-specific claims,automatic_unverified,2026-09-11,100,8
ig:Db8yT45gqOr,instagram,https://www.instagram.com/p/Db8yT45gqOr/,"Gentlemen, I'm going to show you the last fit you'll ever need to buy. Check out Haus.","I honestly have no idea how they're making money off of this sale. Because you're not just going to get one, you're not just going to get two, you're not just going to get three, you're not just going to get four, but you're going to get five of the best sellers from Haas on the craziest deal they have ever run. Just the quarter zip is usually 100, just the tank pack at three is normally 80, and their shorts are normally 90. But now you get all five for less than 100, so you save almost 200. Look, I don't know who should be fired for running this deal, but I do know the way the sale works. And if any one of these sells out, the deal is over. And just the tank pack itself has sold out five times already this year. Now you can complete the whole gym look for under $100. These are going to sell out by the end of the week with or without you. I'll leave a link down there.",mikeandmack,2026-08-12T18:16:23.000Z,45,2,0,"[""01-ig-seeds"", ""05-ig-seed-transcripts""]","[""raw/01-ig-seeds-items.json#row=42"", ""raw/05-ig-seed-transcripts-items.json#row=30""]",S159,* bof sale,Video,False,https://www.instagram.com/p/Db8yT45gqOr/,"[""designer_spend"", ""quality_material"", ""travel_scale"", ""purchase_trigger""]",adjacent_fashion_or_other,lexical screening of creator caption/transcript; review source before bag-specific claims,automatic_unverified,2026-09-11,1,1
ig:Db3WsbQAX9Z,instagram,https://www.instagram.com/p/Db3WsbQAX9Z/,Feel empowered every time you venture out with Carl Friedrik luggage by your side.,♪ ♪,carlfriedrik,2026-08-10T15:38:52.000Z,29,0,0,"[""01-ig-seeds"", ""05-ig-seed-transcripts""]","[""raw/01-ig-seeds-items.json#row=43"", ""raw/05-ig-seed-transcripts-items.json#row=27""]",S083,,Video,False,https://www.instagram.com/p/Db3WsbQAX9Z/,"[""euro_trip"", ""travel_scale""]",handbag_context,lexical screening of creator caption/transcript; review source before bag-specific claims,automatic_unverified,2026-09-11,1,0
ig:Dar2qW7mTIW,instagram,https://www.instagram.com/p/Dar2qW7mTIW/,"“I build my looks around my bag, as it’s the one thing that makes even my most casual outfit feel intentional.”

Our founder Monica shares her approach to a timeless wardrobe in her latest feature with @whowhatwear 

#VESTIRSI",,shopvestirsi,2026-07-12T07:55:01.000Z,-1,0,0,"[""01-ig-seeds"", ""05-ig-seed-transcripts""]","[""raw/01-ig-seeds-items.json#row=44"", ""raw/05-ig-seed-transcripts-items.json#row=0""]",S045,,Sidecar,False,https://www.instagram.com/p/Dar2qW7mTIW/,"[""founder"", ""old_money"", ""outfit_upgrade"", ""travel_scale""]",handbag_context,lexical screening of creator caption/transcript; review source before bag-specific claims,not_available,2026-09-11,0,0
ig:Da8Z4g3MwcJ,instagram,https://www.instagram.com/p/Da8Z4g3MwcJ/,Age is just a number but fashion is forever 💭 #fashion #style #elegant #chic,"So what is your name and where are you from? Good afternoon, my name's Therese Atherton and I live in Northumberland, so near Scotland. Talk me through your outfit today. My hat is very old, it's from Lock and Company, and it has attached to it a vintage chiffon scarf from Nice Antique Market. My sunglasses are Chanel, my earrings are pearl and they're very many years old. The dress is a Dior tunic, underneath is a silk Max Mara blouse which belonged to my mother, who is no longer with me, but I wear it in homage to her. And I have a little pair of Hermes trainers. On the bag is a telly. It's a mixture of old and new, and I'm quite old, but the sunglasses hide it.",the___gloss,2026-07-18T18:12:15.000Z,147823,3122,3420563,"[""01-ig-seeds"", ""05-ig-seed-transcripts""]","[""raw/01-ig-seeds-items.json#row=45"", ""raw/05-ig-seed-transcripts-items.json#row=84""]",S126,* street interview,Video,False,https://www.instagram.com/reel/Da8Z4g3MwcJ/,"[""old_money"", ""outfit_upgrade"", ""travel_scale""]",handbag_context,lexical screening of creator caption/transcript; review source before bag-specific claims,automatic_unverified,2026-09-11,99,38
ig:DYwfKoko68c,instagram,https://www.instagram.com/p/DYwfKoko68c/,"If you like Loro Piana and Brunello Cucinelli, but don’t believe in overpaying for a logo - save this🙌🏻

1️⃣Pini Parma @pini.parma - soft tailoring, Italian fabrics,effortless old money aesthetic.

2️⃣Gran Sasso @gransasso_official - real quiet luxury.Cashmere, merino, silk. No logos, no noise.

3️⃣Massimo Alba @massimoalba - relaxed tailoring, lived-in luxury, villa-in-Italy energy.

👋🏻 I’m Valeri @valeri_yutsik a men’s stylist.
If you want to look stylish with zero effort - DM me for offline shopping Dubai / online worldwide","These brands look like Loro Piana and Brunello Cucinelli, but cost 3x less. If you love quiet luxury, save this. Number 1, Pini Parma. Looks like Brunello Cucinelli. Soft shoulders, lightweight construction, Italian fabrics, clean silhouettes. That effortless old money look without overpaying. Number 2, Gran Sasso. This is real quiet luxury. No logos, no noise. Cashmere, merino, silk, only natural fabrics. Basically, Loro Piana aesthetic, just smarter pricing. Number 3, Massimo Alba. Worn by Leonardo DiCaprio, James Bond. Relaxed tailoring, soft textures, slightly wrinkled, lived-in luxury. Looks like you own a villa in Italy, even if you don't. Save this video, you'll need it. Follow me for billionaire-style celebrity outfits and real luxury breakdowns.",valeri_yutsik,2026-05-25T10:07:31.000Z,21890,118,1168751,"[""01-ig-seeds"", ""05-ig-seed-transcripts""]","[""raw/01-ig-seeds-items.json#row=46"", ""raw/05-ig-seed-transcripts-items.json#row=36""]",S038,* brands that look like other brands,Video,False,https://www.instagram.com/reel/DYwfKoko68c/,"[""designer_spend"", ""old_money"", ""european_style"", ""outfit_upgrade"", ""quality_material"", ""logo_independence"", ""travel_scale""]",adjacent_fashion_or_other,lexical screening of creator caption/transcript; review source before bag-specific claims,automatic_unverified,2026-09-11,88,37
ig:DcVWv7ZAfvN,instagram,https://www.instagram.com/p/DcVWv7ZAfvN/,"You've been spending $200, $300+ on the same cologne for years. Same scent. Same counter. Same price that never made sense.

Klone Scents gives you the exact same smell, designer-quality fragrance that actually lasts 12+ hours. Morning to night. No reapplying.

The difference? It's only $39.

Luxury scents for a fraction of what you've been paying.

You didn't need the logo. You just needed the scent.

Right now, buy 2 get 1 free, with free shipping on every order. Over 400,000 bottles sold. 

If you don't get more compliments, don't feel more confident, or just don't love it for any reason, you get your money back. No questions. 30 days, risk-free. Grab yours now!","This stuff, yeah. Honestly, 300,000 guys use it, but it's not for everyone. Here's why. Reason number one, you love respraying your cologne throughout the day. If your favorite part of the morning is putting cologne on and then doing it again at lunch and again before dinner, stay away. Ours uses a secret blend that actually sticks to your skin, which took our team of experts 18 months to perfect. One spray in the morning, it's still there at night. You never get to reapply. Tragic. Reason number two, you enjoy going unnoticed. Some guys enjoy blending into the background. If that's you, don't wear this. People will stop you. What are you wearing? Constantly. It can be exhausting getting asked this and getting all the attention. Reason number three, you think cheap has to mean weak. You've convinced yourself that if cologne doesn't cost a fortune, it must be watered down. Makes sense, except ours is 25% fragrance oil, more concentrated than most of the designer bottles, which average 10%. So that whole theory kind of falls apart, sorry. Reason number four, you like cologne that announces how much you've spent. For some guys, the whole point is the label. They want the expensive bottle on the shelf so people know. If that's the appeal, we can't help you. Nobody's going to be impressed that you weren't smart with your money. And reason number five, big one, you enjoy the thrill of overpaying. There's a certain rush to spend $200, $300 on a bottle you're too scared to use. If you love that feeling, cologne will ruin it for you because this is Rouge Atlantic by Cologne. $39 a bottle, smells incredible, like caramel and sugar with a seductive vibe that is so addicting. It lasts all day, and you can use as much as you want without feeling guilty about wasting money. So yeah, if you're overpaying for cologne you're scared to wear, we're not for you. But if you're curious, we have a 30-day open bottle guarantee. Try it, spray it, and if you're not a fan, send it back and get a full refund. Rouge Atlantic, cologne scents. Tap the link to get it while it's only $39.",klonescents,2026-08-22T07:16:34.000Z,28,0,0,"[""01-ig-seeds"", ""05-ig-seed-transcripts""]","[""raw/01-ig-seeds-items.json#row=47"", ""raw/05-ig-seed-transcripts-items.json#row=155""]",S131,* podcast style ad 2,Video,False,https://www.instagram.com/p/DcVWv7ZAfvN/,"[""designer_spend"", ""social_judgment"", ""quality_material"", ""logo_independence"", ""seasonal_woven"", ""purchase_trigger""]",adjacent_fashion_or_other,lexical screening of creator caption/transcript; review source before bag-specific claims,automatic_unverified,2026-09-11,0,0
ig:C6tk06ngawl,instagram,https://www.instagram.com/p/C6tk06ngawl/,Elevate your everyday with @janessaleone ✨,.,shopcasalina,2024-05-08T15:13:57.000Z,15598,121,0,"[""01-ig-seeds"", ""05-ig-seed-transcripts""]","[""raw/01-ig-seeds-items.json#row=48"", ""raw/05-ig-seed-transcripts-items.json#row=106""]",S073,,Video,False,https://www.instagram.com/p/C6tk06ngawl/,"[""outfit_upgrade"", ""purchase_trigger""]",adjacent_fashion_or_other,lexical screening of creator caption/transcript; review source before bag-specific claims,automatic_unverified,2026-09-11,93,32
ig:Dai_VLvz_X3,instagram,https://www.instagram.com/p/Dai_VLvz_X3/,"comment SHOP & I’ll send you the shopping details✈️💙

https://liketk.it/6hUWd",Forever be in my arms,styledbyflorencia,2026-07-08T21:19:35.000Z,36980,869,779709,"[""01-ig-seeds"", ""05-ig-seed-transcripts""]","[""raw/01-ig-seeds-items.json#row=49"", ""raw/05-ig-seed-transcripts-items.json#row=120""]",S094,,Video,False,https://www.instagram.com/reel/Dai_VLvz_X3/,[],adjacent_fashion_or_other,lexical screening of creator caption/transcript; review source before bag-specific claims,automatic_unverified,2026-09-11,90,20
ig:Dcb0yYByhb-,instagram,https://www.instagram.com/p/Dcb0yYByhb-/,"Autumn 2026 🍂

#ralphlaurenpolo #ralphlauren #90sralphlauren #pinterestaesthetic #90sfashion",♪,jilynnelizabeth,2026-08-24T19:36:15.000Z,-1,51,235169,"[""01-ig-seeds"", ""05-ig-seed-transcripts""]","[""raw/01-ig-seeds-items.json#row=50"", ""raw/05-ig-seed-transcripts-items.json#row=60""]",S087,,Video,False,https://www.instagram.com/reel/Dcb0yYByhb-/,"[""seasonal_woven""]",adjacent_fashion_or_other,lexical screening of creator caption/transcript; review source before bag-specific claims,automatic_unverified,2026-09-11,40,6
ig:DatCxJkhVij,instagram,https://www.instagram.com/p/DatCxJkhVij/,"A great handbag doesn’t have to cost thousands of dollars - in fact some of the coolest ones don’t even come close. Here is my edit of handbags that LOOK expensive, but won’t have you taking out a second mortgage on your house. Comment below and I’ll send you a link for my favorite bags that you can wear now through all the seasons to come. Which one is your favorite?","If you're in the market for a new handbag but don't want to spend thousands of dollars, save this video because I have edited through all the handbags that are under a thousand but look like they cost thousands. I'm starting with this one. This is by a French designer. The leather is so yummy. It's giving Saint Laurent Rive Gauche vibes and it is just incredible. It's also $645. So you're welcome. I love a crossbody and this cognac-y leather is giving Bottega without Bottega prices. It is delicious. It fits so much. It looks so cool. And honestly, the leather 10 out of 10. Remember this guy? I love her. I just think she's so yummy. But meet her little sister. This is equally delicious. In the same caramel suede. I love suede. I also believe in suede being a year-round thing. And thanks to Chanel and Matthew Blasi, this suede is everywhere for Chanel. In this exact color, if I'm being honest. The quality in the hardware is so good. Even the little feet. 10 out of 10. There is something about a navy handbag that gets me every single time. This navy suede is so pretty. And I love the way it just sits snug under the shoulder. There's just such a cool quality to it. And it's just over $500. I couldn't resist not including this. I know it's over $1,000 and I'm really sorry. But it's just slightly over $1,000 and it's so good. I mean, how fun is this color? There's something about this color that gets me every time. It's my pop of color. It goes with everything. Browns, blacks, you name it. It's a year-round color. And this bag is so good. I literally just got it the other day and I couldn't not share it because it makes me really happy. Like, so good. Alright, these are all the bags that I think are worth your money but don't need to actually cost you thousands of dollars to look like you spent thousands of dollars. Let me know which one's your favorite and what category should I do this next in?",emesegormley,2026-07-12T19:00:06.000Z,8031,20043,488633,"[""01-ig-seeds"", ""05-ig-seed-transcripts""]","[""raw/01-ig-seeds-items.json#row=51"", ""raw/05-ig-seed-transcripts-items.json#row=63""]",S018,* banger,Video,False,https://www.instagram.com/reel/DatCxJkhVij/,"[""designer_spend"", ""european_style"", ""outfit_upgrade"", ""quality_material"", ""seasonal_woven"", ""travel_scale""]",handbag_context,lexical screening of creator caption/transcript; review source before bag-specific claims,automatic_unverified,2026-09-11,100,12
ig:DcOkDmFOC7I,instagram,https://www.instagram.com/p/DcOkDmFOC7I/,Underrated (midrange) Cool Designer Bag Brand to Know @voortstudio AD #designerbags #designerbag #fashiontrends #coolbags,"Mid-range bags are the new Hermès, and buying better is the new Birkin. If Phoebe Philo and Lemaire had a thoughtful Belgian baby, you'd get Bort Studio. Their bags are mouthwatering, but their philosophy is incredible. Before designing anything, founder Claire asks, does this need to exist? For the box bag, their first new design in two years, the answer is hell yes. Cult favorites La Plage and Elise are beloved by Lily Vanderwoodson and the Queen of Belgium, reminding you to buy better instead of chasing sales. No sales here, just thoughtfully priced, conscious pre-orders. Fewer better forever is in, fast fashion is out.",selloutartist_,2026-08-19T15:59:08.000Z,1493,24,66548,"[""01-ig-seeds"", ""05-ig-seed-transcripts""]","[""raw/01-ig-seeds-items.json#row=52"", ""raw/05-ig-seed-transcripts-items.json#row=79""]",S127,* buying better is the new Birkin,Video,True,https://www.instagram.com/reel/DcOkDmFOC7I/,"[""new_brand"", ""founder"", ""designer_spend"", ""purchase_trigger""]",handbag_context,lexical screening of creator caption/transcript; review source before bag-specific claims,automatic_unverified,2026-09-11,16,9
ig:DbvWK7jAGj7,instagram,https://www.instagram.com/p/DbvWK7jAGj7/,"Our secret to always being prepared? A bag that fits every alternative of how your day might go.⁠
⁠
IDA in Cognac",다 죽어가는 줄 알았다!,alemi.zurich,2026-08-07T13:03:24.000Z,12479,294,1490746,"[""01-ig-seeds"", ""05-ig-seed-transcripts""]","[""raw/01-ig-seeds-items.json#row=53"", ""raw/05-ig-seed-transcripts-items.json#row=15""]",S137,* pack,Video,False,https://www.instagram.com/reel/DbvWK7jAGj7/,"[""travel_scale""]",handbag_context,lexical screening of creator caption/transcript; review source before bag-specific claims,automatic_unverified,2026-09-11,100,18
ig:DdGCbRPAOa4,instagram,https://www.instagram.com/p/DdGCbRPAOa4/,"Buying him this cologne is the most selfish gift you'll ever give.
And I mean that as a compliment. 😆 
Every other gift, he opens it and watch him enjoy it.
This one, he sprays it on at 7am and you're the one standing next to him all day. Win-win 💖 
That's the real reason I keep ordering my husband more Klone (It was never really for him lol)
And if you're feeling super generous, get him the 3 cologne collection. 2 + 1 Free Deal 👉","Nothing is hotter than a man who smells good. I don't care what car he drives, what he does for work, if he smells incredible, then that's all that matters. For the longest time, my husband only wore deodorants. But one day he brushed past me in the morning and I was like, what is that? And he was like, do you like it? When I tell you guys this was no ordinary cologne. It smelled deep, smoky, and warm, like amber and leather, with just a little spice underneath. Literally incredible, I almost wanted to bite his neck right then and there. He bought it from Clone. It's a designer-inspired brand that's getting all the hype right now. They give you designer-quality scents for literally $39 per bottle. You know the ones that would usually cost you $200 or $300? Yes, it's that cheap and they're not sacrificing any of the quality. I read up more about them and they have amazing reviews. They use only high-grade ingredients. And every scent is crafted in a way that makes the brain wired to respond. And they even use 25% oil concentration. And for those of you who don't know, that's what makes a perfume last all day. My husband bought three different scents from Clone, and all three are rich, sexy, and masculine. I love them. So I'm telling all of my girlfriends about this now so they can buy their man a Clone. They also have a buy two, get a third one for free deal. So you can get them three amazing scents for just $79. I'd recommend the Rouge Atlantic, Imagine This, and Royal Aventus. The first is perfect for casual, everyday wear. The second is for our date nights or just nights out in general. And he uses the third one for work. I left a link below. If you haven't treated your man in a while, this is the perfect things to get him. And it's also a bonus for you too.",sophia.cares,2026-09-10T05:01:46.000Z,1,0,0,"[""01-ig-seeds"", ""05-ig-seed-transcripts""]","[""raw/01-ig-seeds-items.json#row=54"", ""raw/05-ig-seed-transcripts-items.json#row=161""]",S167,* attraction angle,Video,False,https://www.instagram.com/p/DdGCbRPAOa4/,"[""designer_spend"", ""social_judgment"", ""quality_material"", ""gifting"", ""purchase_trigger""]",adjacent_fashion_or_other,lexical screening of creator caption/transcript; review source before bag-specific claims,automatic_unverified,2026-09-11,0,0
ig:DafJssRqF_i,instagram,https://www.instagram.com/p/DafJssRqF_i/,"Summer bags☀️🌻
Comment “Link” to receive direct links in your dm

#summerbags #trendybags #summerfashion #bags #explore","Get your phone, take a zone.",nidsfitz,2026-07-07T09:33:10.000Z,-1,840,15452,"[""01-ig-seeds"", ""05-ig-seed-transcripts""]","[""raw/01-ig-seeds-items.json#row=55"", ""raw/05-ig-seed-transcripts-items.json#row=151""]",S003,,Video,False,https://www.instagram.com/reel/DafJssRqF_i/,"[""seasonal_woven""]",handbag_context,lexical screening of creator caption/transcript; review source before bag-specific claims,automatic_unverified,2026-09-11,3,0
ig:DbEHV44MYoJ,instagram,https://www.instagram.com/p/DbEHV44MYoJ/,Not needing to keep up with society’s definition of luxury - is the new luxury…,"I have another theory, and that is I feel like the definition of luxury has completely changed. I don't know if this is a universal experience or something that everyone individually just experiences as they grow older, but I feel that luxury used to mean logos, designer bags, first class flights, cars worth more than people's houses, things that other people couldn't financially access. However, I actually feel like luxury to me now is time, silence, a slow morning, not having to be in a rush, being able to go for a dog walk in the middle of the day, health, not needing to constantly check emails, free weekend to just potter, not needing to prove anything. Let me know if you agree, but I just feel like now the ultimate status symbol isn't having access to everything, it's actually just having the freedom to opt out.",alexxcoll,2026-07-21T18:05:49.000Z,9548,507,389431,"[""01-ig-seeds"", ""05-ig-seed-transcripts""]","[""raw/01-ig-seeds-items.json#row=56"", ""raw/05-ig-seed-transcripts-items.json#row=40""]",S032,* designer bags are not the move,Video,False,https://www.instagram.com/reel/DbEHV44MYoJ/,"[""designer_spend"", ""euro_trip"", ""logo_independence"", ""travel_scale""]",handbag_context,lexical screening of creator caption/transcript; review source before bag-specific claims,automatic_unverified,2026-09-11,100,38
ig:DYaSFa9tmVC,instagram,https://www.instagram.com/p/DYaSFa9tmVC/,"New in ZARA summer bags & heels 🐚✨ which ones do I keep?! 

All direct links on my LTK in bio 

#beadedclutch #vacationbags #courtheels #holidayaccesories #hermesstyledupe",پشتے کی ہوگی۔,bethansowerbyy,2026-05-16T19:10:10.000Z,26795,257,839799,"[""01-ig-seeds"", ""05-ig-seed-transcripts""]","[""raw/01-ig-seeds-items.json#row=57"", ""raw/05-ig-seed-transcripts-items.json#row=22""]",S015,* Favorite bag of 26,Video,False,https://www.instagram.com/reel/DYaSFa9tmVC/,"[""euro_trip"", ""outfit_upgrade"", ""seasonal_woven""]",handbag_context,lexical screening of creator caption/transcript; review source before bag-specific claims,automatic_unverified,2026-09-11,101,11
ig:DbZB7wJjWEV,instagram,https://www.instagram.com/p/DbZB7wJjWEV/,Maple is back. Build your set today and save up to 25% off. Exclusions apply.,Do you like?,beis,2026-07-29T23:00:56.000Z,2115,27,101324,"[""01-ig-seeds"", ""05-ig-seed-transcripts""]","[""raw/01-ig-seeds-items.json#row=58"", ""raw/05-ig-seed-transcripts-items.json#row=17""]",S077,* weekender in airport,Video,False,https://www.instagram.com/reel/DbZB7wJjWEV/,[],adjacent_fashion_or_other,lexical screening of creator caption/transcript; review source before bag-specific claims,automatic_unverified,2026-09-11,23,14
ig:DcgfD_ejl4-,instagram,https://www.instagram.com/p/DcgfD_ejl4-/,"Cobalt is back, and this time it brought more bags.",두려움은.,beis,2026-08-26T17:02:31.000Z,740,54,57016,"[""01-ig-seeds"", ""05-ig-seed-transcripts""]","[""raw/01-ig-seeds-items.json#row=59"", ""raw/05-ig-seed-transcripts-items.json#row=105""]",S117,"* velantra + suitcase set 
*",Video,False,https://www.instagram.com/reel/DcgfD_ejl4-/,[],handbag_context,lexical screening of creator caption/transcript; review source before bag-specific claims,automatic_unverified,2026-09-11,46,33
ig:DbUtXy0t5oJ,instagram,https://www.instagram.com/p/DbUtXy0t5oJ/,"Everything I fit in the cutest brown handle bag. 🤎✨

🇺🇸 **U.S. ONLY** 🇺🇸

Comment BAG for the direct link 🔗 sent to your DMs only if you live in the U.S. 🤍 The link does not work outside the United States.

*the auto DM may not send correctly if you’re not following me BEFORE commenting due to privacy settings*

#brownbag #whatsinmybag #baglover #bags #everydayessentials",Wish you my left side,suly_home_lifestyle,2026-07-28T04:46:49.000Z,24918,2161,465506,"[""01-ig-seeds"", ""05-ig-seed-transcripts""]","[""raw/01-ig-seeds-items.json#row=60"", ""raw/05-ig-seed-transcripts-items.json#row=11""]",S070,,Video,False,https://www.instagram.com/reel/DbUtXy0t5oJ/,"[""travel_scale""]",handbag_context,lexical screening of creator caption/transcript; review source before bag-specific claims,automatic_unverified,2026-09-11,100,5
ig:DZcUsnzOvDB,instagram,https://www.instagram.com/p/DZcUsnzOvDB/,"THE FASHION GIRLS GUIDE: Raffia Accessories 🫶 Comment NEED IT NOW for DM links to shop this post 🤍 and LMK what fashion vibes you need to know about next 🫶 Ciao Ciao xxx

https://liketk.it/6fwuS","I'm calling it out right now. The Fashion Girls Guide to Raffia Accessories. The style combo of a raffia hat and bag equates to an effortless yet considered vibe. Elias straw accessories are becoming a summer brand staple. Mason Older straw hats will elevate your summer style game. Kate Spilly Bucket Bag is a chic girl summer staple. I'm also a huge fan of their new season raffia drop. Side note, raffia isn't exclusive to resort wear. Try experimenting with wardrobe essentials for the ultimate cool girl look. This number by the row is the epitome of timeless design. Raffia footwear is a non-negotiable. These and these are on my hit list. Saint Laurent is a resort essential. Girls run for these. Totem is case in point for accessories that are destined to become wardrobe staples. Mango did good here and here. For the girl that wants to push the boundaries, it's all about the raffia beret. Chanel's raffia aesthetic has every style cue covered. About to hit checkout on this Balmain bag. Comment need it now for links to these and other raffia styles on vibing. Ciao ciao!",marina_didovich,2026-06-11T10:44:14.000Z,7278,1808,180966,"[""01-ig-seeds"", ""05-ig-seed-transcripts""]","[""raw/01-ig-seeds-items.json#row=61"", ""raw/05-ig-seed-transcripts-items.json#row=154""]",S051,,Video,False,https://www.instagram.com/reel/DZcUsnzOvDB/,"[""old_money"", ""outfit_upgrade"", ""seasonal_woven""]",handbag_context,lexical screening of creator caption/transcript; review source before bag-specific claims,automatic_unverified,2026-09-11,100,3
ig:DcaSvauA5KA,instagram,https://www.instagram.com/p/DcaSvauA5KA/,"100,000+ guys have found out how to get that just-out-of-the-ocean flow every day, not just on beach trips

🌊 Effortless, beachy texture in seconds
🔒 All-day hold with zero crunch
🌿 Made with all-natural, ocean-based ingredients
💁 Works on straight, wavy, and curly hair
🏷️ On sale now, for a limited time","Every guy wants to achieve this old money look with their appearance, but nobody tells you how. That is until now, because this is what my hair looks like every morning, and I make it look like this with two simple products. They are from The Merman. It's their curling cream and sea salt spray. These two products are made without alcohol, which means it's not going to dry out your hair. It's also not going to leave your hair greasy. I don't have time for a 10-step hair routine, and I know you don't either. That's why I choose The Merman. You wake up, put some of this in, and I'm telling you, it is straight confidence in a bottle. If you struggle with flat, dry hair, especially after shampoo day, this is going to solve this problem for you immediately. If you want that old money look every single day like me, I'm going to leave a link on this video. If you want to pick some up, they do sell quick, so grab them while you can.",themermanco,2026-08-24T05:17:45.000Z,1912,130,0,"[""01-ig-seeds"", ""05-ig-seed-transcripts""]","[""raw/01-ig-seeds-items.json#row=62"", ""raw/05-ig-seed-transcripts-items.json#row=32""]",S092,* old money look,Video,False,https://www.instagram.com/p/DcaSvauA5KA/,"[""designer_spend"", ""old_money"", ""euro_trip"", ""social_judgment"", ""travel_scale"", ""purchase_trigger""]",adjacent_fashion_or_other,lexical screening of creator caption/transcript; review source before bag-specific claims,automatic_unverified,2026-09-11,18,15
ig:DPHU8A_D5Xt,instagram,https://www.instagram.com/p/DPHU8A_D5Xt/,When your handbag doubles as art 🩵✨ Meet the Acrylic Box Handbag in Sky Blue.,♪,verano_hill,2025-09-27T17:45:29.000Z,-1,71,52536,"[""01-ig-seeds"", ""05-ig-seed-transcripts""]","[""raw/01-ig-seeds-items.json#row=63"", ""raw/05-ig-seed-transcripts-items.json#row=129""]",S005,,Video,False,https://www.instagram.com/reel/DPHU8A_D5Xt/,[],handbag_context,lexical screening of creator caption/transcript; review source before bag-specific claims,automatic_unverified,2026-09-11,23,9
ig:Dbdnok1ttWG,instagram,https://www.instagram.com/p/Dbdnok1ttWG/,"chanel is only approved if you haven't seen that bag on anybody else

-

Rich talk, luxury handbags, Hermès Birkin, Hermès Kelly, Chanel Classic Flap, Lady Dior, luxury fashion, old money, quiet luxury, designer bags, high standards, dating standards, rich women, personal taste, fashion opinions, luxury lifestyle

#LuxuryBags #DesignerBags #RichTalk","Or great taste? Or no taste? No, no, zero taste, zero. Share one brain cell with world. Looks innocent. Isn't, isn't. Very good. Needs no approval. Mother, mother. No, no, no, no, no, no. Logo, ugly, ugly, ugly bag, ugly girl. Get no logo. Worse, worse, even worse, worst. Worst. Need no man, independent woman. Settles for little. Low standards. Mysterious, sexy. Best friend and worst friend. Depends. No, no, no, no, no. Basic bitch numero uno. Zero taste. Unless over 50. Cool girl, thinks she different, but she not. Run, run. Your wallet, danger.",spiritual.materialist,2026-07-31T15:47:48.000Z,39390,901,1505639,"[""01-ig-seeds"", ""05-ig-seed-transcripts""]","[""raw/01-ig-seeds-items.json#row=64"", ""raw/05-ig-seed-transcripts-items.json#row=88""]",S119,* insecurity angle,Video,False,https://www.instagram.com/reel/Dbdnok1ttWG/,"[""designer_spend"", ""old_money"", ""outfit_upgrade"", ""social_judgment"", ""logo_independence""]",handbag_context,lexical screening of creator caption/transcript; review source before bag-specific claims,automatic_unverified,2026-09-11,98,48
ig:DaQtCPki27D,instagram,https://www.instagram.com/p/DaQtCPki27D/,Summer’s favorite texture.#noirboutique #reels #luxurylifestyle #trendingnow #egypt,أنا عجباني قوي السيركل هاند دي، فيها تو شيدز جامدين قوي، والريف جوش في منها سمول سايز وتو شيدز من اللارج سايز، باسكت باك شولدر كريام كولر ودي الفيموس آي كير، السايز معمول له أدجست إن هو يبقى صغير، كده إن فول سايز وفي منها سوفت رافية كمان لون التانيد موجود، لو عايزين حاجة فيها ليذر، دي الكاميرا بوكس بتاعت سان لوران، سمول سايز من السيركل هاند، شيب كده هاندل توب وشولدر، إحنا كنا في برانش الساحل مكاننا جيت وان أمواج بعد سيشيل على طول، استناكو، سلام.,noir.eg1,2026-07-01T18:57:28.000Z,3595,332,299327,"[""01-ig-seeds"", ""05-ig-seed-transcripts""]","[""raw/01-ig-seeds-items.json#row=65"", ""raw/05-ig-seed-transcripts-items.json#row=71""]",S031,"* founder led concept
*",Video,False,https://www.instagram.com/reel/DaQtCPki27D/,"[""outfit_upgrade"", ""seasonal_woven""]",adjacent_fashion_or_other,lexical screening of creator caption/transcript; review source before bag-specific claims,automatic_unverified,2026-09-11,100,37
ig:DbDDQtmtpwo,instagram,https://www.instagram.com/p/DbDDQtmtpwo/,How to look rich without going broke #savemoney #dupe #fashion #bag #rich,"How to look rich without going broke bag edition. Starting off strong with this beautiful bag for $1,200. You can find this one on Amazon for $45. And we have this beautiful brown bag from Bottega. Found it on Amazon for $100. I'm obsessed with this Rodeo handbag. Found it on Amazon for about $60. I'm going to show you one of my favorite hacks on how you can get any one of these bags but like for the best price. Say you find a really nice bag but you do not want to pay over $3,000. So you're going to come over here to the URL and you're going to type in dupe.com and then forward slash and enter. And then it's going to bring you over to Dupe's website. And that's going to start generating a bunch of similar looking items for like for the best price. Example, here's one for 91% less. Here's another one for 89% less. And here's another one for 84% less. They literally almost looks exactly the same.",fashionwche,2026-07-21T08:09:51.000Z,13,0,2399,"[""01-ig-seeds"", ""05-ig-seed-transcripts""]","[""raw/01-ig-seeds-items.json#row=66"", ""raw/05-ig-seed-transcripts-items.json#row=87""]",S026,* Look rich without going broke,Video,False,https://www.instagram.com/reel/DbDDQtmtpwo/,"[""designer_spend"", ""old_money""]",handbag_context,lexical screening of creator caption/transcript; review source before bag-specific claims,automatic_unverified,2026-09-11,0,0
ig:DdHj_14MzqM,instagram,https://www.instagram.com/p/DdHj_14MzqM/,"My take on The Look for Less, Ralph Lauren fall edition 🤎 These are three pieces I’d look for to get that classic Ralph Lauren feel without spending Ralph Lauren prices: a cable knit cardigan, a rugby, and a herringbone blazer. I also always recommend thrifting these pieces when you can. It’s really all about texture, silhouette, and styling, not just the label. Comment SHOP below to receive a DM with the link to this post on my LTK ⬇ 

#ralphlauren #timelessstyle #ralphlaurenstyle #falloutfitinspo #ralphlaurenwomen

https://liketk.it/6n2LX","Growing up, I was obsessed with this show called The Look for Less, and now that I worked at Ralph Lauren generating millions in revenue, I thought it would be fun to put my own spin on it. If you love the Ralph Lauren look but don't want to spend Ralph Lauren money, these are the pieces I'd look for instead. First, a cable knit cardigan. This is one of those pieces that instantly gives you that classic Ralph Lauren feeling. I like this one. You don't need the Ralph Lauren label to get the Ralph Lauren look here. It's really about finding the right texture and silhouette. I also love how this one is 100% organic cotton. For $50, you really can't go wrong. Next, the rugby. This is such an iconic part of the Ralph Lauren aesthetic, but you can certainly find versions of it for less. Pair this with jeans, a pleated skirt, or even layer it over a button-down. It immediately gives you that timeless, collegiate feel. And finally, a herringbone blazer. This is probably one of the easiest ways to elevate your wardrobe. I'd look for something tailored, preferably in a classic color or check. Wear this with denim and riding boots or loafers for an elevated, layered look. As always, I'll have all of these pieces linked in my bio on my LTK and shop my. Let me know if you want a part two with all of the Ralph Lauren fall things I think are worth looking for on a budget.",tarmcc,2026-09-10T19:15:12.000Z,1075,57,18891,"[""01-ig-seeds"", ""05-ig-seed-transcripts""]","[""raw/01-ig-seeds-items.json#row=67"", ""raw/05-ig-seed-transcripts-items.json#row=31""]",S166,* look for less,Video,False,https://www.instagram.com/reel/DdHj_14MzqM/,"[""designer_spend"", ""old_money"", ""outfit_upgrade"", ""seasonal_woven"", ""travel_scale""]",adjacent_fashion_or_other,lexical screening of creator caption/transcript; review source before bag-specific claims,automatic_unverified,2026-09-11,57,2
ig:DcB0ybMOP-6,instagram,https://www.instagram.com/p/DcB0ybMOP-6/,"Ralph Lauren Fall 2026 in Milan reminded me why they continue to set the standard for modern American style. The collection balanced precision tailoring with effortless ease, grounded in heritage but unmistakably current. From the textures to the silhouettes, everything spoke to longevity over trend and confidence over excess. This is the kind of design language that shapes how we dress for years, not seasons. 

#milanfashionweek #ralphlauren #fallfashion #luxuryfashion #timelessstyle",Stop!,tarmcc,2026-08-14T17:14:56.000Z,137127,171,1262704,"[""01-ig-seeds"", ""05-ig-seed-transcripts""]","[""raw/01-ig-seeds-items.json#row=68"", ""raw/05-ig-seed-transcripts-items.json#row=150""]",S150,* Ralph Lauren branded,Video,False,https://www.instagram.com/reel/DcB0ybMOP-6/,"[""old_money"", ""european_style"", ""euro_trip"", ""outfit_upgrade"", ""social_judgment"", ""seasonal_woven""]",adjacent_fashion_or_other,lexical screening of creator caption/transcript; review source before bag-specific claims,automatic_unverified,2026-09-11,98,21
ig:DcbWhitOnk7,instagram,https://www.instagram.com/p/DcbWhitOnk7/,"If you’re having a Ralph Lauren fall, save this before you shop 🍂🤎 I worked for Ralph Lauren and drove millions in revenue, so I’ve seen firsthand which pieces are actually worth the investment. These are the Ralph Lauren fall staples I’d prioritize for a timeless, elevated wardrobe and the pieces I know you’ll reach for season after season. Think classic American style, preppy fall outfits, timeless fashion, and quiet luxury without buying everything with a polo pony on it. Save this for your next fall shopping trip and follow for more Ralph Lauren style, timeless fashion, and elevated wardrobe tips! Comment SHOP below to receive a DM with the link to this post on my LTK ⬇ 

#ralphlauren #ralphlaurenaesthetic #ralphlaurenstyle #oldmoneystyle #fallfashioninspo

https://liketk.it/6lC4a","If you're planning on having a Ralph Lauren fall, let me save you from buying the wrong things. I used to work for the brand generating millions in revenue, so let me show you the top things I would invest in. First, a really good blazer. I love this one. This is probably the easiest way to elevate your entire wardrobe. I'd look for something tailored and classic like this one. You could wear this with jeans, trousers, dresses, skirts. Next are a pair of oval sunglasses. These instantly give you that Ralph Lauren elevated feel. They're one of those accessories that makes even a really simple outfit feel intentional, plus you can wear them all year round. Next are riding boots. This is a no-brainer. You could wear them with jeans, dresses, skirts, your entire fall wardrobe, plus you'll be wearing these for years to come. I like this pair a lot from the Lauren brand too. These are really understated and timeless. These are my top choices, but let me know if you want a part two with more of my Ralph Lauren fall must-haves. And as always, if you're interested in shopping any of these pieces, they'll be linked on my LTK and my Shop My.",tarmcc,2026-08-24T15:11:17.000Z,7515,128,133339,"[""01-ig-seeds"", ""05-ig-seed-transcripts""]","[""raw/01-ig-seeds-items.json#row=69"", ""raw/05-ig-seed-transcripts-items.json#row=33""]",S086,,Video,False,https://www.instagram.com/reel/DcbWhitOnk7/,"[""designer_spend"", ""old_money"", ""euro_trip"", ""outfit_upgrade"", ""logo_independence"", ""seasonal_woven"", ""travel_scale"", ""purchase_trigger""]",adjacent_fashion_or_other,lexical screening of creator caption/transcript; review source before bag-specific claims,automatic_unverified,2026-09-11,100,29
ig:DX-qYCCT5PA,instagram,https://www.instagram.com/p/DX-qYCCT5PA/,"👜 SS26 NEW DROP,,Which bag got you? TAP TO SHOP NOW🛍️🛒

ALL BAGS AVAILABLE ON THE WEBSITE

Shop at www.beersister.com
#beersisterbag #beersisterss26",I know I could talk without you,beersister_official,2026-05-06T01:40:32.000Z,1449,20,126914,"[""01-ig-seeds"", ""05-ig-seed-transcripts""]","[""raw/01-ig-seeds-items.json#row=70"", ""raw/05-ig-seed-transcripts-items.json#row=61""]",S071,,Video,False,https://www.instagram.com/reel/DX-qYCCT5PA/,"[""purchase_trigger""]",handbag_context,lexical screening of creator caption/transcript; review source before bag-specific claims,automatic_unverified,2026-09-11,12,1
ig:DZ53bCjhSh8,instagram,https://www.instagram.com/p/DZ53bCjhSh8/,"👜WHICH WILL BE YOUR BEST DAILY BAG?

ALL BAGS AVAILABLE ON THE WEBSITE
Shop at www.beersister.com
#beersisterbags",Follow you wherever you may go,beersister_official,2026-06-22T22:00:11.000Z,3719,45,283160,"[""01-ig-seeds"", ""05-ig-seed-transcripts""]","[""raw/01-ig-seeds-items.json#row=71"", ""raw/05-ig-seed-transcripts-items.json#row=137""]",S072,,Video,False,https://www.instagram.com/reel/DZ53bCjhSh8/,[],handbag_context,lexical screening of creator caption/transcript; review source before bag-specific claims,automatic_unverified,2026-09-11,41,6
ig:DaLPP4XsxGe,instagram,https://www.instagram.com/p/DaLPP4XsxGe/,"POV: I found the most summery summer bag and now I’m mentally on a beach somewhere with a fruit bowl and zero responsibilities ☀️🍒🍍🦀 @americabeyond 

Even better? The America & Beyond Freedom Sale is now LIVE with up to 30% OFF, so consider this your sign to add a little sunshine to your cart 💛

#AmericaAndBeyond #FreedomSale #SummerStyle #SummerBag #VacationMood","You got me trippin', stumblin', flippin', fumblin'.",tatiach_,2026-06-29T15:56:22.000Z,14265,135,365091,"[""01-ig-seeds"", ""05-ig-seed-transcripts""]","[""raw/01-ig-seeds-items.json#row=72"", ""raw/05-ig-seed-transcripts-items.json#row=19""]",S013,"* perfect summer bag, boatkin of 26",Video,True,https://www.instagram.com/reel/DaLPP4XsxGe/,"[""euro_trip"", ""outfit_upgrade"", ""seasonal_woven"", ""travel_scale"", ""purchase_trigger""]",handbag_context,lexical screening of creator caption/transcript; review source before bag-specific claims,automatic_unverified,2026-09-11,100,87
ig:DXrxcfHjkmV,instagram,https://www.instagram.com/p/DXrxcfHjkmV/,"If you love The Row and Khaite you NEED to know about these brands. 

Minimal, beautifully made, and incredibly versatile. Everything is linked on my ShopMy.

Follow if you love discovering chic brands before everyone else does.","If you love The Row and K then these brands need to be on your radar. I'm a New York based stylist who loves minimal elegant fashion with a European twist. First up, Almada. This is a Copenhagen based brand. They do really amazing clean structural silhouettes, very similar to The Row. The quality is absolutely incredible and they just do really good basic investment pieces. Next up, Almena Concept. Their price to quality ratio is absolutely incredible. They do really excellent knitwear and I love their barn jacket. It has a very European vibe and this brand is pretty under the radar but I feel like it's growing very very quickly. Next up, Rue Sophie. I absolutely love this brand. I have for a very long time and if you've been following me, you know I own a lot of their pieces. It's very French inspired, very monochromatic and neutral colors which is very much up my street. By the way, don't forget to save this video so these brands stay on your radar for when you want to go shopping. Next up, Saint Swen. This is a brand I very recently discovered. They only have one handbag design but it's absolutely incredible. Very cool girl vibe. They manufacture everything in Spain. Everything is handcrafted in Ubrica. The quality is absolutely amazing and I feel like they've mastered this one design. They also have some really cute card holders and wallets as well. And finally, Le Sur. This is a New York based brand but everything is handcrafted in Italy. Very very comfortable shoes with very modern minimalist designs. I absolutely love their pumps but they have some really good designs for summer as well. If you like these recommendations, don't forget to follow for more chic finds.",jasminapuri,2026-04-28T17:37:29.000Z,9238,989,454205,"[""01-ig-seeds"", ""05-ig-seed-transcripts""]","[""raw/01-ig-seeds-items.json#row=73"", ""raw/05-ig-seed-transcripts-items.json#row=45""]",S052,"* if you love these brands, you need to be aware of this brand",Video,False,https://www.instagram.com/reel/DXrxcfHjkmV/,"[""new_brand"", ""designer_spend"", ""old_money"", ""european_style"", ""euro_trip"", ""outfit_upgrade"", ""markup_skepticism"", ""quality_material"", ""logo_independence"", ""seasonal_woven""]",handbag_context,lexical screening of creator caption/transcript; review source before bag-specific claims,automatic_unverified,2026-09-11,100,6
ig:Db8-FZXsPEd,instagram,https://www.instagram.com/p/Db8-FZXsPEd/,"The watch that EVERYONE is talking about.

The 0.11-0.154 Carat Diamond watch is quickly running out of stock. 

Treat yourself today: pascaldesign.com/products/pascal-timeless-classic-diamond-watch","Wait, did you just show her? When did you get a Rollie?",pascaldesignofficial,2026-08-12T19:59:16.000Z,222,4,0,"[""01-ig-seeds"", ""05-ig-seed-transcripts""]","[""raw/01-ig-seeds-items.json#row=74"", ""raw/05-ig-seed-transcripts-items.json#row=149""]",S151,* the bag that everyone is talking about,Video,False,https://www.instagram.com/p/Db8-FZXsPEd/,"[""old_money"", ""purchase_trigger""]",adjacent_fashion_or_other,lexical screening of creator caption/transcript; review source before bag-specific claims,automatic_unverified,2026-09-11,4,2
ig:DcdqdquuB0l,instagram,https://www.instagram.com/p/DcdqdquuB0l/,"Fall feels like Ralph Lauren 🍂 cozy knits, classic layers, and timeless style. So excited to share a little autumn inspo ✨

#ralphlauren #timelessstyle #classicstyle #ralphlaurenstyle #ralphlaurenhome",Maraming salamat.,tarmcc,2026-08-25T12:43:44.000Z,2624,8,32319,"[""01-ig-seeds"", ""05-ig-seed-transcripts""]","[""raw/01-ig-seeds-items.json#row=75"", ""raw/05-ig-seed-transcripts-items.json#row=148""]",S108,,Video,False,https://www.instagram.com/reel/DcdqdquuB0l/,"[""old_money"", ""outfit_upgrade"", ""seasonal_woven""]",adjacent_fashion_or_other,lexical screening of creator caption/transcript; review source before bag-specific claims,automatic_unverified,2026-09-11,8,2
ig:Dagg5MRz8eF,instagram,https://www.instagram.com/p/Dagg5MRz8eF/,Weirdly perfect bags & designer jelly sandals on the wishlist this week! Comment ACCESSORIES for the links #designerbag #styleinspo #jellysandals #handbag #summeroutfits,"Welcome back to another episode of Everything I Want to Buy, a style and trend series I do weekly. One thing about me and my page is that I'm always going to be finding the tiny designer making the coolest things, and this bag brand is no exception. I mean, just look at this perfection. It's called the Le Tabot bag, and every single one is handmade in Italy. They're all crafted in deadstock leather, and most of the pieces are one of one. I was devastated when I missed out on this pink color because look at her. This blue snakeskin actually blew my mind. For me, the future of accessories, especially handbags, are concepts like this, so I would not sleep on this brand. Another really cool, mostly unknown Lebanese handbag brand to put you onto is Kaaba. In particular, they do these really cool shoulder handbags that remind me of a birth child of the Alila Tekel and the Jacquemus Letarismo bag. Again, all of their leather is sourced from Italian tanneries, and they come in a lot of cool colors and prints. Personally, I love the three-tone colorway, but I also love the butter yellow and this beautiful turquoise blue. You know what comes to my mind instantly to wear with that blue bag? The Chloe Jelly Sandals. And whilst we're on the topic of jelly sandals and fun accessories, these Celines, and yes, I've managed to find quite a few websites that actually still have these in stock. Comment accessories, and I'll send the links directly to your DMs, and I'll see you next week.",catspanti,2026-07-07T22:16:17.000Z,14275,7831,388376,"[""01-ig-seeds"", ""05-ig-seed-transcripts""]","[""raw/01-ig-seeds-items.json#row=76"", ""raw/05-ig-seed-transcripts-items.json#row=98""]",S042,"Gifting angle 
* ai talking head, ai voiceover 

Upgrade angle

Back in stock angle",Video,False,https://www.instagram.com/reel/Dagg5MRz8eF/,"[""european_style"", ""outfit_upgrade"", ""quality_material"", ""seasonal_woven"", ""travel_scale"", ""purchase_trigger""]",handbag_context,lexical screening of creator caption/transcript; review source before bag-specific claims,automatic_unverified,2026-09-11,100,2
ig:DY-z9hXzBNX,instagram,https://www.instagram.com/p/DY-z9hXzBNX/,"The best summer bags, at every price point! SUMMER BAGS for the links #summerfashion #summerbags #designerbags #styleinspo #styleguide","These are the best summer bags on the internet right now at every single price point. Now, if money isn't an object, we have to start with Saint Laurent's newest beaded collection because it is insane. Their newest shoulder bag release has me in an absolute chokehold. Same with their larger tote bags. They just feel collected over that typical summer raffia bag that we see a lot of the other luxury designers doing. And if you want that same look but for less, look no further than Stored. They're doing some incredible things which also include a lot of color and detail. My next bag and brand discovery almost feels illegal. Would you believe me if I told you this is under $250 Australian, which is $150 USD? The brand does some incredible designs. They also have this larger beaded tote, which again is so well priced. How cute are these bags? Muna is another really cute brand discovery that are doing some great things at really healthy prices. And their collection spans across all shapes and sizes and colors. If you're looking for something not so typical of a summer bag, look no further than Simon Miller. Their fish bag design and shapes are so cute. Colt Guy is another brand that are doing some incredible things that don't feel so typical. There are also some incredible independent makers that are doing some really beautiful things. I love this bag from literally Etsy. If you want an injection of color, look no further than Shan Liu. Akamus is another one to hit up for colors, shape, and construction that will actually last you. And again, if price point doesn't serve you, lots of independent makers that are doing incredible things. Switching gears slightly to more raffia styles, Zimmerman are doing some really great things. I love this Nanushka tote. Yes, I found its dupe for one third of the price. Another Stored favorite and so many more great ones where that came from. Comment summer bag and I'll send the links to all of these plus more directly to your DMs.",catspanti,2026-05-30T23:37:04.000Z,2467,5417,111786,"[""01-ig-seeds"", ""05-ig-seed-transcripts""]","[""raw/01-ig-seeds-items.json#row=77"", ""raw/05-ig-seed-transcripts-items.json#row=51""]",S007,"* Best bags on the internet, affordable luxury angle, compare other bags and position velantra as the best option",Video,False,https://www.instagram.com/reel/DY-z9hXzBNX/,"[""new_brand"", ""designer_spend"", ""outfit_upgrade"", ""social_judgment"", ""seasonal_woven"", ""travel_scale""]",handbag_context,lexical screening of creator caption/transcript; review source before bag-specific claims,automatic_unverified,2026-09-11,100,0
ig:DcPOagUzyNx,instagram,https://www.instagram.com/p/DcPOagUzyNx/,Everything I Want To Buy! Comment ACCESSORIES for the links #styleinspo #styleguide #handbag #whatsinmycart #turquoise,"Welcome back to another episode of Everything I Want to Buy, a style and trend series I do weekly. When I tell you I was so close to gatekeeping these bags. If you loved the shape of the Chanel tote bag but want something a little different and obviously not at that price point, this bag's for you. It comes in two sizes and yes, the inside is also red. There are that many colorways and leathers that I genuinely feel like a kid in a candy store. This red in particular has me absolutely sick. I need it. How good is this yellow snakeskin? Same with this turquoise blue. And I already told you that this is the next big color. Speaking of that color, how cool are these mesh shoes? I'm obsessed with the shape. I'm obsessed with the color. The brand actually does some really cool pieces. I love these lace boots. And how good are these black paint and platforms? So extra but in the best way. And considering we're spotlighting all things accessories this episode, I cannot stop thinking about cool, different, thick belts. I love this carpenter style one. I feel like it makes any simple outfit so much better. And of course, fringe belts feel like they're everywhere at the moment but I particularly love this gray one. But you guys know the drill by now. Comment accessories and I'll send the links directly to your DMs and I'll see you next week.",catspanti,2026-08-19T22:10:14.000Z,4210,8350,133961,"[""01-ig-seeds"", ""05-ig-seed-transcripts"", ""08-ig-creator-expansion""]","[""raw/01-ig-seeds-items.json#row=78"", ""raw/05-ig-seed-transcripts-items.json#row=91"", ""raw/08-ig-creator-expansion-items.json#row=145""]",S116,* the bag I want to buy,Video,False,https://www.instagram.com/catspanti/,"[""new_brand"", ""designer_spend"", ""outfit_upgrade"", ""quality_material"", ""travel_scale""]",handbag_context,lexical screening of creator caption/transcript; review source before bag-specific claims,automatic_unverified,2026-09-11,100,1
ig:Dcgl2JFNPPf,instagram,https://www.instagram.com/p/Dcgl2JFNPPf/,"The trending Trullo bag, returning soon... Join our waitlist on cos.com to be the first to know when it’s back in stock.",دستگیر شدند,cosstores,2026-08-26T16:07:08.000Z,17963,726,866452,"[""01-ig-seeds"", ""05-ig-seed-transcripts""]","[""raw/01-ig-seeds-items.json#row=79"", ""raw/05-ig-seed-transcripts-items.json#row=114""]",S098,,Video,False,https://www.instagram.com/reel/Dcgl2JFNPPf/,"[""purchase_trigger""]",handbag_context,lexical screening of creator caption/transcript; review source before bag-specific claims,automatic_unverified,2026-09-11,100,68
ig:DcsvVuPv-VR,instagram,https://www.instagram.com/p/DcsvVuPv-VR/,"Surprise de rentrée ♥️
The French season of fresh starts, is settling in. Discover the new Fall wardrobe on the App and Sezane. Comand receive our reimagined tote in your order.
*Subject to availability and shipping location.
-
Découvrez le vestiaire de la nouvelle saison d’automne sur l’App et Sezane.com et recevez votre grand cabas de saison avec votre commande ✨

*Offre disponible uniquement dans certains pays. Veuillez vérifier les conditions de l’offre avant de finaliser votre commande sur Sezane.com.

#sezane #sezanelovers",Sie kommen.,sezane,2026-08-31T09:18:32.000Z,2430,79,258338,"[""01-ig-seeds"", ""05-ig-seed-transcripts""]","[""raw/01-ig-seeds-items.json#row=80"", ""raw/05-ig-seed-transcripts-items.json#row=52""]",S096,,Video,False,https://www.instagram.com/reel/DcsvVuPv-VR/,"[""new_brand"", ""european_style"", ""outfit_upgrade"", ""seasonal_woven"", ""purchase_trigger""]",handbag_context,lexical screening of creator caption/transcript; review source before bag-specific claims,automatic_unverified,2026-09-11,43,21
ig:Dc2_9ydS0x1,instagram,https://www.instagram.com/p/Dc2_9ydS0x1/,"Les Trenchs de la rentrée ♥️
Paris in motion. New silhouettes, set to the rhythm of the city. This Sunday on the App and Sezane.com

#sezane #sezanelovers","Diego,",sezane,2026-09-04T08:57:56.000Z,6585,198,1088853,"[""01-ig-seeds"", ""05-ig-seed-transcripts""]","[""raw/01-ig-seeds-items.json#row=81"", ""raw/05-ig-seed-transcripts-items.json#row=62""]",S148,* Sezanne branded,Video,False,https://www.instagram.com/reel/Dc2_9ydS0x1/,"[""european_style"", ""euro_trip""]",adjacent_fashion_or_other,lexical screening of creator caption/transcript; review source before bag-specific claims,automatic_unverified,2026-09-11,100,48
ig:Db9QfF-zVhz,instagram,https://www.instagram.com/p/Db9QfF-zVhz/,Bottega has been releasing some VERY good bags lately - these are the ones I’d actually spend my money on! BAGS for the links #bottega #bottegaveneta #designerbag #designerhandbags #styleguide,"If you're spending designer bag money, can we please stop buying the same five bags and start looking at Bottega? Because they are quietly releasing some of the best bags on the market right now that no one's talking about. The first bag you need to put on your radar is the 70. This screams inherited vintage Bottega to me. It's classic Bottega with a finer intrecciato, as well as this smooth, gorgeous yellow color. It's basically a three-in-one, a crossbody, a shoulder bag, and a top handle bag. And most importantly, I haven't seen it like 500 times all over my feed. Another bag you probably haven't seen yet, but this is the Nordor, and probably one of my favorite shoulder bags on the market right now. Not only is it the perfect under the arm shape, but it's half suede, half intrecciato leather. It also comes in this gorgeous chocolate color, and it's probably one of the best priced bags currently available at Bottega. I told you last year to start buying Bottega Veneta vintage knot clutches, and for good reason, they have officially returned. Bottega's even using this micro intrecciato on the new versions. It almost gives like a rippled effect, which we love. However, these new versions are hefty price-wise. If you want better bang for your buck, the Lauren 1979 is one of the best clutches you can buy right now. The bag is actually based on the archival Bottega bag that Lauren Hutton wore in American Gigolo, and that was back in 1979, meaning that this isn't a bag nor a silhouette that we're going to suddenly get over by next year. You will have this forever. If you're looking for a new tote bag, look no further. This bag is actually unisex, technically in the men's section, but I love it for both. This is a full intrecciato, fits everything, and doesn't scream one particular season. The square shape of this tote in particular is what drew me towards it. It feels very vintage, but still quite modern, and it's around the $6,000 mark, which for a tote at Bottega is pretty well priced, and it's available in burgundy, brown, and yellow. Another great pick is the Onder Clutch. Obviously a little bit more abstract, but I love that there's no obvious branding. It's an incredible shape. And finally, we have the Baby Sardine in Snakeskins. This is obviously not your everyday bag, but if I was going to be spending some serious cash on one completely standout bag, this would be my pick. She's perfect because you could wear her through literally every season, and again, it's one that we don't see everywhere. So consider this your reminder that Bottega goes a lot further than the ones you've already seen all over your feed.",catspanti,2026-08-12T22:41:42.000Z,6160,373,245548,"[""01-ig-seeds"", ""05-ig-seed-transcripts"", ""08-ig-creator-expansion""]","[""raw/01-ig-seeds-items.json#row=82"", ""raw/05-ig-seed-transcripts-items.json#row=124"", ""raw/08-ig-creator-expansion-items.json#row=143""]",S125,* Stop spending designer money on bags,Video,False,https://www.instagram.com/catspanti/,"[""designer_spend"", ""old_money"", ""outfit_upgrade"", ""quality_material"", ""logo_independence"", ""seasonal_woven"", ""travel_scale"", ""purchase_trigger""]",handbag_context,lexical screening of creator caption/transcript; review source before bag-specific claims,automatic_unverified,2026-09-11,100,15
ig:DYXpZTYMt0W,instagram,https://www.instagram.com/p/DYXpZTYMt0W/,pov: you finally find the bag that fits your whole life in it 🤍@polene_paris Mokki my new everyday!,"Instead, she just wanted",ann.lisna,2026-05-15T18:38:53.000Z,2299,107,575666,"[""01-ig-seeds"", ""05-ig-seed-transcripts""]","[""raw/01-ig-seeds-items.json#row=83"", ""raw/05-ig-seed-transcripts-items.json#row=115""]",S054,,Video,True,https://www.instagram.com/reel/DYXpZTYMt0W/,"[""european_style"", ""euro_trip"", ""travel_scale""]",handbag_context,lexical screening of creator caption/transcript; review source before bag-specific claims,automatic_unverified,2026-09-11,61,24
ig:DcXsS2tzlGv,instagram,https://www.instagram.com/p/DcXsS2tzlGv/,"Here are some solid options to replace your backpack. All bags linked in my bio. 

#mensfashion #mensbag #bagsformen #menswear #styleinspo","Astra skies are carrying bags and exchanging the whole energy of an outfit. There are three ways to get into it without spending your savings. A duffel is the easiest gateway into this trend. Use it for work, use it for a weekend, anywhere in between. And if it's not for you, you just got a new gym bag, no loss. Love this green and black bag from Massimo Dutty if you want something a little bit more elevated. If you are a fan of the road, this Simon's Weekender bag is a great option as well. Woven leather is a huge trend right now. This is your Bottega moment without the Bottega price tag. Amazon duffel is the most complimented bag that I own. The Quinn's woven leather tote is a great option if you want something structured. These next two I'm obsessed with and definitely eyeing for the fall. Presents, HTN canvas bag will hold everything you could possibly need for the day. A great work bag, great for school as well. Cole Buxton's leather hold all bag. It's the perfect piece. Design is reminiscent of a hybrid between a Balenciaga Rodeo bag. Extend with details of a Hermes Birkin. It's huge so it'll fit everything you could possibly need for the day and this one will definitely help you stand out. All links in my bio your backpack will understand.",shezzy.jpeg,2026-08-23T05:07:08.000Z,346,2,14859,"[""01-ig-seeds"", ""05-ig-seed-transcripts"", ""08-ig-creator-expansion""]","[""raw/01-ig-seeds-items.json#row=84"", ""raw/05-ig-seed-transcripts-items.json#row=38"", ""raw/08-ig-creator-expansion-items.json#row=201""]",S099,,Video,False,https://www.instagram.com/shezzy.jpeg/,"[""designer_spend"", ""outfit_upgrade"", ""social_judgment"", ""quality_material"", ""seasonal_woven"", ""work_polish"", ""travel_scale""]",handbag_context,lexical screening of creator caption/transcript; review source before bag-specific claims,automatic_unverified,2026-09-11,2,1
ig:DckZrxuTwii,instagram,https://www.instagram.com/p/DckZrxuTwii/,"Part 2, four more bags worth upgrading to. All bags linked in my bio. 

#mensfashion #bagsformen #mensbags #styleinspo #styletips

@pearledivory @fivefourfive @cosstores @coach","Former bag options that are a bit more elevated. By far my most favorite bag on this list. Buckle detail is what does it for you. Think of it as an easy upgrade from your regular tote. Same silhouette, better materials, better design. Brown colorway is definitely the move but the black is solid as well. I've seen this next bag all over my feed and I'm not gonna lie, it's not my most favorite but it is there if you need it. It's reminiscent of the Balenciaga Rodeo bag. It's a great pick if you want that aesthetic. If you are a fan of quiet luxury, this one is as classy as it gets. Italian made, very intentional and it still has some of those Birkin qualities. The guy carrying this knows exactly what he's doing. I'll always be a fan of elevated duffle and this green is so rich, definitely gonna help you stand out. And it comes in a brown suede too which I'm not mad at. Both colorways are worth copying. All bags linked in my bio.",shezzy.jpeg,2026-08-28T03:31:35.000Z,802,15,38789,"[""01-ig-seeds"", ""05-ig-seed-transcripts"", ""08-ig-creator-expansion""]","[""raw/01-ig-seeds-items.json#row=85"", ""raw/05-ig-seed-transcripts-items.json#row=145"", ""raw/08-ig-creator-expansion-items.json#row=230""]",S097,,Video,False,https://www.instagram.com/shezzy.jpeg/,"[""designer_spend"", ""old_money"", ""european_style"", ""outfit_upgrade"", ""social_judgment"", ""quality_material"", ""logo_independence"", ""travel_scale""]",handbag_context,lexical screening of creator caption/transcript; review source before bag-specific claims,automatic_unverified,2026-09-11,8,5
ig:DY5xhWqtfYk,instagram,https://www.instagram.com/p/DY5xhWqtfYk/,"#ad Comment TOTE BAG and I’ll send the details, or linked in bio on LTK page!☀️ Pack my new summer bag with me!✨ Just got this gorgeous Chanel Deauville tote bag on @fashionphile - my favorite place to shop for designer bags & accessories at up to 80% off retail!😍 Go get your bag for summer!🤍 @iamcardib #fashionphile #fashionphilepartner #fashionphilefinds @shop.ltk #liketkit https://liketk.it/6eplR",Il ministro ha parlato di una nuova riforma.,rachelpuccetti,2026-05-29T00:38:49.000Z,2111,2199,48495,"[""01-ig-seeds"", ""05-ig-seed-transcripts""]","[""raw/01-ig-seeds-items.json#row=86"", ""raw/05-ig-seed-transcripts-items.json#row=110""]",S004,,Video,True,https://www.instagram.com/reel/DY5xhWqtfYk/,"[""seasonal_woven"", ""travel_scale""]",handbag_context,lexical screening of creator caption/transcript; review source before bag-specific claims,automatic_unverified,2026-09-11,100,3
ig:DdGkkwQlOp9,instagram,https://www.instagram.com/p/DdGkkwQlOp9/,"Money comes and goes, but some bags get discontinued forever. 
Buy the bag. You're worth it.","My Top 10: 10, 9, 8, 7, 6, 5, 4, 3, 2, 1",vellatini,2026-09-10T10:00:29.000Z,13,0,1241,"[""01-ig-seeds"", ""05-ig-seed-transcripts""]","[""raw/01-ig-seeds-items.json#row=87"", ""raw/05-ig-seed-transcripts-items.json#row=135""]",S163,"* top 10
*",Video,False,https://www.instagram.com/reel/DdGkkwQlOp9/,"[""designer_spend""]",handbag_context,lexical screening of creator caption/transcript; review source before bag-specific claims,automatic_unverified,2026-09-11,0,0
ig:DafssF9IRyI,instagram,https://www.instagram.com/p/DafssF9IRyI/,"In a world full of noise, I choose silence - summer sale link in bio 🔗

Ad-pr /  @carlfriedrik 🛩️ 

#luxurytravel #suitcase #british #privatejet #elegance",स्वागत आहे.,pharrellmanyou,2026-07-07T14:40:27.000Z,9497,75,293680,"[""01-ig-seeds"", ""05-ig-seed-transcripts""]","[""raw/01-ig-seeds-items.json#row=88"", ""raw/05-ig-seed-transcripts-items.json#row=133""]",S067,* classy over flashy,Video,False,https://www.instagram.com/reel/DafssF9IRyI/,"[""old_money"", ""euro_trip"", ""seasonal_woven"", ""travel_scale"", ""purchase_trigger""]",adjacent_fashion_or_other,lexical screening of creator caption/transcript; review source before bag-specific claims,automatic_unverified,2026-09-11,46,20
ig:DWWdXh7Ebjz,instagram,https://www.instagram.com/p/DWWdXh7Ebjz/,"Packing light for a quick trip to NYC! 🍎 The bags are from @mooreandgiles and it’s by far my favorite weekender. The leather is so soft and it’s aged beautifully! 🤌

#packing #gentlemanstyle #mensfashion #mensbag",Fox.,huntervought,2026-03-26T14:30:39.000Z,30073,117,461535,"[""01-ig-seeds"", ""05-ig-seed-transcripts""]","[""raw/01-ig-seeds-items.json#row=89"", ""raw/05-ig-seed-transcripts-items.json#row=64""]",S061,* pack it,Video,False,https://www.instagram.com/reel/DWWdXh7Ebjz/,"[""euro_trip"", ""outfit_upgrade"", ""quality_material"", ""travel_scale""]",handbag_context,lexical screening of creator caption/transcript; review source before bag-specific claims,automatic_unverified,2026-09-11,66,25
ig:DXuGrZxDfhJ,instagram,https://www.instagram.com/p/DXuGrZxDfhJ/,"What’s in my bag - Office Edition

@carlfriedrik #carlfriedrik",문의주세요.,domi.abendroth,2026-04-29T15:23:24.000Z,26033,76,737059,"[""01-ig-seeds"", ""05-ig-seed-transcripts""]","[""raw/01-ig-seeds-items.json#row=90"", ""raw/05-ig-seed-transcripts-items.json#row=16""]",S064,* men’s work,Video,False,https://www.instagram.com/reel/DXuGrZxDfhJ/,"[""work_polish""]",handbag_context,lexical screening of creator caption/transcript; review source before bag-specific claims,automatic_unverified,2026-09-11,68,26
ig:DadwnM1hmXa,instagram,https://www.instagram.com/p/DadwnM1hmXa/,"Why I sold all my designer handbags 👜

1. Classic over trendy: Over time I realized I gravitated towards classic timless styles over trendy ones

2. The designer bag ick: Seeing unreasonable price hikes and quality declines made them feel less and less like a luxury to me

3. Quality over quantity: I realized I’d rather have one item I LOVE than multiple items I’m indifferent about

#luxuryhandbag #consumerism #deinfluencing","I sold my entire luxury handbag collection except for three. As a former shopaholic, I feel like I was constantly stuck in the cycle of chasing trends, buying things, and then getting sick of that. And what finally helped me break that cycle was one, realizing that bags and items I use and love the most were timeless classic pieces, not trendy ones. So I started using a wishlist where any luxury item I want has a 30 to 60 day hold period, and this made sure every purchase is not an impulse decision or based on a trend. Next is that designer bags just started giving me the ache. I think the prominent logos, the crazy price hikes, and quality declines made them feel less and less like a luxury to me. And I got to a point where I actually prefer my mid-luxury bags that feel a lot more understated and chic. And finally, I realized I'd rather have one item I really, really love than 10 items that I'm indifferent about. So I sold almost every single bag in my collection, and I haven't bought a new one in two years. And I don't plan on buying any other designer bags until I can consider buying my first Hermes bag.",melissasollee,2026-07-06T20:37:21.000Z,2679,79,169195,"[""01-ig-seeds"", ""05-ig-seed-transcripts""]","[""raw/01-ig-seeds-items.json#row=91"", ""raw/05-ig-seed-transcripts-items.json#row=9""]",S034,* affordable luxury angle,Video,False,https://www.instagram.com/reel/DadwnM1hmXa/,"[""designer_spend"", ""old_money"", ""outfit_upgrade"", ""markup_skepticism"", ""quality_material"", ""logo_independence"", ""purchase_trigger""]",handbag_context,lexical screening of creator caption/transcript; review source before bag-specific claims,automatic_unverified,2026-09-11,41,32
ig:Dax4VNvKxnZ,instagram,https://www.instagram.com/p/Dax4VNvKxnZ/,"Wait, I can’t pick a favourite 🤧😮‍💨 So many good ones..",Give all you got under the moonlight.,havrestudio,2026-07-14T16:07:08.000Z,119368,308,3000754,"[""01-ig-seeds"", ""05-ig-seed-transcripts""]","[""raw/01-ig-seeds-items.json#row=92"", ""raw/05-ig-seed-transcripts-items.json#row=136""]",S112,*,Video,False,https://www.instagram.com/reel/Dax4VNvKxnZ/,[],adjacent_fashion_or_other,lexical screening of creator caption/transcript; review source before bag-specific claims,automatic_unverified,2026-09-11,99,42
ig:DbyVQc0RBJC,instagram,https://www.instagram.com/p/DbyVQc0RBJC/,"What does luxury mean to you?  A label? A style? The material? 🤍

The Rialto by Fabrique was designed by Valeria Massai, former Creative Director at Bottega Veneta and Prada—so you already know the design is good. When I found Fabrique, I could not believe it. They have over 350 talented designers who contribute to their designs for clothing and bags. 

✨Comment SHOP and I’ll send you the link!✨

✨CODE:  Chelsea20✨

#fabrique #luxuryhandbags #itbag #travelstyle #workwear https://liketk.it/6koLW","For all the girls who love luxury design but don't want a bag that just sits there looking pretty, this is the Rialto from Fabrik, designed by Valeria Mosai, who was creative director at both Fottega Veneta and Prada. So you get that gorgeous Italian, quiet luxury aesthetic, but it's actually designed for real life. You can wear it four different ways, including as a backpack, and it fits everything from your everyday essentials to your laptop. Work, travel, errands, dinner, it does it all. I love a luxury bag, but the real luxury is having a bag work for you. And I have an exclusive discount code for you, so make sure you follow me. See you later. Bye!",thechelseastandard,2026-08-08T16:58:44.000Z,2085,824,130896,"[""01-ig-seeds"", ""05-ig-seed-transcripts"", ""08-ig-creator-expansion""]","[""raw/01-ig-seeds-items.json#row=93"", ""raw/05-ig-seed-transcripts-items.json#row=76"", ""raw/08-ig-creator-expansion-items.json#row=28""]",S103,,Video,True,https://www.instagram.com/thechelseastandard/,"[""old_money"", ""european_style"", ""euro_trip"", ""outfit_upgrade"", ""quality_material"", ""logo_independence"", ""work_polish"", ""travel_scale"", ""purchase_trigger""]",handbag_context,lexical screening of creator caption/transcript; review source before bag-specific claims,automatic_unverified,2026-09-11,100,1
ig:Dc1lXpgh_NT,instagram,https://www.instagram.com/p/Dc1lXpgh_NT/,"Your luxury girls are gonna HATE me for this one. 😳 This gorgeous luxury-inspired wallet bag is INSANE. The stitching is perfect, the leather feels incredible, and the quality shocked me. At some point…are we just paying for the name and the clout? 👀

Follow my account + comment WALLET and I’ll send you the details! 🤎

#LuxuryInspired #WalletBag #LuxuryStyle #FashionFinds #DesignerInspired","You luxury girls are gonna hate me for this one because I'm gonna tell you this one is no different. You guys are paying for the name, you're paying for all of the paperwork, you're paying for nothing. This bag came in from a new vendor that I have and I was shocked at the quality. Like it is amazing. I wanted to do the wallet bag and I didn't know which color I wanted to do. I had different colors that I picked out. I decided on the brown. I thought that it was good for fall. We're doing the whole fall thing. The stitching, it is gorgeous. The color, it is gorgeous and it is dead on. So those of you who have went and spent the money for the authentic, I'm gonna tell you you wasted your money. Bag Trends is one of my new favorite vendors. I will link them for you guys. He came in hot and this stuff is gorgeous. I cannot wait to wear this with a pair of jeans, white t-shirt, white little button up shirt. It's amazing. You can put your cell phone, a little wallet if you wanted to in there. Perfect for the day, out the door. Is that gorgeous or what? I will link it for you guys. Comment purse and I'll give it to you.",elaine_manthei,2026-09-04T03:40:03.000Z,4911,25240,247027,"[""01-ig-seeds"", ""05-ig-seed-transcripts""]","[""raw/01-ig-seeds-items.json#row=94"", ""raw/05-ig-seed-transcripts-items.json#row=47""]",S141,* Quality luxury without paying that price,Video,False,https://www.instagram.com/reel/Dc1lXpgh_NT/,"[""designer_spend"", ""outfit_upgrade"", ""quality_material"", ""seasonal_woven""]",handbag_context,lexical screening of creator caption/transcript; review source before bag-specific claims,automatic_unverified,2026-09-11,100,0
ig:DbremFIqt92,instagram,https://www.instagram.com/p/DbremFIqt92/,"burgundy makes everything look expensive fr

comment ELITE for my free color combo playbook

burgundy + dusty blue = rebel americana
burgundy + white = ivory vice
burgundy + black = midnight authority 
burgundy + grey = boardroom grit
burgundy + beige = vintage academia

#mensfashion #colorcombination #styletips #outfitideas #styleinspo","Burgundy and dusty blue give rebel Americana. Burgundy and off-white give ivory vibes. Burgundy and black give midnight authority. Burgundy and grey give boardroom grit. Burgundy and beige give vintage academia. For 200 more, comment ELITE for my free Color Combo Playbook.",erikxei,2026-08-06T00:58:08.000Z,4331,609,82547,"[""01-ig-seeds"", ""05-ig-seed-transcripts""]","[""raw/01-ig-seeds-items.json#row=95"", ""raw/05-ig-seed-transcripts-items.json#row=152""]",S152,* bag and outfit,Video,False,https://www.instagram.com/reel/DbremFIqt92/,"[""designer_spend"", ""outfit_upgrade"", ""travel_scale""]",adjacent_fashion_or_other,lexical screening of creator caption/transcript; review source before bag-specific claims,automatic_unverified,2026-09-11,100,0
ig:DcUxPf9DjMi,instagram,https://www.instagram.com/p/DcUxPf9DjMi/,"Follow the craftsmanship, not the marketing... because, really... Who's investing $80k+ in pre-spend to be offered a bag that's just ""good."" Comment LINKS and I'll dm you everything featured 🤍 

#intentionality #luxuryfashion #craftsmanship #over30fashion #over40fashion","This, not that, if you care more about craft than clout. I'm your favorite intentional bitch, Sean Livingrich. Welcome back to Craft Over Clout, where we skip the logo and follow the craftsmanship. Everyone is auditioning for a Birkin. Meanwhile, Delvaux has been making bags since 1829. Older than Hermes, and older than Belgium itself. Its Brion bag debuted in 1958, and its Tempete in 1967. Both decades before the Birkin. It has supplied the Belgian royal court since 1883. And unlike Hermes, there is no pre-spend required. One sells access, the other sells artistry. Chanel wants four figures, four gold-toned brass, and a double C. Completed works, Handcrafts, sculptural jewelry in London, from recycled precious metals, with pieces auctioned by Christie's, and worn by Emma Watson and Jodie Comer. One sells a logo, the other sells a legacy. The Row charges luxury prices, because everyone agreed that it was cool. Lauren Manoogian built a brand around the people actually making the clothes. Everything is hand-loomed in Peru from natural alpaca, and one bag can take 20 hours to make. The irregularities are not flaws, they're proof of human craftsmanship. One is quiet luxury, the other is quiet craftsmanship.",intentionalluxbish,2026-08-22T01:50:52.000Z,3004,1149,114794,"[""01-ig-seeds"", ""05-ig-seed-transcripts""]","[""raw/01-ig-seeds-items.json#row=96"", ""raw/05-ig-seed-transcripts-items.json#row=112""]",S123,* the heritage brand that isn’t Hermes,Video,False,https://www.instagram.com/reel/DcUxPf9DjMi/,"[""designer_spend"", ""old_money"", ""european_style"", ""euro_trip"", ""social_judgment"", ""markup_skepticism"", ""quality_material"", ""logo_independence""]",handbag_context,lexical screening of creator caption/transcript; review source before bag-specific claims,automatic_unverified,2026-09-11,53,5
ig:DYU6BvfAVmQ,instagram,https://www.instagram.com/p/DYU6BvfAVmQ/,it’s ok to wear something other than a backpack,"I'm a simple man. I live by one rule. If I don't have to wear a backpack, don't. So here are all the bags that I use to replace it so I look cooler, in my opinion. Let's get into it. First, the Coach Empire Carry All 48. This thing has been incredible for me. It fits everything I ever want to put in here. Laptops, shoes. I even use it as a weekender bag. It has that much space in it. And guys, if you feel like it's too much, you can always just wear it with a strap, throw it on your back. But for me personally, just hold it, man. Just hold it like it is. It is such a nice bag. But then also, I know on Pinterest and me personally, I do the little tuck. I don't know if I'm cool enough to like put my arm in there through the loop. I can't do that personally. But the little tuck, the little grab it, like come on, man. I'm a man. You know what I mean? I'm manhandling the bag. I don't know, man. It works. For the days I don't want to carry something, I don't want it in my hand, I go with a crossbody. And it's going to be the Paloma Wool Teabag. This was incredibly hard to get my hands on. And since I'm a guy, and they didn't really make them for us in particular, I had to custom the loop here to get it to the very edge of the belt so it can actually fit me. But I use it as a crossbody. And I feel like the silver loop here or belt buckle is a really nice touch. I like what it does to some of my outfits. But if I know I can't get away with leather, the Estudio Nixon Suno bag, it fits the bill, man. It's kind of like the Coach Empire 48. It carries everything that I need. Laptops, phones, wallets, keys, whatever. But guys, I lied. Even I have to wear a backpack sometimes. And this is the one of choice for me. Whenever I'm traveling and I need to carry around my camera and all my equipment, this is the backpack I do it in. It's still a right to wear a backpack. Don't feel like, you know, you're bad if you wear a backpack or something. If you guys enjoyed this video, leave a like. I'll see you guys next time. Adios, amigos.",blvckhoodieee,2026-05-14T17:01:28.000Z,8097,82,202905,"[""01-ig-seeds"", ""05-ig-seed-transcripts""]","[""raw/01-ig-seeds-items.json#row=97"", ""raw/05-ig-seed-transcripts-items.json#row=122""]",S078,* Best bags to buy for men,Video,False,https://www.instagram.com/reel/DYU6BvfAVmQ/,"[""euro_trip"", ""outfit_upgrade"", ""social_judgment"", ""quality_material"", ""work_polish"", ""travel_scale""]",handbag_context,lexical screening of creator caption/transcript; review source before bag-specific claims,automatic_unverified,2026-09-11,71,53
ig:Dcjorv-y74O,instagram,https://www.instagram.com/p/Dcjorv-y74O/,"Oversized bags that’s are actually chic for travel ✈️

Comment BAGS and I’ll send the links to my faves x","As a girl, sometimes all you need is a massive oversized travel bag. You know, one that's going to fit literally everything you need. And I'll die on the heel of wearing an ugly backpack or suitcase. So here are some of my favorite travel bags. By the way, if you're new here, my name's Annalise and I give you all the best fashion tips. I'm going to try pronounce this, We Make It Thou. I could be totally wrong, but they have the coolest bags. Love this black one. And they have this beautiful like butter yellow kind of greeny color. I just absolutely love this double buckle moment. Next is this brand called Oram Collective. And they specifically came out with a travel bag. I just think this looks so incredibly chic. I absolutely love this color though. And I feel like it would be perfect to fit your laptop and any other essentials in. Basically your perfect plain travel bag. I also came across this brand called Madame Chalet. Definitely say this leans more resort holiday travel bag. They just had some really cool designs like this one as well. Okay, lastly, this brand is literally viral for a reason. This Amy Shahab butter yellow bag is literally everywhere on my Pinterest feed. It is so, so oversized. I just think it looks so incredibly chic. You can literally fit everything under the sun in that. Lastly, if you're after a classic black, then I love this one from Aiche.",annalise_salm,2026-08-27T20:24:05.000Z,1528,595,47328,"[""01-ig-seeds"", ""05-ig-seed-transcripts""]","[""raw/01-ig-seeds-items.json#row=98"", ""raw/05-ig-seed-transcripts-items.json#row=113""]",S091,* oversized travel bags that are actually chic,Video,False,https://www.instagram.com/reel/Dcjorv-y74O/,"[""old_money"", ""euro_trip"", ""outfit_upgrade"", ""logo_independence"", ""work_polish"", ""travel_scale""]",handbag_context,lexical screening of creator caption/transcript; review source before bag-specific claims,automatic_unverified,2026-09-11,100,1
ig:DZA3DR8It05,instagram,https://www.instagram.com/p/DZA3DR8It05/,"Sapar Brand портплед из натуральной кожи — стиль и практичность для деловых поездок и путешествий.

В комплекте уже всё включено:
• Плечевой ремень
• Скидочный купон
• Гарантия 1 год
• Гравировка
• Премиальная упаковка

✔ Рассрочка без переплаты
🚚 Экспресс-доставка по всему Казахстану

Напишите, пожалуйста,модель/цвет — подскажем наличие и отправим обзор🙌🏻
#казахстан  #россия #снг","Wait, wait.",sapar_brands,2026-05-31T18:41:54.000Z,87811,1776,2673837,"[""01-ig-seeds"", ""05-ig-seed-transcripts""]","[""raw/01-ig-seeds-items.json#row=99"", ""raw/05-ig-seed-transcripts-items.json#row=118""]",S065,,Video,False,https://www.instagram.com/reel/DZA3DR8It05/,[],adjacent_fashion_or_other,lexical screening of creator caption/transcript; review source before bag-specific claims,automatic_unverified,2026-09-11,98,11
ig:Da5fM5dlSOK,instagram,https://www.instagram.com/p/Da5fM5dlSOK/,"How much you carry is up to you. How you carry it, too. We just provide the bag that does it all. ⁠
⁠
Crossbody. Top handle. Over the shoulder. Clipped onto your suitcase. You decide.⁠
⁠
BELLEVUE in Ice Blue. ⁠",Deaf.,alemi.zurich,2026-07-17T15:03:20.000Z,240,8,30245,"[""01-ig-seeds"", ""05-ig-seed-transcripts""]","[""raw/01-ig-seeds-items.json#row=100"", ""raw/05-ig-seed-transcripts-items.json#row=4""]",S047,,Video,False,https://www.instagram.com/reel/Da5fM5dlSOK/,"[""euro_trip"", ""travel_scale""]",handbag_context,lexical screening of creator caption/transcript; review source before bag-specific claims,automatic_unverified,2026-09-11,5,3
ig:DaF_S2gGMmR,instagram,https://www.instagram.com/p/DaF_S2gGMmR/,"Do we need to say anything more?⁠
⁠
HELVETIA in Jeans Blue",بسوسوسوسوسوس.,alemi.zurich,2026-06-27T15:03:18.000Z,71,2,8486,"[""01-ig-seeds"", ""05-ig-seed-transcripts""]","[""raw/01-ig-seeds-items.json#row=101"", ""raw/05-ig-seed-transcripts-items.json#row=66""]",S057,* New color arrival,Video,False,https://www.instagram.com/reel/DaF_S2gGMmR/,[],adjacent_fashion_or_other,lexical screening of creator caption/transcript; review source before bag-specific claims,automatic_unverified,2026-09-11,1,0
ig:DcTRP66pVOq,instagram,https://www.instagram.com/p/DcTRP66pVOq/,Last call for the Chloe Tote in Espresso Croc.  Very limited units remain for one of our best selling styles.  This will not be restocked until later this Fall.,Leave a spark in the dark.,aureum.collective,2026-08-21T11:51:47.000Z,-1,1,6165,"[""01-ig-seeds"", ""05-ig-seed-transcripts""]","[""raw/01-ig-seeds-items.json#row=102"", ""raw/05-ig-seed-transcripts-items.json#row=50""]",S114,,Video,False,https://www.instagram.com/reel/DcTRP66pVOq/,"[""outfit_upgrade"", ""seasonal_woven"", ""purchase_trigger""]",handbag_context,lexical screening of creator caption/transcript; review source before bag-specific claims,automatic_unverified,2026-09-11,1,0
ig:Dcq__agouAR,instagram,https://www.instagram.com/p/Dcq__agouAR/,"Looking for Dior under $500? That’s pretty tough! If you can bump up your budget to $800‑1000, we’ve got tons of great Dior pieces over on Looply😘👜✨#designerbags #preloved #looply #shopping #baglover","Can I get a Dior bag for $500? You know we don't sell fake bags, right? For Dior under $500, it's pretty much just wallets and card holders. If you can raise your budget to $1000, we've got tons of Dior bags for you to choose from. First up, we have this Dior vintage tote in gray canvas for $881. Next, we have this gray Dior calfskin shoulder bag at just under $1000. Here is a Dior Addict calfskin blue for $947. A blue canvas saddle mini for $928. A Miss Dior canage lambskin in red and pink for $889. This is a Dior travel vanity in pink for just over $1000, but if you use my code 67 on Looply, you'll get $30 off any bag. We have this Diorissimo calfskin pink for $851. A Diorama lambskin pink for $816. And a roller oblique canvas black for $802. All these Dior pieces are live on Looply. Tap the link in my bio to shop.",looply_luxury,2026-08-30T17:03:32.000Z,32470,365,1555286,"[""01-ig-seeds"", ""05-ig-seed-transcripts""]","[""raw/01-ig-seeds-items.json#row=103"", ""raw/05-ig-seed-transcripts-items.json#row=39""]",S134,* affordable luxury angle,Video,False,https://www.instagram.com/reel/Dcq__agouAR/,"[""designer_spend"", ""euro_trip"", ""travel_scale""]",handbag_context,lexical screening of creator caption/transcript; review source before bag-specific claims,automatic_unverified,2026-09-11,99,74
ig:Da05LKzRsq3,instagram,https://www.instagram.com/p/Da05LKzRsq3/,Our mini Hamilton Moderne is up for anything.,Wszystko.,michaelkors,2026-07-15T20:13:18.000Z,2615,40,242596,"[""01-ig-seeds"", ""05-ig-seed-transcripts""]","[""raw/01-ig-seeds-items.json#row=104"", ""raw/05-ig-seed-transcripts-items.json#row=7""]",S041,* the bag for everything,Video,False,https://www.instagram.com/reel/Da05LKzRsq3/,[],adjacent_fashion_or_other,lexical screening of creator caption/transcript; review source before bag-specific claims,automatic_unverified,2026-09-11,34,8
ig:DbdW5anAxg5,instagram,https://www.instagram.com/p/DbdW5anAxg5/,"@thejudge44 , @jackhughes, and cantguard_malik use the best duffel bag in the game.

And it might be the smartest travel bag ever made.

So it’s called the FTL Pro.

And it’s designed to replace your duffel, garment bag, briefcase, and tech organizer.

Because most travel bags leave you with two options: too many bags… or one big mess.

Inside the FTL Pro there’s a built-in fold-out garment bag so your clothes stay wrinkle-free.

A separate shoe compartment so your sneakers never touch your laptop or clean clothes.

And a padded sleeve that fits up to an 18-inch laptop.

You also get 30 liters of space, a roller-bag sleeve, and it still fits under an airplane seat as a personal item.

Meaning you can go office-to-gym, airport to meeting, or 1–3 day trips with just one bag.

You can also avoid checked bag fees.

No extra luggage. No mess.

Travel smarter, like these athletes.","Aaron Judge, Jack Hughes, and Malik Neighbors use the best duffel bag in the game, and it might be the smartest travel bag ever made. So it's called the FTL Pro, and it's designed to replace your duffel, garment bag, briefcase, and tech organizer. Because most travel bags leave you with two options, two mini bags or one big mess. Inside the FTL Pro, there's a built-in fold-out garment bag so your clothes stay wrinkle-free, a separate shoe compartment so your sneakers never touch your clean clothes or laptop, and a padded sleeve that fits up to an 18-inch laptop. You also get 30 liters of space, a roller bag sleeve, and it still fits under an airplane seat as a personal item, meaning you can go office to gym, airport to meeting, or one to three-day trips with just one bag. You can also avoid checked bag fees, travel smarter like these athletes.",alecgrawe,2026-07-31T13:20:23.000Z,19,1,0,"[""01-ig-seeds"", ""05-ig-seed-transcripts""]","[""raw/01-ig-seeds-items.json#row=105"", ""raw/05-ig-seed-transcripts-items.json#row=89""]",S111,* men #2,Video,True,https://www.instagram.com/p/DbdW5anAxg5/,"[""euro_trip"", ""social_judgment"", ""work_polish"", ""travel_scale""]",handbag_context,lexical screening of creator caption/transcript; review source before bag-specific claims,automatic_unverified,2026-09-11,1,0
ig:DZf-NuYgpG-,instagram,https://www.instagram.com/p/DZf-NuYgpG-/,"What’s this summer’s Hamptons “it” bag? It’s code to have a raffia in your hand.

Not Celine this year: it’s Loewe. ✨

Think a small anagram basket in iraca palm + calf skin. McCullough and Hernandez stepped down from Proenza Schouler to become the creative directors for Loewe and they’re the ones to watch! 👀

#Loewe #SummerBag #Luxury #Fashion #Style #Hamptons","There's one bag that's going to be the bitch bag, and it's what every girl is going to want to wear in the Hamptons this summer. It's this bag right here, Lueve. Every other girl is going to have a raffia bag, because that's code anyway, but you're going to have this. This is going to say, you're in the know. Last year, I mean, how many Celine knockoffs did we see the entire summer? Celine has had its day, now you've got to go with Lueve. You're going to get these. These are the new Lueve. They're so cool. This is going to say, you know what you're talking about. When I said that you're not special, I meant that. Why is Lueve so relevant right now? Because they have two new creative directors. Who are they? Jack McCullough and Lazaro Hernandez. Just like this bag, they're the ones to watch. And now, you're in the know.",kathyprounis,2026-06-12T20:40:34.000Z,2410,107,111264,"[""01-ig-seeds"", ""05-ig-seed-transcripts""]","[""raw/01-ig-seeds-items.json#row=106"", ""raw/05-ig-seed-transcripts-items.json#row=94""]",S014,"* boatkin of 26, ugc story concept",Video,False,https://www.instagram.com/reel/DZf-NuYgpG-/,"[""outfit_upgrade"", ""seasonal_woven""]",handbag_context,lexical screening of creator caption/transcript; review source before bag-specific claims,automatic_unverified,2026-09-11,88,57
ig:DckbXyGt785,instagram,https://www.instagram.com/p/DckbXyGt785/,"you NEED this Chanel dupe! Comment SHOP for the link 🔗 

The most perf cashmere quarter-zip for fall 🤎 

#chanel #dupe #designerfashion #shopping #styleinspo","Chanel dupe for under $200. I don't know about you, but I haven't stopped thinking about this pullover since it walked down the runway last year, so obviously I had to find a dupe. Here she is. She's 100% cashmere and she's under $200. For the quality and the price, you can't beat it. I personally just bought mine. Comment ""shop"" and I'll send you the link.",gracekelleee,2026-08-28T03:49:13.000Z,-1,1957,104753,"[""01-ig-seeds"", ""05-ig-seed-transcripts""]","[""raw/01-ig-seeds-items.json#row=107"", ""raw/05-ig-seed-transcripts-items.json#row=119""]",S138,"* dupe angle
* RUN UP",Video,False,https://www.instagram.com/reel/DckbXyGt785/,"[""designer_spend"", ""outfit_upgrade"", ""quality_material"", ""seasonal_woven"", ""purchase_trigger""]",adjacent_fashion_or_other,lexical screening of creator caption/transcript; review source before bag-specific claims,automatic_unverified,2026-09-11,19,0
ig:DcoJLhqiTkB,instagram,https://www.instagram.com/p/DcoJLhqiTkB/,"I bought all three and they are 💯 worth it! The leather on the burgundy one is so soft and delicious, the second is an affordable Italian leather bag, and the woven one feels surprisingly durable and high quality.

Comment “BAGS” and I’ll send you links to these exact bags 📩

Affordable handbags | Amazon finds | fall bags 2026 | everyday handbags","Fall bags, they are so good. Let's get into it. If you love the Chanel shape, you're going to love this bag. The soft Lauren's bag, it's polished yet relaxed. If you love the row, I think you're going to really appreciate this bag. It has a pocket here, which is great for travel. The leather is just substantial and beautiful. And we're going to finish with this woven Amazon bag. A great everyday bag, travel bag. The material is very soft, very thick. Perfect for fall.",wendyslookbook,2026-08-29T14:28:10.000Z,-1,12218,403733,"[""01-ig-seeds"", ""05-ig-seed-transcripts""]","[""raw/01-ig-seeds-items.json#row=108"", ""raw/05-ig-seed-transcripts-items.json#row=117""]",S102,,Video,False,https://www.instagram.com/reel/DcoJLhqiTkB/,"[""designer_spend"", ""european_style"", ""euro_trip"", ""outfit_upgrade"", ""quality_material"", ""seasonal_woven"", ""travel_scale"", ""purchase_trigger""]",handbag_context,lexical screening of creator caption/transcript; review source before bag-specific claims,automatic_unverified,2026-09-11,100,0
ig:DZ3oWtBlJFz,instagram,https://www.instagram.com/p/DZ3oWtBlJFz/,"The best bag does not need to tell people how expensive it is.
It just needs to be carried and loved for years.

☎️DM for custom leather bags.

#quietluxury #leatherbag #custombag #handmadeleather","The people who believe in luxury the most are usually not wealthy themselves. The wealthiest clients I've met rarely talk about brands. They ask about the leather, whether it will last, what it will look like years later. That's when I realized something. The rich life many people imagine is like a fairy tale king who even uses a golden axe. But truly wealthy people understand the value of money best. They grow their assets first, then spend the income those assets create, not the other way around. Some people spend months of income for a logo. What wealthy people care about is different. Can this money become more money? After nearly 20 years making bags, I've come to believe one thing. The best bag doesn't tell people how expensive it is. Years later, you still want to carry it. Instead of chasing a brand, keep more of your capital. Choose a well-made handmade bag and let the rest keep working for you.",wukong.gentcraft,2026-06-22T01:10:00.000Z,2144,11,105438,"[""01-ig-seeds"", ""05-ig-seed-transcripts""]","[""raw/01-ig-seeds-items.json#row=109"", ""raw/05-ig-seed-transcripts-items.json#row=86""]",S155,* luxury people who don’t care about the logo,Video,False,https://www.instagram.com/reel/DZ3oWtBlJFz/,"[""designer_spend"", ""old_money"", ""quality_material"", ""logo_independence""]",handbag_context,lexical screening of creator caption/transcript; review source before bag-specific claims,automatic_unverified,2026-09-11,9,4
ig:DXl_DTBDdWj,instagram,https://www.instagram.com/p/DXl_DTBDdWj/,"Yaz geldiğine göre en ışıltılı çantalarımızı çıkarabiliriz🍋🌊✨ Link “nisan” öne çıkanlarda!!

#summerbags #2026trends #pinterestinspired #zarabags #onlineshopping","J'aime, j'aime quand la vie oscille, j'aime, j'aime quand le soleil brille, j'aime, j'aime quand l'amour se fige, souffle sur tes fils, je fredonne, j'aime, j'aime quand tout me fascine, j'aime, j'aime que tu m'aimes aussi, oui, j'aime, j'aime la mer et le ciel, c'est la vie sociale, à l'ennui, à l'amour, à la vie qu'on me mène, à nos rires, à nos jours, à nos retours, on mène, à l'ennui, à l'amour, à la vie qu'on me mène.",benguuparlak,2026-04-26T11:40:30.000Z,5037,49,202866,"[""01-ig-seeds"", ""05-ig-seed-transcripts""]","[""raw/01-ig-seeds-items.json#row=110"", ""raw/05-ig-seed-transcripts-items.json#row=143""]",S010,"* Summer bag of 2026 trend, the perfect summer bag",Video,False,https://www.instagram.com/reel/DXl_DTBDdWj/,"[""seasonal_woven""]",adjacent_fashion_or_other,lexical screening of creator caption/transcript; review source before bag-specific claims,automatic_unverified,2026-09-11,45,12
ig:Db94oszt8Xt,instagram,https://www.instagram.com/p/Db94oszt8Xt/,"OLD MONEY OUTFITS LINK IN BIO ⚜️
.
.
.
.
.
#oldmoney #summerfashion #summer2026 #menfashion #affordablefashion (outfitsideas colourcombination outfitinspo meesho meeshofind streetwear menswear aesthetic  baggyjeans meeshoaccessories sneakers watch lowbudget)",Happy,ryezxn,2026-08-13T04:30:04.000Z,-1,2237,2656043,"[""01-ig-seeds"", ""05-ig-seed-transcripts""]","[""raw/01-ig-seeds-items.json#row=111"", ""raw/05-ig-seed-transcripts-items.json#row=10""]",S106,,Video,False,https://www.instagram.com/reel/Db94oszt8Xt/,"[""designer_spend"", ""old_money"", ""outfit_upgrade"", ""seasonal_woven"", ""travel_scale""]",adjacent_fashion_or_other,lexical screening of creator caption/transcript; review source before bag-specific claims,automatic_unverified,2026-09-11,98,9
ig:DcUFBAQPLts,instagram,https://www.instagram.com/p/DcUFBAQPLts/,"Meet your new everyday favorite 🍁 The Fillmore Faux Suede Tote is spacious, effortlessly polished, and available in rich fall shades you’ll reach for all season.",큰일이다.,markandgraham,2026-08-21T19:23:08.000Z,37,1,3381,"[""01-ig-seeds"", ""05-ig-seed-transcripts""]","[""raw/01-ig-seeds-items.json#row=112"", ""raw/05-ig-seed-transcripts-items.json#row=111""]",S081,,Video,False,https://www.instagram.com/reel/DcUFBAQPLts/,"[""outfit_upgrade"", ""quality_material"", ""seasonal_woven"", ""travel_scale""]",handbag_context,lexical screening of creator caption/transcript; review source before bag-specific claims,automatic_unverified,2026-09-11,1,1
ig:DcluoTsM_lV,instagram,https://www.instagram.com/p/DcluoTsM_lV/,Alright… maybe I’m just a brokie.,"Just because you can afford it does not mean that it's worth buying. Here are things that I don't think are worth spending your money on. First up, checked aluminum luggage. I have a lot of friends that have this, a.k.a. . Don't get me wrong, it looks incredible, but you're going to spend over 2k. You're going to hand it over to somebody that doesn't give a shit about it. Chuck it down the conveyor belt, dent it, break your lock, scratch it. Not worth it. Sneakers over $400. Now don't get me wrong, I love me a good sneaker. But anything over $400, you're purely paying for hype. You're not getting better construction. You're not getting better materials. It's going to crease, it's going to get dirty just like any other sneaker. Luxury coated canvas bags. Now I'll give it, that it is durable, but some of these cost $2,000-$3,000 and you're paying for coated canvas. Coated canvas. I'd much rather spend $2,000-$3,000, give it to a proper leather worker, build me a custom fully leather bag. And finally, luxury candles. You're spending $200 for this thing? You might as well just take your money and light it on fire. It's essentially the same thing.",brandonbalfourr,2026-08-28T15:54:57.000Z,7492,93,359598,"[""01-ig-seeds"", ""05-ig-seed-transcripts""]","[""raw/01-ig-seeds-items.json#row=113"", ""raw/05-ig-seed-transcripts-items.json#row=46""]",S143,* Bags you shouldn’t waste your money on,Video,False,https://www.instagram.com/reel/DcluoTsM_lV/,"[""designer_spend"", ""euro_trip"", ""quality_material"", ""travel_scale"", ""purchase_trigger""]",handbag_context,lexical screening of creator caption/transcript; review source before bag-specific claims,automatic_unverified,2026-09-11,53,39
ig:Da0Y7Pusq2x,instagram,https://www.instagram.com/p/Da0Y7Pusq2x/,"Your first luxury bag should be an investment in your style not a trend you’ll regret in six months.

Comment bag to get the link to this post https://liketk.it/6itdU

#fashiontake #timelessbag #luxurybags","The biggest mistake that people do when they buy their first luxury bag is to choose the trendy one. Everyone is just caught up on what's viral. Luxury bags are the real investment. First, the luxury bag should work with anything in your closet. You need to consider three factors in your mind: timeless shapes, colors, and quality leather. That's why you will never regret investing in classics like Saint Laurent Le Saint Cassette, the Celine Trion, the Loewe Puzzle, even understated bags like Valextra or Delvaux. Obviously, it depends on your budget. Luxury bags shouldn't feel exciting just for one season, generally anytime that you leave the house. Because the smartest luxury purchase that you can ever make is not the one that you get compliments today, it's the one that you will still carry for years.",iamsaraouardii,2026-07-15T15:34:21.000Z,-1,125,55873,"[""01-ig-seeds"", ""05-ig-seed-transcripts""]","[""raw/01-ig-seeds-items.json#row=114"", ""raw/05-ig-seed-transcripts-items.json#row=78""]",S022,* luxury bag mistake,Video,False,https://www.instagram.com/reel/Da0Y7Pusq2x/,"[""designer_spend"", ""old_money"", ""outfit_upgrade"", ""social_judgment"", ""markup_skepticism"", ""quality_material"", ""logo_independence"", ""seasonal_woven""]",handbag_context,lexical screening of creator caption/transcript; review source before bag-specific claims,automatic_unverified,2026-09-11,16,3
ig:DbIhkWAMEWB,instagram,https://www.instagram.com/p/DbIhkWAMEWB/,"If you’re still matching your bag to your outfit… it’s time to stop. Sometimes the smallest styling change makes the biggest difference.

Comment bags to get the link of my favourites https://liketk.it/6j8gL

#stylinginspo #designerbags #timelessstyle #bagslover","Why are you matching your bag to your outfit? I'm sorry, but this is the easiest way to look boring. Your bag is not supposed to blend in. It should stand out just enough to make the whole look put together, but also original and stylish. Instead of wearing a black bag on a pair of denim and shirt, why don't you try burgundy, red, yellow, or green? The best dressed women don't match everything perfectly. They use their bag to add a little bit of contrast to their looks. Just a small change that can make your outfit looking more expensive. But don't forget, the silhouette of the bag is everything. I think there is a thin line where the structure of the bag can make you look outdated, instead of timeless and elegant. Anyone can match colors. But great style comes when knowing not to. This is the perfect example where designers have nothing to do with style. And it's actually about having good taste. Thank you for listening, channel.",iamsaraouardii,2026-07-23T11:12:14.000Z,1564,92,56444,"[""01-ig-seeds"", ""05-ig-seed-transcripts""]","[""raw/01-ig-seeds-items.json#row=115"", ""raw/05-ig-seed-transcripts-items.json#row=29""]",S048,* match bag to outfit,Video,False,https://www.instagram.com/reel/DbIhkWAMEWB/,"[""designer_spend"", ""old_money"", ""outfit_upgrade"", ""social_judgment"", ""travel_scale""]",handbag_context,lexical screening of creator caption/transcript; review source before bag-specific claims,automatic_unverified,2026-09-11,50,3
ig:DcljDRyKTWR,instagram,https://www.instagram.com/p/DcljDRyKTWR/,"Fall fashion is my weakness, but I’m getting MUCH harder to influence 🍂

If it’s beautiful but impractical, impossible to maintain, or I know I’ll be over it by next season… it’s staying in the shop.

And yes, I already know some of you are going to fight me over leopard print 😂

Which one would you still buy?

#fallfashiontrends #falloutfit #autumnstyle","Things that look perfect in September but they really mistake by October. I own all of them and I do find them beautiful. I can definitely happily live without. I love sweatshirts but living in London, I have to check all the time the weather forecast but still because we know that the weather here is unpredictable. So they give me so much anxiety when I go out. Extremely oversized leather jacket. Considering that I'm 5'3 and size 6, last thing that make me look is cool. Leopard anything. Now I don't hate it but when every shop, every brand brings the same print. From feeling personal, it almost feels like a uniform. So I'm definitely not rushing into this trend cycle anymore. This one hurts me so badly. Sock boots. Let me show you how many times I wore them last year. They are not versatile, need specific styling. There is no way that I can ever wear them like this. Personally, I'd rather to have structured ankle boots and literally wear them with any outfit for all the occasions. Beautiful knitwear that needs full care routine. If I need to hand wash it, dry flat, reshape it, de-pill it, still looks tired after 3 years, it stays in the shop. Especially when the composition does not justify the price. I want simply a knitwear that looks beautiful and that I can actually live in. So my rule is also if my wardrobe has to work harder for an item than the item works for my wardrobe, I leave it in the shop.",iamsaraouardii,2026-08-28T14:14:14.000Z,707,25,41608,"[""01-ig-seeds"", ""05-ig-seed-transcripts"", ""08-ig-creator-expansion""]","[""raw/01-ig-seeds-items.json#row=116"", ""raw/05-ig-seed-transcripts-items.json#row=131"", ""raw/08-ig-creator-expansion-items.json#row=96""]",S118,* bag I won’t be buying again,Video,False,https://www.instagram.com/iamsaraouardii/,"[""designer_spend"", ""european_style"", ""euro_trip"", ""outfit_upgrade"", ""quality_material"", ""seasonal_woven"", ""travel_scale""]",adjacent_fashion_or_other,lexical screening of creator caption/transcript; review source before bag-specific claims,automatic_unverified,2026-09-11,19,17
ig:DYSXIp6MRCO,instagram,https://www.instagram.com/p/DYSXIp6MRCO/,"In Europe, the most elegant bags are usually the ones you can’t immediately recognise. 🤍

Comment bags to receive the link https://liketk.it/6cWgp

#bagslovers #designerbags #italianbags #luxurystyle","The most fashionable women in Europe are almost never carrying the loudest designer bags. No giant logos, no obvious eat bag. Half of the time you can't even tell what brand it is. The real style flex right now is understated luxury. Think beautiful leather, perfect shape, quiet hardware, and brands that only fashion people can recognize. If you see a woman carrying the row, you probably own the ultimate capsule wardrobe and drinks nine euro coffee in silence. Then we have Valextra, handcrafted in Italy, almost zero logos. This brand is super elegant and very wealth whispers. The kind of bag that rich women from Milan carry with oversized sunnies and good tailoring. Paris fashion girlies are obsessed with Paulette and with Moynat, which is very old money Paris energy. Don't get me started with Scandinavian girlies. Of course they are carrying totem, little Liefner, if I pronounce it correctly, and Etipiatelier. Minimalist bags that somehow makes any outfit look expensive. Honestly, the chicest women in Europe usually wear the same bags for years. And that's the real flex in my opinion, not the trend cycles taste. That's all for today. Thank you for listening. Ciao now.",iamsaraouardii,2026-05-13T17:18:12.000Z,7924,4511,317568,"[""01-ig-seeds"", ""05-ig-seed-transcripts""]","[""raw/01-ig-seeds-items.json#row=117"", ""raw/05-ig-seed-transcripts-items.json#row=41""]",S021,* European luxury angle,Video,False,https://www.instagram.com/reel/DYSXIp6MRCO/,"[""new_brand"", ""designer_spend"", ""old_money"", ""european_style"", ""euro_trip"", ""outfit_upgrade"", ""social_judgment"", ""quality_material"", ""logo_independence"", ""travel_scale""]",handbag_context,lexical screening of creator caption/transcript; review source before bag-specific claims,automatic_unverified,2026-09-11,100,1
ig:Dam1DEZzstm,instagram,https://www.instagram.com/p/Dam1DEZzstm/,"For wardrobes built on beautiful essentials.

Meet the Eden Collection. Available online now.

#VESTIRSI",She is brave.,shopvestirsi,2026-07-10T09:05:11.000Z,28,1,3335,"[""01-ig-seeds"", ""05-ig-seed-transcripts""]","[""raw/01-ig-seeds-items.json#row=118"", ""raw/05-ig-seed-transcripts-items.json#row=49""]",S044,,Video,False,https://www.instagram.com/reel/Dam1DEZzstm/,"[""outfit_upgrade""]",adjacent_fashion_or_other,lexical screening of creator caption/transcript; review source before bag-specific claims,automatic_unverified,2026-09-11,1,0
ig:Da2IsoAzx76,instagram,https://www.instagram.com/p/Da2IsoAzx76/,"The clutch we can’t get off our mind.

Celeste Black as seen on @nicolajanecreative 

#VESTIRSI",music,shopvestirsi,2026-07-16T07:45:07.000Z,-1,2,3129,"[""01-ig-seeds"", ""05-ig-seed-transcripts""]","[""raw/01-ig-seeds-items.json#row=119"", ""raw/05-ig-seed-transcripts-items.json#row=99""]",S040,,Video,False,https://www.instagram.com/reel/Da2IsoAzx76/,[],adjacent_fashion_or_other,lexical screening of creator caption/transcript; review source before bag-specific claims,automatic_unverified,2026-09-11,1,0
ig:Dc_mbf-NPdT,instagram,https://www.instagram.com/p/Dc_mbf-NPdT/,"My Take On: What to Buy for Fall Now

When you’re ready for the new season but the weather isn’t quite there yet. I tend to start with a few categories: dark denim, knitwear, a great jacket and a scarf. And if something special catches your eye that you know won’t hang around, don’t wait.

As always, comment SHOP for links to what I’m wearing and other favs 🍂","My take on what to buy for fall now. I don't know about you, but this time of year, I get a little bit sick of all the clothes I've been wearing all summer. Not that I don't love them, but I'm ready for a change. But the temperature doesn't really warrant cold weather dressing quite yet. So here are the categories that I tend to buy first. The first of these categories is dark denim. It's not to say you can't wear dark denim in the summer, but I tend not to. So I think fall, darker colors. I love the shape of this pencil skirt. You can imagine this also with tights and a sweater as it gets cooler. Another nice way to incorporate dark denim while it's still but warm outside is to go for sort of a crop silhouette. Show a little bit of ankle. Works really nicely with a pump or with a flat. And then as it gets cooler, this style also looks really great with an ankle boot. You'll see here I've paired it with, you could say this is a summery blouse. For me, it's more of an all-seasoner. It's just a nice way of bridging that summer to fall gap while also diving into the new season. But you can also see how this feminine blouse could get swapped out for an oversized tee. This is a knitted style, which is really great. Suffice to say, there is a myriad of dark denim styles out there. I also like a sort of high-waisted straight leg or a flare. I'd say probably across the three, those are my favorites. Another great category to dive into early is knitwear. This is fabulous. It's a very chunky knit, but it's cotton. So actually, you can wear it pretty much the second the temperature drops. I've stuck also to a cream color. I'm not yet ready for a truly autumnal palette. I really can't own enough black sweaters. So when it's fall, saying that I was going for a lighter color palette, black is the exception. Because actually, I wear black all year long. This will see me through the entire winter, through probably most of spring. And for a style that you can wear pretty much immediately, I love a Henley. You can layer it. You can put a vest underneath. You could put it underneath heavier things in the winter. But you can pretty much wear this one straight out of the gate. Another great way into the new season is through jackets. I love a bit of a cotton jacket, canvas, chore jacket, utility, you name it. This one is great. I'm a forever fan of the navy blazer, which gives you tons of mileage. Single-breasted, oversized. So I like the look. And also, as it gets cooler, it can accommodate lots of things underneath. Once in a while, things catch your eye that maybe you can't wear immediately. But you know you will wear again and again and again as soon as it gets cooler. For me, this is one of the first pieces I saw that ticked those boxes. I'm a jacket person. I love the color. I love the tweety boucle feel, the sharp shoulder. And I have no doubt I'll be reaching for this day in and day out. An easy way to jump into the next season is also through a scarf. This option is very thin, so it ties beautifully. And I love the colors. Rather muted with a bit of pop. My take on what to buy for fall now. There's a few categories I tend to go for. Dark denim, a knit, various weights, various materials, a jacket, either traditional outerwear or more like tailoring, and a gray scarf. And it doesn't have to be so formulaic. Occasionally something will just catch your eye that you know that you're going to reach for again and again and again. Go for it.",alisonloehnis,2026-09-07T17:03:28.000Z,16622,8517,557827,"[""01-ig-seeds"", ""05-ig-seed-transcripts""]","[""raw/01-ig-seeds-items.json#row=120"", ""raw/05-ig-seed-transcripts-items.json#row=158""]",S144,* bags you should buy for fall,Video,False,https://www.instagram.com/reel/Dc_mbf-NPdT/,"[""outfit_upgrade"", ""quality_material"", ""seasonal_woven"", ""travel_scale""]",adjacent_fashion_or_other,lexical screening of creator caption/transcript; review source before bag-specific claims,automatic_unverified,2026-09-11,100,2
ig:DcEx35uOfLE,instagram,https://www.instagram.com/p/DcEx35uOfLE/,👀 comment and I’ll send you links!! The ultimate fall winter work bag list,"If you told me I could only buy one handbag for fall/winter, I would be picking from one of these brands. And they're all independent labels under 500 pound because honestly, this is the sweet spot for quality and money. Mun does the most elegant leather trimmed raffia bags. If you're looking for a statement tote that doesn't have a loud logo, these are insanely perfect. I have my eye on so many of them and there's so many beautiful unique shapes available so definitely one to watch. Dragon Fusion has been a favorite of mine for so long. The weaving technique they use is so beautiful and the bags are sturdy. And their more timeless colors are really great for year round and could suit any occasion as such a staple piece for your closet. And if you love Bottega, this brand is like their more affordable cousin. Hunting Season is a New York based brand and I think they are literally doing everything right. If they are not on your radar yet, they need to be. They're so up and coming and I'm convinced they're gonna be huge in the next few years. So scoop up their bags now because prices are only gonna rise. Liffner is such a cool girl brand that's everywhere this summer. It's that brand that every fashion girl who you know is secretly wearing. The shapes are just so chic and elegant and I'm obsessed with so many of their styles right now. And I'm struggling to choose a favorite shape because literally everything is so good. Leave a comment and I'll send you direct links to all of these.",sophchiang,2026-08-15T20:50:58.000Z,282,313,22926,"[""01-ig-seeds"", ""05-ig-seed-transcripts""]","[""raw/01-ig-seeds-items.json#row=121"", ""raw/05-ig-seed-transcripts-items.json#row=101""]",S107,,Video,False,https://www.instagram.com/reel/DcEx35uOfLE/,"[""designer_spend"", ""old_money"", ""outfit_upgrade"", ""quality_material"", ""logo_independence"", ""seasonal_woven"", ""work_polish""]",handbag_context,lexical screening of creator caption/transcript; review source before bag-specific claims,automatic_unverified,2026-09-11,74,2
ig:Da0XTTfhZxa,instagram,https://www.instagram.com/p/Da0XTTfhZxa/,Part 10 Your Luxury bags Dupes Guide #luxurybag,لوى في، مايكل كورس، ميو ميو، كوتش، سيلين، لونشومب، بوتيغا، دراغون دفيوجن، سان لوران، مارك جايكوب، توري بيرش، كولهان. ليه بقى نشتري فيك باج لما ممكن نشتري نفس الشنطة اللي عاجبانا زيها بالزبط وبربع تمانها؟,_rania.haggag_,2026-07-15T15:17:12.000Z,2026,67,271798,"[""01-ig-seeds"", ""05-ig-seed-transcripts""]","[""raw/01-ig-seeds-items.json#row=122"", ""raw/05-ig-seed-transcripts-items.json#row=26""]",S025,* affordable vs unaffordable,Video,False,https://www.instagram.com/reel/Da0XTTfhZxa/,[],handbag_context,lexical screening of creator caption/transcript; review source before bag-specific claims,automatic_unverified,2026-09-11,33,17
ig:DaneKtEIBBk,instagram,https://www.instagram.com/p/DaneKtEIBBk/,4 signs you are buying the right bag ✅ @vontodubai #luxurybag,أول حاجة منهم إن يبقى ريحتها جلب لما تفتحي البوكس، معنى كده إن هي معمولة من جلب طبيعي. الجلب اللي مستخدم في الشنطة دي توجو لادر، وده نفس الجلب الإغماس بتستخدمه في البركان. من أكتر العالمية تقولك إن الشنطة دي بجد is a great quality، الأجز بتاعة الشنطة، كل لما كانت very structured، كل لما كانت لها شكل، وكمان حاجة علامة مهمة جداً، وزن الشنطة. الشنطة لما تبقى خفيفة دي علامة كويسة إن هي معمولة بشكل كويس فمش هتبقى متعبة في اللبس. آخر حاجة، الهاردوير بتاع الشنطة طبعاً هو هنا ده عشان هي ما فيهاش هاردوير، أنا مختارة شنطة ما فيهاش قوي هاردوير، بس من جوه حتى even though يعني it looks premium، حقيقي حبيتها.,_rania.haggag_,2026-07-10T15:05:36.000Z,246,14,35581,"[""01-ig-seeds"", ""05-ig-seed-transcripts""]","[""raw/01-ig-seeds-items.json#row=123"", ""raw/05-ig-seed-transcripts-items.json#row=97""]",S028,,Video,True,https://www.instagram.com/reel/DaneKtEIBBk/,"[""quality_material"", ""purchase_trigger""]",handbag_context,lexical screening of creator caption/transcript; review source before bag-specific claims,automatic_unverified,2026-09-11,9,4
ig:DcEudEWJgzk,instagram,https://www.instagram.com/p/DcEudEWJgzk/,I’m here to make luxury style affordable. Found the best Amazon alternatives so you don’t have to overspend ❤️‍🔥,"Chanel, Amazon, Bottega Veneta, Amazon, Louis Vuitton, Amazon, Chanel, Amazon, Givenchy, Amazon, Valentino, Amazon. Hi, I'm Jennifer, and I help you find the best affordable dupes for iconic luxury pieces that match your exact body shape, color palette, contrast, and style archetype. I spend hours researching the highest quality Amazon alternatives so you can build a chic wardrobe on a budget. Tap the link in my bio and start building your dream wardrobe.",jenn_from_findies,2026-08-15T20:17:36.000Z,16809,975,993199,"[""01-ig-seeds"", ""05-ig-seed-transcripts""]","[""raw/01-ig-seeds-items.json#row=124"", ""raw/05-ig-seed-transcripts-items.json#row=69""]",S121,* Expensive bag vs our bag,Video,False,https://www.instagram.com/reel/DcEudEWJgzk/,"[""designer_spend"", ""outfit_upgrade"", ""quality_material""]",adjacent_fashion_or_other,lexical screening of creator caption/transcript; review source before bag-specific claims,automatic_unverified,2026-09-11,100,9
ig:DcvE8uHu4Jd,instagram,https://www.instagram.com/p/DcvE8uHu4Jd/,"Stop buying Hermes Birkin, here’s 5 alternatives","Stop buying Hermes, Birkin. So here's five bags you should buy instead. Number five, Bottega Veneta. No logo. The weave is a signature. Read the move from across the room, but only by the right people. Number four, Le Margot from the road. The fashion insiders Birkin. And the waiting list? Quietly moved here. Number three, Varexta. Milan 1947. They call it the Hermes from Milan. The inner lines, none of the fear are. Number two, Denver, Bruxelles. 1829. Eight years older than Hermes. Royal Warrant. The oldest fine leather house in the world. It will sell you its best bags on a Tuesday. And number one, a Parisian trunk maker. Older than Louis Vuitton. And made almost invisible. And the connoisseur's favorite street. Just come and see the video together.",connoisseurbyhugo,2026-09-01T07:02:16.000Z,501,475,26657,"[""01-ig-seeds"", ""05-ig-seed-transcripts""]","[""raw/01-ig-seeds-items.json#row=125"", ""raw/05-ig-seed-transcripts-items.json#row=125""]",S146,* stop buying Birkin,Video,False,https://www.instagram.com/reel/DcvE8uHu4Jd/,"[""european_style"", ""euro_trip"", ""quality_material"", ""logo_independence"", ""purchase_trigger""]",handbag_context,lexical screening of creator caption/transcript; review source before bag-specific claims,automatic_unverified,2026-09-11,100,5
ig:Dc_PHRHAc1D,instagram,https://www.instagram.com/p/Dc_PHRHAc1D/,"Where rich Italian leather, premium hardware and artisanal craft sing together. Discover the Heritage collection.",...,carlfriedrik,2026-09-07T13:37:57.000Z,18,0,0,"[""01-ig-seeds"", ""05-ig-seed-transcripts""]","[""raw/01-ig-seeds-items.json#row=126"", ""raw/05-ig-seed-transcripts-items.json#row=57""]",S142,* brand film,Video,False,https://www.instagram.com/p/Dc_PHRHAc1D/,"[""new_brand"", ""european_style"", ""quality_material""]",adjacent_fashion_or_other,lexical screening of creator caption/transcript; review source before bag-specific claims,automatic_unverified,2026-09-11,0,0
ig:DbC3nh7OtKQ,instagram,https://www.instagram.com/p/DbC3nh7OtKQ/,No like I’m OBSESSED❤️ #fashion #wardrobe #springsummer #fashiontrends #fyp,♪ ♫,sophieworewhatt,2026-07-21T06:27:18.000Z,48,0,5579,"[""01-ig-seeds"", ""05-ig-seed-transcripts""]","[""raw/01-ig-seeds-items.json#row=127"", ""raw/05-ig-seed-transcripts-items.json#row=108""]",S036,,Video,False,https://www.instagram.com/reel/DbC3nh7OtKQ/,"[""outfit_upgrade"", ""seasonal_woven""]",adjacent_fashion_or_other,lexical screening of creator caption/transcript; review source before bag-specific claims,automatic_unverified,2026-09-11,0,0
ig:DbYjau7Rd1O,instagram,https://www.instagram.com/p/DbYjau7Rd1O/,"The Over 30 Edit: Fall Trends:
I’m all for trying new trends, but I don’t think you need to buy into every single one.

The older I get, the more I want pieces that feel current and that I’ll still be excited to wear next season. That’s exactly what this Over 30 Edit is about—filtering through the trends and keeping the ones that actually make getting dressed easier.

For me, it’s dark wash denim, suede, barn jackets, burgundy, and loafers & wedges.

Comment FALL for links to these styles!","If I was rebuilding my fall wardrobe after 30, these are the trends I'd actually invest in. First is a dark wash denim. It instantly looks more polished and flattering, and it's very easy to style with fall tops and sweaters. Next is suede. Whether it's a jacket or a bag or a pair of shoes, it's the texture that makes even the simplest outfits look expensive. The barn jacket is replacing your oversized blazer as the throw-on layer this season. It's casual but still feels put together. Instead of chunky shoes, I'm reaching for sleek loafers or wedges. There is nothing chicer right now than a slingback pointy toe wedge. And finally is rich burgundy. If you're adding one color to your wardrobe this season, let it be this. And you can dive in head to toe or just add a little pop with your accessories. That's the Over 30 edit for fall. Come and shop and I'll send you links to all of these pieces.",erica.lynn.ramos,2026-07-29T16:33:51.000Z,11593,14934,602446,"[""01-ig-seeds"", ""05-ig-seed-transcripts""]","[""raw/01-ig-seeds-items.json#row=128"", ""raw/05-ig-seed-transcripts-items.json#row=126""]",S093,* fall trends worth buying after 30,Video,False,https://www.instagram.com/reel/DbYjau7Rd1O/,"[""designer_spend"", ""outfit_upgrade"", ""quality_material"", ""seasonal_woven"", ""travel_scale""]",handbag_context,lexical screening of creator caption/transcript; review source before bag-specific claims,automatic_unverified,2026-09-11,100,0
ig:DakxW-YMug9,instagram,https://www.instagram.com/p/DakxW-YMug9/,"Designer quality bags, without the designer price tag 🤏🏽 #starterdesignerbag #affordabledesignerbags #designerbagscollection #firstdesignerbag","Luxury tastes, not luxury pricing. If someone says I went designer quality bags without the designer price tag, these are the bags I'm recommending. Let's start with Paco Rabanne. The chainmail bag is an absolute icon. It's a statement piece, but it's also a classic because it's been around since the 60s. These are never going to go out of style. I think they're great investments and I swear someone compliments me every single time that I wear one of these. I would be doing you a disservice if I didn't include my Etsy Python Hobo bag. I've owned this bag for about three years now and it's still one of my most used bags. It was about $300 and it's real Python. It fits absolutely everything including my laptop. It's got this very comfortable flat top and the slouchy silhouette gives it that effortless cool girl energy, but then the Python gives it all the drama. Let's move on to the Verifier to Claire bag. This bag is about $300 and it is amazing because you're getting three bags in one. You can use it like this as a clutch. You can use the mini top handles that it comes with so you can use it as a top handle or it also comes with this long shoulder strap so you're getting three different versions in one bag. They're real leather. They have no logos. They have like a very quiet luxury feel to them. If you're a fan of the Titans in the case of the world, then this is going to speak to you. The Savette Symmetry Pochette. The quality of these bags is exceptional. They are handmade in Florence and they have this recognizable signature closure without relying on logos. This is definitely luxury without the crazy luxury price tag.",yhasmina.ferrara,2026-07-09T13:57:13.000Z,9408,387,364156,"[""01-ig-seeds"", ""05-ig-seed-transcripts""]","[""raw/01-ig-seeds-items.json#row=129"", ""raw/05-ig-seed-transcripts-items.json#row=48""]",S023,"* luxury taste, not luxury pricing",Video,False,https://www.instagram.com/reel/DakxW-YMug9/,"[""designer_spend"", ""old_money"", ""outfit_upgrade"", ""social_judgment"", ""quality_material"", ""logo_independence"", ""work_polish"", ""travel_scale""]",handbag_context,lexical screening of creator caption/transcript; review source before bag-specific claims,automatic_unverified,2026-09-11,100,45
ig:DYitde2xgiC,instagram,https://www.instagram.com/p/DYitde2xgiC/,"New arrivals 👜 

#newarrivals #newbags #outfit","Monday, Tuesday, Wednesday, Thursday, Friday, Saturday.",emmysmx,2026-05-20T01:41:17.000Z,4953,63,628707,"[""01-ig-seeds"", ""05-ig-seed-transcripts""]","[""raw/01-ig-seeds-items.json#row=130"", ""raw/05-ig-seed-transcripts-items.json#row=12""]",S074,* bags of the week,Video,False,https://www.instagram.com/reel/DYitde2xgiC/,"[""outfit_upgrade"", ""travel_scale"", ""purchase_trigger""]",adjacent_fashion_or_other,lexical screening of creator caption/transcript; review source before bag-specific claims,automatic_unverified,2026-09-11,54,13
ig:DZOsGdmMppU,instagram,https://www.instagram.com/p/DZOsGdmMppU/,"now since yall know my wishlist, what’s on yours?

#chromehearts #luxury #entrepreneur #wealth #motivation",10 out of 10 male purchases but they get increasingly more niche. An Equinox membership. A pair of Laurel Piana Summer Walks. 500ml bottle from the Labo because you fully committed to your signature scent. A clean cashmere sweater. A vintage Cartier tank. An AI personal assistant like Polk to message you about your daily client meetings and tasks while you're out shopping in Soho. An Amex Black. And a Chrome Hearts cemetery ring that makes every handshake feel financially irresponsible.,russ.lockedin,2026-06-06T03:35:19.000Z,14100,85,304796,"[""01-ig-seeds"", ""05-ig-seed-transcripts""]","[""raw/01-ig-seeds-items.json#row=131"", ""raw/05-ig-seed-transcripts-items.json#row=141""]",S109,* the best male purchase,Video,False,https://www.instagram.com/reel/DZOsGdmMppU/,"[""old_money"", ""seasonal_woven""]",adjacent_fashion_or_other,lexical screening of creator caption/transcript; review source before bag-specific claims,automatic_unverified,2026-09-11,45,33
ig:Dakb7gKt_lj,instagram,https://www.instagram.com/p/Dakb7gKt_lj/,Which Color Combos Will Make You Look EXPENSIVE? #stayclassy #mensfashion #colorcombos #fashion,Remember camel and white make you look expensive. Navy and cream make you look expensive.,blenin.shop,2026-07-09T10:49:39.000Z,7846,47,377103,"[""01-ig-seeds"", ""05-ig-seed-transcripts""]","[""raw/01-ig-seeds-items.json#row=132"", ""raw/05-ig-seed-transcripts-items.json#row=157""]",S149,* outfit concept,Video,False,https://www.instagram.com/reel/Dakb7gKt_lj/,"[""designer_spend"", ""old_money"", ""outfit_upgrade""]",adjacent_fashion_or_other,lexical screening of creator caption/transcript; review source before bag-specific claims,automatic_unverified,2026-09-11,40,19
ig:Dc85VrJxehB,instagram,https://www.instagram.com/p/Dc85VrJxehB/,Bag for men #fyp #ootd #viral #fashion #viralreels,Meinungsfreiheit!,olliezaym,2026-09-06T15:55:07.000Z,5707,12,69318,"[""01-ig-seeds"", ""05-ig-seed-transcripts""]","[""raw/01-ig-seeds-items.json#row=133"", ""raw/05-ig-seed-transcripts-items.json#row=18""]",S153,* bags for men,Video,False,https://www.instagram.com/reel/Dc85VrJxehB/,"[""social_judgment""]",handbag_context,lexical screening of creator caption/transcript; review source before bag-specific claims,automatic_unverified,2026-09-11,12,4
ig:DZ-4VhCsplH,instagram,https://www.instagram.com/p/DZ-4VhCsplH/,"I think I just found the summer tote.🤩
It looks nearly identical to The Row Idaho Canvas Tote…but for a fraction of the price.

Comment BAG and I’ll send you the link. You’re going to want this one in your cart ASAP.✨

#primeday 
#amazon
#summerbag",Kita harus berpegang teguh pada nilai-nilai tersebut.,britsemler,2026-06-24T20:52:45.000Z,6178,16357,390325,"[""01-ig-seeds"", ""05-ig-seed-transcripts""]","[""raw/01-ig-seeds-items.json#row=134"", ""raw/05-ig-seed-transcripts-items.json#row=107""]",S009,"* the bag of summer, run through seedance 2",Video,False,https://www.instagram.com/reel/DZ-4VhCsplH/,"[""designer_spend"", ""seasonal_woven""]",handbag_context,lexical screening of creator caption/transcript; review source before bag-specific claims,automatic_unverified,2026-09-11,100,0
ig:DbHeyqDT7VN,instagram,https://www.instagram.com/p/DbHeyqDT7VN/,"it’s actually way more chic to buy firkins!!

#birkin #birkinbag #luxurybag",សូមអរគុណ។,styledbyteree,2026-07-23T01:26:26.000Z,11,0,1442,"[""01-ig-seeds"", ""05-ig-seed-transcripts""]","[""raw/01-ig-seeds-items.json#row=135"", ""raw/05-ig-seed-transcripts-items.json#row=130""]",S046,,Video,False,https://www.instagram.com/reel/DbHeyqDT7VN/,"[""outfit_upgrade""]",handbag_context,lexical screening of creator caption/transcript; review source before bag-specific claims,automatic_unverified,2026-09-11,0,0
ig:DbLwphLzdOm,instagram,https://www.instagram.com/p/DbLwphLzdOm/,"ungatekeeping for you, it’s called atorie

 #fashion #wardrobe #springsummer #fashiontrends #fyp","Never be hung up,",styledbyteree,2026-07-24T17:19:23.000Z,29,0,1948,"[""01-ig-seeds"", ""05-ig-seed-transcripts""]","[""raw/01-ig-seeds-items.json#row=136"", ""raw/05-ig-seed-transcripts-items.json#row=56""]",S055,"* the perfect work bag, meridian",Video,False,https://www.instagram.com/reel/DbLwphLzdOm/,"[""new_brand"", ""outfit_upgrade"", ""seasonal_woven""]",adjacent_fashion_or_other,lexical screening of creator caption/transcript; review source before bag-specific claims,automatic_unverified,2026-09-11,0,0
ig:DYPRepaNGq3,instagram,https://www.instagram.com/p/DYPRepaNGq3/,,"Tired of pullen? Seen it everywhere and on everyone? Here are five new quiet luxury brands under the categories that will make it next. Lothanol, classic, that suddenly logo stands out but in a good way. Moana, one of the oldest French luxury houses. Quiet, elegant and so old money coded. Flora, the most fresh colors and the sleekest designs with a flower logo that means flora in French. Iris VP, the best thing about them? They only make 500 pieces of each model and every bag is numbered. Imagine owning one of 500 worldwide. Kurez, sculptural and chic. I personally love their iconic holy bags. DM me to source any of them.",luxebyjinal,2026-05-12T12:30:01.000Z,2122,428,317398,"[""01-ig-seeds"", ""05-ig-seed-transcripts""]","[""raw/01-ig-seeds-items.json#row=137"", ""raw/05-ig-seed-transcripts-items.json#row=153""]",S049,* new luxury bag brand angle,Video,False,https://www.instagram.com/reel/DYPRepaNGq3/,"[""designer_spend"", ""old_money"", ""european_style"", ""outfit_upgrade"", ""logo_independence""]",handbag_context,lexical screening of creator caption/transcript; review source before bag-specific claims,automatic_unverified,2026-09-11,100,4
ig:DXW4_WnCCzi,instagram,https://www.instagram.com/p/DXW4_WnCCzi/,Budgeting for weekend in St-Moritz for the trust fund kids ⚜️💸 #luxury #london #nyc #luxurylifestyle #stmoritz,"What does a weekend in Saint-Moritz cost? Flying private from New York to Saint-Moritz in your Gulfstream G450? 150,000. Dinner at Billionaires with Slavic and Brazilian models? 20,000. Checking in at the Souffretta house? 3,000 per night. Driving your vintage car to the ice? Internationale concours en élégance? 5,000. Wearing Zemja head to toe? 20,000. Lunch at Paradiso Ortluz? 10,000. Shopping with Francesca for a Jacob & Co. Caviar Tourbillon watch? 1.2 million. Biologique Recherche facial massage? 500. Dinner at Le Grand Souffretta with Francesca, Bocconi and Polimoda girls? 10,000. After a party at Dracula? If you know, you know. 20,000. Total? 1.5 million. What a humble and affordable weekend.",the.swiss.chris,2026-04-20T14:58:47.000Z,-1,17,79141,"[""01-ig-seeds"", ""05-ig-seed-transcripts""]","[""raw/01-ig-seeds-items.json#row=138"", ""raw/05-ig-seed-transcripts-items.json#row=156""]",S135,* European luxury angle,Video,False,https://www.instagram.com/reel/DXW4_WnCCzi/,"[""designer_spend"", ""european_style"", ""euro_trip"", ""outfit_upgrade"", ""travel_scale""]",adjacent_fashion_or_other,lexical screening of creator caption/transcript; review source before bag-specific claims,automatic_unverified,2026-09-11,15,7
ig:Dcl0MfxMwts,instagram,https://www.instagram.com/p/Dcl0MfxMwts/,Top5 luxury bags for women. Comment to get the first one,"The Birkin from Hermes is your dream bag and that's the problem. So here's five bags you should buy instead. Number five, Bottega Veneta. No logo, the weave is a signature. Readable from across the room, but only by the right people. Number four, Le Margot from The Row. The fashion insider's Birkin and the waiting list quietly moved here. Number three, Balestra, Milan 1947. They call it the Hermes from Milan. The inner lines, none of the fear. Number two, Denver, Brussels. 1829, eight years older than Hermes, royal warrant, the oldest fine leather house in the world. They will sell you its best bags on a Tuesday. And number one, a Parisian trunk maker, older than Louis Vuitton and made almost invisible and the Connoisseur's favorite secret. Just comment the video to get it.",connoisseurbyhugo,2026-08-28T16:43:20.000Z,2556,2344,112048,"[""01-ig-seeds"", ""05-ig-seed-transcripts""]","[""raw/01-ig-seeds-items.json#row=139"", ""raw/05-ig-seed-transcripts-items.json#row=35""]",S105,,Video,False,https://www.instagram.com/reel/Dcl0MfxMwts/,"[""european_style"", ""euro_trip"", ""quality_material"", ""logo_independence""]",handbag_context,lexical screening of creator caption/transcript; review source before bag-specific claims,automatic_unverified,2026-09-11,100,12
ig:DcqPNjLOTOh,instagram,https://www.instagram.com/p/DcqPNjLOTOh/,5 alternatives to Loro Piana summer walks. Intro by @alexander.zane_,"No, l'Européen est vraiment garbage.",connoisseurbyhugo,2026-08-30T09:55:47.000Z,170,51,12452,"[""01-ig-seeds"", ""05-ig-seed-transcripts""]","[""raw/01-ig-seeds-items.json#row=140"", ""raw/05-ig-seed-transcripts-items.json#row=5""]",S140,* handbag scam,Video,False,https://www.instagram.com/reel/DcqPNjLOTOh/,"[""seasonal_woven""]",adjacent_fashion_or_other,lexical screening of creator caption/transcript; review source before bag-specific claims,automatic_unverified,2026-09-11,22,3
ig:DYc_80vh7Yd,instagram,https://www.instagram.com/p/DYc_80vh7Yd/,"Comment BAG below to receive a DM with the link to this post or shop here: https://liketk.it/6diI5 🤍 Did we just find the cutest summer bag?! It also can be worn as a crossbody! It’s so affordable, great quality and holds all the essentials 😍

amazon bag, look for less, wimb, woven accessories, raffia handbag, rhode, summer fridays, longchamp look, gucci, neutral fashion finds, fancythingsblog #LTKootd #LTKSeasonal",The way you walk.,fancythingsblog,2026-05-17T20:29:06.000Z,-1,535,18407,"[""01-ig-seeds"", ""05-ig-seed-transcripts""]","[""raw/01-ig-seeds-items.json#row=141"", ""raw/05-ig-seed-transcripts-items.json#row=128""]",S008,* bottom of funnel urgency,Video,False,https://www.instagram.com/reel/DYc_80vh7Yd/,"[""designer_spend"", ""quality_material"", ""seasonal_woven""]",handbag_context,lexical screening of creator caption/transcript; review source before bag-specific claims,automatic_unverified,2026-09-11,100,1
ig:DW5CM72iBZF,instagram,https://www.instagram.com/p/DW5CM72iBZF/,My dream is to become a @ralphlauren mannequin,"Who makes your favorite suits? My favorite off the peg suits are from Ralph Lauren. I look at a Ralph Lauren mannequin. Oh my God. And I'm like, can somebody just fucking dress me like that? How can I just be physically a Ralph Lauren mannequin? By the way. Nobody looks that good though. When you really study how they style those mannequins, you basically, you need a 27 inch waist, a 42 jacket, right? And you have to be six foot, right? It's a mannequin. And the way that suit looks, that silhouette looks, is just so, it's as sexy as it possibly can be.",permissiontoshine_,2026-04-09T00:42:55.000Z,15474,139,583577,"[""01-ig-seeds"", ""05-ig-seed-transcripts""]","[""raw/01-ig-seeds-items.json#row=142"", ""raw/05-ig-seed-transcripts-items.json#row=144""]",S128,"* Podcast, why are handbags so expensive hook",Video,False,https://www.instagram.com/reel/DW5CM72iBZF/,"[""outfit_upgrade"", ""logo_independence""]",adjacent_fashion_or_other,lexical screening of creator caption/transcript; review source before bag-specific claims,automatic_unverified,2026-09-11,75,57
ig:DcwSp7fpVLc,instagram,https://www.instagram.com/p/DcwSp7fpVLc/,no literally run this collection is almost sold out…. comment ‘PRE FALL FASHION FINDS’ for links #prefallfashionfinds #prefallfashion #fallfashionfinds #becauseofalice,"We have a good 20 seconds before this entire fall collection sells out, so let me show you what you should be buying. If you know anything about Because of Alice, you know that their drops go very quick, and they just dropped their fall collection nine minutes ago, and half of it's already sold out. My favorite piece in the collection has to be this dress with the fringe detail. It also comes in burgundy. This would be an amazing fall wedding guest dress. And in white if you're a fall bride. There's no one that loves a funnel neck trench coat more than me, so I would definitely get this. This looks like it could have been designed by Ralph Lauren himself. This is an automatic purchase. I just have a feeling someone's going to be wearing this during New York Fashion Week next week, or this suit with the fringed silk belt. They have so many fun pieces with frog closures. I don't want to take up more time before this sells out, so I'm just going to link the rest of my favorites. Just comment down below, pre-fall fashion finds, if you want the link sent to your DMs. Goodbye.",blakeevinn,2026-09-01T18:21:02.000Z,890,1657,72130,"[""01-ig-seeds"", ""05-ig-seed-transcripts""]","[""raw/01-ig-seeds-items.json#row=143"", ""raw/05-ig-seed-transcripts-items.json#row=123""]",S113,,Video,False,https://www.instagram.com/reel/DcwSp7fpVLc/,"[""outfit_upgrade"", ""seasonal_woven"", ""purchase_trigger""]",adjacent_fashion_or_other,lexical screening of creator caption/transcript; review source before bag-specific claims,automatic_unverified,2026-09-11,100,74
ig:DairXpbJ81Z,instagram,https://www.instagram.com/p/DairXpbJ81Z/,one more because i love these pants…. comment ‘POLKADOT PANTS’ for links #polkadotpant #polkadotpants #pantsforsummer #polkadot #polkadots,"Miss, you forgot something.",blakeevinn,2026-07-08T18:25:15.000Z,343,42,38687,"[""01-ig-seeds"", ""05-ig-seed-transcripts""]","[""raw/01-ig-seeds-items.json#row=144"", ""raw/05-ig-seed-transcripts-items.json#row=95""]",S027,,Video,False,https://www.instagram.com/reel/DairXpbJ81Z/,"[""seasonal_woven""]",adjacent_fashion_or_other,lexical screening of creator caption/transcript; review source before bag-specific claims,automatic_unverified,2026-09-11,27,4
ig:Dcygr_ux63y,instagram,https://www.instagram.com/p/Dcygr_ux63y/,these are the jeans id be ordering if i wanted to look more expensive this fall 🖤 comment ‘JEANS FOR FALL’ for links #jeansforfall #jeans #expensivelookingjeans,"The jeans that you're wearing might actually be making your outfits look cheaper, so this is what you should be looking for when buying jeans for fall. First, stop buying jeans with a double button waist, with a crossover band like this. Instead, look for a really clean waistline with a single classic button. Next, anything with lace-up detailing is an automatic no for me, especially when the hardware is a different color than the jeans itself. The worst offender has to be the circle cutout. This goes far beyond just jeans. When I see anything with a circle cutout, it gives me anxiety. The cleaner the jean, the more expensive it's going to look, so we could say goodbye to the large patch pockets. I always talk about what you should be looking for. Wash is important. You want the denim to look like one consistent color throughout the leg. Avoid that almost ombre effect where the thighs are dramatically faded. Three washes that I would focus on are a true deep navy, a jet black, and I mean black, not charcoal pretending to be black, or really authentic vintage blue. Going back to the circle picture for a second, avoid anything overly dyed. You want a blue that feels true. For silhouette, offer straight leg, a barrel, or a bootcut jean. And when I say bootcut, I mean subtle. We're not talking about those dramatic bell-bottom flares. Basically, if you want your jeans to look more expensive this fall, you need a clean waistband, a clean button, clean pockets, just a simple silhouette. I'm going to link all my favorite jeans that actually check the boxes. Just comment down below, jeans for fall, if you want the link sent to your DMs. Goodbye",blakeevinn,2026-09-02T15:02:23.000Z,3468,3210,156061,"[""01-ig-seeds"", ""05-ig-seed-transcripts""]","[""raw/01-ig-seeds-items.json#row=145"", ""raw/05-ig-seed-transcripts-items.json#row=93""]",S120,* Stop buying bags that make your outfit look cheaper and upgrade your outfit with velantra,Video,False,https://www.instagram.com/reel/Dcygr_ux63y/,"[""designer_spend"", ""old_money"", ""outfit_upgrade"", ""quality_material"", ""logo_independence"", ""seasonal_woven"", ""travel_scale"", ""purchase_trigger""]",adjacent_fashion_or_other,lexical screening of creator caption/transcript; review source before bag-specific claims,automatic_unverified,2026-09-11,100,4
ig:DdCfL_KpU2S,instagram,https://www.instagram.com/p/DdCfL_KpU2S/,comment ‘SHOES FOR FALL’ for links 🖤 everything from @cultofcoquette is in the $100-$200 range and then @blacksuedestudio is in the $200-$400 range (minus boots these are pricier $500-$600) #shoesforfall #fallshoes #coolgirlshoes,"These are the two shoe brands that every cool girl is wearing this fall, because they're actually comfortable, they always stay on top of the trends, and they won't entirely break the bank. This is Black Suede Studio, which you guys know I've been a longtime fan of. Their fall collection is so fun, they have so many shoes with animal print. I mean, this is a sexier shoe than my YSL pointed toe one. Everything is really well made, like you could walk miles in these without ripping up the bottom. Prices are in the $200-$300 range, except for boots, these are pricier, they're in the $500s. These are sick, but again, you guys know what I'll always tell you, do not wear an ankle boot unless it's under a pair of pants. If you intend to wear these under pants, you should 100% be getting these. Next is Cult of Coquette, which is the more affordable brand. Most things are in the $100s. They're also running a sale right now, but they have so many satin shoes. These are giving YSL. So are these. I don't know what they put in their shoe, but the padding is not to be believed. They're so comfortable, I love this croc print, especially in the black. Lace ones are so fun for fall. Truly, both of these brands feel so high quality. Every single cool girl that you know will be wearing these this fall.",blakeevinn,2026-09-08T19:58:47.000Z,4977,1593,143795,"[""01-ig-seeds"", ""05-ig-seed-transcripts""]","[""raw/01-ig-seeds-items.json#row=146"", ""raw/05-ig-seed-transcripts-items.json#row=100""]",S158,* social proof angle,Video,False,https://www.instagram.com/reel/DdCfL_KpU2S/,"[""designer_spend"", ""quality_material"", ""seasonal_woven"", ""purchase_trigger""]",adjacent_fashion_or_other,lexical screening of creator caption/transcript; review source before bag-specific claims,automatic_unverified,2026-09-11,100,2
ig:Dc_zbXRp_c6,instagram,https://www.instagram.com/p/Dc_zbXRp_c6/,this is how to do animal prints as a minimalist… comment ‘FALL FASHION FINDS’ for links #fallfashionfinds #fallfashion #animalprint,"If you're like me, you love animal print, but you're also a little bit more minimalistic, you have to see the new DeSavary London fall collection. Look at this jacket. It's completely black leather, but then you get that hint of animal print at the collar. Then there's this one, which brings the print down to the pockets too. We also have some reversible pieces. Cape could be worn with the animal print out if you want to make a statement or flip it to the black leather side, fold over the top slightly, and then you're only getting a little peek of the animal print. The collection as a whole is everything that I want in outerwear this fall. There are leather pieces, animal prints, added collars, belted waists, capes, super strong silhouettes. Cameras, it's retro, but still incredibly wearable. So I'm going to link all my favorites from this drop. Just comment down below. Fall fashion finds if you want the link sent to your DMs. Goodbye.",blakeevinn,2026-09-07T18:56:24.000Z,311,342,15536,"[""01-ig-seeds"", ""05-ig-seed-transcripts""]","[""raw/01-ig-seeds-items.json#row=147"", ""raw/05-ig-seed-transcripts-items.json#row=83""]",S147,"* great scripting flow, run Birkin style without paying the price",Video,False,https://www.instagram.com/reel/Dc_zbXRp_c6/,"[""european_style"", ""euro_trip"", ""quality_material"", ""seasonal_woven""]",adjacent_fashion_or_other,lexical screening of creator caption/transcript; review source before bag-specific claims,automatic_unverified,2026-09-11,100,2
ig:Dags8BvRQ4z,instagram,https://www.instagram.com/p/Dags8BvRQ4z/,"white, blue, and gold only 💙 comment ‘OUTFITS FOR GREECE’ for the links #outfitsforgreece #greecefashion #greecestyle #greeceoutfits","You shouldn't be going to Greece this summer if your suitcase is full of loud prints and bold colors. Greece is all about crisp white, sculptural silhouettes, beautiful draping, and one bold pop of Mediterranean blue. The only cover-up that you should be wearing is a white silk robe, something sheer, like this ruffled dress. Instead of doing loud prints for swim, I would do a solid color like white or gold. This is all about letting minimalistic accessories make a statement, like a headscarf for a boat day. I do this gold fish clutch with the fringe detail. If you want one fun pair of shoes, I would do these fish heels from Saad. If there's any place to wear a gladiator sandal, it's Greece, and I love these from Altazara. A caftan is the dress that you should be wearing during the day when you're not going to the beach. I even wear one of these for a night out with some gold accessories. Or a plain matching set like this for dinner and EOS. Something blue with fringe and mykonos. Wear a dress like this to a Greek winery. This is the sunset drinks. Never go wrong with a linen matching set. Anything with a lot of movement, bonus points if it's satin. If you're going to a wedding in Greece, I would definitely wear this gold dress from Zimmerman. Think Greek goddess, not nightclub. If you are going to go out at night, I'd do something with a deep razor back. That's everything I'd wear in Greece this summer. I linked everything and more. Just comment down below outfits for Greece if you want the link sent to your DMs. Goodbye.",blakeevinn,2026-07-08T00:01:30.000Z,1459,1691,66327,"[""01-ig-seeds"", ""05-ig-seed-transcripts""]","[""raw/01-ig-seeds-items.json#row=148"", ""raw/05-ig-seed-transcripts-items.json#row=127""]",S017,* talking head ai ugc,Video,False,https://www.instagram.com/reel/Dags8BvRQ4z/,"[""euro_trip"", ""outfit_upgrade"", ""logo_independence"", ""seasonal_woven"", ""travel_scale""]",adjacent_fashion_or_other,lexical screening of creator caption/transcript; review source before bag-specific claims,automatic_unverified,2026-09-11,100,2
ig:DHvgPHWqmW2,instagram,https://www.instagram.com/p/DHvgPHWqmW2/,"3 bags every classy man needs in my opinion. 

What would be your list?

Featured bags: 
Briefcase: @carlfriedrik
Canvas bag: @bleudechauffe
Weekender: @bleudechauffe
Tote bag: thrifted 

#classicmenswear #classicmenstyle #ClassicStyle #gentlemenfashion #smartcasual","Three bags every classy man needs in my opinion. Number one is a work bag. If you work in a formal office, then go for a minimal, elegant leather briefcase like this one here by Carl Friedrich. But if you work in a more casual workplace, consider a canvas briefcase or a messenger bag. Number two is a bag for traveling. The most elegant choice would be a leather weekender, but if you want to take some pressure off your back, then you may want to choose a well-designed trolley. And number three is a bag for everyday life. This could be a tote bag, for example, made from canvas, leather or suede, or it could also be a canvas messenger bag. What is the bag that you use the most? Let me know in the comments below.",lukas_schanderl,2025-03-28T12:00:54.000Z,2343,32,90806,"[""01-ig-seeds"", ""05-ig-seed-transcripts""]","[""raw/01-ig-seeds-items.json#row=149"", ""raw/05-ig-seed-transcripts-items.json#row=75""]",S062,* work bag,Video,False,https://www.instagram.com/reel/DHvgPHWqmW2/,"[""old_money"", ""euro_trip"", ""outfit_upgrade"", ""social_judgment"", ""quality_material"", ""work_polish"", ""travel_scale""]",handbag_context,lexical screening of creator caption/transcript; review source before bag-specific claims,automatic_unverified,2026-09-11,23,12
ig:DbMYFuRvrvC,instagram,https://www.instagram.com/p/DbMYFuRvrvC/,it’s so cute #fashionstudent #fashioninspo #hermesbirkin #designer,Ganti ea mai.,fashionfindswithava,2026-07-24T23:04:09.000Z,30,0,1924,"[""01-ig-seeds"", ""05-ig-seed-transcripts""]","[""raw/01-ig-seeds-items.json#row=150"", ""raw/05-ig-seed-transcripts-items.json#row=6""]",S056,* perfect Birkin alternative,Video,False,https://www.instagram.com/reel/DbMYFuRvrvC/,[],adjacent_fashion_or_other,lexical screening of creator caption/transcript; review source before bag-specific claims,automatic_unverified,2026-09-11,0,0
ig:DO8lWKXClxX,instagram,https://www.instagram.com/p/DO8lWKXClxX/,which combo is your favorite? #travel #bags #luxury #mens,"Your carry-on says a lot about your style when you travel. Which combo is your favorite? The Bottega Intrachato duffel is timeless paired with the Ramoa Cabin Plus and fits nicely on top without being too bulky. For longer trips, the Louis Vuitton Keepall 55 is the perfect companion with your Cabin Plus, and I love the brown tones with the silver aluminum. For business trips, the Loewe Puzzle Messenger Bag fits up to a 13-inch laptop and is a classic look with the Ramoa Cabin Plus. If you're a Ramoa fan, the Neversil Backpack with the Pilot Case is an unbeatable clean combo.",bentaylortech,2025-09-23T13:35:50.000Z,8144,48,329033,"[""01-ig-seeds"", ""05-ig-seed-transcripts""]","[""raw/01-ig-seeds-items.json#row=151"", ""raw/05-ig-seed-transcripts-items.json#row=67""]",S063,* affordable luxury,Video,False,https://www.instagram.com/reel/DO8lWKXClxX/,"[""old_money"", ""euro_trip"", ""outfit_upgrade"", ""work_polish"", ""travel_scale""]",handbag_context,lexical screening of creator caption/transcript; review source before bag-specific claims,automatic_unverified,2026-09-11,35,20
ig:Daz3BysAfYj,instagram,https://www.instagram.com/p/Daz3BysAfYj/,What the cool girls are packing in their hand luggage this summer 👀 comment for the links!!,"What the cool girls are carrying in their hand luggage this summer. These are the pieces you need that truly say you're a member of the jet set. This incredibly chic croc glasses and valuables case. You know those little accessories that are super expensive but so easy to misplace. This case is for that. It has jewelry hooks, pouches for your little valuables like airpods and obviously spots for your glasses. I also love this everything kit that literally has everything you could always forget by accident in one pouch. It's got this gorgeous Bottega inspired weave. You always also need a spare white tee. This one from Lissette is my favorite. It is the perfect baby tee size and it's so soft. It's like a backup top that you know will fit perfectly. You also need an incredibly chic toiletry bag. Your makeup needs to look organized and sit well on the counter. And speaking of toiletries, an elevated hand balm and lippy are must-haves. By Rideau and Chanel do the best. And for lippies, it's always got to be Charlotte Tilbury. You also need a silk sleep mask. And if you love making sure your hair is in the best shape on vacation, a silk pillowcase to slip over your pillows. And frankly, they're much more affordable than you would think. Lastly, I feel like on vacation you always need a foldable tote for the days that you don't expect you need a tote. And these chic totes are my favorite so you're never going to have to carry around a supermarket bag. Comment for the links.",sophchiang,2026-07-15T10:46:21.000Z,620,282,24434,"[""01-ig-seeds"", ""05-ig-seed-transcripts""]","[""raw/01-ig-seeds-items.json#row=152"", ""raw/05-ig-seed-transcripts-items.json#row=44""]",S058,* cool girl bag pack,Video,False,https://www.instagram.com/reel/Daz3BysAfYj/,"[""designer_spend"", ""euro_trip"", ""outfit_upgrade"", ""seasonal_woven"", ""travel_scale""]",handbag_context,lexical screening of creator caption/transcript; review source before bag-specific claims,automatic_unverified,2026-09-11,100,0
ig:DMQIVJ_IkDC,instagram,https://www.instagram.com/p/DMQIVJ_IkDC/,"Summer bag round up… because Sarah’s raffia and woven bag collection is too good 🤩🤩

Comment SHOP below to receive a DM with the link to this post on my LTK ⬇ https://liketk.it/5j8iV #ltkstyletip #ltkbag #ltksummer","Hey sir. Hello. Can we get a bag to repeat? I'm in my straw bag era and I'm not mad about it. So I wanted to do a rundown of favourite styles that you've probably seen on Insta and what we're loving. Demelier, this is the larger size than the other one we've got. It fits literally laptop, everything. Love it for work, weekends, fits every single thing in. Love that. And I love it with black as well. This M&S one, you guys loved it. So cute, so easy. I feel it really elevates the look. It's got a clever little handy zip inside so you can put all your personal belongings. So good and I spotted it that came with white online so I might have to get that as well. New in, Cezanne little pouch. Love a raffia pouch for summer. This one's really cute, super oversized and I like that little bit of detailing that is coming on holiday with me. Another Cezanne little tan and raffia number. You can wear it on your shoulder like this or kind of have it more as a handheld. It's quite mini but I really like it. Adds a bit of interest to a look. Another little clever pouch inside as well. Love those from Cezanne. Madewell, we've become real Madewell girls this year. They do such good accessories. Love this little mini bag. I have worn this loads, quite good for an evening out. Okay, last but not least, this white company number. So good, so roomy, laptop approved. Quite a casual bag which is kind of love it back with jeans or kind of a floaty dress. Have worn this loads and that is my roundup of raffia bags.",wearetwinset,2025-07-18T14:14:21.000Z,2181,619,221950,"[""01-ig-seeds"", ""05-ig-seed-transcripts""]","[""raw/01-ig-seeds-items.json#row=153"", ""raw/05-ig-seed-transcripts-items.json#row=102""]",S011,* the bag round up,Video,False,https://www.instagram.com/reel/DMQIVJ_IkDC/,"[""euro_trip"", ""outfit_upgrade"", ""social_judgment"", ""quality_material"", ""seasonal_woven"", ""work_polish"", ""travel_scale""]",handbag_context,lexical screening of creator caption/transcript; review source before bag-specific claims,automatic_unverified,2026-09-11,92,13
ig:DXUUX1ODCPW,instagram,https://www.instagram.com/p/DXUUX1ODCPW/,,"Hi, Tara from Essex and my jacket is Zara, top is Zara, shoes are Gucci, bag DeMellier, and new purchase Chanel.",bagistauk,2026-04-19T15:00:08.000Z,80,0,34956,"[""01-ig-seeds"", ""05-ig-seed-transcripts""]","[""raw/01-ig-seeds-items.json#row=154"", ""raw/05-ig-seed-transcripts-items.json#row=81""]",S079,* street interview in luxury attire,Video,False,https://www.instagram.com/p/DXUUX1ODCPW/,[],handbag_context,lexical screening of creator caption/transcript; review source before bag-specific claims,automatic_unverified,2026-09-11,0,0
ig:DbNghyXMTzl,instagram,https://www.instagram.com/p/DbNghyXMTzl/,"Which one: Birkin or a boyfriend? @ilmashahrene 
#birkin #hermes #birkinbag",Birkin or a boyfriend?,bagistauk,2026-07-25T09:38:17.000Z,143266,669,3857950,"[""01-ig-seeds"", ""05-ig-seed-transcripts""]","[""raw/01-ig-seeds-items.json#row=155"", ""raw/05-ig-seed-transcripts-items.json#row=82""]",S136,* Birkin or boyfriend,Video,False,https://www.instagram.com/reel/DbNghyXMTzl/,"[""social_judgment""]",handbag_context,lexical screening of creator caption/transcript; review source before bag-specific claims,automatic_unverified,2026-09-11,91,45
ig:DX93093O4y2,instagram,https://www.instagram.com/p/DX93093O4y2/,"@blackvoyagenyc is a Little Luxury.

Comment “Voyage” to get a link to check it out.","This is a $380 carry-on suitcase, and it's what I call a little luxury. A little luxury is a premium version of an everyday item, and today we're starting with the Black Voyage Air Cabin Pro. Black Voyage is doing something genuinely different in luggage right now. This is their flagship carry-on, and it fits over one and a half times the volume of a standard carry-on. Same size suitcase, but the secret is inside. It's called the Vortex Compression Travel System. It has this airtight compression bag built in, and you vacuum seal your clothes directly inside the suitcase with this tiny little pump. The pump doesn't have a battery. It just runs off USB-C, so no airline headaches. Plus, you can actually plug it into your phone to get power, or a power bank, or the wall. It compresses everything into a flat brick, and the seal holds for seven days. I'm a chronic overpacker for some reason, ending up with eight pairs of underwear for a short weekend trip, and this is the first thing I've seen that actually solves this problem, instead of just telling me to pack less. And the hardware is legit. Hinamoto silent run wheels that are dead quiet, YKK zippers, this matte polycarbonate shell, and there's a wheel lock switch so it doesn't roll away from you on trains or slopes. They just won the 2026 IF Design Award and a Red Dot Award. And for a brand that most people haven't heard of yet, that says a lot. If you're always overpacking, the Air Cabin Pro from Black Voyage might be the best piece of luggage you've found. Comment VOYAGE to get a link to check it out.",calebulf,2026-05-05T18:20:27.000Z,22892,1911,933507,"[""01-ig-seeds"", ""05-ig-seed-transcripts""]","[""raw/01-ig-seeds-items.json#row=156"", ""raw/05-ig-seed-transcripts-items.json#row=159""]",S066,,Video,True,https://www.instagram.com/reel/DX93093O4y2/,"[""euro_trip"", ""quality_material"", ""logo_independence"", ""travel_scale""]",handbag_context,lexical screening of creator caption/transcript; review source before bag-specific claims,automatic_unverified,2026-09-11,100,43
ig:DPG9kZ5kZWk,instagram,https://www.instagram.com/p/DPG9kZ5kZWk/,"These are the top 7 leather weekenders I would buy right now 

Comment Duffels to get a link!

@newbottega 
@tecovas 
@massimodutti 
@satchelandpage 
@beckettsimonon 
@carlfriedrik 
@monostravel 

#marketing #weekender #duffel","These are the top seven leather weekenders I would buy right now. Monos Carryall Duffel. $275 for a great bag from a company I'm a big fan of is a deal. It's vegan leather and it has great reviews and a slim and trim design. Beckett Simonin Domingo. This is full grain leather at a steal of a price for $380 with great reviews. I wish I had a leather strap, but you can't be too picky at this price point. It also comes in a similar style with pebbled leather. Massimo Dutti Duffel. I love the crackled Napa leather, the blended colors of black and brown and coffee and almost some mysterious green hues as light hits it at certain angles. It looks very broken in and comfortable to use right out of the box for $590. Satchel and Page Pilots Bag. This is such a timeless shape with a beautiful certified Italian leather. They also have a weekender, but I like the pilot shape a bit more for $625. Tecova Sparklet. The cognac is gorgeous, but I think the move here is actually the midnight green because it's a total vibe and it stands out more than any other bag that I've looked at for $645. Carl Friedrich Weekender. I love the structure and clean lines of this bag compared to a lot of the others, and they're using a genuine Vachetta leather from a Tuscan tannery that's nearly 100 years old for $945. Bottega Veneta Intracciato Cabin Duffel. This is my grail bag at $6200, and honestly, not much needs to be said. It's gorgeous. Yep. Mm-hmm. Yeah. Wow. I love it.",calebulf,2025-09-27T14:22:19.000Z,2336,47,123383,"[""01-ig-seeds"", ""05-ig-seed-transcripts""]","[""raw/01-ig-seeds-items.json#row=157"", ""raw/05-ig-seed-transcripts-items.json#row=139""]",S060,* top 5 men’s weekender,Video,False,https://www.instagram.com/reel/DPG9kZ5kZWk/,"[""designer_spend"", ""old_money"", ""european_style"", ""euro_trip"", ""outfit_upgrade"", ""markup_skepticism"", ""quality_material"", ""travel_scale"", ""purchase_trigger""]",handbag_context,lexical screening of creator caption/transcript; review source before bag-specific claims,automatic_unverified,2026-09-11,30,19
ig:DWoHjhDCuXh,instagram,https://www.instagram.com/p/DWoHjhDCuXh/,Zara summer bags are just elite 🌞✨ #summerbag #zarasummerbag #zarabag #beadedbag,Como vai você?,zoeilanahill,2026-04-02T11:01:50.000Z,36831,94,828397,"[""01-ig-seeds"", ""05-ig-seed-transcripts""]","[""raw/01-ig-seeds-items.json#row=158"", ""raw/05-ig-seed-transcripts-items.json#row=34""]",S012,"* perfect summer bag, shocked concept",Video,False,https://www.instagram.com/reel/DWoHjhDCuXh/,"[""seasonal_woven""]",handbag_context,lexical screening of creator caption/transcript; review source before bag-specific claims,automatic_unverified,2026-09-11,80,11
ig:DDXIojFNwC4,instagram,https://www.instagram.com/p/DDXIojFNwC4/,"Bag that’s Bold, beautiful, and built to impress.👜✨

#bags #fashion #explore #stylegram #ootd #bagoftheday #instareels #fashionbags #stylishbags #fashioninspo",،,soho_np,2024-12-09T14:48:39.000Z,1340,189,225568,"[""01-ig-seeds"", ""05-ig-seed-transcripts""]","[""raw/01-ig-seeds-items.json#row=159"", ""raw/05-ig-seed-transcripts-items.json#row=80""]",S002,* close up,Video,False,https://www.instagram.com/reel/DDXIojFNwC4/,"[""outfit_upgrade"", ""social_judgment""]",handbag_context,lexical screening of creator caption/transcript; review source before bag-specific claims,automatic_unverified,2026-09-11,58,9
ig:C7AKRw8Sy6U,instagram,https://www.instagram.com/p/C7AKRw8Sy6U/,"Is this not the prettiest bag for Summer? 🌺🌊🏝️

My first ever “big girl” purse purchase was from Coach and I remember feeling so guilty for spending my money on a purse. I am obsessed with their new straw handbag collection for summer. 

This bag is from the coach outlet!! Purse is linked on my LTK! 

#coachpurse #summerbag #summerbags #luxurydupe #coachbag #summerpurse #strawbag #teribag #coachoutlet #sandiegoliving #sandiegolife #purseunboxing #handbagaddict #handbaglover #handbagunboxing #sandiegoshopping #coachonline #satisfyingasmr #asmrsounds #summerstyle #summer2024 #honeymoonvibes #vacationvibes",,kristitu,2024-05-15T20:32:59.000Z,158527,157,6865888,"[""01-ig-seeds"", ""05-ig-seed-transcripts""]","[""raw/01-ig-seeds-items.json#row=161"", ""raw/05-ig-seed-transcripts-items.json#row=55""]",S016,* unboxing the perfect summer bag,Video,False,https://www.instagram.com/reel/C7AKRw8Sy6U/,"[""designer_spend"", ""euro_trip"", ""outfit_upgrade"", ""seasonal_woven""]",handbag_context,lexical screening of creator caption/transcript; review source before bag-specific claims,not_available,2026-09-11,99,37
ig:DZ3gXIzq35d,instagram,https://www.instagram.com/p/DZ3gXIzq35d/,the average shopping experience 🤷🏻‍♂️💸 that’s really too bad haha,"Excuse me, how much is this? Five thousand? Wow. Actually, do you happen to have this in a highlighter green with sparkling all over and logos all over? No? Okay, yeah, that's too bad. I really like that.",levitatestyle,2026-06-22T00:01:24.000Z,5767,146,352451,"[""01-ig-seeds"", ""05-ig-seed-transcripts""]","[""raw/01-ig-seeds-items.json#row=163"", ""raw/05-ig-seed-transcripts-items.json#row=74""]",S133,* how much is this,Video,False,https://www.instagram.com/reel/DZ3gXIzq35d/,"[""designer_spend"", ""logo_independence""]",adjacent_fashion_or_other,lexical screening of creator caption/transcript; review source before bag-specific claims,automatic_unverified,2026-09-11,63,39
tt:7668001244018986273,tiktok,https://www.tiktok.com/@spiritual.materialist/video/7668001244018986273,chanel is only approved if you haven't seen that bag on anybody else #richtok #highstandards #luxurybags #chanelbags #hermesbags ,,spiritual.materialist,2026-07-29T17:21:09.000Z,49200,706,535200,"[""03-tiktok-seed"", ""06-tiktok-discovery""]","[""raw/03-tiktok-seed-items.json#row=0"", ""raw/06-tiktok-discovery-items.json#row=105""]",S080,* judging girls bags,Video,False,men judging women handbags,"[""social_judgment""]",handbag_context,lexical screening of creator caption/transcript; review source before bag-specific claims,not_available,2026-09-11,200,161
tt:7612325555374984470,tiktok,https://www.tiktok.com/@nuria_nora_/video/7612325555374984470,⚜️Old Money Handbags brand Fashion  and style for laddies part 1 folllow me for part 2✨,,nuria_nora_,2026-03-01T16:31:05.000Z,105,3,23200,"[""06-tiktok-discovery""]","[""raw/06-tiktok-discovery-items.json#row=0""]",,,Video,False,old money handbags,"[""designer_spend"", ""old_money"", ""outfit_upgrade""]",handbag_context,lexical screening of creator caption/transcript; review source before bag-specific claims,not_available,2026-09-11,3,0
tt:7683898879108025622,tiktok,https://www.tiktok.com/@sophielouiseknight/video/7683898879108025622,I have expensive taste… 🙊  Gorgeous few days in Lake Como with @Aston Martin #classy #astonmartin #oldmoney #classicstyle #luxury ,,sophielouiseknight,2026-09-10T13:32:07.000Z,850,17,9293,"[""06-tiktok-discovery""]","[""raw/06-tiktok-discovery-items.json#row=1""]",,,Video,False,old money handbags,"[""designer_spend"", ""old_money"", ""outfit_upgrade""]",adjacent_fashion_or_other,lexical screening of creator caption/transcript; review source before bag-specific claims,not_available,2026-09-11,0,0
tt:7684262516549029151,tiktok,https://www.tiktok.com/@one.era.atelier/video/7684262516549029151,"Leather handbag for an upcoming art fair #6/18 
#handbag #oldmoneyaesthetic #leatherhandbag ",,one.era.atelier,2026-09-11T13:03:34.000Z,2,0,6,"[""06-tiktok-discovery""]","[""raw/06-tiktok-discovery-items.json#row=2""]",,,Video,False,old money handbags,"[""designer_spend"", ""quality_material""]",handbag_context,lexical screening of creator caption/transcript; review source before bag-specific claims,not_available,2026-09-11,0,0
tt:7684239574503116045,tiktok,https://www.tiktok.com/@sodemanrysz872p18f/video/7684239574503116045,"The legendary, timeless classic handbag in black caviar leather.
#LuxuryBags #DesignerHandbags #BagTok #QuietLuxury #OldMoneyStyle",,sodemanrysz872p18f,2026-09-11T11:34:31.000Z,1,0,108,"[""06-tiktok-discovery""]","[""raw/06-tiktok-discovery-items.json#row=3""]",,,Video,False,old money handbags,"[""designer_spend"", ""old_money"", ""outfit_upgrade"", ""quality_material"", ""logo_independence""]",handbag_context,lexical screening of creator caption/transcript; review source before bag-specific claims,not_available,2026-09-11,0,0
tt:7684233242907593998,tiktok,https://www.tiktok.com/@condrenweissgerber61/video/7684233242907593998,"Can you pick only one from these pink bags?💖
#LuxuryBags #DesignerHandbags #BagTok #QuietLuxury #OldMoneyStyle",,condrenweissgerber61,2026-09-11T11:10:02.000Z,0,0,4,"[""06-tiktok-discovery""]","[""raw/06-tiktok-discovery-items.json#row=4""]",,,Video,False,old money handbags,"[""designer_spend"", ""outfit_upgrade"", ""logo_independence""]",handbag_context,lexical screening of creator caption/transcript; review source before bag-specific claims,not_available,2026-09-11,0,0
tt:7677618243946777869,tiktok,https://www.tiktok.com/@chicfinds.bags/video/7677618243946777869,#luxurybags #designerbags #handbags #oldmoneystyle #luxuryfashion ,,chicfinds.bags,2026-08-24T15:20:26.000Z,1,1,119,"[""06-tiktok-discovery""]","[""raw/06-tiktok-discovery-items.json#row=5""]",,,Video,False,old money handbags,"[""designer_spend"", ""outfit_upgrade""]",handbag_context,lexical screening of creator caption/transcript; review source before bag-specific claims,not_available,2026-09-11,1,0
tt:7534663719683427606,tiktok,https://www.tiktok.com/@blenin38/video/7534663719683427606,Top 5 Old Money Handbags! pt.1 - Would You Agree? #elegance #oldmoneyaesthetic #handbag #handbags,,blenin38,2025-08-04T12:10:00.000Z,3186,15,170500,"[""06-tiktok-discovery""]","[""raw/06-tiktok-discovery-items.json#row=6""]",,,Video,False,old money handbags,"[""designer_spend"", ""old_money""]",handbag_context,lexical screening of creator caption/transcript; review source before bag-specific claims,not_available,2026-09-11,14,3
tt:7446949907094621483,tiktok,https://www.tiktok.com/@maleyanichole/video/7446949907094621483,"Old money handbags for Winter 2024/2025 @JW PEI #bagtrends #winterfashion #oldmoney #winterfashiontrends #wintertrends 
#winter2025 #winter2024 #greenscreen",,maleyanichole,2024-12-11T00:49:04.000Z,418,11,25200,"[""06-tiktok-discovery""]","[""raw/06-tiktok-discovery-items.json#row=7""]",,,Video,False,old money handbags,"[""designer_spend"", ""old_money"", ""seasonal_woven""]",handbag_context,lexical screening of creator caption/transcript; review source before bag-specific claims,not_available,2026-09-11,7,2
tt:7683875254153792782,tiktok,https://www.tiktok.com/@h89722980/video/7683875254153792782,"Discover five luxurious handbags that wealthy women prefer over Louis Vuitton's Neverfull! From timeless designs to beautiful leather, which one would you carry? Let's discuss your favorite! #QuietLuxury #OldMoneyStyle #LuxuryHandbags #StylishBags #FashionTalk",,h89722980,2026-09-10T12:00:25.000Z,78,5,2858,"[""06-tiktok-discovery""]","[""raw/06-tiktok-discovery-items.json#row=8""]",,,Video,False,old money handbags,"[""new_brand"", ""designer_spend"", ""old_money"", ""outfit_upgrade"", ""social_judgment"", ""quality_material"", ""logo_independence""]",handbag_context,lexical screening of creator caption/transcript; review source before bag-specific claims,not_available,2026-09-11,5,4
tt:7218302653489483051,tiktok,https://www.tiktok.com/@steffieinthecity/video/7218302653489483051,#greenscreen Quiet Luxury Non-Logo Bags #quietluxury #oldmoney #handbags #hermes #khaite #ysl #toteme #fashiontok #luxuryhandbags #fashiontips #markcross #toryburch ,,steffieinthecity,2023-04-04T21:00:58.000Z,49900,164,1200000,"[""06-tiktok-discovery""]","[""raw/06-tiktok-discovery-items.json#row=9""]",,,Video,False,old money handbags,"[""designer_spend"", ""old_money"", ""european_style"", ""logo_independence""]",handbag_context,lexical screening of creator caption/transcript; review source before bag-specific claims,not_available,2026-09-11,80,44
tt:7683946243898297622,tiktok,https://www.tiktok.com/@lilyluxuryshoes/video/7683946243898297622,"🤎 Not everyone needs to know where you got your handbag…
They’ll just notice that it looks EXPENSIVE. ✨👜

Quiet luxury is all about the details—elegant design, beautiful finishes, and that effortless “she has taste” energy. 🤎

Every order is carefully checked and securely packaged before it begins its journey to you. 📦✈️

Because true luxury should feel special before you even open the box. ✨

🌍 Worldwide Shipping
💳 PayPal & 💵 Western Union Accepted
🚚 Estimated Delivery: 7–9 Days

📲 Your next statement piece is waiting.
DM us or WhatsApp:
+86 185 7514 4961

✨ Follow for exclusive handbags, luxury shoes & fashion finds.

#QuietLuxury #LuxuryHandbags #OldMoneyStyle #LuxuryFashion #FashionTok ",,lilyluxuryshoes,2026-09-10T16:35:55.000Z,3,0,263,"[""06-tiktok-discovery""]","[""raw/06-tiktok-discovery-items.json#row=10""]",,,Video,False,old money handbags,"[""designer_spend"", ""old_money"", ""outfit_upgrade"", ""logo_independence"", ""travel_scale"", ""purchase_trigger""]",handbag_context,lexical screening of creator caption/transcript; review source before bag-specific claims,not_available,2026-09-11,0,0
tt:7672790276276079903,tiktok,https://www.tiktok.com/@imjustbarbs/video/7672790276276079903,Stop buying these bags p6 #designerbags #loropiana #rimowa #polene #hottakes ,,imjustbarbs,2026-08-11T15:05:28.000Z,548,48,12800,"[""06-tiktok-discovery""]","[""raw/06-tiktok-discovery-items.json#row=11""]",,,Video,False,stop buying designer bags,"[""european_style"", ""purchase_trigger""]",handbag_context,lexical screening of creator caption/transcript; review source before bag-specific claims,not_available,2026-09-11,27,25
tt:7652379521559137566,tiktok,https://www.tiktok.com/@imjustbarbs/video/7652379521559137566,Stop buying these bags! #designerbags #chanel25 #therow #ladydiorbag #hottake ,,imjustbarbs,2026-06-17T15:01:20.000Z,5105,274,74900,"[""06-tiktok-discovery""]","[""raw/06-tiktok-discovery-items.json#row=12""]",,,Video,False,stop buying designer bags,"[""purchase_trigger""]",handbag_context,lexical screening of creator caption/transcript; review source before bag-specific claims,not_available,2026-09-11,80,80
tt:7649663518626581782,tiktok,https://www.tiktok.com/@thelovedlux/video/7649663518626581782,"Can’t stop me…
#fashiontiktok #ysl #designerbags #luxurylifestyle  ",,thelovedlux,2026-06-10T07:21:30.000Z,59,3,3153,"[""06-tiktok-discovery""]","[""raw/06-tiktok-discovery-items.json#row=13""]",,,Video,False,stop buying designer bags,"[""outfit_upgrade""]",adjacent_fashion_or_other,lexical screening of creator caption/transcript; review source before bag-specific claims,not_available,2026-09-11,2,1
tt:7567478564996664584,tiktok,https://www.tiktok.com/@mignoncobra/video/7567478564996664584,"Go earn your keep, you damn bag! 
.
.
#ysl #yvessaintlaurent #luxury #luxurybag #handbag",,mignoncobra,2025-10-31T20:01:54.000Z,39,6,1268,"[""06-tiktok-discovery""]","[""raw/06-tiktok-discovery-items.json#row=14""]",,,Video,False,stop buying designer bags,[],handbag_context,lexical screening of creator caption/transcript; review source before bag-specific claims,not_available,2026-09-11,3,2
tt:7654977930832973087,tiktok,https://www.tiktok.com/@imjustbarbs/video/7654977930832973087,Stop buying these bags part 2 #designerbags #chanel #goyard #prada #hottake ,,imjustbarbs,2026-06-24T15:04:08.000Z,47300,639,442300,"[""06-tiktok-discovery""]","[""raw/06-tiktok-discovery-items.json#row=15""]",,,Video,False,stop buying designer bags,"[""purchase_trigger""]",handbag_context,lexical screening of creator caption/transcript; review source before bag-specific claims,not_available,2026-09-11,0,0
tt:7683922414719323422,tiktok,https://www.tiktok.com/@imjustbarbs/video/7683922414719323422,Stop buying these bags part 7 #designerbags #loewe #louisvuitton #dior #hottake ,,imjustbarbs,2026-09-10T15:03:34.000Z,37,4,1214,"[""06-tiktok-discovery""]","[""raw/06-tiktok-discovery-items.json#row=16""]",,,Video,False,stop buying designer bags,"[""purchase_trigger""]",handbag_context,lexical screening of creator caption/transcript; review source before bag-specific claims,not_available,2026-09-11,0,0
tt:7616792692030278926,tiktok,https://www.tiktok.com/@curlsandcoins/video/7616792692030278926,"Designer bags didn’t make me wealthy… they made me broke!

#personalfinance
#moneytalk
#financialfreedom
#moneylessons
#debtfreejourney ",,curlsandcoins,2026-03-13T17:26:15.000Z,71,16,1679,"[""06-tiktok-discovery""]","[""raw/06-tiktok-discovery-items.json#row=17""]",,,Video,False,stop buying designer bags,"[""designer_spend"", ""old_money""]",handbag_context,lexical screening of creator caption/transcript; review source before bag-specific claims,not_available,2026-09-11,10,4
tt:7646206039024569614,tiktok,https://www.tiktok.com/@lucamadebags/video/7646206039024569614,What do you think? #designer #fashion #louisvuitton #totebag #purse ,,lucamadebags,2026-05-31T23:44:58.000Z,33,3,998,"[""06-tiktok-discovery""]","[""raw/06-tiktok-discovery-items.json#row=18""]",,,Video,False,stop buying designer bags,"[""social_judgment""]",handbag_context,lexical screening of creator caption/transcript; review source before bag-specific claims,not_available,2026-09-11,3,2
tt:7665738855907167519,tiktok,https://www.tiktok.com/@imjustbarbs/video/7665738855907167519,Stop buying these bags part 5 #designerbags #therow #ysl #telfar #hottake ,,imjustbarbs,2026-07-23T15:02:19.000Z,146,17,3978,"[""06-tiktok-discovery""]","[""raw/06-tiktok-discovery-items.json#row=19""]",,,Video,False,stop buying designer bags,"[""purchase_trigger""]",handbag_context,lexical screening of creator caption/transcript; review source before bag-specific claims,not_available,2026-09-11,0,0
tt:7659430462921739550,tiktok,https://www.tiktok.com/@imjustbarbs/video/7659430462921739550,Bags to stop buying p3 #designerbags #chanel #dior #hermes #hottake ,,imjustbarbs,2026-07-06T15:02:17.000Z,1097,49,27100,"[""06-tiktok-discovery""]","[""raw/06-tiktok-discovery-items.json#row=20""]",,,Video,False,stop buying designer bags,"[""purchase_trigger""]",handbag_context,lexical screening of creator caption/transcript; review source before bag-specific claims,not_available,2026-09-11,0,0
tt:7616492357252287757,tiktok,https://www.tiktok.com/@native.handbags/video/7616492357252287757,My handbags are better ❤️‍🩹 #indigenous #smallbusiness ,,native.handbags,2026-03-12T22:00:41.000Z,16200,399,156300,"[""06-tiktok-discovery""]","[""raw/06-tiktok-discovery-items.json#row=21""]",,,Video,False,stop buying designer bags,[],handbag_context,lexical screening of creator caption/transcript; review source before bag-specific claims,not_available,2026-09-11,80,42
tt:7673563890155867405,tiktok,https://www.tiktok.com/@hoangnhien.725zg/video/7673563890155867405,"I've learned that true luxury isn't about the price tag, but how often you reach for your favorite bags. Discovering practical and beautiful options made me rethink my purchase habits! What's your go-to bag? 💼✨ #BagStyle #AffordableLuxury #FashionTips #EverydayEssentials #ToteBagLove",,hoangnhien.725zg,2026-08-13T17:07:04.000Z,61,1,2805,"[""06-tiktok-discovery""]","[""raw/06-tiktok-discovery-items.json#row=22""]",,,Video,False,stop buying designer bags,"[""new_brand"", ""designer_spend"", ""outfit_upgrade""]",handbag_context,lexical screening of creator caption/transcript; review source before bag-specific claims,not_available,2026-09-11,1,1
tt:7475261321173290262,tiktok,https://www.tiktok.com/@evgenia.shuvalova/video/7475261321173290262,"Share in comments, which alternative of Hermes bag you would choose? 👜 
#hermesbagalternatives #birkinbag  #elegant #classybags #affordablefashion   #howtolookexpensive
#lookexpensiveonabudget #oldmoneyaesthetic #oldmoney ",,evgenia.shuvalova,2025-02-25T07:51:53.000Z,284,1,30700,"[""06-tiktok-discovery""]","[""raw/06-tiktok-discovery-items.json#row=23""]",,,Video,False,old money handbags,"[""designer_spend"", ""old_money"", ""outfit_upgrade""]",handbag_context,lexical screening of creator caption/transcript; review source before bag-specific claims,not_available,2026-09-11,1,0
tt:7493277078276640031,tiktok,https://www.tiktok.com/@steffieinthecity/video/7493277078276640031,bags that rival designer quality but are under $700 🫢#handbags #affordableluxury #handbagtiktok  #demellierlondon #quietluxury #hermes #oldmoneyaesthetic #luxurybag #luxurybags #lookexpensive #howtolookexpensive #styletips @VERAFIED NEW YORK @Parisa Wang @DeMellier ,,steffieinthecity,2025-04-14T21:02:36.000Z,1639,38,69100,"[""06-tiktok-discovery""]","[""raw/06-tiktok-discovery-items.json#row=24""]",,,Video,False,old money handbags,"[""designer_spend"", ""european_style"", ""euro_trip"", ""outfit_upgrade"", ""quality_material"", ""logo_independence""]",handbag_context,lexical screening of creator caption/transcript; review source before bag-specific claims,not_available,2026-09-11,30,14
tt:7448201110705294600,tiktok,https://www.tiktok.com/@flaxi4/video/7448201110705294600,"In love !! 🪵👜🪩
#fyp #إكسبلور #explorepage #fypシ゚viral #viraltiktok #viralvideo #exploremore #اكسبلورexplore #bag #oldmoneystyle #delvaux ",,flaxi4,2024-12-14T09:44:23.000Z,6273,18,219800,"[""06-tiktok-discovery""]","[""raw/06-tiktok-discovery-items.json#row=25""]",,,Video,False,old money handbags,"[""designer_spend"", ""outfit_upgrade""]",handbag_context,lexical screening of creator caption/transcript; review source before bag-specific claims,not_available,2026-09-11,11,1
tt:7463616053768342830,tiktok,https://www.tiktok.com/@steffieinthecity/video/7463616053768342830,best underrated bags under $700 🤍#handbags #affordableluxury #handbagtiktok #poleneparis #demellierlondon #quietluxury #oldmoneyaesthetic #luxurybag #luxurybags #lookexpensive #howtolookexpensive #styletips @polene_paris @DeMellier @ragandbone @PAUL & JOE ,,steffieinthecity,2025-01-24T22:42:44.000Z,7564,72,168900,"[""06-tiktok-discovery""]","[""raw/06-tiktok-discovery-items.json#row=26""]",,,Video,False,old money handbags,"[""new_brand"", ""designer_spend"", ""european_style"", ""euro_trip"", ""outfit_upgrade"", ""logo_independence""]",handbag_context,lexical screening of creator caption/transcript; review source before bag-specific claims,not_available,2026-09-11,0,0
tt:7589057437001420062,tiktok,https://www.tiktok.com/@hothealthywealthyandwise/video/7589057437001420062,HOT TAKE ALERT #hottake #designerbags #investing #fyp #wealthymindset ,,hothealthywealthyandwise,2025-12-28T23:39:06.000Z,6451,62,62800,"[""06-tiktok-discovery""]","[""raw/06-tiktok-discovery-items.json#row=27""]",,,Video,False,stop buying designer bags,"[""old_money""]",adjacent_fashion_or_other,lexical screening of creator caption/transcript; review source before bag-specific claims,not_available,2026-09-11,23,16
tt:7615065061190552846,tiktok,https://www.tiktok.com/@neutralvoices/video/7615065061190552846,Stop chasing bags for luxury. Focus on what you do and how it impacts others instead of just yourself. #MindsetMatters #SelfImprovement #FinancialLiteracy #ImpactfulLiving #LuxuryVsLegacy,,neutralvoices,2026-03-09T01:42:01.000Z,10,0,258,"[""06-tiktok-discovery""]","[""raw/06-tiktok-discovery-items.json#row=28""]",,,Video,False,stop buying designer bags,[],handbag_context,lexical screening of creator caption/transcript; review source before bag-specific claims,not_available,2026-09-11,0,0
tt:7449222569577745694,tiktok,https://www.tiktok.com/@luxuryandarts/video/7449222569577745694,"I’m one of the realist in fashion follow for the best fashion tips. The quality has been going downhill for the past 10 years but now it’s getting ridiculous. This bag is eight years old and I’m embarrassed to say that it’s Louis Vuitton. It retails around $2000

##fyp##handbagtiktok##louisvuitton",,luxuryandarts,2024-12-17T03:48:21.000Z,790,55,61900,"[""06-tiktok-discovery""]","[""raw/06-tiktok-discovery-items.json#row=29""]",,,Video,False,stop buying designer bags,"[""quality_material""]",handbag_context,lexical screening of creator caption/transcript; review source before bag-specific claims,not_available,2026-09-11,17,13
tt:7555972915817237773,tiktok,https://www.tiktok.com/@skyleranneolson/video/7555972915817237773,"Part Two of packing where I actually fit it all in my suitcase 😃✈️ #packing #packforeurope #packwithme #europe #europeinthefall pack with me for London, the Cotswolds, Edinburgh, Switzerland- Lucerne, Grindelwald, Lauterbrunnen, Interlaken, Lake Como / Varenna / Belagio, Venice and Paris",,skyleranneolson,2025-09-30T19:54:45.000Z,13300,280,262100,"[""06-tiktok-discovery""]","[""raw/06-tiktok-discovery-items.json#row=30""]",,,Video,False,europe fall travel bag,"[""european_style"", ""euro_trip"", ""seasonal_woven"", ""travel_scale""]",adjacent_fashion_or_other,lexical screening of creator caption/transcript; review source before bag-specific claims,not_available,2026-09-11,100,90
tt:7677722775099936030,tiktok,https://www.tiktok.com/@erinmillerartistry/video/7677722775099936030,"Day 1- 7 outfits, one suitcase. Let’s pack for a week in Europe in the fall on a midsize 12.

#packingforvacation #midsizefashion #falloutfitideas #falloutfitinspo #sezanelovers @Sézane @onequince ",,erinmillerartistry,2026-08-24T22:05:54.000Z,1642,205,47200,"[""06-tiktok-discovery""]","[""raw/06-tiktok-discovery-items.json#row=31""]",,,Video,True,europe fall travel bag,"[""european_style"", ""euro_trip"", ""outfit_upgrade"", ""seasonal_woven"", ""travel_scale""]",adjacent_fashion_or_other,lexical screening of creator caption/transcript; review source before bag-specific claims,not_available,2026-09-11,100,77
tt:7666796165639277846,tiktok,https://www.tiktok.com/@iamsaraouardi/video/7666796165639277846,If you’re planning euro trip this fall this is for you. Drop in the comment your destination #eurotrip #whattopack #fallfashioninspo #tiktokfashion ,,iamsaraouardi,2026-07-26T11:24:54.000Z,2303,40,63100,"[""06-tiktok-discovery""]","[""raw/06-tiktok-discovery-items.json#row=32""]",,,Video,False,europe fall travel bag,"[""euro_trip"", ""seasonal_woven"", ""travel_scale""]",adjacent_fashion_or_other,lexical screening of creator caption/transcript; review source before bag-specific claims,not_available,2026-09-11,34,28
tt:7683272484434562318,tiktok,https://www.tiktok.com/@taylorwingg/video/7683272484434562318,"Everything I already have packed for my Euro Fall!! (I still have sm more I’m bringing but this is my start)
@Aritzia @PEPPERMAYO @Depop  @KOOKAÏ @Oner Active @Cernucci ",,taylorwingg,2026-09-08T21:01:29.000Z,438,6,12800,"[""06-tiktok-discovery""]","[""raw/06-tiktok-discovery-items.json#row=33""]",,,Video,False,europe fall travel bag,"[""seasonal_woven"", ""travel_scale""]",adjacent_fashion_or_other,lexical screening of creator caption/transcript; review source before bag-specific claims,not_available,2026-09-11,6,6
tt:7554098048394185997,tiktok,https://www.tiktok.com/@skyleranneolson/video/7554098048394185997,"Do you think I can fit everything in 1 suitcase? 😅✈️🌍 How many pairs of pajamas would you pack for 18 days? #packing #packforeurope #packwithme #europe #europeinthefall pack with me for London, the Cotswolds, Edinburgh, Switzerland, Lake Como, Venice and Paris @J.Crew Factory @J.Crew @Gap @madewell @Cinq à Sept @lululemon @Mark & Graham @petiteplumeofficial @abercrombie ",,skyleranneolson,2025-09-25T18:38:48.000Z,596,55,19300,"[""06-tiktok-discovery""]","[""raw/06-tiktok-discovery-items.json#row=34""]",,,Video,False,europe fall travel bag,"[""european_style"", ""euro_trip"", ""markup_skepticism"", ""seasonal_woven"", ""travel_scale""]",adjacent_fashion_or_other,lexical screening of creator caption/transcript; review source before bag-specific claims,not_available,2026-09-11,26,23
tt:7666956616465435918,tiktok,https://www.tiktok.com/@kyraboesiger/video/7666956616465435918,backpack lovers & haters can coexist peacefully btw ❤️😍😍✈️🧳 #traveltips #travelbag #packingtips #europetravel ,,kyraboesiger,2026-07-26T21:47:46.000Z,4265,138,80400,"[""06-tiktok-discovery""]","[""raw/06-tiktok-discovery-items.json#row=35""]",,,Video,False,europe fall travel bag,"[""european_style"", ""euro_trip"", ""work_polish"", ""travel_scale""]",handbag_context,lexical screening of creator caption/transcript; review source before bag-specific claims,not_available,2026-09-11,74,68
tt:7676869158180572438,tiktok,https://www.tiktok.com/@iamsaraouardi/video/7676869158180572438,"Make sure you follow me because next I’m breaking town exactly like hat to pack for Paris, Milan and London this fall. #whattopack #whattowear #eurofall #falloutfits #fallstyle ",,iamsaraouardi,2026-08-22T14:53:15.000Z,1630,41,31900,"[""06-tiktok-discovery""]","[""raw/06-tiktok-discovery-items.json#row=36""]",,,Video,False,europe fall travel bag,"[""european_style"", ""euro_trip"", ""outfit_upgrade"", ""seasonal_woven"", ""travel_scale""]",adjacent_fashion_or_other,lexical screening of creator caption/transcript; review source before bag-specific claims,not_available,2026-09-11,26,23
tt:7541880267066150158,tiktok,https://www.tiktok.com/@lizette.eeg/video/7541880267066150158,"ameeee 🥹

#fyp #polene #paris #souvenir #europe ",,lizette.eeg,2025-08-23T20:27:57.000Z,409,8,7470,"[""06-tiktok-discovery""]","[""raw/06-tiktok-discovery-items.json#row=37""]",,,Video,True,europe fall travel bag,"[""european_style"", ""euro_trip""]",adjacent_fashion_or_other,lexical screening of creator caption/transcript; review source before bag-specific claims,not_available,2026-09-11,0,0
tt:7675392902863785230,tiktok,https://www.tiktok.com/@taylornoellekay/video/7675392902863785230,"What to pack for a trip to London in the early fall ⭐️ fall is finally upon us here in London so here’s what I would suggest packing if you’re traveling here in September and October! Lmk if you want a part two because I definitely have some more I can share 👀

#londonoutfits #falloutfits #falloutfitinspo #falloutfitideas #londongirls ",,taylornoellekay,2026-08-18T15:25:10.000Z,10600,164,139100,"[""06-tiktok-discovery""]","[""raw/06-tiktok-discovery-items.json#row=38""]",,,Video,False,europe fall travel bag,"[""european_style"", ""euro_trip"", ""outfit_upgrade"", ""seasonal_woven"", ""travel_scale""]",adjacent_fashion_or_other,lexical screening of creator caption/transcript; review source before bag-specific claims,not_available,2026-09-11,0,0
tt:7682628814115032333,tiktok,https://www.tiktok.com/@cindyclarkinteriors/video/7682628814115032333,"Here’s what I’m packing for Europe in early fall 🤍 We’re going to Italy, France, Switzerland, and Spain! Shop my post via https://liketk.it/6mlBv",,cindyclarkinteriors,2026-09-07T03:23:57.000Z,17,2,388,"[""06-tiktok-discovery""]","[""raw/06-tiktok-discovery-items.json#row=39""]",,,Video,False,europe fall travel bag,"[""european_style"", ""euro_trip"", ""seasonal_woven"", ""travel_scale""]",adjacent_fashion_or_other,lexical screening of creator caption/transcript; review source before bag-specific claims,not_available,2026-09-11,0,0
tt:7675452687650917646,tiktok,https://www.tiktok.com/@theashleybell/video/7675452687650917646,"One dress styled for 5 European destinations in the fall 🍁 Where would you travel to? Everything is linked in my BI0! 

#waystowear #whattopack #europeantravel ",,theashleybell,2026-08-18T19:17:05.000Z,11900,120,250800,"[""06-tiktok-discovery""]","[""raw/06-tiktok-discovery-items.json#row=40""]",,,Video,False,europe fall travel bag,"[""european_style"", ""euro_trip"", ""outfit_upgrade"", ""seasonal_woven"", ""travel_scale""]",adjacent_fashion_or_other,lexical screening of creator caption/transcript; review source before bag-specific claims,not_available,2026-09-11,0,0
tt:7643265440549965074,tiktok,https://www.tiktok.com/@alliegoodbun/video/7643265440549965074,"How I travel EVERYWHERE with only a carry-on!!! 

#travelhacks #packwithme #traveltiktok #luggagehack #carryonbag ",,alliegoodbun,2026-05-24T01:33:38.000Z,3619,23,54000,"[""06-tiktok-discovery""]","[""raw/06-tiktok-discovery-items.json#row=41""]",,,Video,False,europe fall travel bag,"[""euro_trip"", ""travel_scale""]",adjacent_fashion_or_other,lexical screening of creator caption/transcript; review source before bag-specific claims,not_available,2026-09-11,18,15
tt:7662002150159125762,tiktok,https://www.tiktok.com/@aliceinparisofficial/video/7662002150159125762,"5 handbags everyone is wearing in Paris right now 🇫🇷
If you want to understand real Parisian handbag style, it is not only about the most obvious designer bags. In Paris, the bags French women actually wear are often practical, understated, and easy to style every day.
Mini Marly by Ateliers Auguste
A chic everyday French bag — structured, minimal, and very Parisian without feeling too obvious.
Céline Bucket Bag
The perfect understated designer bag. Elegant, discreet, and easy to wear with jeans, tailoring, or a simple summer dress.
Le City by Balenciaga
The cool-girl Paris bag. A little messy, effortless, nostalgic, and perfect if you like a more relaxed French style.
Longchamp Le Pliage
The real-life French woman bag. Practical, lightweight, and still one of the most common bags you will see in Paris.
Saint Louis by Goyard
The old-money Parisian tote. Spacious, classic, and instantly recognizable, but still more discreet than many logo bags.
Parisian handbag style is all about balance: practical but elegant, designer but not too flashy, polished but never too perfect.
Save this for more Parisian style tips and French handbag inspiration.",,aliceinparisofficial,2026-07-13T13:21:24.000Z,3111,56,205800,"[""06-tiktok-discovery""]","[""raw/06-tiktok-discovery-items.json#row=42""]",,,Video,True,european style handbags,"[""designer_spend"", ""old_money"", ""european_style"", ""euro_trip"", ""outfit_upgrade"", ""social_judgment"", ""quality_material"", ""logo_independence"", ""seasonal_woven"", ""travel_scale""]",handbag_context,lexical screening of creator caption/transcript; review source before bag-specific claims,not_available,2026-09-11,38,27
tt:7639422063865777430,tiktok,https://www.tiktok.com/@iamsaraouardi/video/7639422063865777430,#bags #europeanstyle #designerbag #luxurylifestyle #italiangirl ,,iamsaraouardi,2026-05-13T16:59:23.000Z,7816,58,142800,"[""06-tiktok-discovery""]","[""raw/06-tiktok-discovery-items.json#row=43""]",,,Video,False,european style handbags,"[""european_style"", ""euro_trip"", ""outfit_upgrade""]",handbag_context,lexical screening of creator caption/transcript; review source before bag-specific claims,not_available,2026-09-11,42,29
tt:7574923511425273119,tiktok,https://www.tiktok.com/@lilychrie/video/7574923511425273119,"Affordable French handbags under 200€! If you’re shopping in France with a smaller budget, these are some of my favorite bag brands #handbags #frenchstyle #affordablefashion #francetravel #shopping @Longchamp @Lancaster @ohmybagofficiel ",,lilychrie,2025-11-20T21:32:08.000Z,1926,12,119300,"[""06-tiktok-discovery""]","[""raw/06-tiktok-discovery-items.json#row=44""]",,,Video,False,european style handbags,"[""designer_spend"", ""european_style"", ""euro_trip"", ""outfit_upgrade"", ""travel_scale""]",handbag_context,lexical screening of creator caption/transcript; review source before bag-specific claims,not_available,2026-09-11,10,3
tt:7649444253394947342,tiktok,https://www.tiktok.com/@bryannawozniak/video/7649444253394947342,"come with me to get a custom leather bag in florence, italy! 👜🌟🇮🇹 #florenceitaly #leatherbag #shopwithme #girlythings #europetravel ",,bryannawozniak,2026-06-09T17:11:01.000Z,57100,137,771900,"[""06-tiktok-discovery""]","[""raw/06-tiktok-discovery-items.json#row=45""]",,,Video,False,european style handbags,"[""european_style"", ""euro_trip"", ""quality_material"", ""travel_scale""]",handbag_context,lexical screening of creator caption/transcript; review source before bag-specific claims,not_available,2026-09-11,80,55
tt:7627179930677333270,tiktok,https://www.tiktok.com/@aliceinparisofficial/video/7627179930677333270,"Do you know why Parisian women never wear their Chanel bag like this? 🇫🇷
In Paris, elegance is never about showing off the logo. It is about how you wear the piece.
A very Parisian styling trick is to turn the bag so the CC logo faces the body instead of outward. It feels more discreet, more refined, and instantly less flashy.
Because in Paris, true style is about quality, taste, and attitude — not logos.
Luxury should whisper, never scream. ✨
Would you wear your Chanel bag this way?
Tell me in the comments. 🤍
#parisianstyle #parisianchic #luxurystyle #chanelbag #designerbag",,aliceinparisofficial,2026-04-10T17:13:21.000Z,3106,165,238400,"[""06-tiktok-discovery""]","[""raw/06-tiktok-discovery-items.json#row=46""]",,,Video,False,european style handbags,"[""old_money"", ""european_style"", ""euro_trip"", ""outfit_upgrade"", ""social_judgment"", ""quality_material"", ""logo_independence""]",handbag_context,lexical screening of creator caption/transcript; review source before bag-specific claims,not_available,2026-09-11,79,61
tt:7660027506820402453,tiktok,https://www.tiktok.com/@annafinds88/video/7660027506820402453,🤩 european leather baby #totebag #unboxing #pursecollection #leatherbag #handbag ,,annafinds88,2026-07-08T05:39:01.000Z,877,0,37900,"[""06-tiktok-discovery""]","[""raw/06-tiktok-discovery-items.json#row=47""]",,,Video,False,european style handbags,"[""european_style"", ""euro_trip"", ""quality_material""]",handbag_context,lexical screening of creator caption/transcript; review source before bag-specific claims,not_available,2026-09-11,0,0
tt:7661349233068346646,tiktok,https://www.tiktok.com/@heightandhustle/video/7661349233068346646,"No Birkin yet but I am obsessed! 🤩 

I love pouches and I use them constantly in my bigger bags but also stand alone, this one was in pristine condition, gorgeous shop in Paris! ✨

If you’re on the hunt for preloved check out @luxspaceparis - also tip guys always ask for best offer - they knocked off an additional 5% just because I asked. 

📍 90 Rue du Faubourg Saint-Honoré, 75008 Paris.

#chanelbag #chanelparis #prelovedchanel #bagreveal #luxuryshopping ",,heightandhustle,2026-07-11T19:07:59.000Z,26600,109,626000,"[""06-tiktok-discovery""]","[""raw/06-tiktok-discovery-items.json#row=48""]",,,Video,False,european style handbags,"[""european_style"", ""euro_trip"", ""travel_scale""]",handbag_context,lexical screening of creator caption/transcript; review source before bag-specific claims,not_available,2026-09-11,64,40
tt:7672086495074749728,tiktok,https://www.tiktok.com/@yevtopyer/video/7672086495074749728,10 French handbag brands I spotted on the most chic parisiennes x (that’s are not Hermès or Dior 🙃) ,,yevtopyer,2026-08-09T17:34:00.000Z,4038,25,77800,"[""06-tiktok-discovery""]","[""raw/06-tiktok-discovery-items.json#row=49""]",,,Video,False,european style handbags,"[""european_style"", ""euro_trip"", ""outfit_upgrade""]",handbag_context,lexical screening of creator caption/transcript; review source before bag-specific claims,not_available,2026-09-11,21,13
tt:7637153666067123486,tiktok,https://www.tiktok.com/@_sierramayhew/video/7637153666067123486,"If you want a handbag made by the French, keep watching. Dms are not working on TikTok so go to my shopmy under spring 2026 #frenchhandbags #handbags #frenchstyle ",,_sierramayhew,2026-05-07T14:16:54.000Z,253,9,6145,"[""06-tiktok-discovery""]","[""raw/06-tiktok-discovery-items.json#row=50""]",,,Video,False,european style handbags,"[""european_style"", ""outfit_upgrade""]",handbag_context,lexical screening of creator caption/transcript; review source before bag-specific claims,not_available,2026-09-11,8,2
tt:7681030709988969741,tiktok,https://www.tiktok.com/@johnathan.guo/video/7681030709988969741,"in 2026, you shouldn’t be spending hundreds on polyester bags when you can find full leather options with considered design under 500€! today I’m highlighting Kassandre, a paris-based brand focused on midrange bags (300-600€) with architectural silhouettes and standout hardware details. perfect for any lovers of elegant bags or minimalist style like Khaite and The Row :) it's been a while since i've done a feature of some of my underrated brands and bags on the market so hoping this introduces some of you to this lovely brand ~ 

#designerbags #fashiontrends #workbag #luxurybag #uniquebags",,johnathan.guo,2026-09-02T20:02:44.000Z,6374,100,93400,"[""06-tiktok-discovery""]","[""raw/06-tiktok-discovery-items.json#row=51""]",,,Video,False,european style handbags,"[""new_brand"", ""designer_spend"", ""old_money"", ""european_style"", ""euro_trip"", ""outfit_upgrade"", ""quality_material""]",handbag_context,lexical screening of creator caption/transcript; review source before bag-specific claims,not_available,2026-09-11,64,55
tt:7639552753609510158,tiktok,https://www.tiktok.com/@moniiicamendoza/video/7639552753609510158,"Come with me to buy a designer purse in Madrid 👜 in my opinion Spain is one of the best places in Europe to go shop! 

#fendihandbag #europeshopping #latinatraveler #fendi #madridtravel ",,moniiicamendoza,2026-05-14T01:26:43.000Z,19200,187,233300,"[""06-tiktok-discovery""]","[""raw/06-tiktok-discovery-items.json#row=52""]",,,Video,False,european style handbags,"[""european_style"", ""euro_trip"", ""social_judgment"", ""travel_scale""]",handbag_context,lexical screening of creator caption/transcript; review source before bag-specific claims,not_available,2026-09-11,80,65
tt:7647171189097565463,tiktok,https://www.tiktok.com/@thepassportus/video/7647171189097565463,"Many times I’ve been told that a tote bag is just a fabric bag that doesn’t say much… but I think it’s being underestimated. A tote bag is practical and works for just about everything.

I took Europe as an example, where it’s very common to see people using tote bags for everything: going to work, traveling, running errands, or simply as part of an outfit.

They’re not just bags. They’re practical, stylish, and designed to be part of everyday life for everyone.

#PassportUs #ToteBags #Europe #EverydayStyle #FashionAccessories ",,thepassportus,2026-06-03T14:10:04.000Z,1866,11,76800,"[""06-tiktok-discovery""]","[""raw/06-tiktok-discovery-items.json#row=53""]",,,Video,True,european style handbags,"[""european_style"", ""euro_trip"", ""outfit_upgrade"", ""travel_scale""]",handbag_context,lexical screening of creator caption/transcript; review source before bag-specific claims,not_available,2026-09-11,4,3
tt:7680276310329019670,tiktok,https://www.tiktok.com/@kaynatt.m/video/7680276310329019670,"marketing girlie work bag upgrade!!!! @CHARLESKEITHOFFICIAL @bobbibrownuk @KAYALI @Gisou @Huda Beauty @Too Faced UK @Too Faced @The Body Shop UK 

#whatsinmybag #work #bag #charleskeithcommunity ",,kaynatt.m,2026-08-31T19:14:44.000Z,1148,46,18600,"[""06-tiktok-discovery""]","[""raw/06-tiktok-discovery-items.json#row=54""]",,,Video,True,work bag outfit upgrade,"[""markup_skepticism"", ""work_polish""]",handbag_context,lexical screening of creator caption/transcript; review source before bag-specific claims,not_available,2026-09-11,22,13
tt:7540062054619647263,tiktok,https://www.tiktok.com/@shopwithevette/video/7540062054619647263,@Lovevook Bags never disappoint! 💼😍 ,,shopwithevette,2025-08-18T22:51:52.000Z,821,16,68600,"[""06-tiktok-discovery""]","[""raw/06-tiktok-discovery-items.json#row=55""]",,,Video,True,work bag outfit upgrade,[],handbag_context,lexical screening of creator caption/transcript; review source before bag-specific claims,not_available,2026-09-11,11,6
tt:7658024421730323734,tiktok,https://www.tiktok.com/@sophwayy/video/7658024421730323734,Corporate girl approved work bags that I recommend (fit a laptop) #workbag #corporatebag #fashioninspo #corporateoutfit ,,sophwayy,2026-07-02T20:06:01.000Z,1151,15,47200,"[""06-tiktok-discovery""]","[""raw/06-tiktok-discovery-items.json#row=56""]",,,Video,False,work bag outfit upgrade,"[""outfit_upgrade"", ""social_judgment"", ""work_polish"", ""travel_scale""]",handbag_context,lexical screening of creator caption/transcript; review source before bag-specific claims,not_available,2026-09-11,9,7
tt:7620834527749033238,tiktok,https://www.tiktok.com/@lucyhitchcock/video/7620834527749033238,"Oh also I’m not looking for a rucksack, beauty is pain. #workbag #handbagreview #officelook #workoutfit #officestyle  ",,lucyhitchcock,2026-03-24T14:50:14.000Z,34700,2087,1400000,"[""06-tiktok-discovery""]","[""raw/06-tiktok-discovery-items.json#row=57""]",,,Video,False,work bag outfit upgrade,"[""outfit_upgrade"", ""work_polish"", ""travel_scale"", ""purchase_trigger""]",adjacent_fashion_or_other,lexical screening of creator caption/transcript; review source before bag-specific claims,not_available,2026-09-11,80,68
tt:7491264828397374742,tiktok,https://www.tiktok.com/@miarosemcgrath/video/7491264828397374742,Dragon diffusion dupe #workbag #totebag #dragondiffusion ,,miarosemcgrath,2025-04-09T10:53:37.000Z,1428,43,68800,"[""06-tiktok-discovery""]","[""raw/06-tiktok-discovery-items.json#row=58""]",,,Video,False,work bag outfit upgrade,[],adjacent_fashion_or_other,lexical screening of creator caption/transcript; review source before bag-specific claims,not_available,2026-09-11,22,16
tt:7573945394862853383,tiktok,https://www.tiktok.com/@georgeyhenshall/video/7573945394862853383,"My work bag just got a serious upgrade !! @Status Anxiety. 🖤

#workbag #foryoupage #outfitideas #blackfridaysale #fyp AD ",,georgeyhenshall,2025-11-18T06:16:29.000Z,86,26,5034,"[""06-tiktok-discovery""]","[""raw/06-tiktok-discovery-items.json#row=59""]",,,Video,True,work bag outfit upgrade,"[""outfit_upgrade"", ""work_polish"", ""travel_scale"", ""purchase_trigger""]",handbag_context,lexical screening of creator caption/transcript; review source before bag-specific claims,not_available,2026-09-11,13,6
tt:7665622891509157138,tiktok,https://www.tiktok.com/@mlavenia9/video/7665622891509157138,"the perfect office bag that instantly elevates my outfit to work🫶🏻 love how it can fit my essentials including my laptop, even the size is not too big🤭

Teddy Blake, Lola Stampato 12"" Tan

#officeoutfit #officebag #outfitinspo #workbag #corporateoutfit ",,mlavenia9,2026-07-23T07:32:06.000Z,45,0,2127,"[""06-tiktok-discovery""]","[""raw/06-tiktok-discovery-items.json#row=60""]",,,Video,False,work bag outfit upgrade,"[""outfit_upgrade"", ""work_polish"", ""travel_scale""]",handbag_context,lexical screening of creator caption/transcript; review source before bag-specific claims,not_available,2026-09-11,0,0
tt:7671213117241593121,tiktok,https://www.tiktok.com/@lovevook.bags.uk/video/7671213117241593121,Upgrade your work outfit with the dreamiest pink laptop tote 🎀 Stylish & super functional ✨ #workbag #officeoutfit #workwear #pinkaesthetic #laptopbag    ,,lovevook.bags.uk,2026-08-08T15:00:31.000Z,195,0,32900,"[""06-tiktok-discovery""]","[""raw/06-tiktok-discovery-items.json#row=61""]",,,Video,True,work bag outfit upgrade,"[""outfit_upgrade"", ""work_polish"", ""travel_scale""]",handbag_context,lexical screening of creator caption/transcript; review source before bag-specific claims,not_available,2026-09-11,0,0
tt:7645168876275354900,tiktok,https://www.tiktok.com/@elaandearth/video/7645168876275354900,"The work bag that actually does it all 🤎 Our Arden Insulated Slouch Bag [Small] is your new 9 to 5 sidekick. 

Loved by @SIENNA #workbag #slouchbag #insulated ",,elaandearth,2026-05-29T04:39:56.000Z,9508,137,4300000,"[""06-tiktok-discovery""]","[""raw/06-tiktok-discovery-items.json#row=62""]",,,Video,True,work bag outfit upgrade,"[""work_polish""]",handbag_context,lexical screening of creator caption/transcript; review source before bag-specific claims,not_available,2026-09-11,72,60
tt:7404376229865999649,tiktok,https://www.tiktok.com/@onelane_studios/video/7404376229865999649,My favourite office bag options for Autumn 2024 🤍👜👛 #officebag #officeoutfits #workbag ,,onelane_studios,2024-08-18T07:21:43.000Z,718,15,69000,"[""06-tiktok-discovery""]","[""raw/06-tiktok-discovery-items.json#row=63""]",,,Video,False,work bag outfit upgrade,"[""outfit_upgrade"", ""seasonal_woven"", ""work_polish"", ""travel_scale""]",handbag_context,lexical screening of creator caption/transcript; review source before bag-specific claims,not_available,2026-09-11,14,2
tt:7662289900439358742,tiktok,https://www.tiktok.com/@totesforyouu/video/7662289900439358742,"There’s an issue when you create a work bag that works this well 👏🏻👏🏻 We can never keep it in stock 😭

When I created this work bag I wanted something that looked so sleek & elevated your work outfits but also kept everything organised for you. A place for your lipstick, water bottle, train tickets, laptop etc!! #workbag #officebag #worktote #officebag #officeoutfit ",,totesforyouu,2026-07-14T07:58:22.000Z,1028,25,19800,"[""06-tiktok-discovery""]","[""raw/06-tiktok-discovery-items.json#row=64""]",,,Video,False,work bag outfit upgrade,"[""founder"", ""outfit_upgrade"", ""work_polish"", ""travel_scale"", ""purchase_trigger""]",handbag_context,lexical screening of creator caption/transcript; review source before bag-specific claims,not_available,2026-09-11,0,0
tt:7639825072542305549,tiktok,https://www.tiktok.com/@styledbylimor/video/7639825072542305549,"If you're still carrying a backpack to the office, it's time for an upgrade. Here are 4 chic alternatives that can actually fit your laptop.

#womenintech
#workwearstyle 
#corporatechic
#techstyle 
#workbag ",,styledbylimor,2026-05-14T19:03:23.000Z,31,0,781,"[""06-tiktok-discovery""]","[""raw/06-tiktok-discovery-items.json#row=65""]",,,Video,False,work bag outfit upgrade,"[""outfit_upgrade"", ""work_polish"", ""travel_scale""]",handbag_context,lexical screening of creator caption/transcript; review source before bag-specific claims,not_available,2026-09-11,0,0
tt:7653051958860729622,tiktok,https://www.tiktok.com/@iamsaraouardi/video/7653051958860729622,My rule : dress for spring during day and autumn at night. #whattopack #whattowear #italy #fallinspo ,,iamsaraouardi,2026-06-19T10:30:22.000Z,9247,131,275800,"[""06-tiktok-discovery""]","[""raw/06-tiktok-discovery-items.json#row=66""]",,,Video,False,europe fall travel bag,"[""outfit_upgrade"", ""seasonal_woven"", ""travel_scale""]",adjacent_fashion_or_other,lexical screening of creator caption/transcript; review source before bag-specific claims,not_available,2026-09-11,0,0
tt:7678091142998658335,tiktok,https://www.tiktok.com/@erinmillerartistry/video/7678091142998658335,"Day 2- 7 outfits, one suitcase. Let’s pack for a week in Europe in the fall on a midsize 12.

#packingforvacation #midsizefashion #falloutfitideas #falloutfitinspo #sezanelovers @onequince @Sézane ",,erinmillerartistry,2026-08-25T21:55:23.000Z,523,31,13100,"[""06-tiktok-discovery""]","[""raw/06-tiktok-discovery-items.json#row=67""]",,,Video,True,europe fall travel bag,"[""european_style"", ""euro_trip"", ""outfit_upgrade"", ""seasonal_woven"", ""travel_scale""]",adjacent_fashion_or_other,lexical screening of creator caption/transcript; review source before bag-specific claims,not_available,2026-09-11,0,0
tt:7279407815993593120,tiktok,https://www.tiktok.com/@laurefaitducrochet/video/7279407815993593120,"will that be enough 🤪🤪
#packwithme #solotravel #interail #europe #autumn #solofemaletraveler #travel #hostels #backpacking ",,laurefaitducrochet,2023-09-16T13:00:13.000Z,353,6,14600,"[""06-tiktok-discovery""]","[""raw/06-tiktok-discovery-items.json#row=68""]",,,Video,False,europe fall travel bag,"[""european_style"", ""euro_trip"", ""seasonal_woven"", ""work_polish"", ""travel_scale""]",adjacent_fashion_or_other,lexical screening of creator caption/transcript; review source before bag-specific claims,not_available,2026-09-11,0,0
tt:7660970663015976212,tiktok,https://www.tiktok.com/@shopvestirsi/video/7660970663015976212,Carry your everyday essentials in style. Handmade in Italy.,,shopvestirsi,2026-07-10T18:38:52.000Z,22,0,12100,"[""06-tiktok-discovery""]","[""raw/06-tiktok-discovery-items.json#row=69""]",,,Video,True,european style handbags,"[""outfit_upgrade""]",adjacent_fashion_or_other,lexical screening of creator caption/transcript; review source before bag-specific claims,not_available,2026-09-11,0,0
tt:7667988573907406093,tiktok,https://www.tiktok.com/@linacustom/video/7667988573907406093,"Sichuan-style Song brocade bags, one-of-a-kind#America #Handmade bag#bag #Luxury handbags#European-style bags",,linacustom,2026-07-29T16:32:24.000Z,221,8,3168,"[""06-tiktok-discovery""]","[""raw/06-tiktok-discovery-items.json#row=70""]",,,Video,False,european style handbags,"[""european_style"", ""euro_trip"", ""outfit_upgrade""]",handbag_context,lexical screening of creator caption/transcript; review source before bag-specific claims,not_available,2026-09-11,0,0
tt:7654175029466336534,tiktok,https://www.tiktok.com/@iamsaraouardi/video/7654175029466336534,"Looking expensive > spending a fortune. 

My favourite are linked in my ltk #bags #luxuryfashion #luxurystyle #handbags #europeanstyle ",,iamsaraouardi,2026-06-22T11:08:26.000Z,766,5,29600,"[""06-tiktok-discovery""]","[""raw/06-tiktok-discovery-items.json#row=71""]",,,Video,False,european style handbags,"[""designer_spend"", ""european_style"", ""euro_trip"", ""outfit_upgrade""]",handbag_context,lexical screening of creator caption/transcript; review source before bag-specific claims,not_available,2026-09-11,0,0
tt:7671751702227225878,tiktok,https://www.tiktok.com/@chloeharrisonnnn/video/7671751702227225878,Work bag upgradeeee #fyp #bag ,,chloeharrisonnnn,2026-08-08T19:54:53.000Z,157,9,52200,"[""06-tiktok-discovery""]","[""raw/06-tiktok-discovery-items.json#row=72""]",,,Video,True,work bag outfit upgrade,"[""work_polish""]",handbag_context,lexical screening of creator caption/transcript; review source before bag-specific claims,not_available,2026-09-11,0,0
tt:7669669753492950279,tiktok,https://www.tiktok.com/@paruhbayabergaya/video/7669669753492950279,"Big tote for big boys from @symautilized 

Spacious, versatile, match with any style.

#totebag #symautilized #bigtote #outfitngantor #officefit ",,paruhbayabergaya,2026-08-03T05:15:53.000Z,93,4,8432,"[""06-tiktok-discovery""]","[""raw/06-tiktok-discovery-items.json#row=73""]",,,Video,False,work bag outfit upgrade,"[""outfit_upgrade"", ""work_polish"", ""travel_scale""]",handbag_context,lexical screening of creator caption/transcript; review source before bag-specific claims,not_available,2026-09-11,0,0
tt:7667809130387688735,tiktok,https://www.tiktok.com/@vivian.youjin/video/7667809130387688735,"silently rating my current work bag rotation (that fit a laptop) 💻 🤎 

FYI - I’m not gentle with my bags so honestly they’ve held up pretty well 

link in bio/shopmy :) 

@monorow @RSVP Paris @polene_paris @kate spade new york 

#workbag #corporate #job #ootd #bags",,vivian.youjin,2026-07-29T04:56:02.000Z,34500,130,650700,"[""06-tiktok-discovery""]","[""raw/06-tiktok-discovery-items.json#row=74""]",,,Video,False,work bag outfit upgrade,"[""european_style"", ""euro_trip"", ""work_polish"", ""travel_scale""]",handbag_context,lexical screening of creator caption/transcript; review source before bag-specific claims,not_available,2026-09-11,0,0
tt:7683317131148053791,tiktok,https://www.tiktok.com/@britt.rae2/video/7683317131148053791,"Rapid-fire unboxing because I could NOT wait to show you these bags 😍👜 The luxury look without the luxury price 👀✨

Designer-inspired handbag • affordable luxury • luxury look for less • handbag unboxing • budget-friendly bags.                                                         @gorchic.luxury                                                #gorchic #rapidfire #unboxing #lookforless #bagtok ",,britt.rae2,2026-09-08T23:54:48.000Z,41,29,619,"[""06-tiktok-discovery""]","[""raw/06-tiktok-discovery-items.json#row=75""]",,,Video,False,new affordable luxury handbag brand,"[""designer_spend"", ""outfit_upgrade""]",handbag_context,lexical screening of creator caption/transcript; review source before bag-specific claims,not_available,2026-09-11,19,10
tt:7673465655621913878,tiktok,https://www.tiktok.com/@ashdalluxe/video/7673465655621913878,✨ Elevate your style game without breaking the bank! Discover our luxe handbags that scream elegance. 😍 Tap to shop your new fave! 👜 #LuxuryHandbags #ClassyChic #FallFashion #AffordableLuxury,,ashdalluxe,2026-08-13T10:45:31.000Z,2,0,375,"[""06-tiktok-discovery""]","[""raw/06-tiktok-discovery-items.json#row=76""]",,,Video,False,new affordable luxury handbag brand,"[""new_brand"", ""designer_spend"", ""old_money"", ""outfit_upgrade"", ""seasonal_woven""]",handbag_context,lexical screening of creator caption/transcript; review source before bag-specific claims,not_available,2026-09-11,0,0
tt:7680929088273403150,tiktok,https://www.tiktok.com/@50dollars.handbag/video/7680929088273403150,luxury purse! #luxurybag #handbag #affordablebags #bagunboxing ,,50dollars.handbag,2026-09-02T13:27:58.000Z,46,5,1304,"[""06-tiktok-discovery""]","[""raw/06-tiktok-discovery-items.json#row=77""]",,,Video,False,new affordable luxury handbag brand,"[""designer_spend""]",handbag_context,lexical screening of creator caption/transcript; review source before bag-specific claims,not_available,2026-09-11,5,3
tt:7676645924118007070,tiktok,https://www.tiktok.com/@britt.rae2/video/7676645924118007070,Are these Gorchic bags actually giving REAL LV & Gucci vibes?! 👀👜 Let’s take a closer look! Luxury-looking handbags without the luxury price tag ✨ @gorchic_officialpage #gorchic #bagtok #bougieonabudget #affordable #pursetok ,,britt.rae2,2026-08-22T00:27:03.000Z,1247,145,63900,"[""06-tiktok-discovery""]","[""raw/06-tiktok-discovery-items.json#row=78""]",,,Video,False,new affordable luxury handbag brand,"[""designer_spend"", ""outfit_upgrade""]",handbag_context,lexical screening of creator caption/transcript; review source before bag-specific claims,not_available,2026-09-11,75,48
tt:7670290170209438989,tiktok,https://www.tiktok.com/@jessicanlinn/video/7670290170209438989,"Bags that look way more expensive than they are! 💗

No affordable quiet luxury bags under list is complete without strathberry! They’re an Edinburgh based brand admired by elegant style icons like Kate Middleton and Meghan Markle! This is the nano mosaic and the mini tote 💗

Next is Paris’s Wang New York
Such a classy understated bag with minimal logos and branding. Nothing is more quiet luxury than that!

Then another one of my favorite white luxury brands Fairfax and Favor. This is the town and country top handle they made with Lydia Millen.

We also have Songmont who I think does a brilliant job of bringing together timeless quiet luxury style with a fun modern twist. You get the best of both worlds 🎤

Last but not least, the Kate Spade Riley Top handle which is the most affordable bag here and looks so much more epxnsive than it is!
#katespade #strathberry #fairfaxandfavor #songmont ",,jessicanlinn,2026-08-04T21:23:44.000Z,5367,67,154100,"[""06-tiktok-discovery""]","[""raw/06-tiktok-discovery-items.json#row=79""]",,,Video,False,new affordable luxury handbag brand,"[""designer_spend"", ""old_money"", ""european_style"", ""euro_trip"", ""outfit_upgrade"", ""logo_independence""]",handbag_context,lexical screening of creator caption/transcript; review source before bag-specific claims,not_available,2026-09-11,41,28
tt:7680082285151964424,tiktok,https://www.tiktok.com/@esty.basics/video/7680082285151964424,buy luxury bags at affordable prices now oo. 🏷️: 28k #luxurybag #chanel #chanelbag #chanelunboxing #estybasics ,,esty.basics,2026-08-31T06:41:54.000Z,298,4,4803,"[""06-tiktok-discovery""]","[""raw/06-tiktok-discovery-items.json#row=80""]",,,Video,False,new affordable luxury handbag brand,"[""designer_spend"", ""logo_independence""]",handbag_context,lexical screening of creator caption/transcript; review source before bag-specific claims,not_available,2026-09-11,3,2
tt:7590143084625677590,tiktok,https://www.tiktok.com/@corluxury.official/video/7590143084625677590,"Introducing COR - Affordable Luxury Redefined.
Explore the new collections now. Shop Now at www.corluxury.com

#CORlaunch #AffordableLuxury #luxuryhandbag #baglovers #fashiontok #uksmallbusiness #NewBrand #QuietLuxury #handbags #womeninbusiness #madetolast#handbags #affordableluxury #totebag #shoulderbag #crossbodybag #tophandlebag #leatherbag #affordable #madeinitaly",,corluxury.official,2025-12-31T21:51:43.000Z,13,4,5334,"[""06-tiktok-discovery""]","[""raw/06-tiktok-discovery-items.json#row=81""]",,,Video,False,new affordable luxury handbag brand,"[""designer_spend"", ""quality_material"", ""logo_independence""]",handbag_context,lexical screening of creator caption/transcript; review source before bag-specific claims,not_available,2026-09-11,2,1
tt:7520661296656715022,tiktok,https://www.tiktok.com/@shopluxewithamy/video/7520661296656715022,Check the bl0g for info or D M me!!! #newstyle #newrelease #handbags #review ,,shopluxewithamy,2025-06-27T16:07:33.000Z,36,2,903,"[""06-tiktok-discovery""]","[""raw/06-tiktok-discovery-items.json#row=82""]",,,Video,True,new affordable luxury handbag brand,"[""outfit_upgrade"", ""purchase_trigger""]",handbag_context,lexical screening of creator caption/transcript; review source before bag-specific claims,not_available,2026-09-11,0,0
tt:7535172494664191254,tiktok,https://www.tiktok.com/@abigayleleah/video/7535172494664191254,"Obsessssssed! So gorgeous @DeMellier 

#unboxingvideo #unboxwithme #newhandbag #demellierlondon #affordableluxury ",,abigayleleah,2025-08-05T18:37:46.000Z,171,7,8042,"[""06-tiktok-discovery""]","[""raw/06-tiktok-discovery-items.json#row=83""]",,,Video,False,new affordable luxury handbag brand,"[""designer_spend"", ""european_style"", ""euro_trip""]",adjacent_fashion_or_other,lexical screening of creator caption/transcript; review source before bag-specific claims,not_available,2026-09-11,0,0
tt:7197177459492523307,tiktok,https://www.tiktok.com/@mayurijaini/video/7197177459492523307,My new spring handbag 🌸🫶🏽 So in love with this affordable bag from @charleskeithofficial it looks so luxurious and has the perfect amount of space for my daily essentials! I own so many bags and shoes from them and they are such high quality and so affordable. It’s easily my favorite brand for minimal and timeless pieces at a reasonable price! #unboxingvideo #unboxwithme #newhandbag #springbag #springfashion2023 #handbagtiktok #charlesandkeithbag #purseaddict #handbagaddict #fashiontok #spring #springfashion ,,mayurijaini,2023-02-06T22:44:29.000Z,601,12,34200,"[""06-tiktok-discovery""]","[""raw/06-tiktok-discovery-items.json#row=84""]",,,Video,False,new affordable luxury handbag brand,"[""designer_spend"", ""old_money"", ""quality_material"", ""travel_scale""]",handbag_context,lexical screening of creator caption/transcript; review source before bag-specific claims,not_available,2026-09-11,0,0
tt:7663234658661977357,tiktok,https://www.tiktok.com/@bekahbak/video/7663234658661977357,"This is one of the best quality, most affordable bags I’ve ever found.
#QuietLuxury #Handbag #AffordableLuxury #StyleFind #thehorsebag@The Horse ",,bekahbak,2026-07-16T21:04:32.000Z,102,22,5861,"[""06-tiktok-discovery""]","[""raw/06-tiktok-discovery-items.json#row=85""]",,,Video,False,new affordable luxury handbag brand,"[""designer_spend"", ""outfit_upgrade"", ""quality_material"", ""logo_independence""]",handbag_context,lexical screening of creator caption/transcript; review source before bag-specific claims,not_available,2026-09-11,0,0
tt:7601179862627355917,tiktok,https://www.tiktok.com/@plussizeandbossy/video/7601179862627355917,"this is one hell of a connect @Annisha Tanksley 👜 quality is so 🔥The price is right too. Make sure to tell the connect I sent you so you can get hook up too. She’s only on what’s app!!
Number at the end  #affordableluxury
#budgetfashion
#ballinonabudget
#bougieonabudget",,plussizeandbossy,2026-01-30T15:40:15.000Z,36300,986,535000,"[""06-tiktok-discovery""]","[""raw/06-tiktok-discovery-items.json#row=86""]",,,Video,True,new affordable luxury handbag brand,"[""designer_spend"", ""quality_material""]",adjacent_fashion_or_other,lexical screening of creator caption/transcript; review source before bag-specific claims,not_available,2026-09-11,0,0
tt:7652535489613909262,tiktok,https://www.tiktok.com/@drews_view22/video/7652535489613909262,"@Jamie Chua has admitted she got some fake bags before, I think she was scammed … but what do you think? #hermes #designer #luxury #handbag #fake ",,drews_view22,2026-06-18T01:06:30.000Z,8637,97,211000,"[""06-tiktok-discovery""]","[""raw/06-tiktok-discovery-items.json#row=87""]",,,Video,False,luxury handbag scam,"[""social_judgment"", ""markup_skepticism""]",handbag_context,lexical screening of creator caption/transcript; review source before bag-specific claims,not_available,2026-09-11,45,32
tt:7648130942166502670,tiktok,https://www.tiktok.com/@coach_angelbeck/video/7648130942166502670,This is one of the sellers that I dont recommend you to buy from! Not my first time buying from @ISHOPSHOPS ShopShops and so far so good with other ShopShops seller but this seller please avoid them! #tiktokscammers #tiktokshopscammer #shopshopscammer #dontbuyfromthisseller #luxurybagscammer,,coach_angelbeck,2026-06-06T04:14:30.000Z,2629,110,91400,"[""06-tiktok-discovery""]","[""raw/06-tiktok-discovery-items.json#row=88""]",,,Video,False,luxury handbag scam,"[""markup_skepticism"", ""purchase_trigger""]",adjacent_fashion_or_other,lexical screening of creator caption/transcript; review source before bag-specific claims,not_available,2026-09-11,56,44
tt:7650567513733975309,tiktok,https://www.tiktok.com/@marie.l.sweet/video/7650567513733975309,"#maisonreluxe are crooks!
They sent me this bag that was in “pristine” condition! Their warranty is a lie, do not get scammed!!!!#louisvuitton #tiktokshop #tiktokscam #fyp ",,marie.l.sweet,2026-06-12T17:49:51.000Z,25,17,3108,"[""06-tiktok-discovery""]","[""raw/06-tiktok-discovery-items.json#row=89""]",,,Video,False,luxury handbag scam,"[""markup_skepticism""]",handbag_context,lexical screening of creator caption/transcript; review source before bag-specific claims,not_available,2026-09-11,14,10
tt:7615428241423109389,tiktok,https://www.tiktok.com/@mariawithcheese/video/7615428241423109389,"Really hoping no one has purchased anything.
#neimanmarcus #scamalert #fakes #louisvuitton #designerbags ",,mariawithcheese,2026-03-10T01:11:28.000Z,49,15,5376,"[""06-tiktok-discovery""]","[""raw/06-tiktok-discovery-items.json#row=90""]",,,Video,False,luxury handbag scam,"[""markup_skepticism""]",adjacent_fashion_or_other,lexical screening of creator caption/transcript; review source before bag-specific claims,not_available,2026-09-11,10,8
tt:7519185501526543647,tiktok,https://www.tiktok.com/@selfmade8999/video/7519185501526543647,rich girl gets scam buying birkin bag on Facebook #facebookmarketplace ,,selfmade8999,2025-06-23T16:40:21.000Z,7737,31,197100,"[""06-tiktok-discovery""]","[""raw/06-tiktok-discovery-items.json#row=91""]",,,Video,False,luxury handbag scam,"[""markup_skepticism"", ""purchase_trigger""]",handbag_context,lexical screening of creator caption/transcript; review source before bag-specific claims,not_available,2026-09-11,22,7
tt:7527006509264276766,tiktok,https://www.tiktok.com/@michelletimestwo/video/7527006509264276766,"DO NOT buy from Pin@apple Luxury here on tik tok. They are a luxury reseller bag and they will mislead you just so you can purchase a bag. They said the straps were repaired but it wasn't just the straps it was all of the leather meaning the straps, the trim around the zipper and the piping. I know I don't have alot of followers but I still wanted to use my platform to have my voice heard. I filed a claim and tik t@k rejected it as well. I suggest ebay, vestaire, the real real for your bags!!! ",,michelletimestwo,2025-07-14T18:29:50.000Z,10800,758,211300,"[""06-tiktok-discovery""]","[""raw/06-tiktok-discovery-items.json#row=92""]",,,Video,False,luxury handbag scam,"[""quality_material""]",handbag_context,lexical screening of creator caption/transcript; review source before bag-specific claims,not_available,2026-09-11,100,93
tt:7632122710629289230,tiktok,https://www.tiktok.com/@bagsmakerli/video/7632122710629289230,Kelly#bag #luxurybag #hermeslover #custombags ,,bagsmakerli,2026-04-24T00:54:14.000Z,18,4,439,"[""06-tiktok-discovery""]","[""raw/06-tiktok-discovery-items.json#row=93""]",,,Video,False,luxury handbag scam,[],handbag_context,lexical screening of creator caption/transcript; review source before bag-specific claims,not_available,2026-09-11,0,0
tt:7526235342622526775,tiktok,https://www.tiktok.com/@chalupabatmangg/video/7526235342622526775,"These fake bags shops are scamming you!!

#touristtrap #fakebags #fakeluxurybags #vietnam #shoppingscam",,chalupabatmangg,2025-07-12T16:37:39.000Z,583,2,61100,"[""06-tiktok-discovery""]","[""raw/06-tiktok-discovery-items.json#row=94""]",,,Video,False,luxury handbag scam,"[""markup_skepticism""]",handbag_context,lexical screening of creator caption/transcript; review source before bag-specific claims,not_available,2026-09-11,0,0
tt:7613130122765339937,tiktok,https://www.tiktok.com/@loveluxury.com/video/7613130122765339937,"Hermès scam alert 🚨 She paid £23,000 for a “Birkin”… and it turned out to be fake 💔👜 This is why buying from a trusted seller matters.

#FYP #LoveLuxury #Hermèsbags #Luxurybags",,loveluxury.com,2026-03-03T20:32:58.000Z,16500,114,391400,"[""06-tiktok-discovery""]","[""raw/06-tiktok-discovery-items.json#row=95""]",,,Video,False,luxury handbag scam,"[""designer_spend"", ""markup_skepticism"", ""purchase_trigger""]",handbag_context,lexical screening of creator caption/transcript; review source before bag-specific claims,not_available,2026-09-11,0,0
tt:7499151858041097494,tiktok,https://www.tiktok.com/@loveluxury.com/video/7499151858041097494,"can you believe he got scammed for 220,000? 😱🤯 #fyp #hermes #birkin #london #dubai #loveluxury #loveluxurylondon #loveluxurydubai ",,loveluxury.com,2025-04-30T16:59:18.000Z,461700,2649,10400000,"[""06-tiktok-discovery""]","[""raw/06-tiktok-discovery-items.json#row=96""]",,,Video,False,luxury handbag scam,"[""european_style"", ""euro_trip"", ""markup_skepticism""]",handbag_context,lexical screening of creator caption/transcript; review source before bag-specific claims,not_available,2026-09-11,0,0
tt:7515704543317986602,tiktok,https://www.tiktok.com/@lifewithj9/video/7515704543317986602,Did I get scammed? @Gaby’s Bags ,,lifewithj9,2025-06-14T07:33:49.000Z,547,49,54400,"[""06-tiktok-discovery""]","[""raw/06-tiktok-discovery-items.json#row=97""]",,,Video,False,luxury handbag scam,"[""markup_skepticism""]",handbag_context,lexical screening of creator caption/transcript; review source before bag-specific claims,not_available,2026-09-11,0,0
tt:7567187824169028919,tiktok,https://www.tiktok.com/@ellaaaaa0110/video/7567187824169028919,I don’t think I’ll ever buy from @Poshmark again. #poshmark #poshmarkseller #poshmarkscam #ysl ,,ellaaaaa0110,2025-10-31T01:14:03.000Z,115,18,7040,"[""06-tiktok-discovery""]","[""raw/06-tiktok-discovery-items.json#row=98""]",,,Video,False,luxury handbag scam,"[""markup_skepticism""]",adjacent_fashion_or_other,lexical screening of creator caption/transcript; review source before bag-specific claims,not_available,2026-09-11,0,0
tt:7607225337122000148,tiktok,https://www.tiktok.com/@sia.letsgo/video/7607225337122000148,Would you get? #dior #affordableluxury ,,sia.letsgo,2026-02-15T22:39:54.000Z,533,4,68600,"[""06-tiktok-discovery""]","[""raw/06-tiktok-discovery-items.json#row=99""]",,,Video,False,new affordable luxury handbag brand,"[""designer_spend""]",adjacent_fashion_or_other,lexical screening of creator caption/transcript; review source before bag-specific claims,not_available,2026-09-11,0,0
tt:7659227481576049951,tiktok,https://www.tiktok.com/@haleysluxefinds/video/7659227481576049951,25 from the yellow app take 2! Should I order a master quality next? #bagtok #handbags #unboxingvideo #designerbags #affordableluxury ,,haleysluxefinds,2026-07-06T01:54:36.000Z,599,35,26200,"[""06-tiktok-discovery""]","[""raw/06-tiktok-discovery-items.json#row=100""]",,,Video,False,new affordable luxury handbag brand,"[""designer_spend"", ""quality_material"", ""purchase_trigger""]",handbag_context,lexical screening of creator caption/transcript; review source before bag-specific claims,not_available,2026-09-11,0,0
tt:7683676986836831519,tiktok,https://www.tiktok.com/@thehollywoodbabydaddyy/video/7683676986836831519,5 HANDBAGS UNDER $500💅🏾💅🏾 #luxuryhandbags #handbags #review #budgetfriendly ,,thehollywoodbabydaddyy,2026-09-09T23:11:08.000Z,578,34,7541,"[""06-tiktok-discovery""]","[""raw/06-tiktok-discovery-items.json#row=101""]",,,Video,False,new affordable luxury handbag brand,"[""designer_spend"", ""purchase_trigger""]",handbag_context,lexical screening of creator caption/transcript; review source before bag-specific claims,not_available,2026-09-11,0,0
tt:7630490405666131222,tiktok,https://www.tiktok.com/@bagista.uk/video/7630490405666131222,What are your opinions on fake handbags? #hermes #birkin #luxurylifestyle ,,bagista.uk,2026-04-19T15:19:57.000Z,22200,262,824400,"[""06-tiktok-discovery""]","[""raw/06-tiktok-discovery-items.json#row=102""]",,,Video,False,luxury handbag scam,"[""outfit_upgrade"", ""social_judgment""]",handbag_context,lexical screening of creator caption/transcript; review source before bag-specific claims,not_available,2026-09-11,0,0
tt:7599747579324206359,tiktok,https://www.tiktok.com/@treasuresof.maimi/video/7599747579324206359,"You are getting scammed 
#vintageshopping #luxurybags #fashion ",,treasuresof.maimi,2026-01-26T19:02:04.000Z,25,2,1024,"[""06-tiktok-discovery""]","[""raw/06-tiktok-discovery-items.json#row=103""]",,,Video,False,luxury handbag scam,"[""markup_skepticism""]",adjacent_fashion_or_other,lexical screening of creator caption/transcript; review source before bag-specific claims,not_available,2026-09-11,0,0
tt:7567501532732640545,tiktok,https://www.tiktok.com/@loveluxury.com/video/7567501532732640545,"🚨 Hermès scam alert! A former staff member scammed over 30 clients, claiming he could skip the waitlist for bag offers.👜 Can you believe this actually happened? 😳 #FYP #Hermèsbags #LoveLuxury #BirkinQueen #Luxurybags",,loveluxury.com,2025-10-31T21:31:14.000Z,11800,285,257100,"[""06-tiktok-discovery""]","[""raw/06-tiktok-discovery-items.json#row=104""]",,,Video,False,luxury handbag scam,"[""markup_skepticism"", ""purchase_trigger""]",handbag_context,lexical screening of creator caption/transcript; review source before bag-specific claims,not_available,2026-09-11,0,0
tt:7652184469541162248,tiktok,https://www.tiktok.com/@hollowroadvintage/video/7652184469541162248,"you can know a woman just by what she carries. judge accordingly. all available @ hollowroad on depop

#marcjacobs #vintagebags #designerbags #y2kbags #furlacandybag ",,hollowroadvintage,2026-06-17T02:24:02.000Z,46,1,792,"[""06-tiktok-discovery""]","[""raw/06-tiktok-discovery-items.json#row=106""]",,,Video,False,men judging women handbags,"[""social_judgment""]",adjacent_fashion_or_other,lexical screening of creator caption/transcript; review source before bag-specific claims,not_available,2026-09-11,0,0
tt:7412155936476826913,tiktok,https://www.tiktok.com/@gabriellaluxurymum/video/7412155936476826913,He has some thoughts #husbandandwife #couplecomedy #couplestiktok #luxuryfashion #luxurybag #luxuryhandbag #louisvuitton #hermes #hermesbirkin #hermeskelly #loewe #prada #couplegoals #husbandwife ,,gabriellaluxurymum,2024-09-08T06:31:34.000Z,1378,96,34500,"[""06-tiktok-discovery""]","[""raw/06-tiktok-discovery-items.json#row=107""]",,,Video,False,men judging women handbags,"[""social_judgment""]",handbag_context,lexical screening of creator caption/transcript; review source before bag-specific claims,not_available,2026-09-11,44,34
tt:7664016847121009934,tiktok,https://www.tiktok.com/@jennigreenwell/video/7664016847121009934,"My husband rates, my handbags,… #handbag #coach #louis Vuitton ",,jennigreenwell,2026-07-18T23:40:06.000Z,3,0,91,"[""06-tiktok-discovery""]","[""raw/06-tiktok-discovery-items.json#row=108""]",,,Video,False,men judging women handbags,"[""social_judgment""]",handbag_context,lexical screening of creator caption/transcript; review source before bag-specific claims,not_available,2026-09-11,0,0
tt:7673250013601860877,tiktok,https://www.tiktok.com/@stassiasi/video/7673250013601860877,,,stassiasi,2026-08-12T20:49:19.000Z,3,0,19,"[""06-tiktok-discovery""]","[""raw/06-tiktok-discovery-items.json#row=109""]",,,Video,False,men judging women handbags,[],adjacent_fashion_or_other,lexical screening of creator caption/transcript; review source before bag-specific claims,not_available,2026-09-11,0,0
tt:7660723867878493454,tiktok,https://www.tiktok.com/@flippingfarrell/video/7660723867878493454,Who’s gonna tell him? I’m just going to let him think what he wants. #louisvuitton #bagaddict #bagtok #pursetok #lvspeedy ,,flippingfarrell,2026-07-10T02:41:34.000Z,792,133,31200,"[""06-tiktok-discovery""]","[""raw/06-tiktok-discovery-items.json#row=110""]",,,Video,True,men judging women handbags,[],adjacent_fashion_or_other,lexical screening of creator caption/transcript; review source before bag-specific claims,not_available,2026-09-11,81,58
tt:7644223029496646942,tiktok,https://www.tiktok.com/@candace_annn/video/7644223029496646942,Men calling Michael Kors bags embarrassing as if women buy bags to impress them 😭 anyway here’s what’s in mine! #michaelkors #whatsinmybag #pursetok #foryoupage #everydaybag @Michael Kors ,,candace_annn,2026-05-26T15:29:54.000Z,563,47,28600,"[""06-tiktok-discovery""]","[""raw/06-tiktok-discovery-items.json#row=111""]",,,Video,False,men judging women handbags,"[""social_judgment""]",handbag_context,lexical screening of creator caption/transcript; review source before bag-specific claims,not_available,2026-09-11,29,26
tt:7682857812308790550,tiktok,https://www.tiktok.com/@josayzso/video/7682857812308790550,"Part 1: If you wear these handbags 👜 …I’m judging you👨‍⚖️❌

#handbags #handbag #common #fashioncommentary #fashionroast ",,josayzso,2026-09-07T18:12:13.000Z,481,12,35700,"[""06-tiktok-discovery""]","[""raw/06-tiktok-discovery-items.json#row=112""]",,,Video,False,men judging women handbags,"[""social_judgment""]",handbag_context,lexical screening of creator caption/transcript; review source before bag-specific claims,not_available,2026-09-11,10,8
tt:7558971968721030414,tiktok,https://www.tiktok.com/@heynettyshops/video/7558971968721030414,"Every fashion girl needs a guy that’s been wearing the same clothes for 10 years… 

#Designer #bagreview #firefighter #firewife #heynetty ",,heynettyshops,2025-10-08T21:52:02.000Z,14,2,468,"[""06-tiktok-discovery""]","[""raw/06-tiktok-discovery-items.json#row=113""]",,,Video,False,men judging women handbags,"[""purchase_trigger""]",adjacent_fashion_or_other,lexical screening of creator caption/transcript; review source before bag-specific claims,not_available,2026-09-11,0,0
tt:7675196155415776526,tiktok,https://www.tiktok.com/@dhgfinds.263/video/7675196155415776526,My husband rated my luxury bags — his rankings are UNHINGED 😱 Click bio to watch! #luxurybags #husbandrates #viralvideo #bagcollection #fashion,,dhgfinds.263,2026-08-18T02:39:52.000Z,0,0,100,"[""06-tiktok-discovery""]","[""raw/06-tiktok-discovery-items.json#row=114""]",,,Video,False,men judging women handbags,"[""social_judgment""]",handbag_context,lexical screening of creator caption/transcript; review source before bag-specific claims,not_available,2026-09-11,0,0
tt:7647877822274473246,tiktok,https://www.tiktok.com/@the.lazy.thrifter/video/7647877822274473246,You look cheap & infantalized. Are you 9 or an adult. Are you whimsical or diminished?  #fashion #style #luxurytok #socialcommentary #money ,,the.lazy.thrifter,2026-06-05T11:52:47.000Z,4731,4218,355900,"[""06-tiktok-discovery""]","[""raw/06-tiktok-discovery-items.json#row=115""]",,,Video,False,men judging women handbags,"[""designer_spend"", ""outfit_upgrade""]",adjacent_fashion_or_other,lexical screening of creator caption/transcript; review source before bag-specific claims,not_available,2026-09-11,0,0
tt:7450896203585293598,tiktok,https://www.tiktok.com/@fengshuiyang/video/7450896203585293598,"Your handbag hides your wealth, so make sure you don’t choose the wrong one.#fengshui #goodluck #fortunetelling #numerology #astrology #fiveelements #wealth #money #career #bag #handbag #wallet #purse #chanel #gucci #hermes #lv ",,fengshuiyang,2024-12-21T16:03:03.000Z,18500,4745,558900,"[""06-tiktok-discovery""]","[""raw/06-tiktok-discovery-items.json#row=116""]",,,Video,False,men judging women handbags,"[""designer_spend"", ""old_money""]",handbag_context,lexical screening of creator caption/transcript; review source before bag-specific claims,not_available,2026-09-11,0,0
tt:7644250507929816333,tiktok,https://www.tiktok.com/@karyastreetstyle/video/7644250507929816333,Is the handbag over? #fashiontrends #styletrends ,,karyastreetstyle,2026-05-26T17:16:35.000Z,2898,200,70800,"[""06-tiktok-discovery""]","[""raw/06-tiktok-discovery-items.json#row=117""]",,,Video,False,men judging women handbags,"[""outfit_upgrade""]",handbag_context,lexical screening of creator caption/transcript; review source before bag-specific claims,not_available,2026-09-11,0,0
tt:7643434687800544526,tiktok,https://www.tiktok.com/@the.lazy.thrifter/video/7643434687800544526,Replying to @MissLisaJo Description: The truth hurts but your bag is telling on you.  Tell me your bag and I’ll tell you the tier (or tears).#handbag #luxurytok #louisvuitton #birkin #quietluxury   ,,the.lazy.thrifter,2026-05-24T12:31:15.000Z,40300,6650,1300000,"[""06-tiktok-discovery""]","[""raw/06-tiktok-discovery-items.json#row=118""]",,,Video,False,men judging women handbags,"[""logo_independence""]",handbag_context,lexical screening of creator caption/transcript; review source before bag-specific claims,not_available,2026-09-11,0,0
tt:7641393683463556383,tiktok,https://www.tiktok.com/@the.lazy.thrifter/video/7641393683463556383,"Replying to @Simply.Amy 
The leather was never the problem with Coach. The problem was the giant logos. Vintage Coach still looks expensive because it signals taste instead of financial aspiration and desperation! #fashion #luxury #coach #handbag #style ",,the.lazy.thrifter,2026-05-19T00:30:20.000Z,26500,4224,1000000,"[""06-tiktok-discovery""]","[""raw/06-tiktok-discovery-items.json#row=119""]",,,Video,False,men judging women handbags,"[""designer_spend"", ""outfit_upgrade"", ""quality_material"", ""logo_independence""]",handbag_context,lexical screening of creator caption/transcript; review source before bag-specific claims,not_available,2026-09-11,0,0
ig:DWdB9P6kudv,instagram,https://www.instagram.com/p/DWdB9P6kudv/,Best mid range designer bags,,nefer.pk,2026-03-29T03:41:10.000Z,6,0,845,"[""07-ig-keyword-discovery""]","[""raw/07-ig-keyword-discovery-items.json#row=6""]",,,Video,False,https://www.instagram.com/popular/handbag-quality,[],handbag_context,lexical screening of creator caption/transcript; review source before bag-specific claims,not_available,2026-09-11,0,0
ig:DVtfKSuke22,instagram,https://www.instagram.com/p/DVtfKSuke22/,"These 4 handbag brands all come in under $500 but still give that polished, designer look. They have timeless shapes, great quality, and pieces that instantly elevate your everyday outfits.

If you love a luxury aesthetic without the luxury price tag, these are definitely brands to have on your radar.

Comment SHOP for links sent to your DM! 👜",,erica.lynn.ramos,2026-03-10T16:33:22.000Z,67,63,3946,"[""07-ig-keyword-discovery""]","[""raw/07-ig-keyword-discovery-items.json#row=7""]",,,Video,False,https://www.instagram.com/popular/handbag-quality,"[""designer_spend"", ""old_money"", ""outfit_upgrade"", ""quality_material"", ""travel_scale""]",handbag_context,lexical screening of creator caption/transcript; review source before bag-specific claims,not_available,2026-09-11,34,1
ig:DWhCweHCWYu,instagram,https://www.instagram.com/p/DWhCweHCWYu/,"Comment HANDBAG for the product link! 
Designer bag vibes without the designer price 🤎✨ Everyone keeps asking me where this is from. @milan_chiva_official #summerhandbag #designerlooksforless #designerbagsforless #veganleatherbag #trendytotebag",,ets_finds,2026-03-30T17:05:26.000Z,3,0,82,"[""07-ig-keyword-discovery""]","[""raw/07-ig-keyword-discovery-items.json#row=8""]",,,Video,False,https://www.instagram.com/popular/handbag-quality,"[""designer_spend"", ""european_style"", ""euro_trip"", ""quality_material"", ""seasonal_woven""]",handbag_context,lexical screening of creator caption/transcript; review source before bag-specific claims,not_available,2026-09-11,0,0
ig:DVk4fULkyW9,instagram,https://www.instagram.com/p/DVk4fULkyW9/,"Welcome back to Part Two of my Bag Collection series 🥹 this part focuses on my second hand / vintage bags, sourced from Second Street and Mercari Japan!! Brands mentioned: @chloe, @coach , @viviennewestwood , @annasui & @francescobiasiaofficial #mybagcollection #vintagebags #chloepaddington #viviennewestwood #collection",,mellowshy,2026-03-07T08:25:39.000Z,6871,28,63523,"[""07-ig-keyword-discovery""]","[""raw/07-ig-keyword-discovery-items.json#row=9""]",,,Video,False,https://www.instagram.com/popular/old-money-bags,[],handbag_context,lexical screening of creator caption/transcript; review source before bag-specific claims,not_available,2026-09-11,19,14
ig:DWY-mFRkc8F,instagram,https://www.instagram.com/p/DWY-mFRkc8F/,"Handbags are tools. Beautiful tools, yes… but still tools.

The moment you stop treating them like trophies
and start choosing them for how they serve your life - 
everything shifts.

You buy less, but better.
You reach for them more.
And your collection starts to feel like you.

Not the trend cycle. Not the pressure. Just you.

—

handbag collection tips, how to start a handbag collection, luxury handbags guide, designer bags worth buying, timeless handbags, building a handbag collection

#handbagcollection #luxuryhandbags #timelessstyle #designerbags #quietluxury",,ajda.nyc,2026-03-27T13:57:21.000Z,-1,13,813,"[""07-ig-keyword-discovery""]","[""raw/07-ig-keyword-discovery-items.json#row=10""]",,,Video,False,https://www.instagram.com/popular/handbag-quality,"[""designer_spend"", ""old_money"", ""outfit_upgrade"", ""logo_independence"", ""purchase_trigger""]",handbag_context,lexical screening of creator caption/transcript; review source before bag-specific claims,not_available,2026-09-11,8,3
ig:DVBn-NkDGs_,instagram,https://www.instagram.com/p/DVBn-NkDGs_/,"21.900тг, натуральная кожа",,qarash.brand,2026-02-21T15:42:55.000Z,5847,41,229020,"[""07-ig-keyword-discovery""]","[""raw/07-ig-keyword-discovery-items.json#row=11""]",,,Video,False,https://www.instagram.com/popular/old-money-bags,[],adjacent_fashion_or_other,lexical screening of creator caption/transcript; review source before bag-specific claims,not_available,2026-09-11,15,1
ig:DWZL0S_kcHY,instagram,https://www.instagram.com/p/DWZL0S_kcHY/,"Why aren’t we talking about these? Luxury materials without the price tag 

🔗 comment “MID RANGE BAGS” for links 🖤 #outfitinspo #bags #midrangebags #baginspo","But there are so many good mid-range bag companies that nobody promotes and nobody talks about. That stops right here, so let's go through them. This is called the Chocolate Eclair Bag. Pretty much three bags in one. You can wear it with a long strap, you can wear it with a short strap. Take the straps completely off, you have a clutch. She's perfect, she's so luxurious, made of real leather. Like, she's just the ultimate chic bag. $368. Another bag from the same company, and you can have your little short strap, you can have your crossbody strap, which I have a personal vendetta against crossbodies, but that's just me. It's perfect, this is a great work tote. This bag might be the chicest of them all. This is what she looks like. Looks incredibly expensive, so spacious. This brand is called Verified New York, by the way, and again, under $500. Another beautiful, beautiful bag. Literally insane reviews. I think this bag has five stars. The most gorgeous silhouette in a bunch of different colors. This bag is $268. Another bag, I love this bag so much. Don't need to spend three grand on a plastic bag to have a cool, chic bag. I love these. I personally think they look even chicer than the logo bags. As always, I love you guys, and follow for more.",nataliembode,2026-03-27T15:50:33.000Z,507,409,23201,"[""07-ig-keyword-discovery"", ""12-ig-discovery-transcripts""]","[""raw/07-ig-keyword-discovery-items.json#row=12"", ""raw/12-ig-discovery-transcripts-items.json#row=56""]",,,Video,False,https://www.instagram.com/p/DWZL0S_kcHY/,"[""designer_spend"", ""outfit_upgrade"", ""quality_material"", ""logo_independence"", ""work_polish"", ""travel_scale"", ""purchase_trigger""]",handbag_context,lexical screening of creator caption/transcript; review source before bag-specific claims,automatic_unverified,2026-09-11,80,0
ig:DVuAwyhEaZV,instagram,https://www.instagram.com/p/DVuAwyhEaZV/,"You don’t need to spend thousands for a beautiful, well-made bag. These luxury picks are all under $500 and still feel timeless, elevated, and worth the investment.

Which one is your favorite? 🤍

Comment SHOP for links sent to your DM!",,erica.lynn.ramos,2026-03-10T21:26:59.000Z,20,15,3433,"[""07-ig-keyword-discovery""]","[""raw/07-ig-keyword-discovery-items.json#row=13""]",,,Video,False,https://www.instagram.com/popular/handbag-quality,"[""designer_spend"", ""old_money"", ""outfit_upgrade""]",handbag_context,lexical screening of creator caption/transcript; review source before bag-specific claims,not_available,2026-09-11,9,0
ig:DQOg7J-jWrp,instagram,https://www.instagram.com/p/DQOg7J-jWrp/,"👜 *4 Handbags Every Old Money Woman Owns* 💫

1️⃣ **Tote Bag** — For everyday grace: work, errands, or brunch.
2️⃣ **Crossbody Purse** — Effortlessly chic for casual days.
3️⃣ **Statement Bag** — Perfect for elegant dinners & special moments.
4️⃣ **Clutch** — The finishing touch for night outs & parties.

✨ Because true elegance isn’t about *how many bags you own,*
it’s about *owning the right ones.* 💅",,imedgebykavitajithra,2025-10-25T09:14:24.000Z,17,0,3305,"[""07-ig-keyword-discovery""]","[""raw/07-ig-keyword-discovery-items.json#row=14""]",,,Video,False,https://www.instagram.com/popular/old-money-bags,"[""designer_spend"", ""old_money"", ""outfit_upgrade"", ""social_judgment""]",handbag_context,lexical screening of creator caption/transcript; review source before bag-specific claims,not_available,2026-09-11,0,0
ig:DWbx11ehg1I,instagram,https://www.instagram.com/p/DWbx11ehg1I/,"The biggest mistake when starting your handbag collection? Choosing style over lifestyle. Your first bag shouldn’t just look good; it should work for you.

From size and weight to structure, straps, and color, here’s how to choose an everyday bag you’ll actually use (and love). 

Save this before you buy your next bag, and let us know in the comments if you want a part two and your favorite everyday bags. #LuxuryBags #EverydayBags #Luxury",,lapatiala,2026-03-28T16:00:18.000Z,47,2,2129,"[""07-ig-keyword-discovery""]","[""raw/07-ig-keyword-discovery-items.json#row=15""]",,,Video,False,https://www.instagram.com/popular/handbag-quality,"[""outfit_upgrade"", ""quality_material"", ""travel_scale""]",handbag_context,lexical screening of creator caption/transcript; review source before bag-specific claims,not_available,2026-09-11,2,2
ig:DV9IaC6EazV,instagram,https://www.instagram.com/p/DV9IaC6EazV/,"Hot take: some of the best luxury handbags are under $500.

Beautiful materials, timeless shapes, and they instantly elevate an outfit… without the designer markup.

Save this list because these are good ones.

Comment BAGS and I’ll send you links to your DM! 👝","Four bags that are under $500 that feel like they're worth $5,000. This is for my minimal elevated girls. The Polay Numero Uno is beautifully structured, made of gorgeous leather, and has that sculptural European feel. If you're into soft, slouchy, effortless bags, then the Mansur Gavriel bucket bag is for you. The leather is buttery soft and they come in so many gorgeous colors. It's the perfect everyday throw-it-on bag. Now if you're looking for something a little more fashion-forward, I'm loving the Mod mini tote from Stodd. The handle gives it such an interesting detail and the distressed leather makes it perfect for day to night. Lastly, do not sleep on Coach. They've had an amazing comeback and the Chelsea shoulder bag is beyond chic. The leather quality is so good for the price point and the silhouette is classic but still on trend. Comment bags and I'll send you links for these four styles and don't forget to follow for more.",erica.lynn.ramos,2026-03-16T18:23:02.000Z,65,114,3765,"[""07-ig-keyword-discovery"", ""12-ig-discovery-transcripts""]","[""raw/07-ig-keyword-discovery-items.json#row=16"", ""raw/12-ig-discovery-transcripts-items.json#row=53""]",,,Video,False,https://www.instagram.com/p/DV9IaC6EazV/,"[""designer_spend"", ""old_money"", ""european_style"", ""euro_trip"", ""outfit_upgrade"", ""markup_skepticism"", ""quality_material"", ""travel_scale""]",handbag_context,lexical screening of creator caption/transcript; review source before bag-specific claims,automatic_unverified,2026-09-11,58,6
ig:DVY46jKknyt,instagram,https://www.instagram.com/p/DVY46jKknyt/,"You only need 5 bags…
The everyday, the statement, the evening, the travel, and the dream one 👜✨

Source: @petite.vault 

#LuxuryBags #BagCollection #CapsuleWardrobe #Hermes #Chanel #DesignerBags #QuietLuxury #BagGoals #FashionEssentials",,exclusivemansion,2026-03-02T16:33:25.000Z,34,1,7107,"[""07-ig-keyword-discovery""]","[""raw/07-ig-keyword-discovery-items.json#row=17""]",,,Video,False,https://www.instagram.com/popular/old-money-bags,"[""euro_trip"", ""outfit_upgrade"", ""logo_independence"", ""travel_scale""]",handbag_context,lexical screening of creator caption/transcript; review source before bag-specific claims,not_available,2026-09-11,0,0
ig:DWw2XKnEdVb,instagram,https://www.instagram.com/p/DWw2XKnEdVb/,"Comment “bags” or the specific bag you want and I’ll send you details (if you’re private dm me pls) - all of my vintage designer bags on here for under $600
#tomfordgucci #vintageceline #vintagelvbag #vintagefendibaguette #minispeedy","I'm selling all my vintage designer bags on here for under $600. DM me if you want any of these. Starting off incredibly strong, we have a mini Speedy with a strap. I'm selling Tom Ford Gucci for under $600. Love the G from that era. This is 1998 early Tom. Crazy good products that are under $500. This insane lime green one, orange one here, black pochette, two super cute sparkly ones. Gorgeous little Fendi. I am so obsessed. Cutest little Louis Vuittons. Ferragamo is so adorable. Every color is like perfect for spring. Super cute denim Celine. Somebody stop me. I got a bunch of Louis Vuitton vernis. Have this pochette and then I have two of the Wilshire. Love the way that the Louis Vuitton logo is embossed into the patent leather. Amazing Hermes totes. These two are not under $600 but they are amazing prices for a Fendi baguette. DM me or comment below if you want any of these bags. I seriously think they're going to go so fast because these prices are insane.",nikpollina_,2026-04-05T20:24:50.000Z,8507,7962,313997,"[""07-ig-keyword-discovery"", ""12-ig-discovery-transcripts""]","[""raw/07-ig-keyword-discovery-items.json#row=18"", ""raw/12-ig-discovery-transcripts-items.json#row=40""]",,,Video,False,https://www.instagram.com/p/DWw2XKnEdVb/,"[""designer_spend"", ""quality_material"", ""logo_independence""]",handbag_context,lexical screening of creator caption/transcript; review source before bag-specific claims,automatic_unverified,2026-09-11,80,4
ig:DZXja24oPYD,instagram,https://www.instagram.com/p/DZXja24oPYD/,#bag #luxurybag #baglover #shoulderbag #fashion foryou fyp ,,voneya8695,2026-06-09T14:12:09.000Z,73,8,7192,"[""07-ig-keyword-discovery""]","[""raw/07-ig-keyword-discovery-items.json#row=19""]",,,Video,False,https://www.instagram.com/popular/old-money-bags,[],handbag_context,lexical screening of creator caption/transcript; review source before bag-specific claims,not_available,2026-09-11,5,0
ig:DUzgCcTE6zD,instagram,https://www.instagram.com/p/DUzgCcTE6zD/,My top 5 favourite handbags. Blessed with a husband who appreciates fine taste 😂🩷,"Masa dia nak mengurat ai, tiba-tiba dia hantar beg ni dekat bawah rumah ai. Ini adalah top 5 favorite beg yang ai ada. So ini beg pertama yang my husband beli kat untuk ai. Ini belum kahwin. Masa dia nak mengurat ai, tiba-tiba dia hantar beg ni dekat bawah rumah ai. Dia macam, I have surprise for you. Waktu itu dah, wow! So ini adalah handbag yang ai akan ingat selama-lama-lamanya, okey? So next, this one. Kenapa ai suka? Sebab my husband juga yang belikan. Next! Ini comel kan? Kenapa ai suka? Sebab my husband juga yang belikan. Bukan ai yang beli. Beg yang ai sangat-sangat suka sebab my husband juga yang belikan. Dia cakap, eh cantiklah beg ni. Dia terus belikan. Last! So ini beg yang paling-paling-paling favorite. Ini dia snakeskin. Senang matching. Dia kecil. Tak kisah pergi mana-mana, ai akan bawa ni hari-hari. Memang dalam ni semua harian ai lah. Oh! Korang! Sayang! Betapa sukanya ai dekat Berryful Plus ni, ai bawa pergi mana-mana sampai handbag harian ai pun ada satu dalam ni. Untuk sesiapa yang nak menjaga badan, nak jaga pemakanan, yang nak pakai XS, nak pakai kebaya raya ni, sempat lagi, okey? Makan Berryful Plus ni satu hari, satu hingga dua tablet. Kalau nak dapatkan, klik je link Bio Vinaya Beauty punya IG. Selalunya satu botol ni RM69.90. Sekarang ni korang dapat discount dengan harga RM49.90 sahaja. Sangat worth it, okey? Letak balik, ai nak keluar. Bye guys! Siya!",intannajuwa,2026-02-16T04:04:26.000Z,23527,203,680055,"[""07-ig-keyword-discovery"", ""12-ig-discovery-transcripts""]","[""raw/07-ig-keyword-discovery-items.json#row=20"", ""raw/12-ig-discovery-transcripts-items.json#row=38""]",,,Video,False,https://www.instagram.com/p/DUzgCcTE6zD/,"[""designer_spend"", ""social_judgment"", ""purchase_trigger""]",handbag_context,lexical screening of creator caption/transcript; review source before bag-specific claims,automatic_unverified,2026-09-11,80,49
ig:DTXlDFdjCuv,instagram,https://www.instagram.com/p/DTXlDFdjCuv/,this is not for me no (maybe) this is for my future children so they have a cool vintage purse selection 👛😋🤣🤝,These are all the bags that I bought this year as you can see it's been a very big year of shopping starting off with my first purchase of the year which was this Rosa Cura Birkin 25 and I think this was my most favorite purchase of the year. How can it not be? She's just perfect. I also got this Chanel 25 this is my most recent purchase. I must say that these two bags are the pink bags that I use the most. It's so durable way more durable than the Birkin to be honest because it has this caviar leather. Another very very practical bag that I've worn all summer is this Alaya bag in this Bordeaux color. I got this one in Tokyo earlier this year and it has been one of my most used bags 10 out of 10. Would I get her again? No but I also love it because it's in a special color. I love this Alaya way more than this Alaya I bought. I also love her I mean she's very special because it's very cool like it has this cool opening. Wait let me show you. As you can see it doesn't open very very well and also it doesn't fit as much as the other Alaya. I would give this a 5 out of 10 also because it's already quite damaged. If you put things in here it literally gives you dents. Another bag that I got this year that I wore all summer is this Miu Miu pouch. I love it so much that I got the same for my manager. I actually didn't buy this bag myself so it doesn't really count. I got it as a gift from a guy I was dating. I like this bag because of the memories and she's so cute. I like it so much. I waited so long for this bag. It's a Murakami collection LV and this is the only LV purse I bought this year. I also got the matching passport holder because I think it's just so cute with all the cherries. I give it an 8 out of 10. You have to really like the style but I think it's really fun to have in the collection. Actually forgot I did buy another LV bag this year which is this denim pink. It's very Y2K. I don't wear her a lot. I would still give it a 7 out of 10 just because it's so cool. This Bottega clutch. Trust me it fits so much and I'm so happy I got the brown color instead of the black. I love this one so much and I got the white one and to be honest I used the brown one way more than the white. I think white is great to have in the collection. I feel like this would be the perfect wedding purse except I'm not getting married anytime soon. I feel like you really need to have the right outfit for it. I would rank this a 5 out of 10 and this one is just a 10 out of 10. I would get it again for sure. Another Bottega bag that I did not use very much. Actually I didn't use it a single time this year I think is this. I actually have the Andiamo in the East West in the brown size which is the longer version which I use a thousand times more. Quite hard to get stuff in and out so I would give it a 3 out of 10. Another bag I have barely used is this Chloe bag. I just feel like it's not really my style. I don't even know why I got it. This Saint Laurent bag in suede I think the color is gorgeous. Do I wear her as much as I would like to? Not really because it's very sensitive. I give it overall a 7 out of 10 just because it's so spacious and it just goes with everything. Like it even goes with this pink. I just spilled avocado everything bagels toppings inside in here so it kind of smells like it. This is why I don't wear her as much.,jihoon,2026-01-11T11:30:39.000Z,23091,114,628037,"[""07-ig-keyword-discovery"", ""12-ig-discovery-transcripts""]","[""raw/07-ig-keyword-discovery-items.json#row=21"", ""raw/12-ig-discovery-transcripts-items.json#row=55""]",,,Video,False,https://www.instagram.com/p/DTXlDFdjCuv/,"[""designer_spend"", ""outfit_upgrade"", ""quality_material"", ""seasonal_woven"", ""travel_scale"", ""gifting"", ""purchase_trigger""]",handbag_context,lexical screening of creator caption/transcript; review source before bag-specific claims,automatic_unverified,2026-09-11,67,28
ig:DWPcpwIkyCr,instagram,https://www.instagram.com/p/DWPcpwIkyCr/,"Me + bags are a match made in heaven 👜

By the way if you want my 500+ brand cheat sheet with some of my other favourite bag brands comment SHEET and I’ll send it!

#fashion #fashionfinds #styletips","Okay, one thing you should know about me is I'm literally obsessed with handbags and in particular really unique handbags. So I've put together some of my top favourites from some of the best brands. By the way, if you're new here, my name is Annalise and I give you all the best fashion finds. Okay, first off is this brand called Amy Shahab and they are known for this like massive buttery yellow bag. It's literally iconic. Like I see it all over my Pinterest. I love that they also do it as a black. Like this would be the perfect travel bag. They also just have some really cool other designs. So I'd definitely check them out. So there's this brand called Anime. They have these really cool detailing bags, especially with animal fur print. Also really love this one, especially with the silver buckle as well. Next is this New York brand called Verified and I just feel like the craftsmanship of their bags looks so high quality, in particular this one. Also really love these bags as well. I feel like this one is just so unique and cool. Okay, next I found these bags on Pinterest and I did some digging. From the designer Jill Sander, they are on the pricier side, but they're so cool. I also found this bag on Pinterest as well. It's from this brand called Escher Sonny. I really love the hardware on it, but I love their sky blue suede moment. It's so unique. Excellent backpacks. They have some really cute little bags like this one. Also love the red. I also came across this brand called Sue Ellen Samara and I love the belts. Like it's so cool. Okay, next is this brand called Arrest Tags. They have some really unique bags like this one. Also love this pink crock bag. Lastly, for a subtle moment, I love this new brand called Sticky Bestie. They have the most cutest summer clutches. I am obsessed with the polka dot though. Like they're my absolute favourite. In particular, how it's styled here.",annalise_salm,2026-03-23T21:08:09.000Z,3033,1100,87514,"[""07-ig-keyword-discovery"", ""12-ig-discovery-transcripts""]","[""raw/07-ig-keyword-discovery-items.json#row=22"", ""raw/12-ig-discovery-transcripts-items.json#row=20""]",,,Video,False,https://www.instagram.com/p/DWPcpwIkyCr/,"[""new_brand"", ""euro_trip"", ""outfit_upgrade"", ""quality_material"", ""seasonal_woven"", ""work_polish"", ""travel_scale""]",handbag_context,lexical screening of creator caption/transcript; review source before bag-specific claims,automatic_unverified,2026-09-11,80,2
ig:DWjtT1jDfxp,instagram,https://www.instagram.com/p/DWjtT1jDfxp/,packing my vintage mulberry 🥹💕🫶🏻 @twicelovedglasgowfashion what’s in my bag time #whatsinmybag #baghaul #vintagebags #newbag #whatisinmybag,,ewancosh,2026-03-31T17:58:02.000Z,-1,7,8324,"[""07-ig-keyword-discovery""]","[""raw/07-ig-keyword-discovery-items.json#row=23""]",,,Video,False,https://www.instagram.com/popular/old-money-bags,"[""travel_scale""]",handbag_context,lexical screening of creator caption/transcript; review source before bag-specific claims,not_available,2026-09-11,4,3
ig:CpK_T9GqZ3b,instagram,https://www.instagram.com/p/CpK_T9GqZ3b/,My favourites - if you are interested in buying any of these you can contact us at Love Luxury 😊 #handbags #handbaglover #designerbag,,loveluxury,2023-02-27T15:59:09.000Z,13992,184,1150698,"[""07-ig-keyword-discovery"", ""12-ig-discovery-transcripts""]","[""raw/07-ig-keyword-discovery-items.json#row=24"", ""raw/12-ig-discovery-transcripts-items.json#row=59""]",,,Video,False,https://www.instagram.com/p/CpK_T9GqZ3b/,"[""purchase_trigger""]",handbag_context,lexical screening of creator caption/transcript; review source before bag-specific claims,not_available,2026-09-11,80,53
ig:DWCQRZWjl7b,instagram,https://www.instagram.com/p/DWCQRZWjl7b/,"Timeless designer handbags are leading 2026 fashion searches, with structured silhouettes, neutral tones, and heritage brands dominating the quiet luxury aesthetic.

From classic leather totes to iconic shoulder bags and top-handle styles, these pieces are being styled for polished, everyday looks and elevated wardrobes.

Discover the most-wanted handbags and how they’re being styled—click the link in bio for more.
#fashion #style #handbag",,notablydressed,2026-03-18T18:06:59.000Z,-1,0,579,"[""07-ig-keyword-discovery""]","[""raw/07-ig-keyword-discovery-items.json#row=25""]",,,Video,False,https://www.instagram.com/popular/handbag-quality,"[""new_brand"", ""old_money"", ""outfit_upgrade"", ""quality_material"", ""logo_independence""]",handbag_context,lexical screening of creator caption/transcript; review source before bag-specific claims,not_available,2026-09-11,0,0
ig:DX7dAWHhtf8,instagram,https://www.instagram.com/p/DX7dAWHhtf8/,"Bags 👜 New Money VS Old Money
#luxurybags #oldmoney #newmoney #hermes #balenciaga",,looply_eliza,2026-05-04T19:50:07.000Z,4,2,1826,"[""07-ig-keyword-discovery""]","[""raw/07-ig-keyword-discovery-items.json#row=26""]",,,Video,False,https://www.instagram.com/popular/old-money-bags,"[""designer_spend"", ""old_money""]",handbag_context,lexical screening of creator caption/transcript; review source before bag-specific claims,not_available,2026-09-11,2,0
ig:DWZD-9EEs4T,instagram,https://www.instagram.com/p/DWZD-9EEs4T/,If you’re looking for a sign to treat yourself… this is it.🥂#tote #ootd #designerbag #luxuryunboxing #handbagaddict,,gracepullman927gvb,2026-03-27T14:50:24.000Z,1,0,36,"[""07-ig-keyword-discovery""]","[""raw/07-ig-keyword-discovery-items.json#row=27""]",,,Video,False,https://www.instagram.com/popular/handbag-quality,[],handbag_context,lexical screening of creator caption/transcript; review source before bag-specific claims,not_available,2026-09-11,0,0
ig:DHqsRoAsQeN,instagram,https://www.instagram.com/p/DHqsRoAsQeN/,"do we want a full bag tour? #designerbags #dior
#celine #designer #fashionreels #bagcollection #handbags",,steffieinthecity,2025-03-26T15:11:46.000Z,978,54,58674,"[""07-ig-keyword-discovery""]","[""raw/07-ig-keyword-discovery-items.json#row=28""]",,,Video,False,https://www.instagram.com/popular/affordable-luxury-bags,[],handbag_context,lexical screening of creator caption/transcript; review source before bag-specific claims,not_available,2026-09-11,24,8
ig:DNTT_G8JV1n,instagram,https://www.instagram.com/p/DNTT_G8JV1n/,"🧡🧡🧡

@luxury_ccom 

DM🔥",,msyypzho,2025-08-13T16:24:41.000Z,1438,45,170978,"[""07-ig-keyword-discovery""]","[""raw/07-ig-keyword-discovery-items.json#row=29""]",,,Video,False,https://www.instagram.com/popular/affordable-luxury-bags,[],adjacent_fashion_or_other,lexical screening of creator caption/transcript; review source before bag-specific claims,not_available,2026-09-11,13,3
ig:DWgfrM8DESy,instagram,https://www.instagram.com/p/DWgfrM8DESy/,"I’m such a handbag gal! I’ve learned over the years that luxury brands DO NOT equal the best quality. It’s 2026 and we have access to so many brands that are producing better quality handbags at great prices

There’s no point having an expensive handbag with no money in it, right?!

Comment SHOP and I’ll send you all the bag links 🫶🏼","My top ten: ten, nine, eight, seven, six, five, four, three, two, one.",jessieblue_,2026-03-30T11:58:16.000Z,27653,16861,2460369,"[""07-ig-keyword-discovery"", ""12-ig-discovery-transcripts""]","[""raw/07-ig-keyword-discovery-items.json#row=30"", ""raw/12-ig-discovery-transcripts-items.json#row=0""]",,,Video,False,https://www.instagram.com/p/DWgfrM8DESy/,"[""designer_spend"", ""quality_material""]",handbag_context,lexical screening of creator caption/transcript; review source before bag-specific claims,automatic_unverified,2026-09-11,48,10
ig:DWKZd8OBh1O,instagram,https://www.instagram.com/p/DWKZd8OBh1O/,"It’s a problem. 

#designer #handbagaddict #handbaglover #style #fashion",,pastandpresentconsignment,2026-03-21T22:00:00.000Z,-1,4,33478,"[""07-ig-keyword-discovery""]","[""raw/07-ig-keyword-discovery-items.json#row=31""]",,,Video,False,https://www.instagram.com/popular/handbag-quality,"[""outfit_upgrade""]",adjacent_fashion_or_other,lexical screening of creator caption/transcript; review source before bag-specific claims,not_available,2026-09-11,4,1
ig:DVly2LvjQpV,instagram,https://www.instagram.com/p/DVly2LvjQpV/,"If you love good design but not luxury price tags, these are some great handbag brands to know ✨⬆️",,stylesbyalaa,2026-03-07T16:51:37.000Z,-1,3,864,"[""07-ig-keyword-discovery""]","[""raw/07-ig-keyword-discovery-items.json#row=32""]",,,Video,False,https://www.instagram.com/popular/handbag-quality,"[""new_brand"", ""designer_spend""]",handbag_context,lexical screening of creator caption/transcript; review source before bag-specific claims,not_available,2026-09-11,2,1
ig:DKpXzP3A3ig,instagram,https://www.instagram.com/p/DKpXzP3A3ig/,"Stop buying this ! Comment “real” if you relate . 

The girl math alone on vintage luxury, designer bags has me hook line and sinker! 

A lot of these luxury designer, vintage bags are indeed investments , not that they’re gonna sell them , but if you need to! 

The timeless design the classic vide on some designer finds has luxury designer Hand Bag houses today reissuing these Vintage handbags!

Real Vs Fake is no contest it’s worth the buy. 

I’m not affiliated with any brand 

All brands represented belong to their respect, respective trademark and copyrights 

All bags are guaranteed authentic come with her authenticity certificate or your money back guaranteed 

#realvsfake #designerhandbags #designersourcing #handbagcollector #handbaglover #vintagedesigner",,vintageluxurysourcing,2025-06-08T16:27:56.000Z,481,68,30603,"[""07-ig-keyword-discovery""]","[""raw/07-ig-keyword-discovery-items.json#row=33""]",,,Video,False,https://www.instagram.com/popular/old-money-bags,"[""designer_spend"", ""old_money"", ""purchase_trigger""]",handbag_context,lexical screening of creator caption/transcript; review source before bag-specific claims,not_available,2026-09-11,39,6
ig:DWCTTyCDOeW,instagram,https://www.instagram.com/p/DWCTTyCDOeW/,"Part 3 of my personal designer handbag collection: small and evening bag edition ✨

Is 4 too many Medium Classic flap bags? I’m thinking of selling the white and perhaps replacing with a mini flap bag. But I will need months to ponder over it 😆

Part 4 coming soon featuring all my SLGs

#addictedtohandbags 

Please note we are not associated or affiliated with luxury designer brands sold",,addictedtohandbags1,2026-03-18T18:33:53.000Z,184,32,13333,"[""07-ig-keyword-discovery""]","[""raw/07-ig-keyword-discovery-items.json#row=34""]",,,Video,False,https://www.instagram.com/popular/handbag-quality,"[""old_money""]",handbag_context,lexical screening of creator caption/transcript; review source before bag-specific claims,not_available,2026-09-11,13,11
ig:DV9BIJqkVR9,instagram,https://www.instagram.com/p/DV9BIJqkVR9/,"If you love luxury handbags but not luxury prices… save this.

These 4 handbags under $500 look polished, timeless, and way more expensive than they are.

The kind of bags you’ll reach for every day.

Comment BAGS for links sent right to your DM! 👜",,erica.lynn.ramos,2026-03-16T17:19:21.000Z,1,0,328,"[""07-ig-keyword-discovery""]","[""raw/07-ig-keyword-discovery-items.json#row=35""]",,,Video,False,https://www.instagram.com/popular/handbag-quality,"[""designer_spend"", ""old_money"", ""outfit_upgrade""]",handbag_context,lexical screening of creator caption/transcript; review source before bag-specific claims,not_available,2026-09-11,0,0
ig:DWiRl9nDf9T,instagram,https://www.instagram.com/p/DWiRl9nDf9T/,"Cost per wear on my navy Pochette Metis = worth it. The more you use your bags, the smarter the purchase becomes💫

 #CostPerWear #LuxuryBags #DesignerBag #handbagloversletsfollow #luxuryonabudget 

***DISCLAIMER***
All items are authentic from my personal collection or photographed by me and NOT for sale. No affiliation to any brand. All posts are for entertainment purposes only.",,lillylux22,2026-03-31T04:38:06.000Z,-1,47,1585,"[""07-ig-keyword-discovery""]","[""raw/07-ig-keyword-discovery-items.json#row=36""]",,,Video,False,https://www.instagram.com/popular/handbag-quality,"[""designer_spend"", ""purchase_trigger""]",handbag_context,lexical screening of creator caption/transcript; review source before bag-specific claims,not_available,2026-09-11,24,6
ig:DVSFMyWDDJv,instagram,https://www.instagram.com/p/DVSFMyWDDJv/,"How to carry designer handbag the right way.

#DesignerBags #DesignerInspired #luxurywomen #womenfashion #usareels",,hannahatinsta,2026-02-28T01:06:51.000Z,1,0,140,"[""07-ig-keyword-discovery""]","[""raw/07-ig-keyword-discovery-items.json#row=37""]",,,Video,False,https://www.instagram.com/popular/handbag-quality,"[""social_judgment""]",handbag_context,lexical screening of creator caption/transcript; review source before bag-specific claims,not_available,2026-09-11,0,0
ig:DNoPkkKOTKB,instagram,https://www.instagram.com/p/DNoPkkKOTKB/,"My fav luxury bags for fall under $150!

Which one was your fav?? Let me know!!

#itbag 
#bagtrends 
#bagreview 
#affordablebags 
#whatsinmybag 
#bagoftheday 
#designerbags 
#affordableluxury 
#handbagshaul 
#designerfashion 
#budgetstyle 
#luxuryonabudget 
#bagrecommendation 
#affordablefashion 
#fallbags 
#fallbagtrend 
#fallbagcollection 
#fallbagstyle
#fallbagseason
#fallfashion2025
#fallstyle
#autumnbag
#autumnstyle","Let's have a tour of my favorite bags for this fall. This one is the cutest bag. I mean, look at this detail right here and the quality is 10 out of 10. This one has this strap and you can wear this as a crossbody. This one is gorgeous, perfect for a date night. Love the fall colors and the jostle strap. You can wear this one as a shoulder bag or as a crossbody. Another perfect bag for this fall. The color and the suede material, gorgeous. It has three compartments, so this bag looks small but it holds a lot. This one right here is so easy to wear. I'm a mom, so I need to use my hands all the time. Super cute. It has a gold chain and it comes in several sizes. Love the clean look of this one. Super classy, super cute. This one is perfect for my business girls because it will fit your laptop and all your stuff. This is the perfect everyday bag for this fall. It goes with everything and I mean, look at the shape. So cute. I love this one for a date night. Look at the color and the material. I mean, it's gorgeous. One of my favorites for this fall. I mean, look at the color, butter yellow, so so cute. And you can fit your phone right here. So convenient. Another on-the-go everyday bag. This one is a bucket bag and the canvas, I mean, perfect for this fall. I'm obsessed with this one. It's perfect for a date night. Also, when you don't want to carry a lot of stuff, I mean, look at this. It's very, very well made. Super cute. Comment on which one was your favorite.",caribbeanjo1,2025-08-21T19:34:03.000Z,129,91,8509,"[""07-ig-keyword-discovery"", ""12-ig-discovery-transcripts""]","[""raw/07-ig-keyword-discovery-items.json#row=38"", ""raw/12-ig-discovery-transcripts-items.json#row=52""]",,,Video,False,https://www.instagram.com/p/DNoPkkKOTKB/,"[""designer_spend"", ""old_money"", ""outfit_upgrade"", ""quality_material"", ""seasonal_woven"", ""work_polish"", ""travel_scale"", ""purchase_trigger""]",handbag_context,lexical screening of creator caption/transcript; review source before bag-specific claims,automatic_unverified,2026-09-11,50,8
ig:DVpM9LcDOH8,instagram,https://www.instagram.com/p/DVpM9LcDOH8/,"Quiet Luxury vs Statement Bag Guide.

#quietluxury #luxurybagguide #FashionEducation #fashionbag #USAStyleBlogger",,hannahatinsta,2026-03-09T00:37:39.000Z,0,0,37,"[""07-ig-keyword-discovery""]","[""raw/07-ig-keyword-discovery-items.json#row=39""]",,,Video,False,https://www.instagram.com/popular/handbag-quality,"[""old_money"", ""outfit_upgrade"", ""logo_independence""]",handbag_context,lexical screening of creator caption/transcript; review source before bag-specific claims,not_available,2026-09-11,0,0
ig:DSUPUC0iF5r,instagram,https://www.instagram.com/p/DSUPUC0iF5r/,"Top 3 designer bags for the cool girly this holiday season 🎁

#luxurybags #prada #louisvuitton #bottegavenetabag 

@prada @louisvuitton","Twenty-something-year-old who pays her own bills and doesn't come for money, these are the three bags that I would very highly recommend this holiday season. Starting off nice and strong with the Prada Bonnie. This is my recent acquisition, my dream bag of 2025. I have tried this bag on in Monaco, Lisbon, Amsterdam, Riyadh, Dubai, and then I pulled the trigger on it in Seoul, South Korea. The color is beautiful. I love that the Prada logo, if you see it here, is actually done with more of a burgundy color rather than the classical black that they have. It is also in gold, which is my favorite hardware color. The size is perfect. The color is gorgeous. The strap, because of how long it is, it is perfect for on the shoulder, even with a thicker coat. And if you're more interested in a crossbody, you get a crossbody strap as well. They also have different sizes, very small one. It doesn't necessarily fit too much, so I wouldn't recommend that. I have a different recommendation for that kind of bag. But this, I feel like, is the perfect work bag, university bag, everyday bag. It's gorgeous, and I cannot wait to break it in even further. I did say I was going to have a recommendation for a smaller bag, and for that one, I have my very, very beloved Louis Croissant. This is a vintage bag. I recommend the vintage one. I do not like the design of the new one. The vintage one absolutely eats. Yes, it is the monogram, which sometimes can be considered loud and people do not like, but it's brown on brown, so it's absolutely gorgeous. Also, you know that you're not going to be seeing a lot of people walking around with this, because it is a vintage bag. Last, but definitely not least, a bag that's kind of like in between the sizes, it's the Bottega Andiamo. I love this bag. I love these two. I love this bag. There is absolutely no fault in it. It is really soft when it comes to the leather, but I personally adore that, because it's like, it just feels so nice and so luxurious. And a lot of people are like, wow, the leather is so soft, it's going to wear and tear, but you're using it. Of course it's going to wear and tear. That's normal. That's character. It's going to wear and tear uniquely to you. That's what makes it beautiful, because it is unique to you. So if you are considering a Bottega, I've seen it in the wine red as well. Gorgeous. Any bag from Bottega really does the job, but the Andiamo, the Andiamo is by far, I'm in love. I know this is creepy, but if you do want to buy your significant other or yourself a bag over the holiday season, any one of these three is genuinely going to last for a lifetime.",keltoumm_,2025-12-16T07:42:07.000Z,14110,204,533007,"[""07-ig-keyword-discovery"", ""12-ig-discovery-transcripts""]","[""raw/07-ig-keyword-discovery-items.json#row=40"", ""raw/12-ig-discovery-transcripts-items.json#row=54""]",,,Video,False,https://www.instagram.com/p/DSUPUC0iF5r/,"[""designer_spend"", ""old_money"", ""euro_trip"", ""quality_material"", ""logo_independence"", ""seasonal_woven"", ""work_polish"", ""travel_scale""]",handbag_context,lexical screening of creator caption/transcript; review source before bag-specific claims,automatic_unverified,2026-09-11,80,54
ig:DFQvIehKmjm,instagram,https://www.instagram.com/p/DFQvIehKmjm/,"Best designer bags under $2500 ⬇️

These are the bags I would recommend & why!

- Saint Laurent Kate Bag: This is a great little bag that works for both day and night. Wear it as a crossbody bag or on the shoulder. Both the medium & small sizes are under $2500. The WOC is also a great option!

- Gucci GG Marmont Shoulder Bag: A practical everyday crossbody bag that’s quiet roomy for a small bag - definitely fits all the essentials.

- Louis Vuitton Neverfull MM: You can’t go wrong with a good tote! This is a great designer bag for work & both the canvas & leather versions come in at under $2500.

- Celine Nano Belt Bag: This is one of my long-time favourite Celine bags! It’s compact but fits a decent amount and I love that it also has a top handle.

- Fendi Baguette Mini: This is a great entry piece if you love mini bags & you’re looking for your first Fendi bag. 

- Celine Nano Luggage bag: I had to put this one on the list - it’s one of my old favourites that I still love & use to this day! I love a crossbody bag that also has a top handle - they are just so practical! This one fits SO much for a small bag.

Let me know your picks in the comments!

#baglover #bagcollection #luxurybags #designerbags #wardrobegoals #closetgoals #closetorganization",,fromluxewithlove,2025-01-25T20:12:10.000Z,-1,31,44041,"[""07-ig-keyword-discovery""]","[""raw/07-ig-keyword-discovery-items.json#row=41""]",,,Video,False,https://www.instagram.com/popular/affordable-luxury-bags,"[""euro_trip"", ""outfit_upgrade"", ""quality_material"", ""logo_independence"", ""travel_scale""]",handbag_context,lexical screening of creator caption/transcript; review source before bag-specific claims,not_available,2026-09-11,20,3
ig:DW9uOwukvFz,instagram,https://www.instagram.com/p/DW9uOwukvFz/,"Comment “Link” to shop my favorite affordable luxury bags 👜

#dailybag #baghaul #bagcollection #handbagcollection","My top ten. Ten, nine, eight, seven, six, five, four, three, two, one.",melissasollee,2026-04-10T20:24:44.000Z,4561,936,466564,"[""07-ig-keyword-discovery"", ""12-ig-discovery-transcripts""]","[""raw/07-ig-keyword-discovery-items.json#row=42"", ""raw/12-ig-discovery-transcripts-items.json#row=6""]",,,Video,False,https://www.instagram.com/p/DW9uOwukvFz/,"[""designer_spend""]",handbag_context,lexical screening of creator caption/transcript; review source before bag-specific claims,automatic_unverified,2026-09-11,74,0
ig:DWUM-6LEabR,instagram,https://www.instagram.com/p/DWUM-6LEabR/,"You don’t have to buy designer to get a quality bag.

Designer handbag prices are getting out of control… and most of what you’re paying for is markup, not better materials.

Atorie works directly with the same artisan workshops that produce luxury bags, so you’re getting real leather, beautiful structure, and that elevated feel… just without the $3k–$5k price tag.

I was honestly shocked when I felt these in person.

These are the kind of bags that give that “cool girl” look… without the designer markup.

The Row Peggy–inspired - multifunction, perfect for a night out

Dragon Diffusion–inspired - year-round, especially good for summer

Balenciaga–inspired - classic, everyday bag

These styles are all under $260.

If you’ve been wanting that expensive look without spending thousands, this is it.

Comment SHOP and I’ll send you the links.

#designerinspired #styleover40 #coolgirl #leatherhandbag #lookforless","Designer handbag prices are getting insane in 2026. So I found the source. It's called Ettore and they work directly with the artisan workshops that make the luxury bags. You're getting the same craftsmanship and the same leather without the massive retail markup. This is the It Girl bag for 2026. It looks just like the Peggy from the Row. It has the shoulder strap and a crossbody strap inside. It feels like butter and you can also wear it as a clutch. This woven one looks and feels just like my Dragon Diffusion bag. This one has the same silhouette bagel bag and it also has a crossbody strap inside. Can you believe all three of these are under $260? If you're interested, comment shop and I'll send you the links.",jillianstucker,2026-03-25T17:28:25.000Z,414,1475,37562,"[""07-ig-keyword-discovery"", ""12-ig-discovery-transcripts""]","[""raw/07-ig-keyword-discovery-items.json#row=43"", ""raw/12-ig-discovery-transcripts-items.json#row=34""]",,,Video,False,https://www.instagram.com/p/DWUM-6LEabR/,"[""designer_spend"", ""old_money"", ""outfit_upgrade"", ""markup_skepticism"", ""quality_material"", ""logo_independence"", ""seasonal_woven""]",handbag_context,lexical screening of creator caption/transcript; review source before bag-specific claims,automatic_unverified,2026-09-11,21,2
ig:DWR9jRdh2cc,instagram,https://www.instagram.com/p/DWR9jRdh2cc/,"If you’re building a luxury handbag collection from scratch, you need to start with a strategy.

An everyday essential, an elevated evening piece, something seasonal for summer and winter, and a timeless classic to anchor it all. That’s the formula for a collection that actually works. From airy statement styles like the Alaïa Mina Bag to forever icons like the Chanel Classic Flap Bag, every piece should serve a purpose, while still feeling undeniably you.

Save this as your blueprint before your next designer purchase. Let me know if you want a part two with my exact picks! #LuxuryHandbags #DesignerBags #CapsuleWardrobe #HandbagCollection @chanelofficial @maisonalaia",,lapatiala,2026-03-24T20:30:00.000Z,66,19,2957,"[""07-ig-keyword-discovery""]","[""raw/07-ig-keyword-discovery-items.json#row=44""]",,,Video,False,https://www.instagram.com/popular/handbag-quality,"[""old_money"", ""outfit_upgrade"", ""quality_material"", ""seasonal_woven""]",handbag_context,lexical screening of creator caption/transcript; review source before bag-specific claims,not_available,2026-09-11,11,5
ig:DWAmznQEUvg,instagram,https://www.instagram.com/p/DWAmznQEUvg/,"What is the best fashion purchase you’ve ever made?? ✨

The gorgeous @rhemybea shares which statement bags have been her best fashion investment & how they completely elevate a basic outfit every time.

Which bag vibe are you reaching for this season... statement piece or something classic? 

#coolgirlwears #elevatedstyle #chicbag #everydaybag",,coolgirlwears,2026-03-18T02:50:20.000Z,174,6,12957,"[""07-ig-keyword-discovery""]","[""raw/07-ig-keyword-discovery-items.json#row=45""]",,,Video,False,https://www.instagram.com/popular/handbag-quality,"[""old_money"", ""outfit_upgrade"", ""logo_independence"", ""seasonal_woven"", ""travel_scale""]",handbag_context,lexical screening of creator caption/transcript; review source before bag-specific claims,not_available,2026-09-11,5,4
ig:DEzlTFitiVD,instagram,https://www.instagram.com/p/DEzlTFitiVD/,"Reviewing some bags in my collection and reminding myself that I don't need to buy a NEW BAG even though I have just updated my WISHLIST 🙊🥹🥹

Which one is your favorite? 😍","Men I may not know, but shoes, shoes I know. I have this little problem. Expensive footwear. I've spent $40,000 on shoes and I have no place to live. I will literally be the old woman who lived in her shoes. Sometimes it's hard to walk in a single",adebola_t,2025-01-14T12:34:30.000Z,1697,114,64210,"[""07-ig-keyword-discovery"", ""12-ig-discovery-transcripts""]","[""raw/07-ig-keyword-discovery-items.json#row=46"", ""raw/12-ig-discovery-transcripts-items.json#row=47""]",,,Video,False,https://www.instagram.com/p/DEzlTFitiVD/,"[""designer_spend"", ""social_judgment"", ""purchase_trigger""]",handbag_context,lexical screening of creator caption/transcript; review source before bag-specific claims,automatic_unverified,2026-09-11,63,42
ig:DXVOOh9kQ3Q,instagram,https://www.instagram.com/p/DXVOOh9kQ3Q/,"Please message me for details 

#lvbags #diorbag #pradabag #louisvuitton #yslbag",,luxsource.co,2026-04-19T23:26:19.000Z,10,0,80,"[""07-ig-keyword-discovery""]","[""raw/07-ig-keyword-discovery-items.json#row=47""]",,,Video,False,https://www.instagram.com/popular/affordable-luxury-bags,[],adjacent_fashion_or_other,lexical screening of creator caption/transcript; review source before bag-specific claims,not_available,2026-09-11,0,0
ig:DNmCCilMNu9,instagram,https://www.instagram.com/p/DNmCCilMNu9/,New Arrivals Choose your favorite bag from here 😻♥️ #newcollection #luxury #newbag #bag #fashion,,zora.st0re,2025-08-20T22:59:25.000Z,56,44,17538,"[""07-ig-keyword-discovery""]","[""raw/07-ig-keyword-discovery-items.json#row=48""]",,,Video,False,https://www.instagram.com/popular/affordable-luxury-bags,"[""purchase_trigger""]",handbag_context,lexical screening of creator caption/transcript; review source before bag-specific claims,not_available,2026-09-11,21,2
ig:DGit5LyJaGI,instagram,https://www.instagram.com/p/DGit5LyJaGI/,These bags are working overtime in my closet 👜 more of my favorite bags in my shopmy,,livvperez,2025-02-26T16:20:17.000Z,-1,21,27663,"[""07-ig-keyword-discovery""]","[""raw/07-ig-keyword-discovery-items.json#row=49""]",,,Video,False,https://www.instagram.com/popular/affordable-luxury-bags,[],handbag_context,lexical screening of creator caption/transcript; review source before bag-specific claims,not_available,2026-09-11,14,7
ig:DGa5ahNMX3E,instagram,https://www.instagram.com/p/DGa5ahNMX3E/,Limited stock only!! Link in bio! #bags #bagslover #louisvuitton,僕らは何回だってきっと、そう何年経ってきっと、さよならと共に終わるだけなんだ仕方がないよ,_authy.x,2025-02-23T15:26:43.000Z,19556,298,2499148,"[""07-ig-keyword-discovery"", ""12-ig-discovery-transcripts""]","[""raw/07-ig-keyword-discovery-items.json#row=50"", ""raw/12-ig-discovery-transcripts-items.json#row=9""]",,,Video,False,https://www.instagram.com/p/DGa5ahNMX3E/,"[""purchase_trigger""]",handbag_context,lexical screening of creator caption/transcript; review source before bag-specific claims,automatic_unverified,2026-09-11,80,14
ig:DVZbEBLDHvc,instagram,https://www.instagram.com/p/DVZbEBLDHvc/,"3 ways to elevate your style instantly:😉
✅Invest in structure. ®
✅Stick to a signature color palette.
✅Never underestimate a statement bag.
We’ve sourced the best of the best this week so you don’t have to😊😊.
Which one
would you style first?🤔👜#fashion #handbag #bag #styledandsourced #luxurybags bag",,styledandsourced_sa,2026-03-02T21:35:39.000Z,3,0,137,"[""07-ig-keyword-discovery""]","[""raw/07-ig-keyword-discovery-items.json#row=51""]",,,Video,False,https://www.instagram.com/popular/handbag-quality,"[""outfit_upgrade""]",handbag_context,lexical screening of creator caption/transcript; review source before bag-specific claims,not_available,2026-09-11,0,0
ig:DHcHZwpyvme,instagram,https://www.instagram.com/p/DHcHZwpyvme/,"Comment “SUEDE” and I’ll send you all of the details to this beautiful bag that is perfect for spring 🌸 This designer bag is under $1K and such a great size for everyday! xx

#stylinbyaylin #unboxing #handbagobsessed #springhandbag",What if I was gone?,stylinbyaylin,2025-03-20T23:23:13.000Z,-1,401,147235,"[""07-ig-keyword-discovery"", ""12-ig-discovery-transcripts""]","[""raw/07-ig-keyword-discovery-items.json#row=52"", ""raw/12-ig-discovery-transcripts-items.json#row=35""]",,,Video,False,https://www.instagram.com/p/DHcHZwpyvme/,"[""quality_material"", ""travel_scale""]",handbag_context,lexical screening of creator caption/transcript; review source before bag-specific claims,automatic_unverified,2026-09-11,24,2
ig:DHn-pONT1xi,instagram,https://www.instagram.com/p/DHn-pONT1xi/,"China made Bags are just as good as anywhere on the planet! 💪

Why? Because we inherit the technology and craftmenship from europe 🥰

Send in the bag design that you love and we can give you a quote! 

#affordableluxurybags","Still think China-made bags are low quality? Hello, I'm Mr. Bao. Let me tell you something you don't know. For almost 10 years now, many of the European luxury brands have been making the bags in China. They send the production here but still write made in Italy or made in France. You can Google search online. Some of the big brands have been discovered that they have factories in China. This is why we already have the best technology, best leather, the most skilled craftsmen. We use the same machines, the same materials, and the same techniques. We produce what is known as luxury-grade bags. We use leather and the hardware from the same factory that supplies the European luxury brands. Our bags are beautifully made, the stitching, the edge, the leather, everything is near perfect. So even your friends who always carry designer bags will not notice. In fact, some of them may be already carrying our bags. We have over 10,000 types of bag styles, so if you see any bag you like, screenshot and send it to us, we will check and give you the best quote. Remember, you deserve to pay only for the craftsmanship, not just the name.",discreet_couture,2025-03-25T13:53:38.000Z,2027,158,134844,"[""07-ig-keyword-discovery"", ""12-ig-discovery-transcripts""]","[""raw/07-ig-keyword-discovery-items.json#row=53"", ""raw/12-ig-discovery-transcripts-items.json#row=44""]",,,Video,False,https://www.instagram.com/p/DHn-pONT1xi/,"[""new_brand"", ""designer_spend"", ""european_style"", ""euro_trip"", ""outfit_upgrade"", ""markup_skepticism"", ""quality_material""]",handbag_context,lexical screening of creator caption/transcript; review source before bag-specific claims,automatic_unverified,2026-09-11,80,44
ig:DENcmRnxd0j,instagram,https://www.instagram.com/p/DENcmRnxd0j/,"4 luxury bags under €500

#baginspo #affordableluxurybags #bagslover #outfitinspo #outfitinspiration",,timeasocol,2024-12-30T17:01:06.000Z,227,8,20652,"[""07-ig-keyword-discovery""]","[""raw/07-ig-keyword-discovery-items.json#row=54""]",,,Video,False,https://www.instagram.com/popular/affordable-luxury-bags,"[""designer_spend"", ""outfit_upgrade"", ""travel_scale""]",handbag_context,lexical screening of creator caption/transcript; review source before bag-specific claims,not_available,2026-09-11,3,0
ig:DXtUXg6BH2W,instagram,https://www.instagram.com/p/DXtUXg6BH2W/,"Elevated style without the elevated price. 🤎
This bag is the definition of a high‑quality luxe for less find — the perfect everyday essential that goes with literally everything.
🔗 in bio

#unboxing #designer #bag #luxeforless #bougieonabudget",,a_quiet_luxury_,2026-04-29T08:00:00.000Z,26,10,2130,"[""07-ig-keyword-discovery""]","[""raw/07-ig-keyword-discovery-items.json#row=55""]",,,Video,False,https://www.instagram.com/popular/affordable-luxury-bags,"[""designer_spend"", ""outfit_upgrade"", ""quality_material""]",handbag_context,lexical screening of creator caption/transcript; review source before bag-specific claims,not_available,2026-09-11,7,1
ig:DKzkvhDq8Pt,instagram,https://www.instagram.com/p/DKzkvhDq8Pt/,"Another day deinfluencing the girls from buying fakes ❌ nothing luxurious about it and you’re better off with an ‘inspired by’ high quality alternative that respects the original designer 😌 

#luxurybags #designerbags #affordableluxury #luxurylife",,nucchi_,2025-06-12T15:33:48.000Z,1776,37,58351,"[""07-ig-keyword-discovery""]","[""raw/07-ig-keyword-discovery-items.json#row=56""]",,,Video,False,https://www.instagram.com/popular/affordable-luxury-bags,"[""designer_spend"", ""quality_material"", ""purchase_trigger""]",adjacent_fashion_or_other,lexical screening of creator caption/transcript; review source before bag-specific claims,not_available,2026-09-11,26,16
ig:DSLgtUIkmC4,instagram,https://www.instagram.com/p/DSLgtUIkmC4/,"I swear by them 👜

#luxurybags",,eshitastic,2025-12-12T22:18:56.000Z,374,37,62074,"[""07-ig-keyword-discovery""]","[""raw/07-ig-keyword-discovery-items.json#row=57""]",,,Video,False,https://www.instagram.com/popular/affordable-luxury-bags,[],adjacent_fashion_or_other,lexical screening of creator caption/transcript; review source before bag-specific claims,not_available,2026-09-11,13,9
ig:DXm-M_ciNmX,instagram,https://www.instagram.com/p/DXm-M_ciNmX/,"To SHOP, comment: BAG, & I’ll send details immediately to you.
.
Elegant & timeless bag that is perfect for any season. One of my top seller bags of 2025. The quality is amazing and the price point is the perfect mid point between luxury and affordable brands. 
.
.
.
#ltkover40 #luxurybags",I'm sorry.,alinelowry,2026-04-26T20:52:48.000Z,1754,3495,188472,"[""07-ig-keyword-discovery"", ""12-ig-discovery-transcripts""]","[""raw/07-ig-keyword-discovery-items.json#row=58"", ""raw/12-ig-discovery-transcripts-items.json#row=14""]",,,Video,False,https://www.instagram.com/p/DXm-M_ciNmX/,"[""designer_spend"", ""old_money"", ""quality_material"", ""seasonal_woven""]",handbag_context,lexical screening of creator caption/transcript; review source before bag-specific claims,automatic_unverified,2026-09-11,44,0
ig:Cl2HtNBtl03,instagram,https://www.instagram.com/p/Cl2HtNBtl03/,"6 underrated handbags that I love! ✨I’m always drawn to  high quality bags with minimal branding. 🤍

https://liketk.it/3WD27 #baglover #bagcollection #classicstyle #stylereels",,lillyandgrant,2022-12-06T23:55:20.000Z,29969,149,1250057,"[""07-ig-keyword-discovery"", ""12-ig-discovery-transcripts""]","[""raw/07-ig-keyword-discovery-items.json#row=59"", ""raw/12-ig-discovery-transcripts-items.json#row=4""]",,,Video,False,https://www.instagram.com/p/Cl2HtNBtl03/,"[""new_brand"", ""old_money"", ""outfit_upgrade"", ""quality_material""]",handbag_context,lexical screening of creator caption/transcript; review source before bag-specific claims,not_available,2026-09-11,80,50
ig:DWElt7lDpSO,instagram,https://www.instagram.com/p/DWElt7lDpSO/,"Spring Europe travel capsule process! I basically do the “travel sudoku” method but I don’t like to repeat tops as often so I add more and it still fits in a carry on! 
Comment “link” for the link to my post with the full packing list and lots of outfit combos plus outfit links! 

#travelcapsule sudoku packing method, sudoku travel capsule, Europe spring travel capsule, European vacation travel capsule, European vacation capsule, vacation packing list, spring European vacation, carry on only travel capsule, carry on only vacation packing",,cbstyled,2026-03-19T15:53:53.000Z,2185,1243,172901,"[""07-ig-keyword-discovery""]","[""raw/07-ig-keyword-discovery-items.json#row=60""]",,,Video,False,https://www.instagram.com/popular/europe-fall-outfits,"[""european_style"", ""euro_trip"", ""outfit_upgrade"", ""logo_independence"", ""travel_scale""]",adjacent_fashion_or_other,lexical screening of creator caption/transcript; review source before bag-specific claims,not_available,2026-09-11,2,0
ig:Chxve5QLpzz,instagram,https://www.instagram.com/p/Chxve5QLpzz/,"Beautiful 1960’s Paco Rabanne style bag! Love the unique metal chain pattern attributed to the designer. Tagged Walborg, Hong Kong. 
🌟💛💫💫💫

THRIFT Fabulous!🌟

#thriftfashion #thrifted #vintagebag #thriftcouture #designerbags #pacorabanne #vintage #1960sfashion 
#thriftedfashion #thriftstyle #thriftwithme #thrifthaul #vintagefashion #vintagestyle #summerfashion #palmbeachstyle #palmbeachshopping #thriftstorefind #thrifting #thriftshopfind 
#summerstyle #coastalstyle #vintagehandbag #thriftfabulous",On the highway.,palmbeachthrifters,2022-08-27T20:59:32.000Z,23903,170,522920,"[""07-ig-keyword-discovery"", ""12-ig-discovery-transcripts""]","[""raw/07-ig-keyword-discovery-items.json#row=61"", ""raw/12-ig-discovery-transcripts-items.json#row=57""]",,,Video,False,https://www.instagram.com/p/Chxve5QLpzz/,"[""outfit_upgrade"", ""seasonal_woven""]",handbag_context,lexical screening of creator caption/transcript; review source before bag-specific claims,automatic_unverified,2026-09-11,80,37
ig:DWm-fTjjPe1,instagram,https://www.instagram.com/p/DWm-fTjjPe1/,"Luxury vibes without the price
Two adorable shoulder bags — one pink, one blue - both under $100!
Which one would you pick?
Grab them now, linked in my Bio ✨ 

#LuxuryBags
#DesignerBagAddict
#ChicAndClassy
#BagGoals
#LuxuryLifestyle",,elizabethmgaona,2026-04-02T00:24:38.000Z,330,35,2211,"[""07-ig-keyword-discovery""]","[""raw/07-ig-keyword-discovery-items.json#row=62""]",,,Video,False,https://www.instagram.com/popular/affordable-luxury-bags,"[""designer_spend"", ""old_money"", ""outfit_upgrade""]",handbag_context,lexical screening of creator caption/transcript; review source before bag-specific claims,not_available,2026-09-11,14,6
ig:DP8t35viVcZ,instagram,https://www.instagram.com/p/DP8t35viVcZ/,"Budget Bags Part 2💙

Feel free to message any of socials or through Miss L’s Viber at 0917-855-55-55.

The Trunk Ladies is not affiliated with any of the brands featured.

All copyrights remain the sole property of the brand holders.

#vintagedesigner #designerbags #handbagcollection #vintagebag #prelovedbags #prelovedbagsph #layawayplanph #onlyatthetrunkladies",,thetrunkladiescatalogue,2025-10-18T11:21:06.000Z,37,8,8573,"[""07-ig-keyword-discovery""]","[""raw/07-ig-keyword-discovery-items.json#row=63""]",,,Video,False,https://www.instagram.com/popular/old-money-bags,"[""designer_spend""]",handbag_context,lexical screening of creator caption/transcript; review source before bag-specific claims,not_available,2026-09-11,6,4
ig:DV7ZvweIZY2,instagram,https://www.instagram.com/p/DV7ZvweIZY2/,#bag #luxurybag #baglover #shoulderbag #fashion foryou fyp,,voneya8695,2026-03-16T02:14:59.000Z,10,4,1422,"[""07-ig-keyword-discovery""]","[""raw/07-ig-keyword-discovery-items.json#row=64""]",,,Video,False,https://www.instagram.com/popular/affordable-luxury-bags,[],handbag_context,lexical screening of creator caption/transcript; review source before bag-specific claims,not_available,2026-09-11,2,1
ig:DYSLF4qIDmV,instagram,https://www.instagram.com/p/DYSLF4qIDmV/,"I mean… right? 👸✨
.
.
.
.
.
.
.
old money aesthetic, quiet luxury, rich girl energy, Chanel inspired, designer bags, expensive taste, luxury fashion, feminine energy, it girl aesthetic, Paris luxury, classy lifestyle, wealthy aesthetic, luxury shopping, elegant style, rich girl era, couture vibes, sophisticated beauty, polished femininity, luxury lifestyle, fashion girl

#OldMoney #QuietLuxury #RichGirlEnergy #ItGirl #LuxuryLifesty",,darjawren,2026-05-13T15:32:26.000Z,-1,3,6059,"[""07-ig-keyword-discovery""]","[""raw/07-ig-keyword-discovery-items.json#row=65""]",,,Video,False,https://www.instagram.com/popular/old-money-bags,"[""designer_spend"", ""old_money"", ""european_style"", ""euro_trip"", ""outfit_upgrade"", ""logo_independence""]",handbag_context,lexical screening of creator caption/transcript; review source before bag-specific claims,not_available,2026-09-11,2,1
ig:DYpLrB9M-n7,instagram,https://www.instagram.com/p/DYpLrB9M-n7/,,,moda_canta2,2026-05-22T14:00:24.000Z,341,13,13178,"[""07-ig-keyword-discovery""]","[""raw/07-ig-keyword-discovery-items.json#row=66""]",,,Video,False,https://www.instagram.com/popular/old-money-bags,[],adjacent_fashion_or_other,lexical screening of creator caption/transcript; review source before bag-specific claims,not_available,2026-09-11,9,1
ig:DZ5YybMyYZp,instagram,https://www.instagram.com/p/DZ5YybMyYZp/,Taking a fake bag to the pawn shop,"So the other day I bought a fake Louis Vuitton bag in the middle of Times Square and got this guy down from over $100 to $50. And now I'm taking the bag to the pawn shop guy to see how good of a fake it is. I also have this Louis Vuitton bag that I bought in Times Square. Real legit looking dealer. Well, it's not a real legit looking bag. When they print it here, it bled through the backside. What do you think of the bag? Is it a nice bag? I don't know, it's 100% fake. So your stitching's all, it's not super tight and they're not super spaced together good. Well, the one thing I noticed is like right here. Yeah, the glue. This is actually a Louis Vuitton wallet. Probably 10 years old. See how tight those stitches are? As opposed to, you can see the spaces between the stitches on that one. I also noticed the leather felt really soft. Yeah, it almost feels like plastic with padding behind it, doesn't it? It's got a clunky smell too. What'd you get for that? 50 bucks. You thought you were going to get a Louis Vuitton bag for 50 bucks? No, I knew it was fake. What do you think? Is it worth 50 bucks? No. No? What's it worth? Let me sell $2. $2?",dylanayres_,2026-06-22T17:33:45.000Z,5166,95,861655,"[""07-ig-keyword-discovery"", ""12-ig-discovery-transcripts""]","[""raw/07-ig-keyword-discovery-items.json#row=67"", ""raw/12-ig-discovery-transcripts-items.json#row=28""]",,,Video,False,https://www.instagram.com/p/DZ5YybMyYZp/,"[""designer_spend"", ""social_judgment"", ""quality_material"", ""travel_scale"", ""purchase_trigger""]",handbag_context,lexical screening of creator caption/transcript; review source before bag-specific claims,automatic_unverified,2026-09-11,68,56
ig:DXHN9y1CnR6,instagram,https://www.instagram.com/p/DXHN9y1CnR6/,"Premium Preloved Mix Bags And Purses. 
All Genuine and Designer Bags. 
Best Quality. Almost 80% Fresh.
Best Resale Value Deal for All  Resellers.
10 Kg Ka box Sirf 18000 With Free Delivery. 26 se 30pcs.
Order Ke Liye Visit Website mayaaronline.com Ya WhatsApp pe raabta krain

03392022210  ya 03250629227",,mayaaronlinepk,2026-04-14T12:55:30.000Z,85,20,11282,"[""07-ig-keyword-discovery""]","[""raw/07-ig-keyword-discovery-items.json#row=68""]",,,Video,False,https://www.instagram.com/popular/old-money-bags,"[""quality_material"", ""purchase_trigger""]",handbag_context,lexical screening of creator caption/transcript; review source before bag-specific claims,not_available,2026-09-11,8,4
ig:DVjIggIjgow,instagram,https://www.instagram.com/p/DVjIggIjgow/,"When people imagine packing for ten days in Europe, they often picture ten outfits.

In reality, the goal is much simpler: build a small wardrobe where everything works together.

Instead of thinking in outfits, I plan in layers and combinations. A few well-chosen pieces can create far more than ten looks once you start mixing them thoughtfully.

When I’m packing for a trip like this, I walk through a simple framework:
• Start with a base palette. Choose two or three core colors so everything mixes easily.�• Add layers that cooperate. A knit, a blazer, and a coat should all work together comfortably.�• Choose bottoms that repeat well. Trousers, denim, or a skirt that can anchor multiple outfits.�• Pack shoes that support the itinerary. One true walking shoe, one polished option, and one that slightly elevates the wardrobe.�• Make sure every piece works at least three ways.

Once those pieces are in place, the combinations come naturally. Getting dressed becomes easy because everything already belongs together.

This is exactly the approach I used to create my Spring in Europe: The Style + Packing Guide.

Inside the 47-page guide, I’ve taken the guesswork out of it. Along with curated packing picks across categories like sweaters, tops, and shoes, I’ve styled seven complete suitcases so you can see exactly how everything works together before you even zip your bag.

The goal isn’t simply to look polished in Europe. It’s to feel confident and prepared in everything you packed.

✨ Spring in Europe: The Style + Packing Guide is now available!

💬 Comment SPRING and I’ll send you the link.

👉 Follow @stylepackgo for smart, effortless travel style
—————————————————————————————————
I’m Moira, and I’m obsessed with solving the hardest part of travel: what to pack.
Follow along for practical packing and style advice that actually works on the road.

.�.�.
#stylepackgo #packrightnotlight #whatyouwearmatters #travelwell #smarttravelstyle
Effortless Travel Style | Travel Wardrobe Edit | Smart Packing | Chic Travel Wardrobe",The police are investigating a series of break-ins.,stylepackgo,2026-03-06T16:02:38.000Z,211,423,26065,"[""07-ig-keyword-discovery"", ""12-ig-discovery-transcripts""]","[""raw/07-ig-keyword-discovery-items.json#row=69"", ""raw/12-ig-discovery-transcripts-items.json#row=26""]",,,Video,False,https://www.instagram.com/p/DVjIggIjgow/,"[""european_style"", ""euro_trip"", ""outfit_upgrade"", ""social_judgment"", ""quality_material"", ""travel_scale""]",handbag_context,lexical screening of creator caption/transcript; review source before bag-specific claims,automatic_unverified,2026-09-11,80,0
ig:DUgsT3-Aor9,instagram,https://www.instagram.com/p/DUgsT3-Aor9/,"Luxury look, thrift price.
Statement bags that elevate every outfit without breaking the bank.
First come, first served 🤎👜

#thriftfinds #thriftbags #affordableluxury #baglovers #thriftstorefinds",,chiomz_okworld,2026-02-08T21:01:17.000Z,60,6,11828,"[""07-ig-keyword-discovery""]","[""raw/07-ig-keyword-discovery-items.json#row=70""]",,,Video,False,https://www.instagram.com/popular/old-money-bags,"[""designer_spend"", ""outfit_upgrade"", ""travel_scale""]",handbag_context,lexical screening of creator caption/transcript; review source before bag-specific claims,not_available,2026-09-11,2,0
ig:DZpmcoOtlmY,instagram,https://www.instagram.com/p/DZpmcoOtlmY/,"Which one of the purse are you picking 
Contact us @male_trads and we will deliver ❤️❤️❤️",,jidegoldalaga,2026-06-16T14:31:22.000Z,239,23,11699,"[""07-ig-keyword-discovery""]","[""raw/07-ig-keyword-discovery-items.json#row=71""]",,,Video,False,https://www.instagram.com/popular/old-money-bags,"[""purchase_trigger""]",handbag_context,lexical screening of creator caption/transcript; review source before bag-specific claims,not_available,2026-09-11,15,6
ig:DZ0Q9KMgKFy,instagram,https://www.instagram.com/p/DZ0Q9KMgKFy/,THE BEST summer bags! New drop this Sunday at 20:30BST 💚,,break.archive,2026-06-20T17:49:13.000Z,918,15,33527,"[""07-ig-keyword-discovery""]","[""raw/07-ig-keyword-discovery-items.json#row=72""]",,,Video,False,https://www.instagram.com/popular/old-money-bags,"[""seasonal_woven"", ""purchase_trigger""]",handbag_context,lexical screening of creator caption/transcript; review source before bag-specific claims,not_available,2026-09-11,11,4
ig:DVyUAw8FDKj,instagram,https://www.instagram.com/p/DVyUAw8FDKj/,"Most women pack outfits for Europe. The smarter move is packing pieces that work together.
A small travel wardrobe. Comfortable walking shoes. A simple color palette.

That’s how you travel for a week with just a carry-on and still look polished.

Comment PACK and I’ll send you my Spring 5-4-3-2-1 Europe carry-on list.

Follow @martinisandcarryons for more carry-on packing tips and elegant travel style.

carry-on packing tips, Europe packing list, travel capsule",,martinisandcarryons,2026-03-12T13:30:00.000Z,86,492,8020,"[""07-ig-keyword-discovery""]","[""raw/07-ig-keyword-discovery-items.json#row=73""]",,,Video,False,https://www.instagram.com/popular/europe-fall-outfits,"[""old_money"", ""european_style"", ""euro_trip"", ""outfit_upgrade"", ""social_judgment"", ""travel_scale""]",adjacent_fashion_or_other,lexical screening of creator caption/transcript; review source before bag-specific claims,not_available,2026-09-11,15,0
ig:DVq8AlADT9e,instagram,https://www.instagram.com/p/DVq8AlADT9e/,"✈️ My Non-Negotiable Travel Must-Haves

After years of traveling, I’ve learned this:
Comfort is essential. Polish is optional — but I choose it anyway.

Here’s what I always pack:

• Black travel pants – Lululemon
Polished, comfortable, and they hold their shape through long travel days. The backbone of my travel wardrobe.

• A versatile black top – Before & Again
I adjust the weight depending on the weather, but a great black top is the foundation of everything.

• Chic + supportive sneakers – Vionic
Support without looking overly athletic. Perfect for airports, cobblestones, and long city walks.

• A travel scarf (mine is decades old)
Adds warmth, polish, and personality. And yes — I always reach for it.

• A reversible vest or jacket – Jayshree Dakal

Double the wear, double the impact. Two looks, one piece. That’s smart packing.

• Lightweight performance jacket – Vuori
Rain-repellent, breathable, and layers beautifully for unpredictable weather.

• Hands-free crossbody – Modern and Chic
Comfortable, organized, and roomy without feeling bulky. Capacity matters when you travel.

My Travel Formula:

Neutrals + layering + pieces that multitask.
Comfortable enough for long days. Polished enough for dinner.

#styleover60 #agelessstyle #over60andfabulous #travelessentials #fashionwisebyann",,fashionwisebyann,2026-03-09T16:47:05.000Z,271,28,19617,"[""07-ig-keyword-discovery""]","[""raw/07-ig-keyword-discovery-items.json#row=74""]",,,Video,False,https://www.instagram.com/popular/europe-fall-outfits,"[""euro_trip"", ""outfit_upgrade"", ""quality_material"", ""travel_scale""]",adjacent_fashion_or_other,lexical screening of creator caption/transcript; review source before bag-specific claims,not_available,2026-09-11,15,10
ig:DLh5lpAoogu,instagram,https://www.instagram.com/p/DLh5lpAoogu/,"Golden mini statement bag in just Rs. 2000

#mi̇ni̇bag #metallicminibag",,daisy.vault,2025-06-30T15:19:04.000Z,181,18,34847,"[""07-ig-keyword-discovery""]","[""raw/07-ig-keyword-discovery-items.json#row=75""]",,,Video,False,https://www.instagram.com/popular/old-money-bags,[],handbag_context,lexical screening of creator caption/transcript; review source before bag-specific claims,not_available,2026-09-11,8,1
ig:DNk1Jk2BiK5,instagram,https://www.instagram.com/p/DNk1Jk2BiK5/,"Bags that scream OLD MONEY that every Elegant Woman must have 💼🪄

Save this reel classy ladies for the next time you want to purchase 🛍️ 
Share who needs to see this
Follow for more classy contents @imimoshree 

#oldmoneystyle #oldmoneyfashion #classybags #oldmoneybags #timelessfashion #stylenmimo #ａｅｓｔｈｅｔｉｃ #pinterestinspired #smallcreatorsupport #womenfashion #classywomen #smallcreator",,imimoshree,2025-08-20T11:44:02.000Z,-1,0,375,"[""07-ig-keyword-discovery""]","[""raw/07-ig-keyword-discovery-items.json#row=76""]",,,Video,False,https://www.instagram.com/popular/old-money-bags,"[""designer_spend"", ""old_money"", ""outfit_upgrade"", ""social_judgment""]",handbag_context,lexical screening of creator caption/transcript; review source before bag-specific claims,not_available,2026-09-11,0,0
ig:DJHZACWxDqW,instagram,https://www.instagram.com/p/DJHZACWxDqW/,Bored of seeing the same black bags everywhere? Here’s what you need that looks exclusive and leaves people wondering 🤩🤩#fleashoppers  #bags #oldmoneybags #exclusivebags,,ashry.in,2025-05-01T15:10:00.000Z,-1,16,26207,"[""07-ig-keyword-discovery""]","[""raw/07-ig-keyword-discovery-items.json#row=77""]",,,Video,False,https://www.instagram.com/popular/old-money-bags,"[""designer_spend"", ""logo_independence""]",handbag_context,lexical screening of creator caption/transcript; review source before bag-specific claims,not_available,2026-09-11,8,0
ig:DWANxYblAS8,instagram,https://www.instagram.com/p/DWANxYblAS8/,"After years of traveling with only a carry-on, these are 3 things I stopped packing for spring trips to Europe:

1- Heels -European cities are made for walking and a polished flat works everywhere. 2-Multiple handbags-one everyday bag and a thin clutch for nights out is plenty. 3-“Just in case” outfits-they almost never get worn.

Comment LINKS and I’ll send the pieces I pack for spring travel.

#carryonpacking #packforEurope #springtravel","After years of traveling to Europe with just a carry-on, there are three things I simply stopped packing. First, heels. European cities are made for walking, and a polished flat works everywhere. Second, multiple handbags. I bring one everyday bag and a thin clutch for nights out. And third, just-in-case outfits. Once you stop packing those three things, a carry-on is actually more than enough.",martinisandcarryons,2026-03-17T23:05:00.000Z,95,252,7145,"[""07-ig-keyword-discovery"", ""12-ig-discovery-transcripts""]","[""raw/07-ig-keyword-discovery-items.json#row=78"", ""raw/12-ig-discovery-transcripts-items.json#row=49""]",,,Video,False,https://www.instagram.com/p/DWANxYblAS8/,"[""european_style"", ""euro_trip"", ""outfit_upgrade"", ""travel_scale""]",handbag_context,lexical screening of creator caption/transcript; review source before bag-specific claims,automatic_unverified,2026-09-11,24,0
ig:DYa-DXIB92_,instagram,https://www.instagram.com/p/DYa-DXIB92_/,Ever Had a 100-Year-Old Coin Purse? The Vibe Is Chef’s Kiss 🪙,,gearvelvoa,2026-05-17T01:30:00.000Z,246,1,118631,"[""07-ig-keyword-discovery""]","[""raw/07-ig-keyword-discovery-items.json#row=79""]",,,Video,False,https://www.instagram.com/popular/old-money-bags,[],handbag_context,lexical screening of creator caption/transcript; review source before bag-specific claims,not_available,2026-09-11,0,0
ig:DVTmoAvCg17,instagram,https://www.instagram.com/p/DVTmoAvCg17/,"I’m obsessed with how practical she is 🤎
She fits everything I need ✨
.
SOLD OUT 🚫🚫",,rinora_b_n_,2026-02-28T15:18:36.000Z,14,0,386,"[""07-ig-keyword-discovery""]","[""raw/07-ig-keyword-discovery-items.json#row=80""]",,,Video,False,https://www.instagram.com/popular/handbag-quality,"[""travel_scale"", ""purchase_trigger""]",adjacent_fashion_or_other,lexical screening of creator caption/transcript; review source before bag-specific claims,not_available,2026-09-11,0,0
ig:DWbvmpSxtE7,instagram,https://www.instagram.com/p/DWbvmpSxtE7/,"Pack Europe Like a Pro: Capsule Wardrobe + Carry-On Only 
This is exactly how I pack for Europe and river cruises—carry-on only, layered, and effortlessly chic ✨
The secret? A capsule wardrobe + smart layers + the right essentials so you’re ready for cobblestones, changing weather, and long sightseeing days without overpacking.
🔌 Don’t skip the portable charger
👟 Your walking shoes matter more than anything
🧳 And yes… everything fits in a carry-on
🛍 Shop all my Europe travel essentials here:
https://www.amazon.com/shop/laineymelnick
🌍 Ready for Europe?
Let me design your perfect river cruise or custom itinerary with Dream Vacations – Lainey Melnick & Associates
#TravelSmart #PackingTips #EuropeTravel #LuxuryTravel",,laineymelnick,2026-03-28T15:40:00.000Z,1,0,303,"[""07-ig-keyword-discovery""]","[""raw/07-ig-keyword-discovery-items.json#row=81""]",,,Video,False,https://www.instagram.com/popular/europe-fall-outfits,"[""european_style"", ""euro_trip"", ""outfit_upgrade"", ""travel_scale""]",adjacent_fashion_or_other,lexical screening of creator caption/transcript; review source before bag-specific claims,not_available,2026-09-11,0,0
ig:DWWgQIbjqbW,instagram,https://www.instagram.com/p/DWWgQIbjqbW/,"When Americans pack for Europe, we tend to pack for variety. Different outfits for different moments. A few options for each day. Pieces that feel specific — one for dinner, one for sightseeing, something else for “just in case.”

The suitcase fills up quickly. What actually works is something much simpler. The same pieces, worn in different ways:
A pair of trousers that shows up multiple times (and always looks and feels great).�A knit that layers under a jacket or stands on its own.�Shoes you reach for again and again because they work with everything.�A coat that pulls the entire wardrobe together.

Instead of planning for variety, you’re building something cohesive. And that’s what makes getting dressed in Europe feel easy. You’re not standing in your hotel room trying to decide what works. You already know everything does.

That’s exactly the approach I used in my Spring in Europe: The Style + Packing Guide.

Inside the 47-page guide, I’ve styled complete suitcases and included my curated picks across categories like sweaters, tops, bottoms, coats and jackets, shoes, and accessories (with links to purchase)— so you can see how everything works together before you even start packing. Let me take the decision fatigue and stress out of your packing. 

Because packing well for Europe isn’t about having more options. It’s about having the right ones — and wearing them often.

✨ Spring in Europe: The Style + Packing Guide is now available.
💬 Comment EUROPE and I’ll send you the link.

👉 Follow @stylepackgo for smart, effortless travel style
—————————————————————————————————
I’m Moira, and I’m obsessed with solving the hardest part of travel: what to pack.
Follow along for practical packing and style advice that actually works on the road.

.�.�.
#stylepackgo #packrightnotlight #whatyouwearmatters #travelwell #smarttravelstyle
Effortless Travel Style | Travel Wardrobe Edit | Smart Packing | Chic Travel Wardrobe",,stylepackgo,2026-03-26T14:51:15.000Z,44,108,10728,"[""07-ig-keyword-discovery""]","[""raw/07-ig-keyword-discovery-items.json#row=82""]",,,Video,False,https://www.instagram.com/popular/europe-fall-outfits,"[""european_style"", ""euro_trip"", ""outfit_upgrade"", ""travel_scale""]",adjacent_fashion_or_other,lexical screening of creator caption/transcript; review source before bag-specific claims,not_available,2026-09-11,15,1
ig:DWL_6qZDHSS,instagram,https://www.instagram.com/p/DWL_6qZDHSS/,"9 pieces, 27 outfits. Save for your next trip!�
And follow along @jeanwang where I share realistic, chic outfit ideas that make getting dressed easier!��You can also comment “TRAVEL” to get links for all the exact items shown here sent to your dms.

The Sudoku method is a genius way to plan, organize, and visualize all of your outfit options in one snapshot. Here’s my packing list for a spring capsule that’s great for city / sightseeing / Europe vacations or just everyday wear:

👚Tops:
Quality white cotton tee
Lightweight draped knit shirt
Dressier top

🧥Layers:
Water-resistant long jacket
Shorter jacket or casual blazer
Cardigan sweater

👖Bottoms:
Super soft jeans
No-wrinkle trousers
Cotton midi skirt

👟Shoes:
Comfortable, supportive sneakers
A more polished flat like ballets or loafers
Optional: kitten heel, or sandals depending on where you’re going

Everything here is also petite-friendly since I’m 5 feet tall, and comes in regular and taller sizing too!

#howtostyle#europetrip#packingtips 
https://liketk.it/61wbW (affiliate links used)",,jeanwang,2026-03-22T12:56:51.000Z,132542,1922,5797915,"[""07-ig-keyword-discovery""]","[""raw/07-ig-keyword-discovery-items.json#row=83""]",,,Video,False,https://www.instagram.com/popular/europe-fall-outfits,"[""european_style"", ""euro_trip"", ""outfit_upgrade"", ""quality_material"", ""travel_scale""]",adjacent_fashion_or_other,lexical screening of creator caption/transcript; review source before bag-specific claims,not_available,2026-09-11,15,0
ig:DV7bqUDTCA_,instagram,https://www.instagram.com/p/DV7bqUDTCA_/,"Traveling across multiple cities in Europe?

You don’t need different outfits for each city.

A simple formula works almost everywhere:

• neutral knit/top/tshirt
• classic trousers/jeans
• tailored coat
• comfortable shoes

Minimal, timeless, and perfect for exploring cities like Paris, Rome, and Amsterdam.

Save this before your trip 🇪🇺

#europeoutfits #travelcapsulewardrobe #travelstyle #europetravel",,travelstyleeurope,2026-03-16T02:30:00.000Z,1,0,201,"[""07-ig-keyword-discovery""]","[""raw/07-ig-keyword-discovery-items.json#row=84""]",,,Video,False,https://www.instagram.com/popular/europe-fall-outfits,"[""old_money"", ""european_style"", ""euro_trip"", ""outfit_upgrade"", ""travel_scale""]",adjacent_fashion_or_other,lexical screening of creator caption/transcript; review source before bag-specific claims,not_available,2026-09-11,0,0
ig:DGYwFjXAeMm,instagram,https://www.instagram.com/p/DGYwFjXAeMm/,The most old money bags ⚜️🖤 #oldmoney #oldmoneybags #oldmoneyculture #oldmoneyaesthetic #oldmoneystyle #fashioninspo #elegant #luxurylifestyle #oldmoneyoutfits #chanel #dior #polene #celine #hermes #fashionbag #designerbags #elegantfashion #elegantoutfit,,old.money.is.lifestyle,2025-02-22T19:26:25.000Z,546,0,19761,"[""07-ig-keyword-discovery""]","[""raw/07-ig-keyword-discovery-items.json#row=85""]",,,Video,False,https://www.instagram.com/popular/old-money-bags,"[""designer_spend"", ""old_money"", ""european_style"", ""outfit_upgrade"", ""travel_scale""]",handbag_context,lexical screening of creator caption/transcript; review source before bag-specific claims,not_available,2026-09-11,0,0
ig:DWbguQIBF1Z,instagram,https://www.instagram.com/p/DWbguQIBF1Z/,"Packing light can make travel easier. Fewer bags. Less to carry. Simpler decisions. But on its own, it doesn’t guarantee that your suitcase will work.

What matters more is how the pieces function together once you arrive.

A small suitcase filled with items that don’t quite cooperate can feel just as frustrating as an overpacked one. You still end up changing, adjusting, or wishing you had brought something else.
The trips that feel the easiest tend to have something else in common. The wardrobe works.

Layers sit comfortably together (try them on before you pack them!).�Shoes support the day ahead.�Pieces repeat without feeling repetitive.�Getting dressed takes very little thought.

It’s not always about bringing less. It’s about bringing pieces that make sense together.
That’s exactly the approach I use in my Spring in Europe: The Style + Packing Guide, where I show how to build a suitcase that feels cohesive, flexible, and easy to wear once you’re there.
Because packing well isn’t measured by how little you bring. It’s measured by how easily everything works.

✨ Spring in Europe: The Style + Packing Guide is now available.
💬 Comment EUROPE and I’ll send you the link.

👉 Follow @stylepackgo for smart, effortless travel style
—————————————————————————————————
I’m Moira, and I’m obsessed with solving the hardest part of travel: what to pack.
Follow along for practical packing and style advice that actually works on the road.

.�.�.
#stylepackgo #packrightnotlight #whatyouwearmatters #travelwell #smarttravelstyle
Effortless Travel Style | Travel Wardrobe Edit | Smart Packing | Chic Travel Wardrobe",네가 내린,stylepackgo,2026-03-28T13:30:00.000Z,59,118,12706,"[""07-ig-keyword-discovery"", ""12-ig-discovery-transcripts""]","[""raw/07-ig-keyword-discovery-items.json#row=86"", ""raw/12-ig-discovery-transcripts-items.json#row=24""]",,,Video,False,https://www.instagram.com/p/DWbguQIBF1Z/,"[""european_style"", ""euro_trip"", ""outfit_upgrade"", ""travel_scale""]",handbag_context,lexical screening of creator caption/transcript; review source before bag-specific claims,automatic_unverified,2026-09-11,80,1
ig:DWY-k7SD6cT,instagram,https://www.instagram.com/p/DWY-k7SD6cT/,"Less, but better ✨

Clean lines. Timeless elegance.

Message me to see more 💌
#fashionbag #baglover #luxurybags #designerbag #handbag",,tink_club10,2026-03-27T13:57:35.000Z,1,0,34,"[""07-ig-keyword-discovery""]","[""raw/07-ig-keyword-discovery-items.json#row=87""]",,,Video,False,https://www.instagram.com/popular/handbag-quality,"[""old_money""]",handbag_context,lexical screening of creator caption/transcript; review source before bag-specific claims,not_available,2026-09-11,0,0
ig:DV4fe9EgU9T,instagram,https://www.instagram.com/p/DV4fe9EgU9T/,"A few of you wanted a sneak peek of what I’m packing for Paris. Appreciating that it’s a place that’s very different from anywhere I’ve ever visited before, I focused on smart basics and capsule items that I can mix and match. The idea is to be able to create 10-20 outfits with fewer than 10 items. #travel #packing #capsulewardrobe #travelfashion #travelstyleguide",,keiraannemorgan,2026-03-14T23:10:41.000Z,10,4,471,"[""07-ig-keyword-discovery""]","[""raw/07-ig-keyword-discovery-items.json#row=88""]",,,Video,False,https://www.instagram.com/popular/europe-fall-outfits,"[""european_style"", ""euro_trip"", ""outfit_upgrade"", ""logo_independence"", ""travel_scale""]",adjacent_fashion_or_other,lexical screening of creator caption/transcript; review source before bag-specific claims,not_available,2026-09-11,2,1
ig:DVg_eObkZEm,instagram,https://www.instagram.com/p/DVg_eObkZEm/,"Packing properly is a sport. 

Over a long time, I’ve refined my packing process into a few simple rules that make getting dressed abroad so much easier:

▪️The 3-Color Rule: Stick to a palette of three colors that play well together.

▪️The 1:3 Ratio: Every hero piece—like a blazer or a pair of boots—must work with three different outfits.

▪️Smart Accessories: Lean on “repeatable” items like a classic neutral belt or a versatile scarf for a pop of color that works with your color palette. 

▪️Play Dress Up: Try on your options while you pack. It’s the only way to really lock in your styling strategy. (Serious packing guru, @heleneisfor, even goes so far to take selfies of each look.)

▪️Great jeans: enough said. 

Pro-tip: Always leave extra space for local finds. You never know what treasures you’ll pick up that perfectly pull the trip aesthetic together. Styling never sleeps.

Outfit 1:
Top @grungemamaofficiel 
Denim @gap 
Flats @jonak 

Outfit 2:
Blazer @sezane 
Denim @gap 
Boots @thefryecompany 

Outfit 3:
Velvet Jacket @joie 
Dress @meshki 

Outfit 4:
Top @aritzia 
Scarf @madewell 
Knit pants @gap 
Flats @chanelofficial",,haleybond,2026-03-05T20:05:42.000Z,-1,33,1632,"[""07-ig-keyword-discovery""]","[""raw/07-ig-keyword-discovery-items.json#row=89""]",,,Video,False,https://www.instagram.com/popular/europe-fall-outfits,"[""old_money"", ""euro_trip"", ""outfit_upgrade"", ""travel_scale""]",adjacent_fashion_or_other,lexical screening of creator caption/transcript; review source before bag-specific claims,not_available,2026-09-11,13,6
ig:DXo8X7hDIyX,instagram,https://www.instagram.com/p/DXo8X7hDIyX/,"Your weekly handbag rotation starts here. 
From everyday essentials to statement pieces - the perfect handbag for every moment!

Discover the collection exclusively through our website. 

[Luxury Handbags UAE, Designer Bags Dubai, Authentic Luxury Bags, Statement Handbags]",,auraselect.ae,2026-04-27T15:27:42.000Z,105,6,34695,"[""07-ig-keyword-discovery""]","[""raw/07-ig-keyword-discovery-items.json#row=90""]",,,Video,False,https://www.instagram.com/popular/affordable-luxury-bags,"[""new_brand""]",handbag_context,lexical screening of creator caption/transcript; review source before bag-specific claims,not_available,2026-09-11,3,1
ig:DWMXecyj8eQ,instagram,https://www.instagram.com/p/DWMXecyj8eQ/,"If your outfit can’t survive a full day in Europe… don’t pack it.

The formula that always works:

• Light weight
• Versatile
• Quick to dry
• wrinkle free

Simple. Repeatable. Reliable.

Save this before your next trip 🇪🇺

#traveloutfit #europetraveloutfit #europeoutfits #europeanstyle #travelcapsulewardrobe",,travelstyleeurope,2026-03-22T16:25:08.000Z,1,0,134,"[""07-ig-keyword-discovery""]","[""raw/07-ig-keyword-discovery-items.json#row=91""]",,,Video,False,https://www.instagram.com/popular/europe-fall-outfits,"[""european_style"", ""euro_trip"", ""outfit_upgrade"", ""quality_material"", ""travel_scale""]",adjacent_fashion_or_other,lexical screening of creator caption/transcript; review source before bag-specific claims,not_available,2026-09-11,0,0
ig:DVltcMmDkry,instagram,https://www.instagram.com/p/DVltcMmDkry/,"Looking like a tourist rarely comes down to one obvious thing.

It’s usually the result of small choices that don’t quite work together — pieces that feel too sporty, too seasonal, or slightly disconnected from the rhythm of the place you’re visiting.

In much of Europe, spring dressing tends to feel simple but intentional. When I’m packing for Europe in the spring, I think about a few things:
• Layers that adjust easily as temperatures shift throughout the day�• Shoes that support long walks but still feel polished�• Pieces that mix naturally instead of standing out individually�• Outfits that transition from daytime exploring to dinner

When those elements work together, your suitcase suddenly feels calmer — and getting dressed becomes much easier.

This is exactly the approach I used to create my Spring in Europe: The Style + Packing Guide.
Inside the 47-page guide, I walk through how to build a suitcase that actually works. Along with curated packing picks for each category, I’ve styled seven complete suitcases so you can see how everything comes together before you even zip your bag.

The goal isn’t to dress like everyone else. It’s to feel comfortable, confident, and completely at ease in what you packed.

✨ Spring in Europe: The Style + Packing Guide is now available.

💬 Comment SPRING and I’ll send you the link.
If you’re planning a trip this spring, I think you’ll find it incredibly helpful.

👉 Follow @stylepackgo for smart, effortless travel style
—————————————————————————————————
I’m Moira, and I’m obsessed with solving the hardest part of travel: what to pack.
Follow along for practical packing and style advice that actually works on the road.

.�.�.
#stylepackgo #packrightnotlight #whatyouwearmatters #travelwell #smarttravelstyle
Effortless Travel Style | Travel Wardrobe Edit | Smart Packing | Chic Travel Wardrobe",,stylepackgo,2026-03-07T16:03:45.000Z,43,93,10429,"[""07-ig-keyword-discovery""]","[""raw/07-ig-keyword-discovery-items.json#row=92""]",,,Video,False,https://www.instagram.com/popular/europe-fall-outfits,"[""european_style"", ""euro_trip"", ""outfit_upgrade"", ""social_judgment"", ""quality_material"", ""seasonal_woven"", ""travel_scale""]",handbag_context,lexical screening of creator caption/transcript; review source before bag-specific claims,not_available,2026-09-11,15,1
ig:DWMKYy0juHC,instagram,https://www.instagram.com/p/DWMKYy0juHC/,"When Americans pack for Europe, we tend to prepare for comfort first. Athletic leggings. Performance layers. Sneakers designed for the gym.

And to be fair, the instinct isn’t wrong. European cities involve a lot of walking, and you do need clothes that can keep up with the day.

But what I notice when I’m actually there is that women approach that comfort a little differently.
Instead of leaning into athletic pieces, they choose clothes that are just as easy to wear, but feel more integrated with the rest of their wardrobe.

Elastic waist trousers instead of leggings.�A knit layered under a coat instead of a performance jacket.�A simple sneaker that works with everything.
A trench instead of a rain coat

The pieces are still practical. They just don’t read as “activewear.”

And that small shift makes a big difference in how the outfit feels — and how easily it transitions from walking all day to sitting down at a café or heading to dinner.

That balance of comfort and polish is exactly what I focus on in my Spring in Europe: The Style + Packing Guide.

Inside the 47-page guide, I’ve styled complete suitcases and curated pieces across categories like sweaters, tops, bottoms, coats and jackets, shoes, and accessories — so everything works together before you even start packing.

Because packing well for Europe isn’t about sacrificing comfort. It’s about choosing pieces that carry you through the entire day with ease.

✨ Spring in Europe: The Style + Packing Guide is now available.
💬 Comment EUROPE and I’ll send you the link.

👉 Follow @stylepackgo for smart, effortless travel style
—————————————————————————————————
I’m Moira, and I’m obsessed with solving the hardest part of travel: what to pack.
Follow along for practical packing and style advice that actually works on the road.",,stylepackgo,2026-03-22T14:28:16.000Z,134,222,20848,"[""07-ig-keyword-discovery""]","[""raw/07-ig-keyword-discovery-items.json#row=93""]",,,Video,False,https://www.instagram.com/popular/europe-fall-outfits,"[""european_style"", ""euro_trip"", ""outfit_upgrade"", ""social_judgment"", ""travel_scale""]",adjacent_fashion_or_other,lexical screening of creator caption/transcript; review source before bag-specific claims,not_available,2026-09-11,15,1
ig:DFgYcIATAnC,instagram,https://www.instagram.com/p/DFgYcIATAnC/,"Top 3 picks for your first luxury handbag 👜

Credits to @steffieinthecity on TikTok

#luxurystyle #fashion #luxurybags #elegantbag #handbags #designerbags #fashiontiktok #fashiontok #collection #celine #prada #ysl",,angelinaswann,2025-01-31T22:02:05.000Z,93,2,9021,"[""07-ig-keyword-discovery""]","[""raw/07-ig-keyword-discovery-items.json#row=94""]",,,Video,False,https://www.instagram.com/popular/affordable-luxury-bags,"[""old_money"", ""outfit_upgrade""]",handbag_context,lexical screening of creator caption/transcript; review source before bag-specific claims,not_available,2026-09-11,1,0
ig:DVqsuQyDhqy,instagram,https://www.instagram.com/p/DVqsuQyDhqy/,"When you watch women move through cities like Paris, Milan, or London, their outfits rarely feel complicated.

But they also don’t feel accidental.

What I’ve noticed over years of traveling in Europe is that many women approach packing a little differently. Instead of thinking in outfits, they think in systems or capsules— a small group of pieces that cooperate with each other.

That shift changes everything:
A blazer works with multiple tops.�A sweater layers comfortably under a coat.�Shoes support a full day of walking but still feel polished at dinner.�And colors mix easily so getting dressed never feels like a puzzle.

The result isn’t a suitcase full of options. It’s a suitcase where everything works together.

That’s exactly the approach I used when creating my Spring in Europe: The Style + Packing Guide.
Inside the 47-page guide, I walk through how to build a travel wardrobe that actually functions. Along with curated packing picks for each category, I’ve styled seven complete suitcases so you can see how the pieces work together before you even start packing.
Because packing well isn’t about bringing more.

It’s about bringing the right pieces that cooperate with each other.

✨ Spring in Europe: The Style + Packing Guide is now available.

💬 Comment SPRING and I’ll send you the link.

👉 Follow @stylepackgo for smart, effortless travel style
—————————————————————————————————
I’m Moira, and I’m obsessed with solving the hardest part of travel: what to pack.
Follow along for practical packing and style advice that actually works on the road.

.�.�.
#stylepackgo #packrightnotlight #whatyouwearmatters #travelwell #smarttravelstyle
Effortless Travel Style | Travel Wardrobe Edit | Smart Packing | Chic Travel Wardrobe",,stylepackgo,2026-03-09T14:33:46.000Z,45,134,12274,"[""07-ig-keyword-discovery""]","[""raw/07-ig-keyword-discovery-items.json#row=95""]",,,Video,False,https://www.instagram.com/popular/europe-fall-outfits,"[""european_style"", ""euro_trip"", ""outfit_upgrade"", ""social_judgment"", ""travel_scale""]",adjacent_fashion_or_other,lexical screening of creator caption/transcript; review source before bag-specific claims,not_available,2026-09-11,15,0
ig:DWfesLszahz,instagram,https://www.instagram.com/p/DWfesLszahz/,"You’ll walk 20k steps a day in Europe…your outfit needs to keep up.

🥅 The goal isn’t just to look good. It’s to last all day.

✅ Comfort + style = the only travel formula that works. 

#europestyle #howtodressineurope #travelcapsulewardrobe #practicaloutfit #europeoutfits",,travelstyleeurope,2026-03-30T02:30:00.000Z,1,0,184,"[""07-ig-keyword-discovery""]","[""raw/07-ig-keyword-discovery-items.json#row=96""]",,,Video,False,https://www.instagram.com/popular/europe-fall-outfits,"[""european_style"", ""euro_trip"", ""outfit_upgrade"", ""travel_scale""]",adjacent_fashion_or_other,lexical screening of creator caption/transcript; review source before bag-specific claims,not_available,2026-09-11,0,0
ig:DVYyB3gDn75,instagram,https://www.instagram.com/p/DVYyB3gDn75/,"Trying too hard. Not in an obvious way. Not with loud logos or impractical shoes.

It’s the fully styled, perfectly coordinated outfit that feels assembled rather than lived in.
Matching set. Statement bag. Perfectly placed accessories. Everything intentional — but nothing relaxed.

In much of Europe, style tends to feel integrated rather than performed. Pieces look like they’ve been worn before. Layers sit naturally. Accessories don’t compete. Nothing looks brand new from head to toe.

When an outfit feels overly styled, it can read as “visiting.” When it feels cohesive but effortless, it reads as belonging.

That doesn’t mean dressing down. And it certainly doesn’t mean abandoning personal style.
It means:�• Letting one element lead instead of five�• Choosing layers that cooperate rather than announce themselves�• Wearing shoes you can actually move in�• Allowing repetition without apology

Polish is powerful. Over-polish is revealing.

✨ The goal isn’t to disappear. It’s to move through a place with ease.

💬 Comment EUROPE and I’ll send my spring packing picks — pieces that feel intentional without feeling overworked.

👉 Follow @stylepackgo for smart, effortless travel style
—————————————————————————————————
I’m Moira, and I’m obsessed with solving the hardest part of travel: what to pack.
Follow along for practical packing and style advice that actually works on the road.

.�.�.
#stylepackgo #packrightnotlight #whatyouwearmatters #travelwell  #smarttravelstyle
Effortless Travel Style | Travel Wardrobe Edit | Smart Packing | Chic Travel Wardrobe",Olá!,stylepackgo,2026-03-02T15:33:20.000Z,183,514,42705,"[""07-ig-keyword-discovery"", ""12-ig-discovery-transcripts""]","[""raw/07-ig-keyword-discovery-items.json#row=97"", ""raw/12-ig-discovery-transcripts-items.json#row=17""]",,,Video,False,https://www.instagram.com/p/DVYyB3gDn75/,"[""european_style"", ""euro_trip"", ""outfit_upgrade"", ""logo_independence"", ""travel_scale""]",handbag_context,lexical screening of creator caption/transcript; review source before bag-specific claims,automatic_unverified,2026-09-11,80,0
ig:DVj3D_9AWFG,instagram,https://www.instagram.com/p/DVj3D_9AWFG/,"It’s not about bringing more options. It’s about bringing pieces that work together.
My formula: 5 tops 4 bottoms 3 shoes 2 outer layers 1 dress or skirt

That’s how I pack for Europe and still have multiple outfits.
Save this if you’re planning a trip and want a simple carry-on formula.

Comment WEEK for links

Follow @martinisandcarryons for elegant carry-on travel.

#carryonpacking
#travelcapsulewardrobe
#packwithme
#carryononlytravel
traveloutfitideas",,martinisandcarryons,2026-03-06T22:49:25.000Z,95,267,10857,"[""07-ig-keyword-discovery""]","[""raw/07-ig-keyword-discovery-items.json#row=98""]",,,Video,False,https://www.instagram.com/popular/europe-fall-outfits,"[""old_money"", ""european_style"", ""euro_trip"", ""outfit_upgrade"", ""travel_scale""]",adjacent_fashion_or_other,lexical screening of creator caption/transcript; review source before bag-specific claims,not_available,2026-09-11,15,1
ig:DVUtroaDre7,instagram,https://www.instagram.com/p/DVUtroaDre7/,"Before I close my carry-on, I stick to one rule: Every piece has to work at least three ways.

If I bring: Classic pair of denim• A white tee• A  button-down• A lightweight knit• A tailored blazer • White sneakers or classic ballet flats

I can wear: Tee + denim, Button-down + denim, Knit over the tee, Blazer over everything. Layers for travel days

Six pieces. Multiple outfits. No excess.
If it doesn’t integrate easily, it stays home.

Comment PACK and I’ll send the list.

#CarryOnOnly #TravelCapsule #ElegantTravel #SmartPacking #travelinstyle",,martinisandcarryons,2026-03-01T01:38:39.000Z,47,157,10097,"[""07-ig-keyword-discovery""]","[""raw/07-ig-keyword-discovery-items.json#row=99""]",,,Video,False,https://www.instagram.com/popular/europe-fall-outfits,"[""old_money"", ""euro_trip"", ""outfit_upgrade"", ""quality_material"", ""travel_scale""]",adjacent_fashion_or_other,lexical screening of creator caption/transcript; review source before bag-specific claims,not_available,2026-09-11,15,0
ig:DVoHTY4DnkB,instagram,https://www.instagram.com/p/DVoHTY4DnkB/,"One of the fastest ways to spot an American traveler in Europe has nothing to do with logos or sneakers (ok, sometimes it does). But most of the time, t’s not one obvious item, it’s the way the suitcase is planned.

Many American travelers pack individual outfits — a dress for dinner, a sweater for a museum day, something different for every moment of the trip.

The problem is that those pieces often don’t cooperate with each other. Suddenly you have a suitcase full of clothes, but very few combinations that actually work.

What I notice much more often in Europe is a different approach, a small wardrobe where the pieces naturally mix together:
A coat works with multiple layers.�Shoes support long days of walking.�Colors repeat so outfits feel cohesive instead of random.

The result isn’t a suitcase with more options. It’s a suitcase where everything belongs together.

That idea is exactly what led me to create my Spring in Europe: The Style + Packing Guide.

Inside the 47-page guide, I show how to build a travel wardrobe that works in real life. Along with curated packing picks across categories like sweaters, tops, shoes, and accessories, I’ve also styled seven complete suitcases so you can see exactly how the pieces work together before you even start packing.

Because packing well isn’t about bringing more. It’s about bringing pieces that cooperate.

✨ Spring in Europe: The Style + Packing Guide is now available.

💬 Comment SPRING and I’ll send you the link.

👉 Follow @stylepackgo for smart, effortless travel style
—————————————————————————————————
I’m Moira, and I’m obsessed with solving the hardest part of travel: what to pack.
Follow along for practical packing and style advice that actually works on the road.

.�.�.
#stylepackgo #packrightnotlight #whatyouwearmatters #travelwell #smarttravelstyle
Effortless Travel Style | Travel Wardrobe Edit | Smart Packing | Chic Travel Wardrobe",,stylepackgo,2026-03-08T14:28:19.000Z,161,526,48801,"[""07-ig-keyword-discovery""]","[""raw/07-ig-keyword-discovery-items.json#row=100""]",,,Video,False,https://www.instagram.com/popular/europe-fall-outfits,"[""european_style"", ""euro_trip"", ""outfit_upgrade"", ""logo_independence"", ""travel_scale""]",adjacent_fashion_or_other,lexical screening of creator caption/transcript; review source before bag-specific claims,not_available,2026-09-11,15,0
ig:DWeGDdcBwnB,instagram,https://www.instagram.com/p/DWeGDdcBwnB/,"It’s not you. London just asks more of your wardrobe than most cities.

The weather shifts. The pace of the day changes. You might start with a walk through one neighborhood, pop into a museum when it rains, sit down for lunch that turns into the afternoon, and then head straight to dinner without going back to your hotel.

Outfits that work in one moment don’t always carry through the whole day. That’s where it starts to feel difficult. Not because you didn’t pack enough — but because the pieces don’t adapt.

What tends to work in London is a wardrobe built with a little more flexibility:
Layers that can be added or removed without disrupting the outfit.�Shoes you don’t have to think about after a few hours.�Pieces that feel just as appropriate at 10am as they do at 7pm.

When those elements are in place, getting dressed becomes simple again. That’s exactly what I focused on in my Spring in London: The Style + Packing Guide.

Inside, I’ve styled five complete suitcases — including one designed for London + countryside travel — along with curated picks for every category so you can build a wardrobe that actually works for the city.

Because London isn’t hard to dress for. It just requires a suitcase that can keep up.

✨ Spring in London: The Style + Packing Guide is now available.
💬 Comment LONDON and I’ll send you the link.

👉 Follow @stylepackgo for smart, effortless travel style
—————————————————————————————————
I’m Moira, and I’m obsessed with solving the hardest part of travel: what to pack.
Follow along for practical packing and style advice that actually works on the road.

.�.�.
#stylepackgo #packrightnotlight #whatyouwearmatters #travelwell #smarttravelstyle
Effortless Travel Style | Travel Wardrobe Edit | Smart Packing | Chic Travel Wardrobe",,stylepackgo,2026-03-29T13:35:00.000Z,48,77,11844,"[""07-ig-keyword-discovery""]","[""raw/07-ig-keyword-discovery-items.json#row=101""]",,,Video,False,https://www.instagram.com/popular/europe-fall-outfits,"[""european_style"", ""euro_trip"", ""outfit_upgrade"", ""travel_scale""]",adjacent_fashion_or_other,lexical screening of creator caption/transcript; review source before bag-specific claims,not_available,2026-09-11,15,1
ig:DVZd0NWFJxL,instagram,https://www.instagram.com/p/DVZd0NWFJxL/,"After years of travel through Europe, I’ve narrowed it down to 9 essential pieces that always make it into my carry-on. They layer well, mix and match, and keep your outfits chic, comfortable, and effortless

1. Tailored trousers or dark denim – A basic base you can wear day or night. 2. Lightweight cashmere sweater-Packs small, feels elevated. 3. Midi dress or skirt-Feminine, versatile, and easy to layer 4. Ballet flats-Stylish and compact, ideal for museums or dinners 5. Chic sneakers-Made for walking, but elevated 6. Elevated t-shirt for layering without bulk 7. Silk scarf-Instant polish. French-girl approved 8. Lightweight trench or coat-A travel classic that handles shifting weather 9. Structured crossbody bag – Polished, hands-free, and perfectly sized for daily essentials. 

Comment “Nine” for links. 👉🏻Follow @martinisandcarryons for elegant carry-on packing made easy
#travelinstyle #carryoncapsule #europepackinglist #chicandpractical #womenover40style","After years of trips to Europe, I've learned one thing: less is more. These nine pieces layer, mix, and match so I can pack light, look polished, and fully enjoy views like this.",martinisandcarryons,2026-03-02T21:55:00.000Z,209,1111,14910,"[""07-ig-keyword-discovery"", ""12-ig-discovery-transcripts""]","[""raw/07-ig-keyword-discovery-items.json#row=102"", ""raw/12-ig-discovery-transcripts-items.json#row=3""]",,,Video,False,https://www.instagram.com/p/DVZd0NWFJxL/,"[""old_money"", ""european_style"", ""euro_trip"", ""outfit_upgrade"", ""social_judgment"", ""quality_material"", ""logo_independence"", ""travel_scale""]",handbag_context,lexical screening of creator caption/transcript; review source before bag-specific claims,automatic_unverified,2026-09-11,80,0
ig:DV6OpKRDhm7,instagram,https://www.instagram.com/p/DV6OpKRDhm7/,"Trying to do too much with one outfit.

It usually happens with good intentions. A special dress, a statement bag, bold shoes, maybe a colorful scarf — pieces that all feel beautiful on their own. But when everything in the outfit is competing for attention, the result can feel slightly overworked.

In many European cities, style tends to feel a little quieter than that. Outfits are often built around one focal point, with the rest of the pieces supporting it.
A beautiful coat.�A great pair of shoes.�An elegant scarf.
The rest of the outfit simply works with it.

When I’m getting dressed while traveling in Europe, I usually think about a simple balance:
• One piece that leads the outfit�• Neutral or cohesive layers around it�• Shoes that support the day ahead�• Accessories that complement rather than compete

The goal isn’t to blend in completely. It’s to feel polished without looking like you tried too hard.

That idea — building outfits that feel cohesive and effortless — is exactly what I focused on in my Spring in Europe: The Style + Packing Guide.

Inside the 47-page guide, I’ve styled seven complete suitcases so you can see exactly how pieces work together before you even start packing. You’ll also find my curated picks for sweaters, tops, bottoms, coats and jackets, shoes, accessories, and more.

Because packing well isn’t about bringing more pieces. It’s about bringing pieces that cooperate.

✨ Spring in Europe: The Style + Packing Guide is now available.
💬 Comment SPRING and I’ll send you the link.

👉 Follow @stylepackgo for smart, effortless travel style
—————————————————————————————————
I’m Moira, and I’m obsessed with solving the hardest part of travel: what to pack.
Follow along for practical packing and style advice that actually works on the road.

.�.�.
#stylepackgo #packrightnotlight #whatyouwearmatters #travelwell #smarttravelstyle
Effortless Travel Style | Travel Wardrobe Edit | Smart Packing | Chic Travel Wardrobe",,stylepackgo,2026-03-15T15:18:51.000Z,45,58,11787,"[""07-ig-keyword-discovery""]","[""raw/07-ig-keyword-discovery-items.json#row=103""]",,,Video,False,https://www.instagram.com/popular/europe-fall-outfits,"[""old_money"", ""european_style"", ""euro_trip"", ""outfit_upgrade"", ""logo_independence"", ""travel_scale""]",handbag_context,lexical screening of creator caption/transcript; review source before bag-specific claims,not_available,2026-09-11,15,0
ig:DZsU_2KI8Tt,instagram,https://www.instagram.com/p/DZsU_2KI8Tt/,"Millionaire vs. Billionaire energy. 💼✨ Some bags say “I have money,” but only a few say “Old Money.” Want to know which brands define true quiet luxury? Hit follow for part 2! 🤫👇
Which one is your favorite? Let me know in the comments!
#OldMoneyStyle #QuietLuxury #LuxuryBags #HermesBirkin",,evikunya,2026-06-17T15:50:19.000Z,156,6,16680,"[""07-ig-keyword-discovery""]","[""raw/07-ig-keyword-discovery-items.json#row=104""]",,,Video,False,https://www.instagram.com/popular/old-money-bags,"[""new_brand"", ""designer_spend"", ""old_money"", ""outfit_upgrade"", ""logo_independence""]",handbag_context,lexical screening of creator caption/transcript; review source before bag-specific claims,not_available,2026-09-11,6,3
ig:DVZVvabjM54,instagram,https://www.instagram.com/p/DVZVvabjM54/,"Packed my carry on quite smart this time I’d say 😎

#travellight #traveloutfit #packsmart #travelfashion",,minskayaevelina,2026-03-02T20:48:08.000Z,30,4,1177,"[""07-ig-keyword-discovery""]","[""raw/07-ig-keyword-discovery-items.json#row=105""]",,,Video,False,https://www.instagram.com/popular/europe-fall-outfits,"[""euro_trip"", ""outfit_upgrade"", ""travel_scale""]",adjacent_fashion_or_other,lexical screening of creator caption/transcript; review source before bag-specific claims,not_available,2026-09-11,3,1
ig:DdJPm0RjYAP,instagram,https://www.instagram.com/p/DdJPm0RjYAP/,The best luxury pieces come from the hands that make them (not the logo). Comment LINKS and I'll dm you everything featured 🤍 #intentionality #luxuryfashion #over40fashion #over30fashion,"Chanel wants you to think its craftsmanship is exclusive. It isn't! I'm your favorite intentional bitch, I'm living rich, and here's something that you need to understand about luxury. The brand on the label and the people responsible for the craftsmanship are very often completely separate. The best tanneries, mills, spinners, and ateliers work across multiple houses. These are brands to know if you want heritage luxury craftsmanship. Vivienne Westwood, the designer known for structured bustier tops and dresses, like the cute little number I'm wearing right now, partnered with Le Caron of Scotland, who also produces for Alexander McQueen and Burberry, to create her McAndreas tartan, the textile she named after her husband, and played a big role in her rise to fame in the early 90s. More than 30 years later, Le Caron is still producing her textiles. Carmina is one of those brands whose production process and supply chain is their work of art. Their leather comes from tannery, Dannonay, which also produces for Hermes. If you've ever noticed that today's footwear doesn't always hold up, Carmina is the exception. This is the footwear meant to outlive you. And Dotter, known for its elevated and vintage-inspired knitwear, is loud and proud about naming Todd and Duncan as their spinner. This is the spinner so significant to the luxury supply chain that Chanel took a minority stake.",intentionalluxbish,2026-09-11T10:56:51.000Z,355,269,11433,"[""08-ig-creator-expansion"", ""12-ig-discovery-transcripts""]","[""raw/08-ig-creator-expansion-items.json#row=0"", ""raw/12-ig-discovery-transcripts-items.json#row=15""]",,,Video,False,https://www.instagram.com/p/DdJPm0RjYAP/,"[""new_brand"", ""outfit_upgrade"", ""social_judgment"", ""quality_material"", ""logo_independence""]",handbag_context,lexical screening of creator caption/transcript; review source before bag-specific claims,automatic_unverified,2026-09-11,3,2
ig:DdGrcfVCcso,instagram,https://www.instagram.com/p/DdGrcfVCcso/,It's raining. She has things to do. She will still look chic. Comment LINKS for everything featured 🤍 #intentionality #richmom #luxuryfashion,"The rich mom uniform for a rainy day because the weather is a condition, not an excuse. I'm your favorite intentional bitch on Living Rich. And welcome back to the rich mom uniform. It may be raining, but she's not giving up her outfit or her overly scheduled day. Le Chameau leather lined boots because if she's wearing wellies, she's giving royal countryside, not fly fisherman. And appropriately, these are favorites of the Prince and Princess of Wales, and they come from the brand that has had rain boots solved since 1927. And we do not need to reinvent it in beige plastic. The Stutterheim Musabac in light sand, rubberized cotton, handmade in Europe, and every coat is signed by the seamstress who made it. From the brand that took the 1960s fisherman's jacket and said this, but make it chic. The Totem Scarf Tee because she didn't have time to style an outfit this morning and the scarf is already attached. Thank God for Swedish efficiency. And the Kate Danielle jeans, rigid denim slim enough to disappear into boots, while still being the most flattering jeans in existence. On her shoulder is the Aventure Newport Tote in water-resistant canvas because only an amateur brings a beautiful leather bag out into the rain. This is the designated rain bag from Patricia Gucci. Yes, that one, the granddaughter of the man who made Gucci what it is today. Italian handcraft meets 21st century technology. Groundbreaking.",intentionalluxbish,2026-09-10T11:03:13.000Z,352,556,18377,"[""08-ig-creator-expansion"", ""12-ig-discovery-transcripts""]","[""raw/08-ig-creator-expansion-items.json#row=1"", ""raw/12-ig-discovery-transcripts-items.json#row=22""]",,,Video,False,https://www.instagram.com/p/DdGrcfVCcso/,"[""european_style"", ""euro_trip"", ""outfit_upgrade"", ""social_judgment"", ""quality_material"", ""travel_scale""]",handbag_context,lexical screening of creator caption/transcript; review source before bag-specific claims,automatic_unverified,2026-09-11,12,4
ig:DdFbml6mFH7,instagram,https://www.instagram.com/p/DdFbml6mFH7/,"For the rich mom who lives where it's blistering hot, and she will not allow herself to sweat through a cardigan. Comment LINKS and I'll dm you everything featured 🤍  #intentionality #richmom #luxuryfashion","Everything in the rich mom uniform earns its place. This is school drop-off when it's September, but the weather is aggressively August. I'm your favorite intentional bitch on Living Rich, and welcome back to my rich mom series. This one is by request, because the internet is posting chunky knits, while your weather app is posting heat advisories. School is back, and she will not be sweating through a cashmere cardigan. The bag is the Wander Hortensia, in saddle, sculptural enough to be recognized by the ones who know, roomy enough for the water bottle, the permission slip, and whatever tiny plastic object. Her child has made emotionally non-negotiable that morning, and warm saddle brown, because something has to acknowledge that it's fall, because the weather certainly is not volunteering. The accessory she can't live without, the Jacques Marie Mage, sunglasses in tortoiseshell, because the 745 drive is less of a commute, and more of a direct staring contest with the sun. These glasses required a 300-step process to make. Is that an absurd level of craftsmanship for the school parking lot? Maybe, but is she lowering her standards? Just because she's going to kindergarten drop-off? Absolutely not. On the feet are the Emmy Parsons lorry sandals, in cacao napa leather, chosen intentionally because they are both slip-on for when she's running out the door wishing she had a third arm, and handmade in Italy by a designer with a cult following. The Simkai shirt dress in midnight blue, because when it's 90 degrees, the entire strategy is to have exactly one clothing item to worry about. Simkai is the LA-based label whose founder won the CFDA Vogue Fashion Fund, and she chose this dress because the collar says put together, but the mini length says heat advisory.",intentionalluxbish,2026-09-09T23:24:52.000Z,297,238,17921,"[""08-ig-creator-expansion"", ""12-ig-discovery-transcripts""]","[""raw/08-ig-creator-expansion-items.json#row=2"", ""raw/12-ig-discovery-transcripts-items.json#row=36""]",,,Video,False,https://www.instagram.com/p/DdFbml6mFH7/,"[""founder"", ""outfit_upgrade"", ""quality_material"", ""logo_independence"", ""seasonal_woven"", ""work_polish""]",handbag_context,lexical screening of creator caption/transcript; review source before bag-specific claims,automatic_unverified,2026-09-11,5,4
ig:DdIAWblCPui,instagram,https://www.instagram.com/p/DdIAWblCPui/,For those of you after a delicious cashmere piece for this fall... Comment LINKS and I'll dm you everything featured 🤍 #intentionality #luxuryfashion #cashmere #over30fashion #over40fashion,"If you care more about what makes your cashmere expensive rather than the logo sewn onto it, you'll want to hear this. I'm your favorite intentional bitch, I'm Living Rich, and heritage luxury doesn't own its craft. So welcome back to my series on brands taking full advantage of the luxury supply chain. Fall is coming, you've been asking about cashmere, and quality comes from the maker and not the marketing. For the fashion girls is Le Kilt, the London cult brand built around modernizing the Scottish kilt. And they did something that most luxury brands don't do. They put the mill directly on the label. The Le Kilt Johnstons of Elgin collaboration. We love the transparency in this house. Why not remove the middleman entirely? Because Johnstons sells under its own name. The scarves are gorgeous, the provenance is impeccable, and suddenly you're looking at craftsmanship without several hundred dollars of branding attached to it. Brora, the British cashmere brand that the UK girls have quietly loved since 1993. Brora's cashmere is made at Johnstons of Elgin. Meaning its pieces come out of the same historic Scottish mill as some of luxury's biggest names. So meet Johnstons of Elgin, the iconic Scottish mill behind the Burberry scarf. You know the one. In fact, they've supplied Burberry with their cashmere for over a century. So if this is where heritage luxury goes for its cashmere, the much more interesting question is, how does an intentional bitch buy this work outside of heritage luxury? Well, that's why I'm here. And because I'm me, I went a little nutso and mapped out who makes whose cashmere across the industry. And the full cashmere guide is available in this week's newsletter.",intentionalluxbish,2026-09-10T23:24:51.000Z,540,512,22592,"[""08-ig-creator-expansion"", ""12-ig-discovery-transcripts""]","[""raw/08-ig-creator-expansion-items.json#row=3"", ""raw/12-ig-discovery-transcripts-items.json#row=16""]",,,Video,False,https://www.instagram.com/p/DdIAWblCPui/,"[""designer_spend"", ""european_style"", ""euro_trip"", ""social_judgment"", ""markup_skepticism"", ""quality_material"", ""logo_independence"", ""seasonal_woven""]",adjacent_fashion_or_other,lexical screening of creator caption/transcript; review source before bag-specific claims,automatic_unverified,2026-09-11,23,12
ig:DcwoODMA5-e,instagram,https://www.instagram.com/p/DcwoODMA5-e/,"fashion math: last year’s basics + one really good statement piece = a whole new outfit 🤎🍂 i curated a full shopmy edit of the statement pieces worth adding this fall, comment EDIT and i’ll send it straight to your DMs ✨ #fallfashion #fashionreels #fashiontrends #styleinspo #outfitideas",,steffieinthecity,2026-09-01T21:29:46.000Z,-1,218,12126,"[""08-ig-creator-expansion""]","[""raw/08-ig-creator-expansion-items.json#row=4""]",,,Video,False,https://www.instagram.com/steffieinthecity/,"[""designer_spend"", ""outfit_upgrade"", ""logo_independence"", ""seasonal_woven"", ""travel_scale""]",adjacent_fashion_or_other,lexical screening of creator caption/transcript; review source before bag-specific claims,not_available,2026-09-11,15,0
ig:DdEF89jD48L,instagram,https://www.instagram.com/p/DdEF89jD48L/,"Watch this before you buy boots for the fall. Comment LINKS for all the boots featured 🤍 
#intentionality #luxuryfootwear #boots #over40fashion #over30fashion","Don't panic, but you've been buying boots from the wrong brands. I'm your favorite intentional bitch on Living Rich. And boots are one of those categories where construction and craftsmanship matter enormously. And luxury fashion has gotten awfully good at making sure you don't ask about it. The best boots in the world come from brands that don't need to sell you a handbag, a fragrance, or a logo belt. They live and breathe boots. For your everyday boots, Carmina is queen. Five generations of shoemaking in Majorca, with the family tracing its business back to 1866. This is where you go when you want actual shoemaking construction in silhouettes that don't look like you borrowed them from your grandfather. All their boots are Goodyear welted, which means they can be resold and will probably outlive you. Made of French calf from Tannerie d'Anonay, which is owned by and supplies Hermes. For riding boots, it's La Botte Gardienne. One workshop in the south of France, no outsourcing, and it's received a special designation by the French state for exceptional French craftsmanship. Its boots are made of leather from Tannerie Haas, who is responsible for Chanel's caviar leather. The category nobody thinks about until they're standing in six inches of water, the rain boot. Le Chameau has been producing them since 1927, using natural rubber and a production process built around actual bootmakers. These boots are leather lined and come in multiple calf sizes to ensure the perfect fit. Plus, they've somehow created a rain boot that gives British Royal more than fly fishermen. There's good reason for that since they're favorites of the Prince and Princess of Wales.",intentionalluxbish,2026-09-09T10:54:51.000Z,5837,8163,242285,"[""08-ig-creator-expansion"", ""12-ig-discovery-transcripts""]","[""raw/08-ig-creator-expansion-items.json#row=5"", ""raw/12-ig-discovery-transcripts-items.json#row=29""]",,,Video,False,https://www.instagram.com/p/DdEF89jD48L/,"[""european_style"", ""quality_material"", ""logo_independence"", ""seasonal_woven"", ""travel_scale"", ""purchase_trigger""]",handbag_context,lexical screening of creator caption/transcript; review source before bag-specific claims,automatic_unverified,2026-09-11,100,8
ig:DdByTipxXNZ,instagram,https://www.instagram.com/p/DdByTipxXNZ/,"Time to refresh your (anything but) basics!

✨Comment: SHOP and I’ll send you the links! 
✨Code: TheChelseaStandard_10

https://liketk.it/6mv1a #commense #commensereview #transitionalstyle #fallfashion #backtoschool",,thechelseastandard,2026-09-08T13:28:24.000Z,47,15,6208,"[""08-ig-creator-expansion""]","[""raw/08-ig-creator-expansion-items.json#row=6""]",,,Video,False,https://www.instagram.com/thechelseastandard/,"[""outfit_upgrade"", ""logo_independence"", ""seasonal_woven"", ""purchase_trigger""]",adjacent_fashion_or_other,lexical screening of creator caption/transcript; review source before bag-specific claims,not_available,2026-09-11,8,2
ig:DdBhQytAR5m,instagram,https://www.instagram.com/p/DdBhQytAR5m/,The rich mom does not have time for skincare that doesn't do its job. Comment LINKS and I'll DM you all the products featured 🤍 #luxuryskincare #richmom #over40skincare,,intentionalluxbish,2026-09-08T10:56:51.000Z,452,456,21490,"[""08-ig-creator-expansion""]","[""raw/08-ig-creator-expansion-items.json#row=7""]",,,Video,False,https://www.instagram.com/intentionalluxbish/,[],adjacent_fashion_or_other,lexical screening of creator caption/transcript; review source before bag-specific claims,not_available,2026-09-11,2,1
ig:DcELa3mRSuC,instagram,https://www.instagram.com/p/DcELa3mRSuC/,"This blazer is insanely good! Lightweight but with a perfect texture to give a drape. This one is pink, but there are more colors! 
Can’t wait to tell you my QVC news soon 🤭
Comment SHOP and I’ll send you the outfit link ✨

#workwear #blazer #pink #ootd #dreamjob
 https://liketk.it/6kVQ4",,thechelseastandard,2026-08-15T15:14:54.000Z,21,15,502,"[""08-ig-creator-expansion""]","[""raw/08-ig-creator-expansion-items.json#row=8""]",,,Video,False,https://www.instagram.com/thechelseastandard/,"[""outfit_upgrade"", ""quality_material"", ""travel_scale""]",adjacent_fashion_or_other,lexical screening of creator caption/transcript; review source before bag-specific claims,not_available,2026-09-11,9,3
ig:DdCIMdlzWjh,instagram,https://www.instagram.com/p/DdCIMdlzWjh/,name a bougier tj maxx i’ll wait 👀 #shopping #jmaxx #shopwithme #shoppingvlog,,steffieinthecity,2026-09-08T16:39:46.000Z,1976,20,191506,"[""08-ig-creator-expansion""]","[""raw/08-ig-creator-expansion-items.json#row=9""]",,,Video,False,https://www.instagram.com/steffieinthecity/,[],adjacent_fashion_or_other,lexical screening of creator caption/transcript; review source before bag-specific claims,not_available,2026-09-11,14,11
ig:DdKA7Kijciy,instagram,https://www.instagram.com/p/DdKA7Kijciy/,Give your under eyes the love they deserve with @amiroglobal. Comment LINKS and I'll dm you the products and promo codes. Use code LUXBISH60 to save $60 on the LED Eye Mask and LUXBISH40 to save $40 on the EyeGlow Cream 🤍 #ad,,intentionalluxbish,2026-09-11T18:06:23.000Z,50,28,3641,"[""08-ig-creator-expansion""]","[""raw/08-ig-creator-expansion-items.json#row=10""]",,,Video,True,https://www.instagram.com/intentionalluxbish/,[],adjacent_fashion_or_other,lexical screening of creator caption/transcript; review source before bag-specific claims,not_available,2026-09-11,0,0
ig:DcRygptSW1a,instagram,https://www.instagram.com/p/DcRygptSW1a/,"Cupshe just launched their Aspen line and I cannot believe that some of these pieces are under $50! 
✨Comment: SHOP for links
✨Code: TO15 for a special discount

https://liketk.it/6lm9M #fallfashion #cupshe #cupshecrew #cupsheconfidence #aspen",,thechelseastandard,2026-08-20T22:08:10.000Z,28,20,831,"[""08-ig-creator-expansion""]","[""raw/08-ig-creator-expansion-items.json#row=11""]",,,Video,False,https://www.instagram.com/thechelseastandard/,"[""social_judgment"", ""seasonal_woven"", ""purchase_trigger""]",adjacent_fashion_or_other,lexical screening of creator caption/transcript; review source before bag-specific claims,not_available,2026-09-11,11,6
ig:DdFN8U1ADOY,instagram,https://www.instagram.com/p/DdFN8U1ADOY/,"i don’t need it to BE designer, i just need everyone to wonder if it is hehe🫡 comment LUXE and i’ll send the links to all of these straight to your DMs 🤍 #affordablefashion #baglover #handbags #fashionreels #designerbags","If you very much have designer bag taste, but you don't quite have a designer bag budget, go ahead and save this because these are the bags that are going to have people doing a double take but are actually a fraction of the price. First, if you're loving this new era of Chanel, especially the maxi flap, but you don't quite have $10,000 to drop on it, I honestly feel like this Leo Eviolette bag is a dead ringer. It comes in this stunning suede and leather version as well. I really feel like the size and silhouette is spot on. The Tory Burch Shirley gives me such a similar feel as well. But if you're looking for a super affordable option, there's actually a bunch of sellers on Etsy making these style bags right now and some of them are as little as $80, still made with genuine leather. I feel like Tory Burch low-key made their own version of the Chanel 25 as well. Like, squint and that's pretty much the exact same bag except this one is just going to run you $600. Next, if you love the classic feel of Hermes, especially the Birkins, this bag from the new Atelier gives off such Birkin energy. This very much has that quiet luxury timeless feel and looks so effortlessly chic. This bag from JW Pay also reminds me so much of the Picotin. Like, that is basically the exact same silhouette and these come out to just $100 if you catch the sale that's going on right now. If you specifically love the equestrian feel of Hermes bags, do not sleep on the Polo ID bag. It gives off such a similar vibe and looks very old money. And to me, these are just like the perfect bags for fall. I don't know about you, but Kate's bags this year have been living in my head rent-free, especially the animal print versions. This calf hair zebra situation from Giuseppe honestly had me doing a double take. Same with this clutch from Liffner. And this Brahman deer print bag, like, are we actually kidding? They have so many dramatic fringe bags right now as well. And this one from Michael Kors Outlet actually looks so similar and it's 50% off right now. And lastly, if you're a sucker for the Elias of Cal, especially the more whimsical ones like this one, we actually need to be giving Reformation its props because I literally would think that was Elias if I didn't know better. They also have this stunning cherry red version as well. Same goes for Madewell. Like, this is a genuine suede bag for under $200. So let this serve as proof. You don't have to buy designer to look designer. You just need to know the right brands. And if you want to shop any of them, I'm going to have them all linked on my shop line.",steffieinthecity,2026-09-09T21:24:56.000Z,1316,1504,59628,"[""08-ig-creator-expansion"", ""12-ig-discovery-transcripts""]","[""raw/08-ig-creator-expansion-items.json#row=12"", ""raw/12-ig-discovery-transcripts-items.json#row=32""]",,,Video,False,https://www.instagram.com/p/DdFN8U1ADOY/,"[""designer_spend"", ""old_money"", ""outfit_upgrade"", ""social_judgment"", ""quality_material"", ""logo_independence"", ""seasonal_woven"", ""travel_scale"", ""purchase_trigger""]",handbag_context,lexical screening of creator caption/transcript; review source before bag-specific claims,automatic_unverified,2026-09-11,64,5
ig:DdHTnYyArTX,instagram,https://www.instagram.com/p/DdHTnYyArTX/,4 brands that give the row/khaite energy but don’t cost the $$$ 👀 comment LUXE & i’ll send everything i mentioned straight to your DMS 🤍 #fashionreels #quietluxury #fashioninspo #fallfashion #affordablefashion,"If you want to dress in a very The Row, Kate-coded way this fall, but you don't want to spend the money, these are the brands that you need to have on your radar. Now, if you very much have quiet luxury taste, but you're more so on the ritzy of budget, you're going to be obsessed with Pixi Market. Everything they do is very clean, elevated, structured, but most pieces are going to be under $300. Now, a quality trench coat is definitely going to be key to a fall wardrobe, and I just feel like this and this look so expensive. Like, I could easily believe these are thousands of dollars, but this one is just under $200, and this one under $300. Like, for this style and design, I am actually shocked. I'm also obsessed with this suede moment, like, so many ways to style a piece like this, and it's under $250. They also do elevated basics so well, just by adding that extra layer of interest that makes it look like it's something designer, but so well-priced. Like, this piece right now is on sale for just $70. Now, the key to curating a quiet luxury wardrobe is just investing in high-quality basics, and that is something that Modern Citizen does so well. Like, at first glance, I would totally think this is a Kate cardigan, but it's their play on it in an organic cotton and wool blend for like a tenth of the price, and they even have some colorways like this and this on sale for just $105 right now. I just feel like they do tailoring so well, like this denim jacket, and this leather blazer could easily be staples in your fall wardrobe, and they are both on sale right now. Even just the way they do a basic white tee looks so high-end and flattering, and hello, this is on sale for $55. Now, if your vibe is more so quiet luxury cool girl, and you like to have a bit more interest added to your outfits, you are going to be obsessed with this brand centerpiece. I love how they take classic silhouettes and just add their own little pizzazz to it, like this button down with the added scarf and the fringe detail, this strapless top with the asymmetrical design and the fringe. Don't even get me started on this set. Like, these are going to be a little bit more on the higher end from $300 to $400, but everything is very well made, and this in particular is 100% silk, but they do have some great pieces on sale right now, like this midi dress, which feels very much Mary-Kate and Ashley. Lastly, we have Rue Sophie. This is yet another brand that I'm just obsessed with their elevated basics. Like, we're a thousand percent going to be seeing this funnel neck style everywhere this fall, but they made a version that's actually convertible, so you don't have to totally commit to it. Also love the scarf detailing in this one. I feel like we would see Rosie Huntington-Whitley wearing something like this. Also just obsessed with the way they structure things, like the cinching of the waist on this dress, and the silhouette of this skirt. It really is these kinds of cuts that make things look more expensive than they are, and the majority of their pieces are just between $100 to $300. Now is honestly a great time to start building your fall wardrobe, because so many of these pieces are on sale, so I'm of course going to have everything linked.",steffieinthecity,2026-09-10T17:19:00.000Z,-1,11,5420,"[""08-ig-creator-expansion"", ""12-ig-discovery-transcripts""]","[""raw/08-ig-creator-expansion-items.json#row=13"", ""raw/12-ig-discovery-transcripts-items.json#row=46""]",,,Video,False,https://www.instagram.com/p/DdHTnYyArTX/,"[""designer_spend"", ""old_money"", ""outfit_upgrade"", ""quality_material"", ""logo_independence"", ""seasonal_woven"", ""travel_scale"", ""purchase_trigger""]",adjacent_fashion_or_other,lexical screening of creator caption/transcript; review source before bag-specific claims,automatic_unverified,2026-09-11,6,0
ig:DcwguxDIBVs,instagram,https://www.instagram.com/p/DcwguxDIBVs/,"Couldn’t be more excited to partner with my favorite brand on the planet, Doll 10!!!! 💗💗💗

#makeup #cleanbeauty #makeover #peptides @doll10beauty @qvc",,thechelseastandard,2026-09-01T20:33:45.000Z,42,13,542,"[""08-ig-creator-expansion""]","[""raw/08-ig-creator-expansion-items.json#row=14""]",,,Video,False,https://www.instagram.com/thechelseastandard/,[],adjacent_fashion_or_other,lexical screening of creator caption/transcript; review source before bag-specific claims,not_available,2026-09-11,12,4
ig:Db3msT4x__Z,instagram,https://www.instagram.com/p/Db3msT4x__Z/,"Squirrel brains need these pants.. oh! And some Neuro gum. 🐿️
Comment ✨SHOP✨and I’ll send you a link! 

Code for the pants : thechelseastandard_10

#manicmonday #ltkcreator #commense #commensereview #commensefam",,thechelseastandard,2026-08-10T18:04:18.000Z,34,16,1077,"[""08-ig-creator-expansion""]","[""raw/08-ig-creator-expansion-items.json#row=15""]",,,Video,False,https://www.instagram.com/thechelseastandard/,"[""purchase_trigger""]",adjacent_fashion_or_other,lexical screening of creator caption/transcript; review source before bag-specific claims,not_available,2026-09-11,11,5
ig:Db6dZHTo6JM,instagram,https://www.instagram.com/p/Db6dZHTo6JM/,"Comment SHOP for links! ✨

Or copy and paste this link: ✨
https://www.cupshe.shopping/5ed1133

CODE:✨ TO15

#vacation #chic #luxury #momstyle #over35 
https://liketk.it/6kDDy","Let's be honest, vacation season is never over. I partnered with Cupshe and picked up a couple of pieces that I want to share with you that could be perfect for your next vacation. This woven shell hem dress is absolutely gorgeous. Look at the detailing of these little shells. It's double lined, so this is absolutely perfect for dinner at your favorite resort. Or if you're a power packer, you could even wear this as an adorable cover up. If you want the most unique swimwear that you've ever seen, you've got to try this swimsuit. I've never seen anything like this and I'm a Florida native. It gives the illusion of a one piece, but with the support of a two piece. I just passed by my husband and he said, that's the nicest thing you've ever worn. So hey, it's getting husband's attention, gotta get it. This one's for all my classic girls and my power packers. Get ready for this. Look how cute this suited style one piece is. But this can also double as a body suit. It has adjustable straps, so you could actually remove the strap and make this strapless or pair it with your favorite white trousers and wear it as a body suit. So you not only have a swimsuit, you have a full outfit. This may be more anniversary vacation than family vacation, but everyone needs a little red bikini in their wardrobe. It's the perfect cover up or just lounge about outfit walking around the resort grabbing a coffee. These pants are so cozy and comfortable and I love the open knit styling. And that's a wrap of some of Cupshe's best pieces. Follow me for more. I'll send you discount codes and links. I'll see you later. Bye.",thechelseastandard,2026-08-11T20:38:00.000Z,28,20,1020,"[""08-ig-creator-expansion"", ""12-ig-discovery-transcripts""]","[""raw/08-ig-creator-expansion-items.json#row=16"", ""raw/12-ig-discovery-transcripts-items.json#row=31""]",,,Video,True,https://www.instagram.com/p/Db6dZHTo6JM/,"[""old_money"", ""euro_trip"", ""outfit_upgrade"", ""social_judgment"", ""seasonal_woven"", ""travel_scale"", ""gifting"", ""purchase_trigger""]",adjacent_fashion_or_other,lexical screening of creator caption/transcript; review source before bag-specific claims,automatic_unverified,2026-09-11,9,5
ig:Db6xEKshX4-,instagram,https://www.instagram.com/p/Db6xEKshX4-/,"I don’t want to buy a house? 🏡

My 3 unpopular money goals as a 26 year old with 6-figures saved 

#wealthbuilding #investing101 #moneymindsetshift",,melissasollee,2026-08-11T23:32:49.000Z,483,24,22043,"[""08-ig-creator-expansion""]","[""raw/08-ig-creator-expansion-items.json#row=17""]",,,Video,False,https://www.instagram.com/melissasollee/,"[""designer_spend"", ""old_money""]",adjacent_fashion_or_other,lexical screening of creator caption/transcript; review source before bag-specific claims,not_available,2026-09-11,14,13
ig:C_v12MhOy2X,instagram,https://www.instagram.com/p/C_v12MhOy2X/,"INSCRIVEZ VOUS À LA LISTE D’ATTENTE, 29 SEPTEMBRE",,arntreal.co,2024-09-10T18:58:55.000Z,382269,7092,7302206,"[""08-ig-creator-expansion""]","[""raw/08-ig-creator-expansion-items.json#row=18""]",,,Video,False,https://www.instagram.com/arntreal.co/,[],adjacent_fashion_or_other,lexical screening of creator caption/transcript; review source before bag-specific claims,not_available,2026-09-11,14,8
ig:DdHk9gHKDZ8,instagram,https://www.instagram.com/p/DdHk9gHKDZ8/,PARIS POP-UP 19/20 Sept,"Les gars, on est d'accord, en ce moment, on est tous en galère de sapes. C'est la rentrée et j'ai plus rien à me mettre. Pile quand je me disais ça, y'a un gars qui passe devant moi, sapé comme un malade. Je lui dis, wesh frérot, t'as trouvé tout ça où ? Il me répond, c'est du rintrin. Ah ouais, la marque Insta, mais laisse tomber, c'est trop cher. Et là, il m'explique un plan de fou. En fait, Arrentrin organise un énorme pop-up à Paris pour leurs deux ans. Et apparemment, ils vont régaler tout le monde. Des vêtements gratuits, des t-shirts cachés partout, des mystery box et même des PS5 à gagner. Et carrément, le jour du pop-up, quelqu'un va repartir avec 1000 euros de vêtements. Pour participer, apparemment, faut juste commenter Paris sur cette vidéo et l'envoyer en DM. Franchement, c'est une dinguerie. Moi, le 19 septembre, je suis au pop-up, c'est sûr. J'ai beaucoup trop hâte.",arntreal.co,2026-09-10T19:23:39.000Z,4007,2076,96906,"[""08-ig-creator-expansion"", ""12-ig-discovery-transcripts""]","[""raw/08-ig-creator-expansion-items.json#row=19"", ""raw/12-ig-discovery-transcripts-items.json#row=58""]",,,Video,False,https://www.instagram.com/p/DdHk9gHKDZ8/,"[""european_style"", ""euro_trip""]",adjacent_fashion_or_other,lexical screening of creator caption/transcript; review source before bag-specific claims,automatic_unverified,2026-09-11,100,8
ig:DdFLVYDAzxd,instagram,https://www.instagram.com/p/DdFLVYDAzxd/,just because the taste is designer does not mean the receipt needs to be too🫡 comment LUXE & i’ll send the links to all of these straight to your DMs 🤍 #fashionreels #handbags #designerbags #baglover #affordablefashion,"If you very much have designer bag taste but you don't quite have a designer bag budget, go ahead and save this because these are the bags that are going to have people doing a double take but are actually a fraction of the price. First, if you're loving this new era of Chanel, especially the maxi flap, but you don't quite have $10,000 to drop on it, I honestly feel like this Leo Evielette bag is a dead ringer. It comes in this stunning suede and leather version as well, and I really feel like the size and silhouette is spot on. The Tory Burch Shirley gives me such a similar feel as well, but if you're looking for a super affordable option, there's actually a bunch of sellers on Etsy making these style bags right now, and some of them are as little as $80, still made with genuine leather. I feel like Tory Burch Loki made their own version of the Chanel 25 as well. Like, squint, and that's pretty much the exact same bag, except this one is just going to run you $600. Next, if you love the classic feel of Hermes, especially the Birkins, this bag from the new Atelier gives off such Birkin energy. This very much has that quiet luxury timeless feel and looks so effortlessly chic. This bag from JWPA also reminds me so much of the Picotin. Like, that is basically the exact same silhouette, and these come out to just $100 if you catch the sale that's going on right now. If you specifically love the equestrian feel of Hermes bags, do not sleep on the Polo ID bag. It gives off such a similar vibe and looks very old money. And to me, these are just like the perfect bags for fall. I don't know about you, but Kate's bags this year have been living in my head rent-free, especially the animal print versions. This calf hair zebra situation from Yusefi honestly had me doing a double take. Same with this clutch from Liffner, and this brahmin deer print bag, like, are we actually kidding? There's so many dramatic fringe bags right now as well, and this one from Michael Kors Outlet actually looks so similar, and it's 50% off right now. And lastly, if you're a sucker for the Elias O'Kell, especially the more whimsical ones like this one, we actually need to be giving Reformation its props because I literally would think that was Elias if I didn't know better. They also have this stunning cherry red version as well. Same goes for Madewell, like this is a genuine suede bag for under $200. So let this serve as proof, you don't have to buy designer to look designer, you just need to know the right brands. And if you want to shop any of them, I'm going to have them all linked on my shop line.",steffieinthecity,2026-09-09T21:02:13.000Z,-1,25,8401,"[""08-ig-creator-expansion"", ""12-ig-discovery-transcripts""]","[""raw/08-ig-creator-expansion-items.json#row=20"", ""raw/12-ig-discovery-transcripts-items.json#row=45""]",,,Video,False,https://www.instagram.com/p/DdFLVYDAzxd/,"[""designer_spend"", ""old_money"", ""outfit_upgrade"", ""quality_material"", ""logo_independence"", ""seasonal_woven"", ""travel_scale"", ""purchase_trigger""]",handbag_context,lexical screening of creator caption/transcript; review source before bag-specific claims,automatic_unverified,2026-09-11,1,0
ig:DbmNj3zvQDA,instagram,https://www.instagram.com/p/DbmNj3zvQDA/,"How many did you already know? 🧐

These 3 financial concepts form the basis of understanding money and everything personal finance

✨Time Value of Money

✨Efficient Market Hypothesis

✨Discounted Cash Flow (DCF) Valuation 

Save this for later and share with a friend

#financialeducation #financialliteracy #moneytalk",,melissasollee,2026-08-03T23:54:26.000Z,2429,26,59867,"[""08-ig-creator-expansion""]","[""raw/08-ig-creator-expansion-items.json#row=21""]",,,Video,False,https://www.instagram.com/melissasollee/,"[""designer_spend"", ""purchase_trigger""]",adjacent_fashion_or_other,lexical screening of creator caption/transcript; review source before bag-specific claims,not_available,2026-09-11,15,6
ig:DYeoiNrMrKp,instagram,https://www.instagram.com/p/DYeoiNrMrKp/,"Did you recognise any of these brands ?

Comment shoes to receive the link https://liketk.it/6dnFM

#shoesdesigner #madeinitaly #tods #brands #luxuryfashion",these are the luxury brands that rich people gatekeep because if everyone recognizes it instantly trust me they don't want it anymore starting with Santoni known for their hand patinated leather no giant logos no hype this is the kind of shoes that speaks quietly but carries the status Todd's mastered quiet luxury before even it was a trend their gommino loafers are effortless understated instantly recognizable to the right people next we have Gianvito Rossi it's quite elegant they're actually pinning force it can also be sexy and stylish at the same time my gentlemen out there take pen and paper and write down Paolo Scaffora from Naples and Velasca from Milano just remember that Scaffora represents the ultra luxury Neapolitan tradition while Velasca brings the Italian artisanal style to a more modern and accessible audience now I'm curious to know which brands of these did you actually recognize that's all for today thank you for listening ciao now,iamsaraouardii,2026-05-18T11:45:02.000Z,26500,1288,655085,"[""08-ig-creator-expansion"", ""12-ig-discovery-transcripts""]","[""raw/08-ig-creator-expansion-items.json#row=22"", ""raw/12-ig-discovery-transcripts-items.json#row=42""]",,,Video,False,https://www.instagram.com/p/DYeoiNrMrKp/,"[""new_brand"", ""old_money"", ""european_style"", ""euro_trip"", ""outfit_upgrade"", ""social_judgment"", ""quality_material"", ""logo_independence""]",adjacent_fashion_or_other,lexical screening of creator caption/transcript; review source before bag-specific claims,automatic_unverified,2026-09-11,100,10
ig:DdHBGQiK7Ee,instagram,https://www.instagram.com/p/DdHBGQiK7Ee/,"Don’t pack for Italy. Pack for the region 👀

Same day, completely different weather and a completely different suitcase. Always check the exact destination, temperature range and weather warnings before you pack.

Going to Italy in October? Follow along, the full packing guide is coming next.

#whattopack #whattowear #europeanstyle #italianstyle🇮🇹","Don't pack for Italy, pack for the region. Italy doesn't have one September. This is where people get it wrong. Here we have Milano, Roma and Taormina on the same day with completely different weather. But the temperature is not the only thing you should look at. The north, the weather is so much changeable. You can leave your hotel in completely sunshine, but you will need a jacket and umbrella a few hours later. That's when I say your wardrobe will need layers. From in September, it's still giving summer. In south, it's an open oven. One of the biggest mistakes that you could do while packing. September is equal autumn for the entire country. Make sure you check three things. The exact city that you are going, the temperature between day and night, and of course, the weather warnings and condition because humidity and wind can completely change the way how you should dress. Same country, same month, but completely different suitcase. And because you requested it so much, my packing guide for October is going to be out soon. Thank you for listening. Ciao now.",iamsaraouardii,2026-09-10T14:13:02.000Z,-1,24,21887,"[""08-ig-creator-expansion"", ""12-ig-discovery-transcripts""]","[""raw/08-ig-creator-expansion-items.json#row=23"", ""raw/12-ig-discovery-transcripts-items.json#row=10""]",,,Video,False,https://www.instagram.com/p/DdHBGQiK7Ee/,"[""european_style"", ""euro_trip"", ""outfit_upgrade"", ""seasonal_woven"", ""travel_scale""]",adjacent_fashion_or_other,lexical screening of creator caption/transcript; review source before bag-specific claims,automatic_unverified,2026-09-11,13,11
ig:DVYbNKeDB_D,instagram,https://www.instagram.com/p/DVYbNKeDB_D/,"These brands get what Euro summer is actually about. 

Comment LIST below to receive a DM with the link to this post https://liketk.it/5WTO6",,iamsaraouardii,2026-03-02T12:16:10.000Z,44858,7918,1147048,"[""08-ig-creator-expansion""]","[""raw/08-ig-creator-expansion-items.json#row=24""]",,,Video,False,https://www.instagram.com/iamsaraouardii/,"[""seasonal_woven""]",adjacent_fashion_or_other,lexical screening of creator caption/transcript; review source before bag-specific claims,not_available,2026-09-11,1,1
ig:Dc_pPcLGL0i,instagram,https://www.instagram.com/p/Dc_pPcLGL0i/,The temperature dropped 12 degrees. She took that personally. Comment LINKS and I'll dm you everything featured 🤍 #intentionality #luxuryfashion #richmom #over40fashion #over30fashion,,intentionalluxbish,2026-09-07T17:28:14.000Z,424,475,21542,"[""08-ig-creator-expansion""]","[""raw/08-ig-creator-expansion-items.json#row=25""]",,,Video,False,https://www.instagram.com/intentionalluxbish/,[],adjacent_fashion_or_other,lexical screening of creator caption/transcript; review source before bag-specific claims,not_available,2026-09-11,0,0
ig:DbZXbVqBPgw,instagram,https://www.instagram.com/p/DbZXbVqBPgw/,"Ask yourself these to get over your fear of judgement

Here’s the harsh truth: people will judge you anyway

So you might as well be judged while building your dream life than stay stuck ☁️

#successmindset #mindsetshift #fearofjudgement",,melissasollee,2026-07-30T00:09:20.000Z,-1,18,12954,"[""08-ig-creator-expansion""]","[""raw/08-ig-creator-expansion-items.json#row=26""]",,,Video,False,https://www.instagram.com/melissasollee/,"[""social_judgment""]",adjacent_fashion_or_other,lexical screening of creator caption/transcript; review source before bag-specific claims,not_available,2026-09-11,10,3
ig:Dcq2T9WKMkU,instagram,https://www.instagram.com/p/Dcq2T9WKMkU/,"Autumn outfit formula : match 2 and break 1. If it’s still not right for you add texture

comment AUTUMN to get pieces to recreate this https://liketk.it/6m5XP

#fallfashioninspo #stylingideas #autumnstyle #autumnoutfits",,iamsaraouardii,2026-08-30T15:41:06.000Z,747,67,33910,"[""08-ig-creator-expansion""]","[""raw/08-ig-creator-expansion-items.json#row=27""]",,,Video,False,https://www.instagram.com/iamsaraouardii/,"[""outfit_upgrade"", ""seasonal_woven"", ""travel_scale""]",adjacent_fashion_or_other,lexical screening of creator caption/transcript; review source before bag-specific claims,not_available,2026-09-11,15,1
ig:DdC2wrsijmP,instagram,https://www.instagram.com/p/DdC2wrsijmP/,Be honest... where did your last luxury purchase fall? More like this in my newsletter - Comment LINK and I'll dm it to you 🤍 #luxuryfashion #craftsmanship,,intentionalluxbish,2026-09-08T23:22:51.000Z,1034,99,42101,"[""08-ig-creator-expansion""]","[""raw/08-ig-creator-expansion-items.json#row=29""]",,,Video,False,https://www.instagram.com/intentionalluxbish/,"[""quality_material"", ""seasonal_woven""]",adjacent_fashion_or_other,lexical screening of creator caption/transcript; review source before bag-specific claims,not_available,2026-09-11,3,3
ig:Dc0_95Ust3q,instagram,https://www.instagram.com/p/Dc0_95Ust3q/,"Unpopular opinion: September is NOT summer in all of Italy 🇮🇹

And packing for Milan the same way you’d pack for Sicily is one of the easiest ways to look like you packed for the wrong trip 

North = early autumn
Centre = transitional
South = late summer

P.S. I’m working on something VERY exciting for those of you always asking me what to pack… more soon 

#whattopack #europeanstyle #italiangirl #whattowear","Please, don't pack for Milano like you're going to Amalfi. You want to think of Italy in three parts: North, like Lake Como, Milano, center, like Florence or Rome, and South, like Amalfi or Taormina. For North, pack like early autumn. I will not rely on my sandals. Ciao to your linen shirts, and definitely leave at home your summer dresses. Think tailored trousers, jeans, shirts, ballet flats or loafers, a fine knit and light jacket. For center, you want to keep your dresses, skirts, lighter tops, ballet flats, why not, and a cardigan or blazer. Basically something like for the afternoon and something to throw on later. For South, you want to consider like you're packing for late summer. So definitely keep the linen, keep the dresses, keep the sandals, not pack your boots, your leather jacket, basically your heavy autumn clothes. Actually working on something more detailed for you. And now tell me, which popular European destination are you planning to visit this autumn? That's all for today. Thank you for listening. Ciao now!",iamsaraouardii,2026-09-03T14:16:00.000Z,3709,111,184500,"[""08-ig-creator-expansion"", ""12-ig-discovery-transcripts""]","[""raw/08-ig-creator-expansion-items.json#row=30"", ""raw/12-ig-discovery-transcripts-items.json#row=23""]",,,Video,False,https://www.instagram.com/p/Dc0_95Ust3q/,"[""european_style"", ""euro_trip"", ""outfit_upgrade"", ""social_judgment"", ""quality_material"", ""logo_independence"", ""seasonal_woven"", ""travel_scale""]",adjacent_fashion_or_other,lexical screening of creator caption/transcript; review source before bag-specific claims,automatic_unverified,2026-09-11,91,77
ig:DJ_994UpN_7,instagram,https://www.instagram.com/p/DJ_994UpN_7/,"Little luxuries part 4 featuring 

Comment Jolie to get a link!

@puristcollective 
@laundrysauce 
@jolieskinco 

#design #productdesign #littleluxury","This is a $150 showerhead, and it's what I call a little luxury. Part 4. A little luxury is an expensive version of something but at an affordable price for the average person. It's a small thing that brings joy in your day today. Today, we're starting with the Purist glass-lined water bottle. Most water bottles taste like aluminum regret or whatever you left in there last week. Purist is different. It's a glass-lined water bottle, so your water tastes like water. Not a gym locker, not yesterday's tea, just crisp, clean, glacier-core hydration. It's for the in-between moments, post-workout, mid-Zoom, walking home from therapy. $48 to never drink plastic again? Sold. Laundry sauce, laundry detergent. The name is ridiculous, but the experience isn't. This stuff smells like Tom Ford's lake house and washes like it has something to prove. Regular detergent feels like a chemical slap in a plastic tub. This makes your laundry smell like a boutique. $22 for 32 loads is not cheap in laundry land, but worth it if you don't want to smell like a bargain bag. Jolie skincare showerhead. Normal showerheads blast you with tap water like you're being punished for your sins, loaded with chlorine and heavy metals. Jolie fixes this with their filtration system and it works. You step in and it's not just water. It's filtered, softened, skin-loving rain. Jolie turns your shower into a spa moment. It's $148, which is wild until you realize that you use it every single day, I hope. If you care about your skin routine, then you should know it starts before you ever touch a serum.",calebulf,2025-05-23T14:31:47.000Z,87343,282,2652783,"[""08-ig-creator-expansion"", ""12-ig-discovery-transcripts""]","[""raw/08-ig-creator-expansion-items.json#row=31"", ""raw/12-ig-discovery-transcripts-items.json#row=30""]",,,Video,False,https://www.instagram.com/p/DJ_994UpN_7/,"[""designer_spend"", ""quality_material""]",handbag_context,lexical screening of creator caption/transcript; review source before bag-specific claims,automatic_unverified,2026-09-11,98,42
ig:Dc_W9r2KYFv,instagram,https://www.instagram.com/p/Dc_W9r2KYFv/,"Some autumn trends are better at catfishing than men 😭

They look SO expensive online… then they arrive and suddenly you’re someone’s uncle in 1987.

The trend isn’t always the problem : the fabric, cut + finish are.

Comment FALL below to receive a DM with the link to this post https://liketk.it/6mL20

#falltrends #falloutfit #fashiontips",,iamsaraouardii,2026-09-07T14:49:45.000Z,1103,103,59933,"[""08-ig-creator-expansion""]","[""raw/08-ig-creator-expansion-items.json#row=33""]",,,Video,False,https://www.instagram.com/iamsaraouardii/,"[""designer_spend"", ""outfit_upgrade"", ""social_judgment"", ""seasonal_woven"", ""travel_scale""]",adjacent_fashion_or_other,lexical screening of creator caption/transcript; review source before bag-specific claims,not_available,2026-09-11,15,3
ig:DcybQ_uOUm3,instagram,https://www.instagram.com/p/DcybQ_uOUm3/,"@dyson just launched a $500 toothbrush with a camera and it’s incredible.

Comment Dyson to be one of the first people to buy it and drop your thoughts below.

@dysonbeauty @dysonusa",,calebulf,2026-09-02T14:18:01.000Z,33428,536,557002,"[""08-ig-creator-expansion""]","[""raw/08-ig-creator-expansion-items.json#row=34""]",,,Video,False,https://www.instagram.com/calebulf/,[],adjacent_fashion_or_other,lexical screening of creator caption/transcript; review source before bag-specific claims,not_available,2026-09-11,15,12
ig:Dc8-OQRtAP1,instagram,https://www.instagram.com/p/Dc8-OQRtAP1/,"Life at 26 keeping up with 2 jobs 

#9to5 #workvlog #diml #productmanager",,melissasollee,2026-09-06T16:34:49.000Z,-1,22,19320,"[""08-ig-creator-expansion""]","[""raw/08-ig-creator-expansion-items.json#row=35""]",,,Video,False,https://www.instagram.com/melissasollee/,[],adjacent_fashion_or_other,lexical screening of creator caption/transcript; review source before bag-specific claims,not_available,2026-09-11,12,4
ig:Dcyea4RKmoi,instagram,https://www.instagram.com/p/Dcyea4RKmoi/,"AD| I do not want a bag that I have to save for a special occasion. I want one I can wear with jeans and a knit, throw my whole day into and still feel put together. 

That is what I love about the Bar Hobo in Merlot of @jimmychoo , the colour feels rich without being difficult to wear, and the softer shape gets even nicer once it is actually used.

Comment “link” to receive the bag in your dms https://liketk.it/6mlFT

#designerbag #handbag #trendybags","Your bag does not need to match your coat. If anything, that is usually why your autumn outfit looks a little bit flat. If you're wearing dark denim, black boots, and black coat, everything just blends in together. And you don't need a brighter outfit. You need one deep contrast. This is why I would add a merlot. It works with navy, grey, cream, and denim. Almost like a neutral, but it breaks the outfit and gives depth in a way that another black bag cannot. And the shapes matter as much as the color. When the outfit has already volume, you're looking for something softer without obviously leaving practicality on the side. The more I put inside with all the things that I carry throughout my day, the more it falls into this relaxed and lived-in shape. And yes, this one is one investment. But realistically, the functionality and the styling rule worth every price point. It can be your travel bag, your everyday bag, without looking boring. Because a simple black bag matches an outfit, but a merlot bag styles it. Choose a deep wine shade instead of matching everything black. Choose a soft shape instead of something that looks good only empty. This is the deep merlot bar holdall bag, medium, from Jimmy Choo. The reason why I personally love this color instead of another one that can be bright red, blue, or metallic is that it works with anything that you have already in your closet. You don't have to build an entire outfit around it. That's all for today. Thank you for listening. Ciao now!",iamsaraouardii,2026-09-02T14:44:52.000Z,-1,103,24741,"[""08-ig-creator-expansion"", ""12-ig-discovery-transcripts""]","[""raw/08-ig-creator-expansion-items.json#row=36"", ""raw/12-ig-discovery-transcripts-items.json#row=48""]",,,Video,False,https://www.instagram.com/p/Dcyea4RKmoi/,"[""designer_spend"", ""euro_trip"", ""outfit_upgrade"", ""seasonal_woven"", ""travel_scale""]",handbag_context,lexical screening of creator caption/transcript; review source before bag-specific claims,automatic_unverified,2026-09-11,15,4
ig:DbuAhVjRlaG,instagram,https://www.instagram.com/p/DbuAhVjRlaG/,"Do you have upcoming weddings this fall? @fehaute make the most beautiful collection of wedding guest dresses!

✨Right now use discount code “Chelsea15” can save 15% off for all orders! ✨

#fehaute #fehautedress #classystyle #Femininity #elegancetips",,thechelseastandard,2026-08-07T00:37:15.000Z,271,19,40076,"[""08-ig-creator-expansion""]","[""raw/08-ig-creator-expansion-items.json#row=37""]",,,Video,True,https://www.instagram.com/thechelseastandard/,"[""old_money"", ""outfit_upgrade"", ""seasonal_woven"", ""purchase_trigger""]",adjacent_fashion_or_other,lexical screening of creator caption/transcript; review source before bag-specific claims,not_available,2026-09-11,12,5
ig:DdE8bX9gnpM,instagram,https://www.instagram.com/p/DdE8bX9gnpM/,"proof you don’t need a whole new fall wardrobe, you just need better statement pieces 👀 i curated all of my favorites into one list so you can easily shop the ones actually worth adding to your rotation 🍂🤎 comment LINKS and i’ll send you my full edit of the statement pieces worth adding this fall ✨

#fallfashion #fashionreels #fashiontrends #falltrends  #outfitideas",,steffieinthecity,2026-09-09T18:51:50.000Z,-1,0,137,"[""08-ig-creator-expansion""]","[""raw/08-ig-creator-expansion-items.json#row=38""]",,,Video,False,https://www.instagram.com/steffieinthecity/,"[""designer_spend"", ""outfit_upgrade"", ""seasonal_woven"", ""travel_scale""]",adjacent_fashion_or_other,lexical screening of creator caption/transcript; review source before bag-specific claims,not_available,2026-09-11,0,0
ig:DbnuZ2bxzOA,instagram,https://www.instagram.com/p/DbnuZ2bxzOA/,"I’m in love with @aprilsevenstudio. Everything they have builds a perfect effortlessly chic and sexy wardrobe ✨

Comment LOVE and I’ll send you a DM 

#tiktokshop #fashion #momstyle #summer",,thechelseastandard,2026-08-04T14:03:00.000Z,0,0,141,"[""08-ig-creator-expansion""]","[""raw/08-ig-creator-expansion-items.json#row=39""]",,,Video,False,https://www.instagram.com/thechelseastandard/,"[""outfit_upgrade"", ""seasonal_woven""]",adjacent_fashion_or_other,lexical screening of creator caption/transcript; review source before bag-specific claims,not_available,2026-09-11,0,0
ig:Da3dHz7xAOA,instagram,https://www.instagram.com/p/Da3dHz7xAOA/,"Okay, so this totally happened in Florida, but it was so crazy busy, I didn’t get to post 😉 Too good not to share! 

 Farm Rio has so many cute dresses on sale right now. The Commense bag and shoes have a code too:
✨thechelseastandard_10✨
Comment SHOP and I’ll send you a link!

#ltksalealert #commense #commensereview #commensefam 
https://liketk.it/6iuRQ","Hi guys, quick outfit of the night. I love this Farm Rio dress. It is so cute. And all cotton is a must have in Florida right now or if you're somewhere hot. Something breathable is a must. And I just wanted to show you because probably the best part of this outfit is my Commence bag. I love this bag. It gives Chloe vibes through and through. It's raffia. It has a faux leather handle. And it's cute on the crook of your arm. It could, just depending on your shape, it could fit under your arm. And it is so cute. Bohemian chic vibes. I almost, speaking of Chloe, wore my Chloe shoes and I actually opted out for these from Commence as well. So they have such cute stuff right now. Seriously, go check them out. I have a code. It's the Chelsea Standard underscore 12. So yeah, check that out. That's me done. Can't wait to see my friends in Sarasota. And I'll see you later. Bye!",thechelseastandard,2026-07-16T20:10:31.000Z,34,11,982,"[""08-ig-creator-expansion"", ""12-ig-discovery-transcripts""]","[""raw/08-ig-creator-expansion-items.json#row=40"", ""raw/12-ig-discovery-transcripts-items.json#row=21""]",,,Video,False,https://www.instagram.com/p/Da3dHz7xAOA/,"[""outfit_upgrade"", ""quality_material"", ""seasonal_woven"", ""travel_scale"", ""purchase_trigger""]",handbag_context,lexical screening of creator caption/transcript; review source before bag-specific claims,automatic_unverified,2026-09-11,8,4
ig:Dc4Wwveg2Mk,instagram,https://www.instagram.com/p/Dc4Wwveg2Mk/,"comment LIST and i’ll send you my free labor day sale masterlist 💌 because no one should have to open 47 tabs to figure out who’s having the best sale 😭 i did the digging + organized all the deals, promo codes and sale dates in one place so you can spend less time searching and more time shopping 🫡 #shopping #laborday #labordaysale #sales #fashionreels",,steffieinthecity,2026-09-04T21:30:49.000Z,743,1079,69035,"[""08-ig-creator-expansion""]","[""raw/08-ig-creator-expansion-items.json#row=41""]",,,Video,False,https://www.instagram.com/steffieinthecity/,"[""designer_spend"", ""purchase_trigger""]",adjacent_fashion_or_other,lexical screening of creator caption/transcript; review source before bag-specific claims,not_available,2026-09-11,4,0
ig:DdHRsZ5ubNp,instagram,https://www.instagram.com/p/DdHRsZ5ubNp/,"The $2,000 Apple iPhone Duo. Ridiculous? Let’s chat about it.

My first two thoughts with any product are: who is this for, and what does it do for them. Those two things should shape how you talk about a product. And they’re not talking about either. 

It’s features over benefits, a long way from “1,000 songs in your pocket.”

A friend put it well: a product searching for a solution, not a problem that needed a product.

The one caveat: Apple has changed culture before. If AI makes phones and computers matter less, maybe a bigger, in-between, dual-screen device becomes the thing. I can’t see it yet. I’m willing to be wrong.

But right now I think their generational run as the best tech company in the world is over.

Let me know what you think in the comments.",,calebulf,2026-09-10T16:35:17.000Z,1051,82,38167,"[""08-ig-creator-expansion""]","[""raw/08-ig-creator-expansion-items.json#row=42""]",,,Video,False,https://www.instagram.com/calebulf/,"[""social_judgment"", ""travel_scale""]",adjacent_fashion_or_other,lexical screening of creator caption/transcript; review source before bag-specific claims,not_available,2026-09-11,15,15
ig:DcMFRwOB_V9,instagram,https://www.instagram.com/p/DcMFRwOB_V9/,"Why you should track your expenses to save 💸

Comment “MONEY” for link to my money tracker

#budgetingtips #moneysavingtips #moneysaving #personalfinance",,melissasollee,2026-08-18T16:52:34.000Z,-1,96,20954,"[""08-ig-creator-expansion""]","[""raw/08-ig-creator-expansion-items.json#row=43""]",,,Video,False,https://www.instagram.com/melissasollee/,"[""designer_spend""]",adjacent_fashion_or_other,lexical screening of creator caption/transcript; review source before bag-specific claims,not_available,2026-09-11,3,2
ig:DbrY5UWBZyT,instagram,https://www.instagram.com/p/DbrY5UWBZyT/,"3 Must-know money terms 💸

#financialeducation #personalfinance",,melissasollee,2026-08-06T00:08:30.000Z,898,11,20040,"[""08-ig-creator-expansion""]","[""raw/08-ig-creator-expansion-items.json#row=44""]",,,Video,False,https://www.instagram.com/melissasollee/,"[""designer_spend""]",adjacent_fashion_or_other,lexical screening of creator caption/transcript; review source before bag-specific claims,not_available,2026-09-11,6,5
ig:DdCODJro71q,instagram,https://www.instagram.com/p/DdCODJro71q/,,,arntreal.co,2026-09-08T17:26:57.000Z,71,6,2896,"[""08-ig-creator-expansion""]","[""raw/08-ig-creator-expansion-items.json#row=45""]",,,Video,False,https://www.instagram.com/arntreal.co/,[],adjacent_fashion_or_other,lexical screening of creator caption/transcript; review source before bag-specific claims,not_available,2026-09-11,6,1
ig:Db1Hu8XPbhH,instagram,https://www.instagram.com/p/Db1Hu8XPbhH/,"You should know these 3 concepts 💸

#moneyeducation #finance101 #personalfinance",,melissasollee,2026-08-09T18:51:30.000Z,-1,1,2728,"[""08-ig-creator-expansion""]","[""raw/08-ig-creator-expansion-items.json#row=46""]",,,Video,False,https://www.instagram.com/melissasollee/,"[""designer_spend""]",adjacent_fashion_or_other,lexical screening of creator caption/transcript; review source before bag-specific claims,not_available,2026-09-11,1,0
ig:Dc6h5CGii9i,instagram,https://www.instagram.com/p/Dc6h5CGii9i/,I love luxury. I don't love scammy luxury. Comment LINKS and I'll dm you the alternatives featured. #intentionality #luxuryfashion #luxuryfragrance #luxurysunglasses,,intentionalluxbish,2026-09-05T17:47:57.000Z,1329,564,49476,"[""08-ig-creator-expansion""]","[""raw/08-ig-creator-expansion-items.json#row=47""]",,,Video,False,https://www.instagram.com/intentionalluxbish/,"[""markup_skepticism""]",adjacent_fashion_or_other,lexical screening of creator caption/transcript; review source before bag-specific claims,not_available,2026-09-11,2,2
ig:DbitBwuROh9,instagram,https://www.instagram.com/p/DbitBwuROh9/,"Some real game changers in this bunch 🤩
1.) Glass skin for over 35+ - not greasy, bouncy

2.) Le Jardin Switzerland hair multiplier- if you are in a journey, this can help at scalp level.
 
3.) This 5 in 1 trimmer takes away peach fuzz ( and nose hair!) without slicing your face.

4.) My dentist gave me these capsules and they have nothing to do with teeth 😂Her sister invented these and I really and truly haven’t ever had an oil penetrate like this.

5.) If you have lost a bunch of weight ( GLP-1? Aging?) and your face is sinking, give this baby 8 weeks. Kobels sent me this top-secret formula a few weeks ago and basically, I put my Sculptra appointment on hold for now.

6.) Let’s get on the Creatine train. If you tired it but are so sick of the messy powders, nausea and heavy bloat, try one made for women and preserve that muscle that you work so hard for. 

Comment SHOP and sill send you a link! ✨

#beautysecrets #looksmaxxing #glowup #kiehls 
https://liketk.it/6jSWb",,thechelseastandard,2026-08-02T15:23:24.000Z,21,18,1660,"[""08-ig-creator-expansion""]","[""raw/08-ig-creator-expansion-items.json#row=48""]",,,Video,False,https://www.instagram.com/thechelseastandard/,"[""social_judgment"", ""quality_material"", ""logo_independence""]",adjacent_fashion_or_other,lexical screening of creator caption/transcript; review source before bag-specific claims,not_available,2026-09-11,9,4
ig:C97xkU7oHJR,instagram,https://www.instagram.com/p/C97xkU7oHJR/,LIEN EN BIO !!,,arntreal.co,2024-07-27T17:09:25.000Z,82212,7193,1566375,"[""08-ig-creator-expansion""]","[""raw/08-ig-creator-expansion-items.json#row=49""]",,,Video,False,https://www.instagram.com/arntreal.co/,[],adjacent_fashion_or_other,lexical screening of creator caption/transcript; review source before bag-specific claims,not_available,2026-09-11,15,3
ig:DdCKjnnOe0V,instagram,https://www.instagram.com/p/DdCKjnnOe0V/,"There are three ways I typically work with brands right now.

If you’re interested in working with me email partnerships@calebulffers.com",,calebulf,2026-09-08T16:57:08.000Z,215,13,12024,"[""08-ig-creator-expansion""]","[""raw/08-ig-creator-expansion-items.json#row=50""]",,,Video,False,https://www.instagram.com/calebulf/,[],adjacent_fashion_or_other,lexical screening of creator caption/transcript; review source before bag-specific claims,not_available,2026-09-11,6,6
ig:Dc8j7WyFGZv,instagram,https://www.instagram.com/p/Dc8j7WyFGZv/,She might be right out of bed.. but she's still chic as hell. Comment LINKS and I'll dm you everything featured 🤍 #intentionality #luxuryfashion #richmom #over40fashion,,intentionalluxbish,2026-09-06T12:42:51.000Z,2311,3058,131785,"[""08-ig-creator-expansion""]","[""raw/08-ig-creator-expansion-items.json#row=51""]",,,Video,False,https://www.instagram.com/intentionalluxbish/,"[""outfit_upgrade""]",adjacent_fashion_or_other,lexical screening of creator caption/transcript; review source before bag-specific claims,not_available,2026-09-11,0,0
ig:DbqrDEeN29I,instagram,https://www.instagram.com/p/DbqrDEeN29I/,C’est fort,,arntreal.co,2026-08-05T17:29:01.000Z,743,4,25790,"[""08-ig-creator-expansion""]","[""raw/08-ig-creator-expansion-items.json#row=52""]",,,Video,False,https://www.instagram.com/arntreal.co/,[],adjacent_fashion_or_other,lexical screening of creator caption/transcript; review source before bag-specific claims,not_available,2026-09-11,1,0
ig:DdCMb62oJ-V,instagram,https://www.instagram.com/p/DdCMb62oJ-V/,"ARNTREAL 2 YEARS BIRTHDAY 

PARIS POP-UP 19/20 SEPT","Est-ce que c'est possible d'organiser le plus gros pop-up de Paris en seulement 15 jours ? Ça, c'est méga. Ilan, Arthur et Evan. Il y a deux ans, on a commencé à vendre des vêtements sur Insta. Et très vite, on s'est retrouvés à vendre des milliers de pièces par mois. On est devenus une machine. Arthur crée les collections, Evan gère la prod, Ilan le marketing, et moi je fais en sorte que tout tienne debout. Pendant deux ans, on a bossé jour et nuit. On s'est embrouillés, on a célébré, on a dormi sur nos bureaux. Et mon rêve d'ado était devenu une putain d'entreprise. Et quelque part, on avait presque oublié pourquoi on avait commencé. On s'était un peu éloigné de vous. Alors pour les deux ans d'Arrantril, on a décidé de changer ça. On veut vous retrouver pour de vrai. Donc on organise un énorme pop-up à Paris. Le problème, on a seulement 15 jours. Mais on va mettre la totale. Des offres de ouf, plein de vêtements gratuits, des tickets d'or, le retour des mystery box et même des PS5 à gagner. Et pour commencer, le jour du pop-up, on offre 1000 euros de vêtements à l'un d'entre vous. Pour participer, commande Paris et envoie-nous cette vidéo en DM. Parce que dans 15 jours, on va organiser le plus gros pop-up de notre histoire.",arntreal.co,2026-09-08T17:13:28.000Z,1232,731,53406,"[""08-ig-creator-expansion"", ""12-ig-discovery-transcripts""]","[""raw/08-ig-creator-expansion-items.json#row=53"", ""raw/12-ig-discovery-transcripts-items.json#row=50""]",,,Video,False,https://www.instagram.com/p/DdCMb62oJ-V/,"[""european_style"", ""euro_trip"", ""markup_skepticism"", ""gifting""]",adjacent_fashion_or_other,lexical screening of creator caption/transcript; review source before bag-specific claims,automatic_unverified,2026-09-11,100,1
ig:DcEYnzZsxCL,instagram,https://www.instagram.com/p/DcEYnzZsxCL/,"5 things I wouldn’t buy for Fall 2026 🍂 

Not saying they’re ugly. I just don’t think they’re worth buying now. But I KNOW at least one of these is going to be controversial. 

#fallfashiontrends #falloutfit #fallfashion2026",,iamsaraouardii,2026-08-15T17:09:25.000Z,3374,50,194584,"[""08-ig-creator-expansion""]","[""raw/08-ig-creator-expansion-items.json#row=54""]",,,Video,False,https://www.instagram.com/iamsaraouardii/,"[""designer_spend"", ""outfit_upgrade"", ""seasonal_woven"", ""travel_scale"", ""purchase_trigger""]",adjacent_fashion_or_other,lexical screening of creator caption/transcript; review source before bag-specific claims,not_available,2026-09-11,15,8
ig:DbTu5aitYrC,instagram,https://www.instagram.com/p/DbTu5aitYrC/,DROP LE 2 AOÛT,,arntreal.co,2026-07-27T19:39:56.000Z,2452,31,77906,"[""08-ig-creator-expansion""]","[""raw/08-ig-creator-expansion-items.json#row=55""]",,,Video,False,https://www.instagram.com/arntreal.co/,[],adjacent_fashion_or_other,lexical screening of creator caption/transcript; review source before bag-specific claims,not_available,2026-09-11,14,8
ig:DdEbpi0qv1h,instagram,https://www.instagram.com/p/DdEbpi0qv1h/,"AD| Real luxury isn’t always about the logo - sometimes, it’s in the craftsmanship. 🤎

Wearing the new Connie Bag from @fairfaxandfavor, crafted in Europe from Italian leather and designed to last beyond the season.

Comment CONNIE to receive the link https://liketk.it/6mVpP

#craftmanship #luxurydesign #timelessstyle","Real luxury doesn't always come with a famous logo. Sometimes it's with craftsmanship. We judge bags by the name on them, when in reality we should care how they're made and how they'll age. Because when I invest in a bag, I still want to know that I'll carry it in five years from now. And that's what made me look into Fairfax & Faber. They are a British brand with roots in countryside and equestrian world. Their bags are made in Europe using Italian leathers and suede. Before you purchase a bag, there are three things that you should look. The material, the construction and the longevity. What I find interesting about this brand is the work you don't immediately see. The hardware is tested. The leather edges are painted and sanded by hand for a durable finish. The straps are checked for strength. The materials are not chosen just to look good in day one. Because the real good leather, the more it age, the better it look. This is the new Connie bag and I represent that really well. Horsebead hardware is a subtle reference to Fairfax & Faber equestrian world. However, it doesn't feel overly country. I love that the craftsmanship doesn't make it too precious or difficult to wear. The shape is clean and polished enough for the city. Whether it's with jeans, a knit, loafers or boots. And that to me is real luxury. Something well made enough to become part of your life and not just part of one season. I think that's what sometimes we forget when we talk about investment pieces. Timeless doesn't have to mean recognizable. It means choosing something for the quality, for how it's made and how naturally fits into your wardrobe. That's all for today. Thank you for listening. Ciao now.",iamsaraouardii,2026-09-09T14:08:30.000Z,-1,60,36248,"[""08-ig-creator-expansion"", ""12-ig-discovery-transcripts""]","[""raw/08-ig-creator-expansion-items.json#row=56"", ""raw/12-ig-discovery-transcripts-items.json#row=19""]",,,Video,False,https://www.instagram.com/p/DdEbpi0qv1h/,"[""old_money"", ""european_style"", ""euro_trip"", ""outfit_upgrade"", ""social_judgment"", ""quality_material"", ""logo_independence"", ""seasonal_woven"", ""travel_scale""]",handbag_context,lexical screening of creator caption/transcript; review source before bag-specific claims,automatic_unverified,2026-09-11,33,12
ig:DdFEmYnIfJ8,instagram,https://www.instagram.com/p/DdFEmYnIfJ8/,POPUP PARIS 19/20 SEPTEMBRE,"J'ai perdu une dent à cause de mon travail. Faut un contexte rapide. Alors t'es prêt ? C'est parti !
A 17 ans je veux créer des vêtements, je rentre en école de mode. Pendant 3 ans je crée, je crée, je crée, je fais mon premier défilé, ça explose alors j'en fais un deuxième, un troisième, les magazines disent tous que je vais réussir, j'y crois.
Alors à 20 ans je fais all-in et je crée ma marque avec l'idée de faire des vêtements connectés, je les partage sur les réseaux, ça explose et je monte une équipe.
Après un an de taf dans l'ombre on lance enfin la première collection, on vend 3000 pièces en quelques minutes, je me sens inarrêtable, j'enchaîne les collections et je recrute encore plus de monde, tout le monde porte nos vêtements.
Et en mars c'est l'apothéose, je passe à la télé avec qui veut m'associer, j'investis tout, 300 000 euros dans ce que je pensais être la collection de ma vie sauf que gros flop, personne n'achète.
Et d'un coup la boîte est dans la merde, je dois licencier et changer de bureau et tout bascule.
Alors je bosse comme un malade pour réparer ça, je dors pas, j'enchaîne les collections, je fais tout à la fois, les collections marchent, les finances remontent mais paradoxalement moi je chute, tout le monde pense que tout va bien mais ma santé se détériore et j'ai besoin de substances pour tenir le rythme.
Mon corps lâche et je perds une dent, mais tout s'accélère, on vend toujours plus et je peux plus m'arrêter.
Au Black Friday c'est le pic, on fait un million d'euros en quelques jours et à partir de là tout s'emballe et en 6 mois on fait presque 5 millions d'euros, 40 000 putains de commandes.
On commence même à vendre à l'international mais petit à petit on devient tous des machines et moi j'ai jamais été aussi loin de tous les gens qui font vivre la marque et quelque part je crois que j'ai perdu cette connexion qu'on avait tous ensemble au début.
Alors pour les 2 ans d'Arrentri, on a essayé de changer ça, on veut vous retrouver pour de vrai, donc on organise un énorme pop-up à Paris, on va mettre la totale, des offres de plein de vêtements gratuits, des tickets d'or, le retour des Mystery Box et même des PS5 à gagner.
Et pour commencer, le jour du pop-up, on offre 1000 euros de vêtements à l'un d'entre vous.
Pour participer, commande Paris et envoie-nous cette vidéo en DM parce que dans 15 jours, on va organiser le plus gros pop-up de notre histoire.",arntreal.co,2026-09-09T20:02:14.000Z,3187,441,83714,"[""08-ig-creator-expansion"", ""12-ig-discovery-transcripts""]","[""raw/08-ig-creator-expansion-items.json#row=57"", ""raw/12-ig-discovery-transcripts-items.json#row=41""]",,,Video,False,https://www.instagram.com/p/DdFEmYnIfJ8/,"[""european_style"", ""euro_trip""]",adjacent_fashion_or_other,lexical screening of creator caption/transcript; review source before bag-specific claims,automatic_unverified,2026-09-11,45,0
ig:DbBxVV2RpQa,instagram,https://www.instagram.com/p/DbBxVV2RpQa/,"The is such a standard summer outfit but the “luxe” additions are actually super affordable ( Amazon affordable)!

Comment SHOP and I’ll send you the links! *

*The tank is not linkable for me for Zara, but my mom and I both have the one that I linked which is a bit longer and perfect for tucking!

https://liketk.it/6iUDu #luxeforless #ltkcreator #summerbasics #momstyle",,thechelseastandard,2026-07-20T20:18:09.000Z,32,18,952,"[""08-ig-creator-expansion""]","[""raw/08-ig-creator-expansion-items.json#row=58""]",,,Video,False,https://www.instagram.com/thechelseastandard/,"[""designer_spend"", ""outfit_upgrade"", ""logo_independence"", ""seasonal_woven"", ""travel_scale""]",adjacent_fashion_or_other,lexical screening of creator caption/transcript; review source before bag-specific claims,not_available,2026-09-11,15,6
ig:DbJ1doxxTni,instagram,https://www.instagram.com/p/DbJ1doxxTni/,"Having a matching set like this- soft, structured and a little sexy has been clever closet addition ✨

Comment SHOP and I’ll sen duly the links. Also! ⤵️

Use CODE: thechelseastandard_10 for a discount

https://liketk.it/6j7pQ
#ltkcreator #ootn #commense #commensefam #commensereview",,thechelseastandard,2026-07-23T23:25:50.000Z,38,20,906,"[""08-ig-creator-expansion""]","[""raw/08-ig-creator-expansion-items.json#row=59""]",,,Video,False,https://www.instagram.com/thechelseastandard/,"[""purchase_trigger""]",adjacent_fashion_or_other,lexical screening of creator caption/transcript; review source before bag-specific claims,not_available,2026-09-11,11,4
ig:DdEaTnVA-t0,instagram,https://www.instagram.com/p/DdEaTnVA-t0/,"if you think looking expensive has to be expensive, you just don’t know where to shop 🤏🏻🤏🏻 comment LUXE & i’ll send the links to all of these pieces straight to your DMs 🤍 #quietluxury #affordablefashion #fashionreels #fashioninspo #fallfashion","If your taste is very The Row or Kate-coded, but you're more so on a Zara budget, allow me to gatekeep four brands that will get you that look for a fraction of the price. Now, the first step in curating a wardrobe like this is just investing in high-quality basics, and 90% does this so well. Not only is pretty much everything on their site $100 or less, but they also only use sustainable materials. I feel like everything they do is so effortlessly chic, like the draping of this top, the scarf detailing here. These are just all such good staples that you can easily dress up or down. Most of their pieces are also made with this micro-modal material, so they not only look good, but they also feel good. And for just $50, I honestly don't think you can beat that. Now, if you're specifically on the hunt for pieces that look like they could be designer and have a little bit more of an edge, you will be obsessed with Oak and Forge. They really know how to make those dramatic, yet effortlessly chic pieces that will have people thinking you're wearing a $2,000 sweater when really you scored it for under $100. Like, even the way they did this tee, I honestly would think this is Bottega at first glance, but it's under $60. Even just the way they did the silhouette of this sweater and this long-sleeve tee with the open back make it look way more expensive than it actually is. If you specifically want to look Scandi chic and you don't want to spend more than $100 per piece, you're probably going to want to buy everything from April 7's website. Like, the design of this knit polo looks so much like the Kate one and is so universally flattering. But instead of paying $500, you can literally get it for a fraction of the price. One of the easiest swaps you can do when curating a wardrobe like this is literally just switching out your jeans for a pair of satin pants. They have these in a couple different colors and not only are they so well priced, they come in three different lengths, which as a six foot tall girly, I can confirm they are actually long enough. I also just feel like this scarf top and this chiffon poncho are such good wardrobe staples. Like, so many ways to wear both of these and again, they're both under $50. And lastly, if Kate and Zara had a baby, it 1000% would be Massimo Duty. So many of the pieces look designer. Like, this skirt feels so reminiscent of the Kate one and this dress looks like it's straight off the Rose Runway. They also have so many good basics for under $100 as well. Like this, this, and this. Personally, I am already loading up my cart for fall. So if you want to do the same, I went ahead and made sure all of these are linked for you.",steffieinthecity,2026-09-09T13:53:42.000Z,866,737,48933,"[""08-ig-creator-expansion"", ""12-ig-discovery-transcripts""]","[""raw/08-ig-creator-expansion-items.json#row=60"", ""raw/12-ig-discovery-transcripts-items.json#row=39""]",,,Video,False,https://www.instagram.com/p/DdEaTnVA-t0/,"[""new_brand"", ""designer_spend"", ""outfit_upgrade"", ""quality_material"", ""logo_independence"", ""seasonal_woven""]",adjacent_fashion_or_other,lexical screening of creator caption/transcript; review source before bag-specific claims,automatic_unverified,2026-09-11,100,0
ig:DcW5JhSS7k_,instagram,https://www.instagram.com/p/DcW5JhSS7k_/,"Comment ✨SHOP✨ and I’ll send you a DM with the link and a special promo code and free shipping! 

Looooving Meilleur Moment tops! I’m truly obsessed- the softness, the cut, the wearability … everything makes this a wardrobe must-have!

#meilleur #meilleurmoment #cashmere #traveloutfit #ootd",,thechelseastandard,2026-08-22T21:41:05.000Z,25,21,785,"[""08-ig-creator-expansion""]","[""raw/08-ig-creator-expansion-items.json#row=61""]",,,Video,False,https://www.instagram.com/thechelseastandard/,"[""euro_trip"", ""outfit_upgrade"", ""travel_scale"", ""purchase_trigger""]",adjacent_fashion_or_other,lexical screening of creator caption/transcript; review source before bag-specific claims,not_available,2026-09-11,9,4
ig:DdHjWExPP-i,instagram,https://www.instagram.com/p/DdHjWExPP-i/,"The $2,000 Apple iPhone Duo. Ridiculous. Let’s chat about it.

My first two thoughts with any product are: who is this for, and what does it do for them. Those two things should shape how you talk about a product. And they’re not talking about either. 

It’s features over benefits, a long way from “1,000 songs in your pocket.”

A friend put it well: a product searching for a solution, not a problem that needed a product.

The one caveat: Apple has changed culture before. If AI makes phones and computers matter less, maybe a bigger, in-between, dual-screen device becomes the thing. I can’t see it yet. I’m willing to be wrong.

But right now I think their generational run as the best tech company in the world is over.

Let me know what you think in the comments.",,calebulf,2026-09-10T19:09:32.000Z,346,29,6214,"[""08-ig-creator-expansion""]","[""raw/08-ig-creator-expansion-items.json#row=62""]",,,Video,False,https://www.instagram.com/calebulf/,"[""social_judgment"", ""travel_scale""]",adjacent_fashion_or_other,lexical screening of creator caption/transcript; review source before bag-specific claims,not_available,2026-09-11,13,13
ig:DcooLWcA6nm,instagram,https://www.instagram.com/p/DcooLWcA6nm/,"Treat yourself this Labor Day! Use code LABORDAY20 for 20% off the latest drops and top favorites —link in bio to grab yours before they’re gone.

#reviveskincarepartner #givenewlifetoskin #reviveskincare",,wear_this_next,2026-08-29T18:57:50.000Z,-1,5,7365,"[""08-ig-creator-expansion""]","[""raw/08-ig-creator-expansion-items.json#row=63""]",,,Video,True,https://www.instagram.com/wear_this_next/,[],adjacent_fashion_or_other,lexical screening of creator caption/transcript; review source before bag-specific claims,not_available,2026-09-11,3,0
ig:DcWAnGeA-Pu,instagram,https://www.instagram.com/p/DcWAnGeA-Pu/,"Comment SHOP for The Row aesthetic at H&M prices 🖤 Think oversized knits, relaxed trousers, sculptural outerwear and minimal accessories that give you that quiet-luxury feeling for so much less. 

#hmfashion #therow #quietluxury #minimalstyle 
.
.
.
.
The Row aesthetic, The Row style for less, H&M fall finds, H&M quiet luxury, quiet luxury outfits, minimal fall style, elevated H&M finds, affordable fall fashion, oversized fall knits, relaxed trousers, sculptural fall coats, quiet luxury accessories","No one does understated, fall style quite like the row. Think oversized knits, relaxed trousers, sculptural coats, and minimal accessories. And I found the same quiet luxury aesthetic at H&M prices. Starting with knits, look for relaxed silhouettes, dropped shoulders, longer sleeves, and rich neutral colors. They're minimal, but the proportions make them feel much more elevated than a basic sweater. This one from H&M gives me a lot of row vibes. Next are trousers. A wider leg and softer, more fluid fabric create that effortless drape that is such a big part of the row aesthetic. Pair them with an oversized knit and keep the styling really simple. For outerwear, I found this oversized coat. The shape makes it feel interesting and intentional, even though the overall design is very minimal. And finally, accessories. H&M has shoes and bags with very clean shapes, rich neutral colors, and minimal hardware that capture that quiet luxury look without the luxury price. The row aesthetic is really about thoughtful simplicity, beautiful proportions, and pieces that feel understated but still special. I have put together a list of H&M finds that give you that same feeling for so much less. Comment below if you'd like to shop.",wear_this_next,2026-08-22T13:28:48.000Z,1026,2714,78464,"[""08-ig-creator-expansion"", ""12-ig-discovery-transcripts""]","[""raw/08-ig-creator-expansion-items.json#row=64"", ""raw/12-ig-discovery-transcripts-items.json#row=13""]",,,Video,False,https://www.instagram.com/p/DcWAnGeA-Pu/,"[""designer_spend"", ""old_money"", ""outfit_upgrade"", ""quality_material"", ""logo_independence"", ""seasonal_woven"", ""travel_scale""]",handbag_context,lexical screening of creator caption/transcript; review source before bag-specific claims,automatic_unverified,2026-09-11,4,0
ig:DangnV2xG65,instagram,https://www.instagram.com/p/DangnV2xG65/,"Summer style is solved with @commense.official! These outfits create a perfect summer capsule wardrobe. 
Code:
✨thechelseastandard_10✨

Comment SHOP and I’ll send you a link 

#LTKSeasonal #LTKTravel #commensereview #commensefam #commense 
https://liketk.it/6i3e1",,thechelseastandard,2026-07-10T15:31:11.000Z,165,30,41071,"[""08-ig-creator-expansion""]","[""raw/08-ig-creator-expansion-items.json#row=65""]",,,Video,True,https://www.instagram.com/thechelseastandard/,"[""euro_trip"", ""outfit_upgrade"", ""seasonal_woven"", ""travel_scale"", ""purchase_trigger""]",adjacent_fashion_or_other,lexical screening of creator caption/transcript; review source before bag-specific claims,not_available,2026-09-11,9,5
ig:Dc6ESv5xXBk,instagram,https://www.instagram.com/p/Dc6ESv5xXBk/,"Comment FALL and I’ll send you my picks 🤎 If I were building my fall wardrobe from scratch, I wouldn’t start with more basics. I’d start with the pieces that make everything else in my closet feel more interesting. 

Think statement knits, dark denim, cool casual pants, outerwear with shape, and shoes that actually add something to the outfit. Pieces that are still incredibly wearable—but make getting dressed feel a little more elevated this fall.

#fallstyle #fallfashiontrends #falloutfitinspo #elevatedstyle 
.
.
.
.
fall wardrobe 2026, fall wardrobe essentials, fall fashion trends 2026, elevated fall outfits, fall outfit ideas for women, casual fall outfits, how to build a fall wardrobe, fall clothes worth buying, fall style over 30, fall style over 40, elevated everyday style, what to buy for fall",,wear_this_next,2026-09-05T13:38:37.000Z,312,702,20272,"[""08-ig-creator-expansion""]","[""raw/08-ig-creator-expansion-items.json#row=66""]",,,Video,False,https://www.instagram.com/wear_this_next/,"[""designer_spend"", ""outfit_upgrade"", ""quality_material"", ""logo_independence"", ""seasonal_woven"", ""travel_scale"", ""purchase_trigger""]",adjacent_fashion_or_other,lexical screening of creator caption/transcript; review source before bag-specific claims,not_available,2026-09-11,14,1
ig:Dc1-4kliRSm,instagram,https://www.instagram.com/p/Dc1-4kliRSm/,"Because she always looks effortless, even though there is nothing effortless about her. Comment LINKS and I'll dm you everything featured 🤍  #intentionality #luxuryfashion #over30fashion #over40fashion",,intentionalluxbish,2026-09-03T23:24:52.000Z,523,683,31046,"[""08-ig-creator-expansion""]","[""raw/08-ig-creator-expansion-items.json#row=67""]",,,Video,False,https://www.instagram.com/intentionalluxbish/,[],adjacent_fashion_or_other,lexical screening of creator caption/transcript; review source before bag-specific claims,not_available,2026-09-11,1,1
ig:Dc9D-ENFH5Q,instagram,https://www.instagram.com/p/Dc9D-ENFH5Q/,"If Chanel is buying up the ateliers, it's time to pay attention. Comment LINKS and I'll dm you everything featured 🤍 #intentionality #luxuryfashion",,intentionalluxbish,2026-09-06T17:22:51.000Z,9294,850,247131,"[""08-ig-creator-expansion""]","[""raw/08-ig-creator-expansion-items.json#row=68""]",,,Video,False,https://www.instagram.com/intentionalluxbish/,"[""purchase_trigger""]",adjacent_fashion_or_other,lexical screening of creator caption/transcript; review source before bag-specific claims,not_available,2026-09-11,1,1
ig:DdHpACkOrl3,instagram,https://www.instagram.com/p/DdHpACkOrl3/,"Don’t buy Hermes ties, chose these 5 instead !",,connoisseurbyhugo,2026-09-10T19:59:06.000Z,2,0,31,"[""08-ig-creator-expansion""]","[""raw/08-ig-creator-expansion-items.json#row=69""]",,,Video,False,https://www.instagram.com/connoisseurbyhugo/,[],handbag_context,lexical screening of creator caption/transcript; review source before bag-specific claims,not_available,2026-09-11,0,0
ig:Dc3OF63gD5r,instagram,https://www.instagram.com/p/Dc3OF63gD5r/,Take care of your skin like you take care of your money. Comment LINKS and I'll dm you everything featured 🤍 #intentionality #luxuryskincare #over40skincare #over30skincare,,intentionalluxbish,2026-09-04T10:55:51.000Z,971,866,38508,"[""08-ig-creator-expansion""]","[""raw/08-ig-creator-expansion-items.json#row=70""]",,,Video,False,https://www.instagram.com/intentionalluxbish/,"[""designer_spend""]",adjacent_fashion_or_other,lexical screening of creator caption/transcript; review source before bag-specific claims,not_available,2026-09-11,1,0
ig:DbB_dAghL2v,instagram,https://www.instagram.com/p/DbB_dAghL2v/,Becoming someone your younger self would look up to >>,,melissasollee,2026-07-20T22:17:15.000Z,3653,48,55383,"[""08-ig-creator-expansion""]","[""raw/08-ig-creator-expansion-items.json#row=71""]",,,Video,False,https://www.instagram.com/melissasollee/,[],adjacent_fashion_or_other,lexical screening of creator caption/transcript; review source before bag-specific claims,not_available,2026-09-11,15,1
ig:DdHlkK1h6ar,instagram,https://www.instagram.com/p/DdHlkK1h6ar/,iPad kids = Duo adults,,calebulf,2026-09-10T19:28:37.000Z,282,0,3954,"[""08-ig-creator-expansion""]","[""raw/08-ig-creator-expansion-items.json#row=72""]",,,Video,False,https://www.instagram.com/calebulf/,[],adjacent_fashion_or_other,lexical screening of creator caption/transcript; review source before bag-specific claims,not_available,2026-09-11,0,0
ig:DdHic6BO39f,instagram,https://www.instagram.com/p/DdHic6BO39f/,Don’t buy Loro Piana loafers but these 5 instead,,connoisseurbyhugo,2026-09-10T19:01:40.000Z,1,0,49,"[""08-ig-creator-expansion""]","[""raw/08-ig-creator-expansion-items.json#row=73""]",,,Video,False,https://www.instagram.com/connoisseurbyhugo/,[],adjacent_fashion_or_other,lexical screening of creator caption/transcript; review source before bag-specific claims,not_available,2026-09-11,0,0
ig:DbTijqaBYWx,instagram,https://www.instagram.com/p/DbTijqaBYWx/,"Just another day living a dual life ☁️

#workvlog #corporategirl #9to5",,melissasollee,2026-07-27T17:52:11.000Z,523,43,24242,"[""08-ig-creator-expansion""]","[""raw/08-ig-creator-expansion-items.json#row=74""]",,,Video,False,https://www.instagram.com/melissasollee/,[],adjacent_fashion_or_other,lexical screening of creator caption/transcript; review source before bag-specific claims,not_available,2026-09-11,15,7
ig:DdJgYb-usCO,instagram,https://www.instagram.com/p/DdJgYb-usCO/,Ten coats you have to know !,,connoisseurbyhugo,2026-09-11T13:21:59.000Z,64,2,2718,"[""08-ig-creator-expansion""]","[""raw/08-ig-creator-expansion-items.json#row=75""]",,,Video,False,https://www.instagram.com/connoisseurbyhugo/,[],adjacent_fashion_or_other,lexical screening of creator caption/transcript; review source before bag-specific claims,not_available,2026-09-11,1,1
ig:Dcg3arCAgHx,instagram,https://www.instagram.com/p/Dcg3arCAgHx/,"Comment SHOP and I’ll send you my favorite transitional shoes to wear now and into fall 🤎 When it’s too warm for fall clothes, start with your shoes. Mesh or woven ballet flats, slim retro sneakers and classic loafers make lightweight outfits feel more fall-forward—no layers required.

#fallshoes #fallstyle2026 #falloutfitideas #transitionalstyle 
.
.
.
.
fall shoes 2026, transitional shoes for fall, summer to fall outfits, shoes to wear into fall, mesh ballet flats, woven ballet flats, slim retro sneakers, women’s loafers, early fall outfit ideas, how to transition your wardrobe for fall",,wear_this_next,2026-08-26T18:39:58.000Z,175,346,13045,"[""08-ig-creator-expansion""]","[""raw/08-ig-creator-expansion-items.json#row=76""]",,,Video,False,https://www.instagram.com/wear_this_next/,"[""old_money"", ""outfit_upgrade"", ""quality_material"", ""seasonal_woven"", ""travel_scale""]",adjacent_fashion_or_other,lexical screening of creator caption/transcript; review source before bag-specific claims,not_available,2026-09-11,0,0
ig:DdJgXt1OloD,instagram,https://www.instagram.com/p/DdJgXt1OloD/,Ten coats you have to know !,,connoisseurbyhugo,2026-09-11T13:21:58.000Z,38,0,2001,"[""08-ig-creator-expansion""]","[""raw/08-ig-creator-expansion-items.json#row=77""]",,,Video,False,https://www.instagram.com/connoisseurbyhugo/,[],adjacent_fashion_or_other,lexical screening of creator caption/transcript; review source before bag-specific claims,not_available,2026-09-11,0,0
ig:Dc4jk55Di1q,instagram,https://www.instagram.com/p/Dc4jk55Di1q/,Excellence doesn't have to come with $80K in pre-spend... Comment LINKS and I'll dm you everything featured 🤍 #intentionality #luxuryfashion #craftsmanship #over40fashion,,intentionalluxbish,2026-09-04T23:22:51.000Z,556,315,24885,"[""08-ig-creator-expansion""]","[""raw/08-ig-creator-expansion-items.json#row=78""]",,,Video,False,https://www.instagram.com/intentionalluxbish/,"[""designer_spend"", ""quality_material""]",adjacent_fashion_or_other,lexical screening of creator caption/transcript; review source before bag-specific claims,not_available,2026-09-11,2,1
ig:Dc6d5wrOmmZ,instagram,https://www.instagram.com/p/Dc6d5wrOmmZ/,"#BestBuyPartner #BestBuyPartner 

These are the five appliances I would buy from @bestbuy during their Labor Day Sale! 

Comment ‘Sale’ and I’ll send you links to all of my Best Buy appliance recommendations #BestBuyAffiliate",,calebulf,2026-09-05T17:16:29.000Z,317,39,22396,"[""08-ig-creator-expansion""]","[""raw/08-ig-creator-expansion-items.json#row=79""]",,,Video,True,https://www.instagram.com/calebulf/,"[""purchase_trigger""]",adjacent_fashion_or_other,lexical screening of creator caption/transcript; review source before bag-specific claims,not_available,2026-09-11,15,4
ig:DdJg5XzORrn,instagram,https://www.instagram.com/p/DdJg5XzORrn/,Elegant vs vulgaire. What do you think ?,,connoisseurbyhugo,2026-09-11T13:26:31.000Z,27,0,2588,"[""08-ig-creator-expansion""]","[""raw/08-ig-creator-expansion-items.json#row=80""]",,,Video,False,https://www.instagram.com/connoisseurbyhugo/,"[""old_money"", ""social_judgment""]",adjacent_fashion_or_other,lexical screening of creator caption/transcript; review source before bag-specific claims,not_available,2026-09-11,0,0
ig:Da_rCWpvr9M,instagram,https://www.instagram.com/p/Da_rCWpvr9M/,"Expensive things that are *actually* worth your money, as a financially responsible girly 🎀",,melissasollee,2026-07-20T00:40:33.000Z,4455,48,111014,"[""08-ig-creator-expansion""]","[""raw/08-ig-creator-expansion-items.json#row=81""]",,,Video,False,https://www.instagram.com/melissasollee/,"[""designer_spend""]",adjacent_fashion_or_other,lexical screening of creator caption/transcript; review source before bag-specific claims,not_available,2026-09-11,15,5
ig:DS4_C9IDmw5,instagram,https://www.instagram.com/p/DS4_C9IDmw5/,"Auditioning to be your favorite casual cool mom creator in 2026 🙌 Follow for casual chic mom outfits, wardrobe staples, and easy outfit ideas that actually work in real life

#momcreator #casualoutfitideas #millenialmom 
.
.
.
.
casual cool mom outfits, everyday mom style, elevated mom fashion, school drop off outfits, realistic mom outfits, effortless mom style, mom fashion over 30, casual chic mom looks, modern mom outfit ideas",,wear_this_next,2025-12-30T14:08:33.000Z,506,49,25224,"[""08-ig-creator-expansion""]","[""raw/08-ig-creator-expansion-items.json#row=82""]",,,Video,False,https://www.instagram.com/wear_this_next/,"[""outfit_upgrade"", ""travel_scale""]",adjacent_fashion_or_other,lexical screening of creator caption/transcript; review source before bag-specific claims,not_available,2026-09-11,15,8
ig:C-F0zs5IPRE,instagram,https://www.instagram.com/p/C-F0zs5IPRE/,LIEN EN BIO POUR S’INSCRIRE À LA LISTE D’ATTENTE,,arntreal.co,2024-07-31T14:50:24.000Z,60893,771,2018231,"[""08-ig-creator-expansion""]","[""raw/08-ig-creator-expansion-items.json#row=83""]",,,Video,False,https://www.instagram.com/arntreal.co/,[],adjacent_fashion_or_other,lexical screening of creator caption/transcript; review source before bag-specific claims,not_available,2026-09-11,14,9
ig:DcmWZYGxzYU,instagram,https://www.instagram.com/p/DcmWZYGxzYU/,"California, you were a dream 🫶🏼

#carmelvalleyranch #malibu #beverlyhills #santabarbara #vacation",,thechelseastandard,2026-08-28T21:44:11.000Z,25,13,506,"[""08-ig-creator-expansion""]","[""raw/08-ig-creator-expansion-items.json#row=84""]",,,Video,False,https://www.instagram.com/thechelseastandard/,"[""euro_trip""]",adjacent_fashion_or_other,lexical screening of creator caption/transcript; review source before bag-specific claims,not_available,2026-09-11,9,2
ig:Dc0pAKZDqrr,instagram,https://www.instagram.com/p/Dc0pAKZDqrr/,"Only makeup that performs and nothing else. Comment LINKS and I'll dm you everything featured 🤍 
#intentionality #richmom #luxurymakeup #luxurybeauty",,intentionalluxbish,2026-09-03T10:54:51.000Z,5298,6781,253336,"[""08-ig-creator-expansion""]","[""raw/08-ig-creator-expansion-items.json#row=85""]",,,Video,False,https://www.instagram.com/intentionalluxbish/,[],adjacent_fashion_or_other,lexical screening of creator caption/transcript; review source before bag-specific claims,not_available,2026-09-11,0,0
ig:Dc5_IxqDNnE,instagram,https://www.instagram.com/p/Dc5_IxqDNnE/,She will look classy. She will look hot. She does not compromise. Comment LINKS and I'll dm you everything featured 🤍 #Intentionality #luxuryfashion #richmom #over40fashion #over30fashion,,intentionalluxbish,2026-09-05T12:44:53.000Z,766,1025,36182,"[""08-ig-creator-expansion""]","[""raw/08-ig-creator-expansion-items.json#row=86""]",,,Video,False,https://www.instagram.com/intentionalluxbish/,"[""old_money""]",adjacent_fashion_or_other,lexical screening of creator caption/transcript; review source before bag-specific claims,not_available,2026-09-11,1,0
ig:DaYV9WMNeAZ,instagram,https://www.instagram.com/p/DaYV9WMNeAZ/,C’EST DISPO SUR LE SITEEE,,arntreal.co,2026-07-04T18:05:43.000Z,1398,35,45825,"[""08-ig-creator-expansion""]","[""raw/08-ig-creator-expansion-items.json#row=87""]",,,Video,False,https://www.instagram.com/arntreal.co/,[],adjacent_fashion_or_other,lexical screening of creator caption/transcript; review source before bag-specific claims,not_available,2026-09-11,15,12
ig:DbL50sYNYYO,instagram,https://www.instagram.com/p/DbL50sYNYYO/,Ça sort le 2 août !!,,arntreal.co,2026-07-24T18:41:33.000Z,2511,35,60764,"[""08-ig-creator-expansion""]","[""raw/08-ig-creator-expansion-items.json#row=88""]",,,Video,False,https://www.instagram.com/arntreal.co/,[],adjacent_fashion_or_other,lexical screening of creator caption/transcript; review source before bag-specific claims,not_available,2026-09-11,15,9
ig:DaPzcDRNqvX,instagram,https://www.instagram.com/p/DaPzcDRNqvX/,C’est dispo !!,,arntreal.co,2026-07-01T10:29:54.000Z,93,2,3814,"[""08-ig-creator-expansion""]","[""raw/08-ig-creator-expansion-items.json#row=89""]",,,Video,False,https://www.instagram.com/arntreal.co/,[],adjacent_fashion_or_other,lexical screening of creator caption/transcript; review source before bag-specific claims,not_available,2026-09-11,1,1
ig:DbOrZ3oNrD_,instagram,https://www.instagram.com/p/DbOrZ3oNrD_/,C’est fort et ça sort bientôt,,arntreal.co,2026-07-25T20:32:26.000Z,2975,1842,64342,"[""08-ig-creator-expansion""]","[""raw/08-ig-creator-expansion-items.json#row=90""]",,,Video,False,https://www.instagram.com/arntreal.co/,[],adjacent_fashion_or_other,lexical screening of creator caption/transcript; review source before bag-specific claims,not_available,2026-09-11,15,1
ig:DcbPPiQqe_s,instagram,https://www.instagram.com/p/DcbPPiQqe_s/,"Someone has to hold it down in London. 

Comment “top” for the link https://liketk.it/6lBnV

#revolvepartner #outfitoftoday #fringes #goingoutoutfit",,iamsaraouardii,2026-08-24T14:07:18.000Z,-1,36,25431,"[""08-ig-creator-expansion""]","[""raw/08-ig-creator-expansion-items.json#row=91""]",,,Video,False,https://www.instagram.com/iamsaraouardii/,"[""european_style"", ""euro_trip"", ""outfit_upgrade"", ""travel_scale""]",adjacent_fashion_or_other,lexical screening of creator caption/transcript; review source before bag-specific claims,not_available,2026-09-11,8,2
ig:DbEyB9jTqcA,instagram,https://www.instagram.com/p/DbEyB9jTqcA/,"My 3 unpopular money habits 💸↓ 

 ✨ No individual stocks, only index funds and ETFs

✨ Credit cards over debit cards

✨ Spend guilt-free on things that bring me joy (with a plan)

Being financially responsible doesn’t mean deprivation, it’s about being intentional and having a system in place so you can use money as a tool to make your life better 🤍

#budgetingtips #investingtips #investing101 #moneymindsetshift",,melissasollee,2026-07-22T00:21:00.000Z,4609,44,130139,"[""08-ig-creator-expansion""]","[""raw/08-ig-creator-expansion-items.json#row=92""]",,,Video,False,https://www.instagram.com/melissasollee/,"[""designer_spend"", ""purchase_trigger""]",adjacent_fashion_or_other,lexical screening of creator caption/transcript; review source before bag-specific claims,not_available,2026-09-11,15,5
ig:DZ9qElVtqDu,instagram,https://www.instagram.com/p/DZ9qElVtqDu/,C’est dispo via en bio !,,arntreal.co,2026-06-24T09:21:33.000Z,69,5,4431,"[""08-ig-creator-expansion""]","[""raw/08-ig-creator-expansion-items.json#row=93""]",,,Video,False,https://www.instagram.com/arntreal.co/,[],adjacent_fashion_or_other,lexical screening of creator caption/transcript; review source before bag-specific claims,not_available,2026-09-11,4,2
ig:Db6ALrpMxWk,instagram,https://www.instagram.com/p/Db6ALrpMxWk/,"If you love the look of luxury but want something a little more under-the-radar, these brands deserve a spot on your wishlist.

And no… not Polène or DeMellier.

Which one would you actually wear? Comment Bags for the link  https://liketk.it/6kCju

#luxurybags #bagslover #designerbags",,iamsaraouardii,2026-08-11T16:23:45.000Z,2122,539,137871,"[""08-ig-creator-expansion""]","[""raw/08-ig-creator-expansion-items.json#row=94""]",,,Video,False,https://www.instagram.com/iamsaraouardii/,"[""european_style""]",handbag_context,lexical screening of creator caption/transcript; review source before bag-specific claims,not_available,2026-09-11,15,0
ig:DaTlpabx8aY,instagram,https://www.instagram.com/p/DaTlpabx8aY/,"Over 100 degrees?!? Should’ve gotten the shorts. 🫠 

Comment SHOP and I’ll send the links.

✨Commense CODE - TheChelseaStandard_12 ✨

#ootd #summerstyle #commense #momstyle
 https://liketk.it/6hufY",,thechelseastandard,2026-07-02T21:50:43.000Z,104,27,44777,"[""08-ig-creator-expansion""]","[""raw/08-ig-creator-expansion-items.json#row=95""]",,,Video,False,https://www.instagram.com/thechelseastandard/,"[""outfit_upgrade"", ""seasonal_woven""]",adjacent_fashion_or_other,lexical screening of creator caption/transcript; review source before bag-specific claims,not_available,2026-09-11,8,5
ig:Dc_IuJKESzk,instagram,https://www.instagram.com/p/Dc_IuJKESzk/,Why buy a logo when you can buy the designers that made it great? Comment LINKS and I'll dm you everything featured 🤍  #intentionality #luxuryfashion #luxuryfootwear #over40fashion,,intentionalluxbish,2026-09-07T12:42:51.000Z,562,313,24575,"[""08-ig-creator-expansion""]","[""raw/08-ig-creator-expansion-items.json#row=97""]",,,Video,False,https://www.instagram.com/intentionalluxbish/,"[""logo_independence""]",adjacent_fashion_or_other,lexical screening of creator caption/transcript; review source before bag-specific claims,not_available,2026-09-11,1,0
ig:Daltv8PhsXS,instagram,https://www.instagram.com/p/Daltv8PhsXS/,"Should you save $ in your 20s? 

Saving and investing in your 20s is critical to wealth building because:

1. Your standard and cost of living in your 20s will be the lowest. Saving when you can afford to live frugally is important 

2. Compound interest rewards time. The money you save in your 20s will grow into a much larger amount than in your 30s

3. Habits and mindset you form around money in your 20s will carry into your 30s, so practicing saving and investing as early as possible is crucial

#personalfinance #moneymindset #savingmoneytips",,melissasollee,2026-07-09T22:50:25.000Z,-1,12,14726,"[""08-ig-creator-expansion""]","[""raw/08-ig-creator-expansion-items.json#row=98""]",,,Video,False,https://www.instagram.com/melissasollee/,"[""designer_spend"", ""old_money""]",adjacent_fashion_or_other,lexical screening of creator caption/transcript; review source before bag-specific claims,not_available,2026-09-11,8,6
ig:DcBrvajsyxo,instagram,https://www.instagram.com/p/DcBrvajsyxo/,"What I’d actually pack for Europe in September & October 🍂

The rule I always follow: pack the colours of autumn, not the clothes of winter. Think chocolate brown, burgundy, suede, lightweight knits, trenches, loafers + easy layers.

I’ve linked all my picks to recreate the European autumn wardrobe 🤎

Comment LINK https://liketk.it/6kRsw

#europestyle_ #falloutfits #whattopack #eurofall #whattowear",,iamsaraouardii,2026-08-14T16:03:27.000Z,1431,227,93565,"[""08-ig-creator-expansion""]","[""raw/08-ig-creator-expansion-items.json#row=99""]",,,Video,False,https://www.instagram.com/iamsaraouardii/,"[""european_style"", ""euro_trip"", ""outfit_upgrade"", ""quality_material"", ""seasonal_woven"", ""travel_scale""]",adjacent_fashion_or_other,lexical screening of creator caption/transcript; review source before bag-specific claims,not_available,2026-09-11,14,2
ig:DdE4mWFurLM,instagram,https://www.instagram.com/p/DdE4mWFurLM/,Don’t buy Golden goose sneakers but these 6 instead,,connoisseurbyhugo,2026-09-09T18:17:25.000Z,8,0,770,"[""08-ig-creator-expansion""]","[""raw/08-ig-creator-expansion-items.json#row=100""]",,,Video,False,https://www.instagram.com/connoisseurbyhugo/,[],adjacent_fashion_or_other,lexical screening of creator caption/transcript; review source before bag-specific claims,not_available,2026-09-11,0,0
ig:DdHbZUzOFxM,instagram,https://www.instagram.com/p/DdHbZUzOFxM/,Don’t buy Burberry trench but these 5 instead,,connoisseurbyhugo,2026-09-10T18:00:10.000Z,0,0,20,"[""08-ig-creator-expansion""]","[""raw/08-ig-creator-expansion-items.json#row=102""]",,,Video,False,https://www.instagram.com/connoisseurbyhugo/,[],adjacent_fashion_or_other,lexical screening of creator caption/transcript; review source before bag-specific claims,not_available,2026-09-11,0,0
ig:Da3nnK-SYJr,instagram,https://www.instagram.com/p/Da3nnK-SYJr/,and that’s enough ✨,,melissasollee,2026-07-16T21:35:50.000Z,636,0,6959,"[""08-ig-creator-expansion""]","[""raw/08-ig-creator-expansion-items.json#row=103""]",,,Video,False,https://www.instagram.com/melissasollee/,[],adjacent_fashion_or_other,lexical screening of creator caption/transcript; review source before bag-specific claims,not_available,2026-09-11,0,0
ig:Dc4ATh_Opnz,instagram,https://www.instagram.com/p/Dc4ATh_Opnz/,"Don’t wear Hermes ties, choose these instead",,connoisseurbyhugo,2026-09-04T18:15:01.000Z,3057,1503,191941,"[""08-ig-creator-expansion""]","[""raw/08-ig-creator-expansion-items.json#row=104""]",,,Video,False,https://www.instagram.com/connoisseurbyhugo/,[],handbag_context,lexical screening of creator caption/transcript; review source before bag-specific claims,not_available,2026-09-11,15,4
ig:DdCgCythq9p,instagram,https://www.instagram.com/p/DdCgCythq9p/,"Comment SHOP and I’ll send you links to my favorite denim for fall 👖 If I were rebuilding my denim collection from scratch, these are the three styles I’d choose: a relaxed straight leg for everyday, a dark-wash wide leg for a more elevated look, and a slim cigarette jean for a cleaner silhouette. With these three pairs, you’ll have a jean for pretty much every fall outfit.

#fallfashion #fallstyle #jeansoutfit #casualstyle 
.
.
.
.
best jeans for fall 2026, fall denim trends, women’s denim styles, jeans every woman needs, relaxed straight leg jeans, dark wash wide leg jeans, cigarette jeans, how to style jeans for fall, fall outfit ideas",,wear_this_next,2026-09-08T20:05:45.000Z,910,3263,47923,"[""08-ig-creator-expansion""]","[""raw/08-ig-creator-expansion-items.json#row=105""]",,,Video,False,https://www.instagram.com/wear_this_next/,"[""outfit_upgrade"", ""social_judgment"", ""quality_material"", ""seasonal_woven"", ""travel_scale""]",adjacent_fashion_or_other,lexical screening of creator caption/transcript; review source before bag-specific claims,not_available,2026-09-11,0,0
ig:Da7YiuAT9Dp,instagram,https://www.instagram.com/p/Da7YiuAT9Dp/,"The wait is almost over.

23.07.26

Sign up for your exclusive first access to the Woven Collection via the link in our bio.

#VESTIRSI",,shopvestirsi,2026-07-18T08:40:06.000Z,-1,14,5586,"[""08-ig-creator-expansion""]","[""raw/08-ig-creator-expansion-items.json#row=106""]",,,Video,False,https://www.instagram.com/shopvestirsi/,"[""seasonal_woven""]",adjacent_fashion_or_other,lexical screening of creator caption/transcript; review source before bag-specific claims,not_available,2026-09-11,8,2
ig:DdGrhZgOSUH,instagram,https://www.instagram.com/p/DdGrhZgOSUH/,Don’t buy the Birkin but these 5 instead. Do not follow for more,,connoisseurbyhugo,2026-09-10T11:02:05.000Z,416,150,26005,"[""08-ig-creator-expansion""]","[""raw/08-ig-creator-expansion-items.json#row=107""]",,,Video,False,https://www.instagram.com/connoisseurbyhugo/,[],handbag_context,lexical screening of creator caption/transcript; review source before bag-specific claims,not_available,2026-09-11,15,0
ig:Db6MkEjgEvI,instagram,https://www.instagram.com/p/Db6MkEjgEvI/,"Comment KNIT to shop ✨ If you’re ready to shop for fall but it’s still way too hot to dress for it, start with a lightweight knit. 🍂 The perfect piece to wear now and straight through fall.

#fallfashiontrends #fallstyleinspo #transitionalstyle 
.
.
.
.
lightweight knits for fall, fall fashion 2026, August outfit ideas, August fashion, transitional fall outfits, transitional fall style, what to buy for fall, early fall fashion, late summer outfits, lightweight sweaters for women, fall wardrobe essentials, what to wear in August, summer to fall outfits, fall outfit ideas, fall shopping 2026",,wear_this_next,2026-08-11T18:15:53.000Z,372,977,23243,"[""08-ig-creator-expansion""]","[""raw/08-ig-creator-expansion-items.json#row=108""]",,,Video,False,https://www.instagram.com/wear_this_next/,"[""outfit_upgrade"", ""quality_material"", ""seasonal_woven"", ""travel_scale""]",adjacent_fashion_or_other,lexical screening of creator caption/transcript; review source before bag-specific claims,not_available,2026-09-11,15,1
ig:DdE3GVBurne,instagram,https://www.instagram.com/p/DdE3GVBurne/,"The 5 tumblers I would buy right now
Comment TUMBLER to get a link to my faves.

Simple Modern
BruMate
Yeti
HydroJug
Frost Buddy",,calebulf,2026-09-09T18:05:35.000Z,154,52,16795,"[""08-ig-creator-expansion""]","[""raw/08-ig-creator-expansion-items.json#row=109""]",,,Video,False,https://www.instagram.com/calebulf/,[],adjacent_fashion_or_other,lexical screening of creator caption/transcript; review source before bag-specific claims,not_available,2026-09-11,15,1
ig:DSCU3ANiWip,instagram,https://www.instagram.com/p/DSCU3ANiWip/,"Elizabeth Street, we've arrived @davidjonesstore

Italian leather craftsmanship meets Australian laidback luxury.

Shop VESTIRSI in store at your local David Jones.

#VESTIRSI","Un peu de patience, combien de temps?",shopvestirsi,2025-12-09T09:01:43.000Z,177,16,18155,"[""08-ig-creator-expansion"", ""12-ig-discovery-transcripts""]","[""raw/08-ig-creator-expansion-items.json#row=110"", ""raw/12-ig-discovery-transcripts-items.json#row=1""]",,,Video,False,https://www.instagram.com/p/DSCU3ANiWip/,"[""european_style"", ""quality_material""]",adjacent_fashion_or_other,lexical screening of creator caption/transcript; review source before bag-specific claims,automatic_unverified,2026-09-11,9,1
ig:DcgV7a5qYHs,instagram,https://www.instagram.com/p/DcgV7a5qYHs/,"My fall shoes trend forecast is out. Next autumn colour palette ? 

Comment “ shoes “ for the link https://liketk.it/6lM6k

#shoeslovers #shoestrend #fallfashion",,iamsaraouardii,2026-08-26T13:45:19.000Z,4194,2714,257416,"[""08-ig-creator-expansion""]","[""raw/08-ig-creator-expansion-items.json#row=111""]",,,Video,False,https://www.instagram.com/iamsaraouardii/,"[""seasonal_woven""]",adjacent_fashion_or_other,lexical screening of creator caption/transcript; review source before bag-specific claims,not_available,2026-09-11,15,0
ig:DdHYThHOdmy,instagram,https://www.instagram.com/p/DdHYThHOdmy/,Don’t buy Rolex watches but these 5 instead,,connoisseurbyhugo,2026-09-10T17:33:34.000Z,54,0,2293,"[""08-ig-creator-expansion""]","[""raw/08-ig-creator-expansion-items.json#row=112""]",,,Video,False,https://www.instagram.com/connoisseurbyhugo/,[],adjacent_fashion_or_other,lexical screening of creator caption/transcript; review source before bag-specific claims,not_available,2026-09-11,0,0
ig:DckENC2OJY0,instagram,https://www.instagram.com/p/DckENC2OJY0/,"It’s so simple. 

Okay fine comment “steam” if you want a link to the one I use.",,calebulf,2026-08-28T00:30:11.000Z,158,42,17590,"[""08-ig-creator-expansion""]","[""raw/08-ig-creator-expansion-items.json#row=113""]",,,Video,False,https://www.instagram.com/calebulf/,[],adjacent_fashion_or_other,lexical screening of creator caption/transcript; review source before bag-specific claims,not_available,2026-09-11,15,5
ig:DcJQ3B7KeBK,instagram,https://www.instagram.com/p/DcJQ3B7KeBK/,"The last one is my favourite ✨

Comment “ link” to add them in your wish list x

#fallfashioninspo #handbags #designerbags #luxurybags",,iamsaraouardii,2026-08-17T14:38:05.000Z,2030,1762,128981,"[""08-ig-creator-expansion""]","[""raw/08-ig-creator-expansion-items.json#row=114""]",,,Video,False,https://www.instagram.com/iamsaraouardii/,"[""seasonal_woven""]",handbag_context,lexical screening of creator caption/transcript; review source before bag-specific claims,not_available,2026-09-11,1,1
ig:DdHfBIVOeaq,instagram,https://www.instagram.com/p/DdHfBIVOeaq/,Don’t buy Rimowa but these 5 instead,,connoisseurbyhugo,2026-09-10T18:31:47.000Z,220,49,14152,"[""08-ig-creator-expansion""]","[""raw/08-ig-creator-expansion-items.json#row=115""]",,,Video,False,https://www.instagram.com/connoisseurbyhugo/,[],adjacent_fashion_or_other,lexical screening of creator caption/transcript; review source before bag-specific claims,not_available,2026-09-11,15,3
ig:DZ-IOnMNv6l,instagram,https://www.instagram.com/p/DZ-IOnMNv6l/,"LES MAILLOTS SONT DISPO SUR LE SITE ! 

WORK BY @maelcharuel",,arntreal.co,2026-06-24T13:45:56.000Z,813,51,50367,"[""08-ig-creator-expansion""]","[""raw/08-ig-creator-expansion-items.json#row=116""]",,,Video,False,https://www.instagram.com/arntreal.co/,[],adjacent_fashion_or_other,lexical screening of creator caption/transcript; review source before bag-specific claims,not_available,2026-09-11,15,13
ig:Db_HirCO30a,instagram,https://www.instagram.com/p/Db_HirCO30a/,"5 headphones worth the money. 

Comment “phones” to get a link to check all my faves",,calebulf,2026-08-13T16:11:47.000Z,977,100,48352,"[""08-ig-creator-expansion""]","[""raw/08-ig-creator-expansion-items.json#row=117""]",,,Video,False,https://www.instagram.com/calebulf/,"[""designer_spend""]",adjacent_fashion_or_other,lexical screening of creator caption/transcript; review source before bag-specific claims,not_available,2026-09-11,15,3
ig:Dbx9SjsAmRU,instagram,https://www.instagram.com/p/Dbx9SjsAmRU/,"Comment SHOES to shop 🤎 The fall shoes you’re about to see everywhere 👀 From chocolate brown and pointed toes to slim sneakers, elevated animal prints and statement details—these are the biggest fall shoe trends to know now. 

#fallshoetrends #fallshoes #falltrends #fallstyle 
.
.
.
.
fall shoe trends 2026, fall shoes 2026, fall fashion trends 2026, women’s fall shoe trends, shoes trending for fall, fall footwear trends, chocolate brown shoes, pointed toe shoes, slim retro sneakers, animal print shoes, snakeskin shoes, zebra print shoes, knee high boots, stiletto boots, two tone shoes, embellished shoes, fall wardrobe trends, fall style inspiration",,wear_this_next,2026-08-08T13:29:25.000Z,5202,4183,257891,"[""08-ig-creator-expansion""]","[""raw/08-ig-creator-expansion-items.json#row=118""]",,,Video,False,https://www.instagram.com/wear_this_next/,"[""outfit_upgrade"", ""seasonal_woven""]",adjacent_fashion_or_other,lexical screening of creator caption/transcript; review source before bag-specific claims,not_available,2026-09-11,13,0
ig:Db_Yyxmgxyp,instagram,https://www.instagram.com/p/Db_Yyxmgxyp/,"Comment SHOP for links 💜 Fall is starting to creep into my wardrobe! These are three trends I’m especially excited about for the season ahead!

#fallfashiontrends #fallfashion #fashiontrends 
.
.
.
.
fall 2026 fashion trends, fall fashion trends 2026, fall clothing trends, fall outfit trends, dark denim trend, royal purple fashion trend, brocade fashion trend, fall style inspiration, what to wear fall 2026, wearable fall trends, women’s fall fashion, fall outfit ideas",,wear_this_next,2026-08-13T18:35:40.000Z,580,625,35141,"[""08-ig-creator-expansion""]","[""raw/08-ig-creator-expansion-items.json#row=119""]",,,Video,False,https://www.instagram.com/wear_this_next/,"[""outfit_upgrade"", ""seasonal_woven"", ""travel_scale""]",adjacent_fashion_or_other,lexical screening of creator caption/transcript; review source before bag-specific claims,not_available,2026-09-11,15,0
ig:DcY56GyuseW,instagram,https://www.instagram.com/p/DcY56GyuseW/,"@pradabeauty honored to be welcomed into the Prada Beauty Community (PBC)

First long form review do we like this? 

Working on my sign off please help.",,calebulf,2026-08-23T16:38:11.000Z,175,12,16651,"[""08-ig-creator-expansion""]","[""raw/08-ig-creator-expansion-items.json#row=120""]",,,Video,True,https://www.instagram.com/calebulf/,"[""purchase_trigger""]",adjacent_fashion_or_other,lexical screening of creator caption/transcript; review source before bag-specific claims,not_available,2026-09-11,7,7
ig:DZ9p8WwtMpS,instagram,https://www.instagram.com/p/DZ9p8WwtMpS/,C’est dispo via en bio !,,arntreal.co,2026-06-24T09:20:21.000Z,71,2,4446,"[""08-ig-creator-expansion""]","[""raw/08-ig-creator-expansion-items.json#row=121""]",,,Video,False,https://www.instagram.com/arntreal.co/,[],adjacent_fashion_or_other,lexical screening of creator caption/transcript; review source before bag-specific claims,not_available,2026-09-11,2,1
ig:DcOnF_bsWSA,instagram,https://www.instagram.com/p/DcOnF_bsWSA/,"5 things Italian women are buying this fall 🇮🇹🍂

Think less micro-trends, more pieces that make your wardrobe feel instantly polished. Which one is making it onto your fall wishlist?

Comment ITALY and I’ll sent you the links  https://liketk.it/6lf4L

#modaitaliana #falloutfitideas #milanfashionweek #falloutfit",,iamsaraouardii,2026-08-19T16:26:15.000Z,1452,241,48539,"[""08-ig-creator-expansion""]","[""raw/08-ig-creator-expansion-items.json#row=122""]",,,Video,False,https://www.instagram.com/iamsaraouardii/,"[""european_style"", ""euro_trip"", ""outfit_upgrade"", ""social_judgment"", ""seasonal_woven"", ""travel_scale"", ""purchase_trigger""]",adjacent_fashion_or_other,lexical screening of creator caption/transcript; review source before bag-specific claims,not_available,2026-09-11,15,1
ig:DdHhYxYgD-n,instagram,https://www.instagram.com/p/DdHhYxYgD-n/,"Comment SHOP and I’ll send you the links to the fall designer pieces I can’t stop thinking about 💸

Which piece is actually worth the investment?",,wear_this_next,2026-09-10T19:05:21.000Z,107,246,9371,"[""08-ig-creator-expansion""]","[""raw/08-ig-creator-expansion-items.json#row=123""]",,,Video,False,https://www.instagram.com/wear_this_next/,"[""designer_spend"", ""seasonal_woven""]",adjacent_fashion_or_other,lexical screening of creator caption/transcript; review source before bag-specific claims,not_available,2026-09-11,3,2
ig:DdE4oMOuDbs,instagram,https://www.instagram.com/p/DdE4oMOuDbs/,Don’t buy Golden goose sneakers but these 6 instead,,connoisseurbyhugo,2026-09-09T18:17:53.000Z,480,105,30229,"[""08-ig-creator-expansion""]","[""raw/08-ig-creator-expansion-items.json#row=124""]",,,Video,False,https://www.instagram.com/connoisseurbyhugo/,[],adjacent_fashion_or_other,lexical screening of creator caption/transcript; review source before bag-specific claims,not_available,2026-09-11,15,2
ig:DaC2EmoNicq,instagram,https://www.instagram.com/p/DaC2EmoNicq/,Lien en bio,,arntreal.co,2026-06-26T09:42:26.000Z,90,3,4714,"[""08-ig-creator-expansion""]","[""raw/08-ig-creator-expansion-items.json#row=125""]",,,Video,False,https://www.instagram.com/arntreal.co/,[],adjacent_fashion_or_other,lexical screening of creator caption/transcript; review source before bag-specific claims,not_available,2026-09-11,1,1
ig:DcLM0WazpDp,instagram,https://www.instagram.com/p/DcLM0WazpDp/,"Get ready with us, @laoribeli 💎",,catspanti,2026-08-18T08:39:15.000Z,-1,67,25746,"[""08-ig-creator-expansion""]","[""raw/08-ig-creator-expansion-items.json#row=126""]",,,Video,True,https://www.instagram.com/catspanti/,[],adjacent_fashion_or_other,lexical screening of creator caption/transcript; review source before bag-specific claims,not_available,2026-09-11,15,3
ig:DdD89OKTkEu,instagram,https://www.instagram.com/p/DdD89OKTkEu/,"The hardest working piece in your rotation.

@zoe.jayne carries the Woven Bella in Black.

#VESTIRSI",,shopvestirsi,2026-09-09T09:35:05.000Z,-1,4,1801,"[""08-ig-creator-expansion""]","[""raw/08-ig-creator-expansion-items.json#row=127""]",,,Video,False,https://www.instagram.com/shopvestirsi/,"[""seasonal_woven""]",adjacent_fashion_or_other,lexical screening of creator caption/transcript; review source before bag-specific claims,not_available,2026-09-11,2,0
ig:DcjziNfzspV,instagram,https://www.instagram.com/p/DcjziNfzspV/,I did the scrolling so you don’t have to  these are the turquoise pieces actually worth knowing about. TURQUOISE for the links #styleinspo #styleguide #turquoise #colourtheory #summeroutfits,,catspanti,2026-08-27T21:59:42.000Z,1567,1993,40541,"[""08-ig-creator-expansion""]","[""raw/08-ig-creator-expansion-items.json#row=128""]",,,Video,False,https://www.instagram.com/catspanti/,"[""designer_spend"", ""outfit_upgrade"", ""seasonal_woven"", ""travel_scale""]",adjacent_fashion_or_other,lexical screening of creator caption/transcript; review source before bag-specific claims,not_available,2026-09-11,15,0
ig:DdIanHDzfsZ,instagram,https://www.instagram.com/p/DdIanHDzfsZ/,"was expecting more from this launch. When there’s already a bunch of blank sweatsuits in the market do we really need more? Would’ve been nice to see something different in the campaign and collection 

#aritzia #mensfashion #marketing #aritziastyle #fashion",,shezzy.jpeg,2026-09-11T03:13:59.000Z,9,0,1392,"[""08-ig-creator-expansion""]","[""raw/08-ig-creator-expansion-items.json#row=129""]",,,Video,False,https://www.instagram.com/shezzy.jpeg/,"[""outfit_upgrade"", ""markup_skepticism""]",adjacent_fashion_or_other,lexical screening of creator caption/transcript; review source before bag-specific claims,not_available,2026-09-11,0,0
ig:DcROE8YuGV-,instagram,https://www.instagram.com/p/DcROE8YuGV-/,"Five of my favorite Little Luxuries, pt 3
Comment “Cup” to get the links
@good_cuppa 
@hello_goodland 
@getlomi 
@westelm 
@italeisure",,calebulf,2026-08-20T16:47:56.000Z,2150,627,127020,"[""08-ig-creator-expansion""]","[""raw/08-ig-creator-expansion-items.json#row=130""]",,,Video,False,https://www.instagram.com/calebulf/,[],adjacent_fashion_or_other,lexical screening of creator caption/transcript; review source before bag-specific claims,not_available,2026-09-11,15,0
ig:DbH2zB9wrsh,instagram,https://www.instagram.com/p/DbH2zB9wrsh/,Things that are actually worth your $$ ✨,,melissasollee,2026-07-23T04:56:29.000Z,2042,11,33210,"[""08-ig-creator-expansion""]","[""raw/08-ig-creator-expansion-items.json#row=131""]",,,Video,False,https://www.instagram.com/melissasollee/,"[""designer_spend""]",adjacent_fashion_or_other,lexical screening of creator caption/transcript; review source before bag-specific claims,not_available,2026-09-11,8,5
ig:DbgCEiTgpjv,instagram,https://www.instagram.com/p/DbgCEiTgpjv/,"Comment GAP to shop ✨ If you’re refreshing your wardrobe right now, this is where I’d start.

Gap is doing elevated basics so well this season—timeless pieces that feel polished, transition beautifully into the next season, and are much more affordable than they look. These are the kinds of wardrobe staples you’ll wear on repeat.

#gapstyle #elevatedbasics #wardrobestaples #minimalstyle 
.
.
.
.
Gap basics, Gap elevated basics, Gap wardrobe staples, affordable wardrobe basics, minimalist fashion, capsule wardrobe essentials, transitional style, elevated casual outfits, timeless basics, quality basics, affordable fashion finds, Gap fall transition pieces",,wear_this_next,2026-08-01T14:23:38.000Z,596,1753,40966,"[""08-ig-creator-expansion""]","[""raw/08-ig-creator-expansion-items.json#row=132""]",,,Video,False,https://www.instagram.com/wear_this_next/,"[""designer_spend"", ""old_money"", ""outfit_upgrade"", ""quality_material"", ""logo_independence"", ""seasonal_woven"", ""travel_scale""]",adjacent_fashion_or_other,lexical screening of creator caption/transcript; review source before bag-specific claims,not_available,2026-09-11,14,0
ig:DcD5UWRsSfQ,instagram,https://www.instagram.com/p/DcD5UWRsSfQ/,"The goal: “your skin looks amazing” not “your makeup looks amazing.” 🤍 My no-makeup makeup routine for skin that still looks like skin just fresher, glowier and slightly more put together.

Save this for the days you want to look expensive with almost no effort and in no time. 

Comment LINK to receive all the products in your DMs https://liketk.it/6kVdc

#makeuptutorial #makeupnomakeup #naturalmakeup",,iamsaraouardii,2026-08-15T12:42:20.000Z,-1,38,15792,"[""08-ig-creator-expansion""]","[""raw/08-ig-creator-expansion-items.json#row=133""]",,,Video,False,https://www.instagram.com/iamsaraouardii/,"[""designer_spend"", ""outfit_upgrade""]",adjacent_fashion_or_other,lexical screening of creator caption/transcript; review source before bag-specific claims,not_available,2026-09-11,5,0
ig:DdGrjbjO6pC,instagram,https://www.instagram.com/p/DdGrjbjO6pC/,Don’t buy the Birkin but these 5 instead. Do not follow for more,,connoisseurbyhugo,2026-09-10T11:01:59.000Z,380,234,18634,"[""08-ig-creator-expansion""]","[""raw/08-ig-creator-expansion-items.json#row=134""]",,,Video,False,https://www.instagram.com/connoisseurbyhugo/,[],handbag_context,lexical screening of creator caption/transcript; review source before bag-specific claims,not_available,2026-09-11,15,1
ig:DdHe6houaqJ,instagram,https://www.instagram.com/p/DdHe6houaqJ/,Don’t buy Rimowa but these 5 instead,,connoisseurbyhugo,2026-09-10T18:30:36.000Z,36,10,2808,"[""08-ig-creator-expansion""]","[""raw/08-ig-creator-expansion-items.json#row=135""]",,,Video,False,https://www.instagram.com/connoisseurbyhugo/,[],adjacent_fashion_or_other,lexical screening of creator caption/transcript; review source before bag-specific claims,not_available,2026-09-11,5,3
ig:DdJBXAVGW4B,instagram,https://www.instagram.com/p/DdJBXAVGW4B/,"Defined by handwoven strips of Italian leather, Woven ’26 embodies VESTIRSI at its core: Italian craftsmanship, meets Australian laidback luxury.

Explore the collection online now.

#VESTIRSI","Come on, come on.",shopvestirsi,2026-09-11T08:50:01.000Z,20,0,897,"[""08-ig-creator-expansion"", ""12-ig-discovery-transcripts""]","[""raw/08-ig-creator-expansion-items.json#row=136"", ""raw/12-ig-discovery-transcripts-items.json#row=5""]",,,Video,False,https://www.instagram.com/p/DdJBXAVGW4B/,"[""european_style"", ""euro_trip"", ""quality_material"", ""seasonal_woven"", ""travel_scale""]",adjacent_fashion_or_other,lexical screening of creator caption/transcript; review source before bag-specific claims,automatic_unverified,2026-09-11,0,0
ig:DdAR72TTVBn,instagram,https://www.instagram.com/p/DdAR72TTVBn/,You heard it here first 👀 Dani Michelle x @witcheryfashion has arrived - 23 pieces from $49. Comment SHOP and I’ll send you the link ❤️ #ad,,catspanti,2026-09-07T23:26:49.000Z,964,651,54058,"[""08-ig-creator-expansion""]","[""raw/08-ig-creator-expansion-items.json#row=137""]",,,Video,True,https://www.instagram.com/catspanti/,[],adjacent_fashion_or_other,lexical screening of creator caption/transcript; review source before bag-specific claims,not_available,2026-09-11,2,0
ig:DccF0J5zpvA,instagram,https://www.instagram.com/p/DccF0J5zpvA/,Everything I Want To Buy This Week is pink?! PINK for the links #styleinspo #styleguide #pink #designershoes #whatsinmycart,,catspanti,2026-08-24T22:05:10.000Z,971,794,37463,"[""08-ig-creator-expansion""]","[""raw/08-ig-creator-expansion-items.json#row=138""]",,,Video,False,https://www.instagram.com/catspanti/,"[""outfit_upgrade""]",adjacent_fashion_or_other,lexical screening of creator caption/transcript; review source before bag-specific claims,not_available,2026-09-11,15,0
ig:DdHYVy3uvZL,instagram,https://www.instagram.com/p/DdHYVy3uvZL/,Don’t buy Rolex watches but these 5 instead,,connoisseurbyhugo,2026-09-10T17:33:51.000Z,372,187,18746,"[""08-ig-creator-expansion""]","[""raw/08-ig-creator-expansion-items.json#row=139""]",,,Video,False,https://www.instagram.com/connoisseurbyhugo/,[],adjacent_fashion_or_other,lexical screening of creator caption/transcript; review source before bag-specific claims,not_available,2026-09-11,15,2
ig:DcRYoqrg8Zc,instagram,https://www.instagram.com/p/DcRYoqrg8Zc/,"Comment SHOP and I’ll send you my favorite pieces for dressing between seasons 🤎 The trick to dressing between summer and fall? Keep the breathable summer pieces, but bring in deeper colors, richer textures, and fall-forward accessories. 

#transitionalstyle #falloutfitideas #fallstyle #transitionalstyle 
.
.
.
.
how to dress between summer and fall, summer to fall outfits, transitional outfit ideas, early fall outfits, what to wear in August, how to dress for fall when it’s hot, casual fall style, transitional wardrobe essentials",,wear_this_next,2026-08-20T18:21:47.000Z,277,314,15503,"[""08-ig-creator-expansion""]","[""raw/08-ig-creator-expansion-items.json#row=140""]",,,Video,False,https://www.instagram.com/wear_this_next/,"[""outfit_upgrade"", ""seasonal_woven"", ""travel_scale""]",adjacent_fashion_or_other,lexical screening of creator caption/transcript; review source before bag-specific claims,not_available,2026-09-11,1,0
ig:Dc34iT2z_uT,instagram,https://www.instagram.com/p/Dc34iT2z_uT/,Californiamaxxing,,shezzy.jpeg,2026-09-04T17:06:59.000Z,6,0,153,"[""08-ig-creator-expansion""]","[""raw/08-ig-creator-expansion-items.json#row=141""]",,,Video,False,https://www.instagram.com/shezzy.jpeg/,[],adjacent_fashion_or_other,lexical screening of creator caption/transcript; review source before bag-specific claims,not_available,2026-09-11,0,0
ig:DcR35qMT24p,instagram,https://www.instagram.com/p/DcR35qMT24p/,My favourite non-basic wedding guest dresses on the internet rn! Comment WEDDING GUEST for the full edit #weddinggueststyle #weddingguestdress #blacktie #styleinspo #cocktaildress,,catspanti,2026-08-20T22:51:58.000Z,1493,1710,74161,"[""08-ig-creator-expansion""]","[""raw/08-ig-creator-expansion-items.json#row=142""]",,,Video,False,https://www.instagram.com/catspanti/,"[""outfit_upgrade"", ""logo_independence""]",adjacent_fashion_or_other,lexical screening of creator caption/transcript; review source before bag-specific claims,not_available,2026-09-11,15,0
ig:DciO137znlQ,instagram,https://www.instagram.com/p/DciO137znlQ/,"Dressing for that in-between season - when it’s technically still winter but your wardrobe is ready for spring. A matching Mossman jacket and skirt, layered with a Witchery knit and finished with Nine West slingbacks - the transeasonal pieces currently making the case for a spot in my wardrobe, all found at @myer. #AD",,catspanti,2026-08-27T07:19:53.000Z,-1,58,890223,"[""08-ig-creator-expansion""]","[""raw/08-ig-creator-expansion-items.json#row=144""]",,,Video,True,https://www.instagram.com/catspanti/,"[""outfit_upgrade"", ""social_judgment"", ""seasonal_woven""]",adjacent_fashion_or_other,lexical screening of creator caption/transcript; review source before bag-specific claims,not_available,2026-09-11,15,5
ig:Dc7mem2zF5s,instagram,https://www.instagram.com/p/Dc7mem2zF5s/,"Fall is around the corner, 3 peices I’m adding from @onequince to my rotation for the season 🍂 

shop Quince Canada with CAD pricing, duties included, free shipping and easy returns for 365 days. new customers get 10% off with my code INFG-26SHEZZYMP410 🔗 link in bio 

#QuincePartner #outfitinspo #mensfashion #outfideas #fallfashion",,shezzy.jpeg,2026-09-06T03:49:20.000Z,38,3,1252,"[""08-ig-creator-expansion""]","[""raw/08-ig-creator-expansion-items.json#row=146""]",,,Video,False,https://www.instagram.com/shezzy.jpeg/,"[""outfit_upgrade"", ""seasonal_woven"", ""travel_scale"", ""purchase_trigger""]",adjacent_fashion_or_other,lexical screening of creator caption/transcript; review source before bag-specific claims,not_available,2026-09-11,3,0
ig:DdD2FjKzMtH,instagram,https://www.instagram.com/p/DdD2FjKzMtH/,"Understated on the outside. Spacious on the inside.

Meet the Eden Shoulder Bag.

#VESTIRSI","Hi, I'm Monica. Let me show you what's in my Eden bag. I'm obsessed with this bag because it's the perfect shoulder bag. It's roomy, fits everything I need, but it's not bulky and goes with every outfit. Today, I've bought my pebbled leather. I also have this in brown suede, but I was feeling leather today. So I always have a notebook to write down ideas or sketch new concepts, makeup of course, a bit of perfume, keys. Can't get far without them. And then my phone and my glasses.",shopvestirsi,2026-09-09T08:35:06.000Z,-1,0,2630,"[""08-ig-creator-expansion"", ""12-ig-discovery-transcripts""]","[""raw/08-ig-creator-expansion-items.json#row=148"", ""raw/12-ig-discovery-transcripts-items.json#row=51""]",,,Video,False,https://www.instagram.com/p/DdD2FjKzMtH/,"[""outfit_upgrade"", ""quality_material"", ""logo_independence"", ""travel_scale"", ""purchase_trigger""]",handbag_context,lexical screening of creator caption/transcript; review source before bag-specific claims,automatic_unverified,2026-09-11,0,0
ig:DafMqV8NdSg,instagram,https://www.instagram.com/p/DafMqV8NdSg/,C’est@forttt,,arntreal.co,2026-07-07T09:58:40.000Z,405,8,12145,"[""08-ig-creator-expansion""]","[""raw/08-ig-creator-expansion-items.json#row=149""]",,,Video,False,https://www.instagram.com/arntreal.co/,[],adjacent_fashion_or_other,lexical screening of creator caption/transcript; review source before bag-specific claims,not_available,2026-09-11,5,2
ig:Dc7FJUBTom3,instagram,https://www.instagram.com/p/Dc7FJUBTom3/,"Gap is in a new era 📈

@gap @zacposen 

#bags #gapbag #fashion #bagsformen #gap","Gap is having the best glow up in fashion right now. Hermes has the Birkin, La Mer has the croissant, Gap just entered the chat. I didn't see this coming, but it's such a smart move on their end. Gap Bags is launching September 8th and they tapped the guy who turned Coach into a billion dollar brand. Five new pieces all rooted in Gap's DNA. I really love the way they incorporated denim with the silhouette. I think it's such a cool and unique bag that honestly I've never seen anything like it on the market. They maintain the brand's heritage while creating something completely new. Bag market is really hot right now and I feel like it's such a smart way to enter it. Just giving Telfar energy, I feel like people are going to snap up these bags right away. Ever since Gap brought in Zach Posen as their new creative director, RAN has been on a whole different level. It's been really cool to see what they've been coming out with. Let me know what you guys think of the collection.",shezzy.jpeg,2026-09-05T22:57:37.000Z,219,6,7593,"[""08-ig-creator-expansion"", ""12-ig-discovery-transcripts""]","[""raw/08-ig-creator-expansion-items.json#row=150"", ""raw/12-ig-discovery-transcripts-items.json#row=2""]",,,Video,False,https://www.instagram.com/p/Dc7FJUBTom3/,"[""designer_spend"", ""social_judgment""]",handbag_context,lexical screening of creator caption/transcript; review source before bag-specific claims,automatic_unverified,2026-09-11,6,1
ig:DblRKclgC8R,instagram,https://www.instagram.com/p/DblRKclgC8R/,"Comment SHOP for links and code Marisa25 for 25% off sitewide ✨ These are the pieces I’ve been reaching for on repeat this summer - timeless, breathable, versatile, and so easy to style. 💛 @juanacareco 

#elevatedbasics #summerwardrobe #capsulewardobe #casualoutfits 
.
.
.
.
new fashion brand, elevated basics, summer wardrobe essentials, capsule wardrobe, timeless wardrobe staples, sustainable fashion, breathable clothing, travel outfits, resort wear, versatile clothing, effortless style, transitional dressing, minimalist wardrobe, wardrobe basics, vacation outfits",,wear_this_next,2026-08-03T15:11:35.000Z,86,100,12519,"[""08-ig-creator-expansion""]","[""raw/08-ig-creator-expansion-items.json#row=151""]",,,Video,False,https://www.instagram.com/wear_this_next/,"[""old_money"", ""euro_trip"", ""outfit_upgrade"", ""logo_independence"", ""seasonal_woven"", ""travel_scale""]",adjacent_fashion_or_other,lexical screening of creator caption/transcript; review source before bag-specific claims,not_available,2026-09-11,5,2
ig:DcppflrTwv1,instagram,https://www.instagram.com/p/DcppflrTwv1/,"summer in California 

#california #losangeles #cali",,shezzy.jpeg,2026-08-30T04:26:10.000Z,1,0,157,"[""08-ig-creator-expansion""]","[""raw/08-ig-creator-expansion-items.json#row=152""]",,,Video,False,https://www.instagram.com/shezzy.jpeg/,"[""seasonal_woven""]",adjacent_fashion_or_other,lexical screening of creator caption/transcript; review source before bag-specific claims,not_available,2026-09-11,0,0
ig:DcoBDAbRq-y,instagram,https://www.instagram.com/p/DcoBDAbRq-y/,"Comment SHOP and I’ll send you my favorite options 🤍 Five pieces worth buying now—and wearing straight through October. From lightweight knits and dark-wash denim to utility pants, easy jackets, and suede bags, these are the pieces that make the transition into fall so much easier. 

#fallstyleinspo #falloutfitideas #fallfashion #wearnowwearlater 
.
.
.
.
fall transitional outfits, wear now wear later fashion, pieces to buy for fall, August to October outfits, lightweight fall layers, dark wash denim outfits, cargo pants for fall, carpenter pants outfit ideas, casual fall style, fall wardrobe essentials","Here are five pieces worth buying right now that you can wear from August through October. First is a lightweight knit. Wear it now with shorts or draped over your shoulders, then pair it with jeans and layer it under a jacket once it gets cold. Second is dark wash denim. They already feel like fall, but I've already started to wear them now with a tank and sandals, and then I'll transition them to a sweater with loafers or boots. Third is a lightweight jacket. Suede works great here, satin, a barn jacket, or even a trench. You only may need it for cooler mornings or evenings right now, but by October it will become an everyday layer. Next is a cargo or carpenter pant. I love them in khaki, dark green, washed brown, and right now I'm wearing it with a tank and sandals, but I'm so excited to wear them with a knit and slim sneakers once the weather gets colder. And finally, a suede or leather handbag. It's such an easy way to make your August outfits feel like fall, and it will work with everything you're wearing through October. I'm going to make a bunch of my favorite pieces, so comment below if you'd like to shop.",wear_this_next,2026-08-29T13:17:27.000Z,382,613,23972,"[""08-ig-creator-expansion"", ""12-ig-discovery-transcripts""]","[""raw/08-ig-creator-expansion-items.json#row=153"", ""raw/12-ig-discovery-transcripts-items.json#row=8""]",,,Video,False,https://www.instagram.com/p/DcoBDAbRq-y/,"[""designer_spend"", ""outfit_upgrade"", ""quality_material"", ""seasonal_woven"", ""travel_scale"", ""purchase_trigger""]",handbag_context,lexical screening of creator caption/transcript; review source before bag-specific claims,automatic_unverified,2026-09-11,1,0
ig:DdHpCgyO2BZ,instagram,https://www.instagram.com/p/DdHpCgyO2BZ/,"Don’t buy Hermes ties, chose these 5 instead !",,connoisseurbyhugo,2026-09-10T19:59:24.000Z,196,58,14300,"[""08-ig-creator-expansion""]","[""raw/08-ig-creator-expansion-items.json#row=154""]",,,Video,False,https://www.instagram.com/connoisseurbyhugo/,[],handbag_context,lexical screening of creator caption/transcript; review source before bag-specific claims,not_available,2026-09-11,15,3
ig:DcwsqElzeW1,instagram,https://www.instagram.com/p/DcwsqElzeW1/,Prints & croc-effect leather in this weeks cart! Comment BUY for the links #styleguide #zebraprint #croc #falloutfit #whatsinmycart,,catspanti,2026-09-01T22:10:18.000Z,1478,1657,55753,"[""08-ig-creator-expansion""]","[""raw/08-ig-creator-expansion-items.json#row=155""]",,,Video,False,https://www.instagram.com/catspanti/,"[""outfit_upgrade"", ""quality_material"", ""seasonal_woven"", ""travel_scale""]",adjacent_fashion_or_other,lexical screening of creator caption/transcript; review source before bag-specific claims,not_available,2026-09-11,2,1
ig:DctaRiKoIS-,instagram,https://www.instagram.com/p/DctaRiKoIS-/,My favorite luxury watch,ساعة دي من أوميجا. أنا شايفة إن ساعات أوميجا كلها تايملس وشيك وإليجنت، بتحافظ على سعرها جدا، الريسيل فاليو بتاعها قوي، محبوبة جدا في الماركت، وكمان التكنولوجيا والساعات نفسها معمولة بشكل حقيقي رائع جدا. علشان كده أنا شايفة إنها تستاهل فلوسك.,_rania.haggag_,2026-08-31T15:30:01.000Z,59,1,8445,"[""08-ig-creator-expansion"", ""12-ig-discovery-transcripts""]","[""raw/08-ig-creator-expansion-items.json#row=156"", ""raw/12-ig-discovery-transcripts-items.json#row=12""]",,,Video,False,https://www.instagram.com/p/DctaRiKoIS-/,[],adjacent_fashion_or_other,lexical screening of creator caption/transcript; review source before bag-specific claims,automatic_unverified,2026-09-11,1,0
ig:DcEAe0pADRj,instagram,https://www.instagram.com/p/DcEAe0pADRj/,"Comment BAG to shop 🤎 The fall handbags you’re about to see everywhere 👀 From crocodile and oversized soft leather bags to embroidery, clutches, rounded shapes and rich burgundy—these are the biggest fall handbag trends to know now.

#falltrends #fallfashiontrends #fallstyle #fallbags 
.
.
.
.
fall handbag trends 2026, fall bag trends, handbag trends 2026, fall handbags, burgundy handbags, crocodile handbags, oversized shoulder bags, clutch bags, fall accessories, designer handbag trends, Chanel maxi flap, The Row handbags, Balenciaga Rodeo","Let's rapid fire through the biggest fall handbag trends you are about to see everywhere, starting with croc. Croc embossed leather is going to be huge, adding interest and texture to even the simplest bags, and it feels especially rich for fall. Next we have to talk about oversized shoulder bags. We are moving away from those really structured shapes and towards larger bags in soft leather that have this really relaxed feel. The Chanel maxi flap should be everyone's inspiration. Embroidery is another big one. We're seeing bags with more intricate detail and craftsmanship, which makes them feel really special. It is all about a clutch, but not just for evening. Think larger, more relaxed clutches that can carry you during the day and can be worn with everything from denim to tailoring. We are loving a rounded top handle bag. We're seeing softer curves and rounded shapes that still feel classic, but a little bit more current. The row is doing this really well. Finally, we have to talk about the color burgundy. This is going to be one of the biggest handbag colors for fall, and you should treat it as a neutral. It works with black, brown, gray, camel, denim, literally anything in your fall wardrobe. I have made an edit of all my favorite fall handbags that I have seen so far, so comment below if you'd like to shop.",wear_this_next,2026-08-15T13:37:27.000Z,851,1133,40586,"[""08-ig-creator-expansion"", ""12-ig-discovery-transcripts""]","[""raw/08-ig-creator-expansion-items.json#row=157"", ""raw/12-ig-discovery-transcripts-items.json#row=43""]",,,Video,False,https://www.instagram.com/p/DcEAe0pADRj/,"[""old_money"", ""outfit_upgrade"", ""quality_material"", ""seasonal_woven"", ""travel_scale""]",handbag_context,lexical screening of creator caption/transcript; review source before bag-specific claims,automatic_unverified,2026-09-11,100,0
ig:DcMPESYgorP,instagram,https://www.instagram.com/p/DcMPESYgorP/,"Comment PANTS for my favorites 🤎 The only three casual pants you need for fall: dark-wash jeans, relaxed cargo pants, and corduroys. Easy to style, comfortable to wear, and guaranteed to give your fall basics an update.

#fallstyleinspo #fallfashion #casualstyle #fallwardrobe 
.
.
.
.
fall casual pants, casual pants for fall, fall pants trends 2026, dark wash jeans for fall, how to style cargo pants, corduroy pants outfits, fall wardrobe essentials, casual fall outfit ideas, everyday fall style, women’s fall fashion 2026",,wear_this_next,2026-08-18T18:22:34.000Z,695,2151,45125,"[""08-ig-creator-expansion""]","[""raw/08-ig-creator-expansion-items.json#row=158""]",,,Video,False,https://www.instagram.com/wear_this_next/,"[""outfit_upgrade"", ""logo_independence"", ""seasonal_woven"", ""travel_scale""]",adjacent_fashion_or_other,lexical screening of creator caption/transcript; review source before bag-specific claims,not_available,2026-09-11,15,0
ig:DcQ2N5_I2Hx,instagram,https://www.instagram.com/p/DcQ2N5_I2Hx/,Part 3 Worth your money vs doesn’t worth your money #jewelry #labgrowndiamonds #diamond,,_rania.haggag_,2026-08-20T13:20:21.000Z,1473,82,160230,"[""08-ig-creator-expansion""]","[""raw/08-ig-creator-expansion-items.json#row=159""]",,,Video,False,https://www.instagram.com/_rania.haggag_/,"[""designer_spend""]",adjacent_fashion_or_other,lexical screening of creator caption/transcript; review source before bag-specific claims,not_available,2026-09-11,14,13
ig:Dcl6H05OU0U,instagram,https://www.instagram.com/p/Dcl6H05OU0U/,"Five of my favorite Little Luxuries, pt 4
Comment fun to get a link to check them out.

@aeropress 
@funboy 
@vacationinc 
@keepyourcadence 
@goflaus",,calebulf,2026-08-28T17:34:39.000Z,904,367,58016,"[""08-ig-creator-expansion""]","[""raw/08-ig-creator-expansion-items.json#row=160""]",,,Video,False,https://www.instagram.com/calebulf/,"[""euro_trip""]",adjacent_fashion_or_other,lexical screening of creator caption/transcript; review source before bag-specific claims,not_available,2026-09-11,15,0
ig:DcOtHPUuA9a,instagram,https://www.instagram.com/p/DcOtHPUuA9a/,The most underrated life upgrade is an incredible mattress @casper featuring the Casper Snow #ad,,calebulf,2026-08-19T17:19:39.000Z,139,1,12676,"[""08-ig-creator-expansion""]","[""raw/08-ig-creator-expansion-items.json#row=161""]",,,Video,True,https://www.instagram.com/calebulf/,"[""new_brand""]",adjacent_fashion_or_other,lexical screening of creator caption/transcript; review source before bag-specific claims,not_available,2026-09-11,1,1
ig:DcwLleUoaix,instagram,https://www.instagram.com/p/DcwLleUoaix/,Lab grown diamonds are scam,,_rania.haggag_,2026-09-01T17:20:00.000Z,40,1,9340,"[""08-ig-creator-expansion""]","[""raw/08-ig-creator-expansion-items.json#row=162""]",,,Video,False,https://www.instagram.com/_rania.haggag_/,"[""markup_skepticism""]",adjacent_fashion_or_other,lexical screening of creator caption/transcript; review source before bag-specific claims,not_available,2026-09-11,1,0
ig:DcqfupVoI7q,instagram,https://www.instagram.com/p/DcqfupVoI7q/,This what I think about this bag #luxurybag,شنط زديقن بلتر حقيقية حلوة جدا معمولة من جلد طبيعي مش بس الشنط يا جماعة السنيكرز بتاعتهم والبوتس وكل الفوتوير عندهم حقيقية قديله عشرة من عشرة الحاجات بجد معمولة حلوة جدا بحس ان كل قطعة بتحكي قصة مختلفة ممكن تخلي الاؤتفوت بتاعك ولبسك مختلف وليه بصمة معينة لو عرفتي تستايلت صح. ستيلا مكرني أنا بشوف انها شنطها معمولة من فيجن لاثر. عندي بعض القممس عليها ستيلا فالابلا باج بصراحة حسها منتشرة جدا.,_rania.haggag_,2026-08-30T12:19:46.000Z,9,1,1880,"[""08-ig-creator-expansion"", ""12-ig-discovery-transcripts""]","[""raw/08-ig-creator-expansion-items.json#row=163"", ""raw/12-ig-discovery-transcripts-items.json#row=18""]",,,Video,False,https://www.instagram.com/p/DcqfupVoI7q/,"[""social_judgment""]",handbag_context,lexical screening of creator caption/transcript; review source before bag-specific claims,automatic_unverified,2026-09-11,1,0
ig:DdGiX3omaLa,instagram,https://www.instagram.com/p/DdGiX3omaLa/,"Spring dressing, finished with the Vera Baguette.

As seen on @itslucydamin 

#VESTIRSI","Her forte was graphic art and her designs were often highly imaginative, yet still conveyed a rather conservative spirit.",shopvestirsi,2026-09-10T09:40:02.000Z,-1,0,1790,"[""08-ig-creator-expansion"", ""12-ig-discovery-transcripts""]","[""raw/08-ig-creator-expansion-items.json#row=164"", ""raw/12-ig-discovery-transcripts-items.json#row=7""]",,,Video,False,https://www.instagram.com/p/DdGiX3omaLa/,"[""outfit_upgrade""]",adjacent_fashion_or_other,lexical screening of creator caption/transcript; review source before bag-specific claims,automatic_unverified,2026-09-11,0,0
ig:DcOTLRoJ9OQ,instagram,https://www.instagram.com/p/DcOTLRoJ9OQ/,"Entering First Class ✈️✨

One money rule I live by: spend on experiences that are worth it.

#Chexy #ChexyFirstClass #MoneyMindsetShift #WealthBuilding #MoneyHack",,chexy.money,2026-08-19T13:30:06.000Z,149,25,12783,"[""08-ig-creator-expansion""]","[""raw/08-ig-creator-expansion-items.json#row=165""]",,,Video,False,https://www.instagram.com/melissasollee/,"[""designer_spend"", ""old_money""]",adjacent_fashion_or_other,lexical screening of creator caption/transcript; review source before bag-specific claims,not_available,2026-09-11,15,7
ig:Dc9V7iqzXZA,instagram,https://www.instagram.com/p/Dc9V7iqzXZA/,"@gap is having the biggest glow up in fashion right now 

 #fashion #bags #bagsformen #gapbags","Hermes has the Birkin, Balmain has a croissant, Gap just entered the chat. Gap bags is launching September 8th and they tapped the guy who turned Coach into a billion dollar brand. I really love the way they incorporated denim with this silhouette, I think it's such a cool and unique bag that honestly I've never seen anything like it on the market. They maintained the brand's heritage while creating something completely new. Bag market is really hot right now and I feel like it's such a smart way to enter it. It's giving Telfar energy, I feel like people are going to snap up these bags right away. Five new pieces all rooted in Gap's DNA. Let me know what you guys think of the collection.",shezzy.jpeg,2026-09-06T20:00:49.000Z,100,3,4912,"[""08-ig-creator-expansion"", ""12-ig-discovery-transcripts""]","[""raw/08-ig-creator-expansion-items.json#row=166"", ""raw/12-ig-discovery-transcripts-items.json#row=37""]",,,Video,False,https://www.instagram.com/p/Dc9V7iqzXZA/,"[""designer_spend"", ""social_judgment""]",handbag_context,lexical screening of creator caption/transcript; review source before bag-specific claims,automatic_unverified,2026-09-11,3,1
ig:Dc4oed8TInF,instagram,https://www.instagram.com/p/Dc4oed8TInF/,"refreshed my fall wardrobe with @onequince and these 3 pieces have already earned a permanent spot in the rotation 🍂 shop Quince Canada with CAD pricing, duties included, free shipping and easy returns for 365 days. new customers get 10% off with my code INFG-26SHEZZYMP410 🔗 link in bio

#QuincePartner",,shezzy.jpeg,2026-09-05T00:06:45.000Z,0,0,281,"[""08-ig-creator-expansion""]","[""raw/08-ig-creator-expansion-items.json#row=167""]",,,Video,False,https://www.instagram.com/shezzy.jpeg/,"[""outfit_upgrade"", ""seasonal_woven"", ""purchase_trigger""]",adjacent_fashion_or_other,lexical screening of creator caption/transcript; review source before bag-specific claims,not_available,2026-09-11,0,0
ig:DafCEB2zOGS,instagram,https://www.instagram.com/p/DafCEB2zOGS/,"A new chapter in Italian craftsmanship. The Woven Collection, arriving July ’26.

Sign up to receive your exclusive first access via the link in our bio.

#VESTIRSI",,shopvestirsi,2026-07-07T08:25:11.000Z,-1,39,8717,"[""08-ig-creator-expansion""]","[""raw/08-ig-creator-expansion-items.json#row=168""]",,,Video,False,https://www.instagram.com/shopvestirsi/,"[""european_style"", ""quality_material"", ""seasonal_woven""]",adjacent_fashion_or_other,lexical screening of creator caption/transcript; review source before bag-specific claims,not_available,2026-09-11,15,8
ig:DcO9QzOoKXs,instagram,https://www.instagram.com/p/DcO9QzOoKXs/,Which would you prefer #luxurybags,أختار بين الشنطتين دول على أساس إيه؟ الموضوع سهل جدا. أول حاجة فكري على الري سيل فاليو. علشان كده هقولك إن الفانتي باج تقدري تجيبيها من الساكندري ماركت بأسعار تحفة جدا وفعلا فعلا أحسن بكتير ما هتشتريها من الري تيل. ماين ديور أنا بشوفها كلاسي وأليجنت وشيك وفيها كمان الأكسسوريز أو فيها الهارد وير بتاعها اللي هو ديور. حقيقة تديكي توتش مختلفة تماما تقدري تلبسيها الصبح وبالليل تقدري تستايلت بكذا طريقة علشان كده بقولك ماين ديور طبعا.,_rania.haggag_,2026-08-19T19:39:25.000Z,14,2,3948,"[""08-ig-creator-expansion"", ""12-ig-discovery-transcripts""]","[""raw/08-ig-creator-expansion-items.json#row=169"", ""raw/12-ig-discovery-transcripts-items.json#row=27""]",,,Video,False,https://www.instagram.com/p/DcO9QzOoKXs/,[],adjacent_fashion_or_other,lexical screening of creator caption/transcript; review source before bag-specific claims,automatic_unverified,2026-09-11,1,1
ig:DdBYsNKTtel,instagram,https://www.instagram.com/p/DdBYsNKTtel/,"Office appropriate. After-hours approved.

Gia is the bag that can do both.

#VESTIRSI",...,shopvestirsi,2026-09-08T09:40:06.000Z,-1,6,6195,"[""08-ig-creator-expansion"", ""12-ig-discovery-transcripts""]","[""raw/08-ig-creator-expansion-items.json#row=170"", ""raw/12-ig-discovery-transcripts-items.json#row=33""]",,,Video,False,https://www.instagram.com/p/DdBYsNKTtel/,"[""social_judgment"", ""work_polish""]",handbag_context,lexical screening of creator caption/transcript; review source before bag-specific claims,automatic_unverified,2026-09-11,3,0
ig:DctUggloWmq,instagram,https://www.instagram.com/p/DctUggloWmq/,My thoughts about your favorite bag brand #stylingtips #luxurybags,ناس كتير بتسألني عن رأيي في شوناط استايلة مقاني. لو هنتكلم على الماتريال هي كلها معمولة من فيجن لاذر ولازم تتعلمي ازاي تحافظي على الفيجن لاذر علشان ما يقشرش معيك وانا كنت عملت فيديوهات كتيرة جدا ازاي تحافظوا عليه. تاني حاجة لو هنتكلم على الديزاين فانا شايفة ان الديزاين بتاعهم الفعلة بلا باج ممكن اديله ستة من عشرة هو منتشر قوي بس محبوب. افتكروا ان انتو شوناط استايلة مقاني وغيرها براندز كتيرة جدا تقدر تشتروها من على لافل شوز بتامبرسانت ديسكاونت هسيب لكم الديسكاونت كود داون بلو.,_rania.haggag_,2026-08-31T14:40:51.000Z,261,18,30204,"[""08-ig-creator-expansion"", ""12-ig-discovery-transcripts""]","[""raw/08-ig-creator-expansion-items.json#row=171"", ""raw/12-ig-discovery-transcripts-items.json#row=25""]",,,Video,False,https://www.instagram.com/p/DctUggloWmq/,[],handbag_context,lexical screening of creator caption/transcript; review source before bag-specific claims,automatic_unverified,2026-09-11,12,9
ig:DdCg5gXTjJ_,instagram,https://www.instagram.com/p/DdCg5gXTjJ_/,We loveeee finding unique brands and came across this Aussie gem @cerazaela 🤍,,annalise_salm,2026-09-08T20:12:12.000Z,-1,4,11165,"[""08-ig-creator-expansion""]","[""raw/08-ig-creator-expansion-items.json#row=172""]",,,Video,False,https://www.instagram.com/annalise_salm/,[],adjacent_fashion_or_other,lexical screening of creator caption/transcript; review source before bag-specific claims,not_available,2026-09-11,3,1
ig:DcMRIZquFvf,instagram,https://www.instagram.com/p/DcMRIZquFvf/,"5 carry on luggage worth the money 

comment “carry” to get a link to my favs

recommendations followed by a good rant on how everything is great and terrible.",,calebulf,2026-08-18T18:42:07.000Z,315,267,30138,"[""08-ig-creator-expansion""]","[""raw/08-ig-creator-expansion-items.json#row=173""]",,,Video,False,https://www.instagram.com/calebulf/,"[""designer_spend"", ""euro_trip"", ""travel_scale""]",handbag_context,lexical screening of creator caption/transcript; review source before bag-specific claims,not_available,2026-09-11,15,0
ig:DdDJoyfy2hd,instagram,https://www.instagram.com/p/DdDJoyfy2hd/,"Brands to keep an eye on this year 👀👀

PSA ive added these to my 500+ brand cheat sheet - your go to directory for any occasion including: Capsule wardrobe, swimwear, wedding guest dresses, holiday outfits and more! 

Comment SHEET and I’ll send it to you 🤍",,annalise_salm,2026-09-09T02:09:10.000Z,1253,228,56561,"[""08-ig-creator-expansion""]","[""raw/08-ig-creator-expansion-items.json#row=174""]",,,Video,False,https://www.instagram.com/annalise_salm/,"[""euro_trip"", ""outfit_upgrade"", ""travel_scale""]",adjacent_fashion_or_other,lexical screening of creator caption/transcript; review source before bag-specific claims,not_available,2026-09-11,15,0
ig:Dc8FdbezQW4,instagram,https://www.instagram.com/p/Dc8FdbezQW4/,"Your 9-5 uniform.

Woven Bianca as seen on @dana_zkt 

#VESTIRSI",,shopvestirsi,2026-09-06T08:15:06.000Z,-1,2,5040,"[""08-ig-creator-expansion""]","[""raw/08-ig-creator-expansion-items.json#row=175""]",,,Video,False,https://www.instagram.com/shopvestirsi/,"[""seasonal_woven""]",adjacent_fashion_or_other,lexical screening of creator caption/transcript; review source before bag-specific claims,not_available,2026-09-11,1,1
ig:DdHp428TMXn,instagram,https://www.instagram.com/p/DdHp428TMXn/,"40 under $90 that would easily be mistaken as designer 🤌🏼

If you want the full edit just comment - EDIT and I’ll send it to you 🤍",,annalise_salm,2026-09-10T20:07:15.000Z,152,137,11281,"[""08-ig-creator-expansion""]","[""raw/08-ig-creator-expansion-items.json#row=176""]",,,Video,False,https://www.instagram.com/annalise_salm/,[],adjacent_fashion_or_other,lexical screening of creator caption/transcript; review source before bag-specific claims,not_available,2026-09-11,10,0
ig:DdFICnjzpqI,instagram,https://www.instagram.com/p/DdFICnjzpqI/,"Unique jeans be on the rise 👀

Comment JEANS and I’ll send the links x",,annalise_salm,2026-09-09T20:33:55.000Z,2833,229,55662,"[""08-ig-creator-expansion""]","[""raw/08-ig-creator-expansion-items.json#row=177""]",,,Video,False,https://www.instagram.com/annalise_salm/,[],adjacent_fashion_or_other,lexical screening of creator caption/transcript; review source before bag-specific claims,not_available,2026-09-11,15,1
ig:DcwNoe6T766,instagram,https://www.instagram.com/p/DcwNoe6T766/,"there’s something in the air 🤌🏼

📍Malibu",,shezzy.jpeg,2026-09-01T17:36:54.000Z,5,2,160,"[""08-ig-creator-expansion""]","[""raw/08-ig-creator-expansion-items.json#row=178""]",,,Video,False,https://www.instagram.com/shezzy.jpeg/,[],adjacent_fashion_or_other,lexical screening of creator caption/transcript; review source before bag-specific claims,not_available,2026-09-11,1,1
ig:DdGcOXLmWTv,instagram,https://www.instagram.com/p/DdGcOXLmWTv/,"A VESTIRSI first. 

Meet Gia in rich Dark Chocolate croc-embossed suede.

#VESTIRSI",,shopvestirsi,2026-09-10T08:47:02.000Z,-1,5,1085,"[""08-ig-creator-expansion""]","[""raw/08-ig-creator-expansion-items.json#row=179""]",,,Video,False,https://www.instagram.com/shopvestirsi/,"[""quality_material""]",adjacent_fashion_or_other,lexical screening of creator caption/transcript; review source before bag-specific claims,not_available,2026-09-11,3,1
ig:Dc0ZS1TTWd7,instagram,https://www.instagram.com/p/Dc0ZS1TTWd7/,"Your plans change, Bella changes with them.

Available in Mini, Classic and XL

#VESTIRSI",,shopvestirsi,2026-09-03T08:35:06.000Z,-1,2,3774,"[""08-ig-creator-expansion""]","[""raw/08-ig-creator-expansion-items.json#row=180""]",,,Video,False,https://www.instagram.com/shopvestirsi/,"[""old_money""]",adjacent_fashion_or_other,lexical screening of creator caption/transcript; review source before bag-specific claims,not_available,2026-09-11,1,0
ig:DcGWyzZIBBu,instagram,https://www.instagram.com/p/DcGWyzZIBBu/,Expensive things that doesn’t worth the money #classyonabudget #stylingtips,,_rania.haggag_,2026-08-16T11:29:59.000Z,1358,38,121110,"[""08-ig-creator-expansion""]","[""raw/08-ig-creator-expansion-items.json#row=181""]",,,Video,False,https://www.instagram.com/_rania.haggag_/,"[""designer_spend"", ""old_money""]",adjacent_fashion_or_other,lexical screening of creator caption/transcript; review source before bag-specific claims,not_available,2026-09-11,15,6
ig:DcYt7LJs5Z8,instagram,https://www.instagram.com/p/DcYt7LJs5Z8/,What I think about this brand #luxurybags,Nine West شنط، إيه رأيي فيها؟ بص يا ستي، ألدو و Nine West هما نفس الفكرة، واحدة شركة أمريكية والتانية كندية. لو انتي مش بتدوري على الخامات وعايزة بس الشكل حلو أو مجرد شكل، تمام Nine West و ألدو are the perfect، بس بصراحة أنا رأيي الشخصي لو هتسأليني from styling perspective، زودي على البودجت بتاعتك وهاتي حاجة من مايكل كورس أو هاتي حاجة من تومي هيلفيجر، بس طبعا لو هو ده المتاح قدامك وده اللي عاجبك، go for it بس لازم تفهمها إن الشنطة الكواليتي بتاعتها مش هتبقى أحسن حاجة زي الother brands.,_rania.haggag_,2026-08-23T14:38:04.000Z,65,9,16400,"[""08-ig-creator-expansion"", ""12-ig-discovery-transcripts""]","[""raw/08-ig-creator-expansion-items.json#row=182"", ""raw/12-ig-discovery-transcripts-items.json#row=11""]",,,Video,False,https://www.instagram.com/p/DcYt7LJs5Z8/,"[""social_judgment""]",adjacent_fashion_or_other,lexical screening of creator caption/transcript; review source before bag-specific claims,automatic_unverified,2026-09-11,9,8
ig:DdHibNOOt1u,instagram,https://www.instagram.com/p/DdHibNOOt1u/,Don’t buy Loro Piana loafers but these 5 instead,,connoisseurbyhugo,2026-09-10T19:01:42.000Z,363,37,19063,"[""08-ig-creator-expansion""]","[""raw/08-ig-creator-expansion-items.json#row=183""]",,,Video,False,https://www.instagram.com/connoisseurbyhugo/,[],adjacent_fashion_or_other,lexical screening of creator caption/transcript; review source before bag-specific claims,not_available,2026-09-11,15,1
ig:DanKsM3s9Ly,instagram,https://www.instagram.com/p/DanKsM3s9Ly/,"Comment LINK for links to my bag collection

#handbagcollection #bagcollection #quietluxurystyle #dailybag",,melissasollee,2026-07-10T12:18:09.000Z,9333,507,522674,"[""08-ig-creator-expansion""]","[""raw/08-ig-creator-expansion-items.json#row=184""]",,,Video,False,https://www.instagram.com/melissasollee/,"[""outfit_upgrade"", ""logo_independence""]",handbag_context,lexical screening of creator caption/transcript; review source before bag-specific claims,not_available,2026-09-11,2,1
ig:DcLjTswIEAF,instagram,https://www.instagram.com/p/DcLjTswIEAF/,How to pick the suitable bag for your style #luxurybags,,_rania.haggag_,2026-08-18T11:54:55.000Z,588,11,84871,"[""08-ig-creator-expansion""]","[""raw/08-ig-creator-expansion-items.json#row=185""]",,,Video,False,https://www.instagram.com/_rania.haggag_/,"[""outfit_upgrade""]",handbag_context,lexical screening of creator caption/transcript; review source before bag-specific claims,not_available,2026-09-11,7,4
ig:Db8r96Boe5x,instagram,https://www.instagram.com/p/Db8r96Boe5x/,"Get 10% discount from @levelshoes on selected items code KT209 
Part 13 your luxury dupes guide #classyonabudget #stylingtips",,_rania.haggag_,2026-08-12T17:22:11.000Z,293,14,58367,"[""08-ig-creator-expansion""]","[""raw/08-ig-creator-expansion-items.json#row=186""]",,,Video,False,https://www.instagram.com/_rania.haggag_/,"[""designer_spend"", ""old_money"", ""purchase_trigger""]",adjacent_fashion_or_other,lexical screening of creator caption/transcript; review source before bag-specific claims,not_available,2026-09-11,9,5
ig:DK2Bg2ERrgc,instagram,https://www.instagram.com/p/DK2Bg2ERrgc/,"Little Luxuries part 7 featuring 

Comment Hose to get a link!

@hello_goodland 
@cometeer 
@bose 

#design #productdesign #littleluxuries",,calebulf,2025-06-13T14:21:33.000Z,31183,208,1293256,"[""08-ig-creator-expansion""]","[""raw/08-ig-creator-expansion-items.json#row=187""]",,,Video,False,https://www.instagram.com/calebulf/,[],adjacent_fashion_or_other,lexical screening of creator caption/transcript; review source before bag-specific claims,not_available,2026-09-11,15,3
ig:Db5ZekporKL,instagram,https://www.instagram.com/p/Db5ZekporKL/,Exclusive discount code on luxury bags #classyonabudget #luxurybags,,_rania.haggag_,2026-08-11T10:42:27.000Z,8,2,1979,"[""08-ig-creator-expansion""]","[""raw/08-ig-creator-expansion-items.json#row=188""]",,,Video,False,https://www.instagram.com/_rania.haggag_/,"[""designer_spend"", ""old_money"", ""purchase_trigger""]",handbag_context,lexical screening of creator caption/transcript; review source before bag-specific claims,not_available,2026-09-11,1,0
ig:Dc-CYhEy9Ti,instagram,https://www.instagram.com/p/Dc-CYhEy9Ti/,"4 Textures that should be on your radar for accessories 🤍

Comment TEXTURE and I’ll send links to my faves x",,annalise_salm,2026-09-07T02:28:52.000Z,334,117,13293,"[""08-ig-creator-expansion""]","[""raw/08-ig-creator-expansion-items.json#row=189""]",,,Video,False,https://www.instagram.com/annalise_salm/,[],adjacent_fashion_or_other,lexical screening of creator caption/transcript; review source before bag-specific claims,not_available,2026-09-11,15,0
ig:DcJq2XMoAzn,instagram,https://www.instagram.com/p/DcJq2XMoAzn/,💕,,_rania.haggag_,2026-08-17T18:22:11.000Z,52,2,2957,"[""08-ig-creator-expansion""]","[""raw/08-ig-creator-expansion-items.json#row=190""]",,,Video,False,https://www.instagram.com/_rania.haggag_/,[],adjacent_fashion_or_other,lexical screening of creator caption/transcript; review source before bag-specific claims,not_available,2026-09-11,1,1
ig:DdAU4zoyZFI,instagram,https://www.instagram.com/p/DdAU4zoyZFI/,If you’re looking for a 90s minimalist brand let me introduce you to your new go to @artlessforever,,annalise_salm,2026-09-08T00:19:31.000Z,-1,11,9154,"[""08-ig-creator-expansion""]","[""raw/08-ig-creator-expansion-items.json#row=191""]",,,Video,False,https://www.instagram.com/annalise_salm/,[],adjacent_fashion_or_other,lexical screening of creator caption/transcript; review source before bag-specific claims,not_available,2026-09-11,6,0
ig:DdBRRCgz59J,instagram,https://www.instagram.com/p/DdBRRCgz59J/,"A tote, backpack and crossbody all in one.

Meet Bella Mini, the bag designed to move with your day.

#VESTIRSI",,shopvestirsi,2026-09-08T08:35:06.000Z,-1,0,2395,"[""08-ig-creator-expansion""]","[""raw/08-ig-creator-expansion-items.json#row=192""]",,,Video,False,https://www.instagram.com/shopvestirsi/,"[""work_polish"", ""travel_scale""]",handbag_context,lexical screening of creator caption/transcript; review source before bag-specific claims,not_available,2026-09-11,0,0
ig:DbyzTSQPAbz,instagram,https://www.instagram.com/p/DbyzTSQPAbz/,"Should work-life balance be prioritized? 💭

is a question I’ve been struggling with

Until I remembered that I’m living the life my younger self dreamed of, thanks to the sacrifices she’s made

So now, I continue to work hard for my future self, who gets to live our dream life 💌",,melissasollee,2026-08-08T21:27:55.000Z,1969,44,47320,"[""08-ig-creator-expansion""]","[""raw/08-ig-creator-expansion-items.json#row=193""]",,,Video,False,https://www.instagram.com/melissasollee/,[],adjacent_fashion_or_other,lexical screening of creator caption/transcript; review source before bag-specific claims,not_available,2026-09-11,15,8
ig:DcNu4NoICCu,instagram,https://www.instagram.com/p/DcNu4NoICCu/,Part 14 Your luxury bag dupes #luxurybags #classyonabudget,,_rania.haggag_,2026-08-19T08:14:26.000Z,70,1,10212,"[""08-ig-creator-expansion""]","[""raw/08-ig-creator-expansion-items.json#row=194""]",,,Video,False,https://www.instagram.com/_rania.haggag_/,"[""designer_spend"", ""old_money""]",handbag_context,lexical screening of creator caption/transcript; review source before bag-specific claims,not_available,2026-09-11,1,0
ig:DboMAsXgXg7,instagram,https://www.instagram.com/p/DboMAsXgXg7/,"Comment FALL to shop my wishlist 🤎 The best fall pieces are usually gone before the weather even cools down.

When I decide to invest in something, I almost always do it early. The pieces I wear the most—great knits, elevated jackets, timeless outerwear—are the first to sell out, especially in the most popular sizes.

These are just the first two additions to my fall wardrobe, and my wish list is definitely still growing. I’ve linked everything I’m currently eyeing if you’re already thinking about fall shopping too. 

#fallstyleinspo #wardrobeessentials #luxuryfashion #fallfashiontrends 
.
.
.
.
fall fashion 2026, fall wardrobe essentials, fall investment pieces, luxury wardrobe staples, The Row sweater, Rohe jacket, Net-a-Porter finds, Shopbop fall picks, timeless fall style, capsule wardrobe, elevated basics, fall shopping guide, luxury fashion, fall outfit ideas, cost per wear fashion",,wear_this_next,2026-08-04T18:20:30.000Z,640,2439,54073,"[""08-ig-creator-expansion""]","[""raw/08-ig-creator-expansion-items.json#row=195""]",,,Video,False,https://www.instagram.com/wear_this_next/,"[""designer_spend"", ""old_money"", ""outfit_upgrade"", ""logo_independence"", ""seasonal_woven"", ""travel_scale""]",adjacent_fashion_or_other,lexical screening of creator caption/transcript; review source before bag-specific claims,not_available,2026-09-11,75,0
ig:Dcsq-jJzR3S,instagram,https://www.instagram.com/p/Dcsq-jJzR3S/,"Woven Elena, for everything your day calls for.

#VESTIRSI",,shopvestirsi,2026-08-31T08:35:07.000Z,-1,2,2914,"[""08-ig-creator-expansion""]","[""raw/08-ig-creator-expansion-items.json#row=196""]",,,Video,False,https://www.instagram.com/shopvestirsi/,"[""seasonal_woven""]",adjacent_fashion_or_other,lexical screening of creator caption/transcript; review source before bag-specific claims,not_available,2026-09-11,1,0
ig:DdFqu35SXS_,instagram,https://www.instagram.com/p/DdFqu35SXS_/,"Office & edgy had a baby and it’s this outfit 🖤

Comment OUTFIT and I’ll send the links x",,annalise_salm,2026-09-10T01:36:11.000Z,-1,9,5158,"[""08-ig-creator-expansion""]","[""raw/08-ig-creator-expansion-items.json#row=197""]",,,Video,False,https://www.instagram.com/annalise_salm/,"[""outfit_upgrade"", ""work_polish"", ""travel_scale""]",adjacent_fashion_or_other,lexical screening of creator caption/transcript; review source before bag-specific claims,not_available,2026-09-11,6,3
ig:DcUJ3llotgZ,instagram,https://www.instagram.com/p/DcUJ3llotgZ/,The truth behind the lab grown vs natural diamond #jewellery #labgrowndiamonds,,_rania.haggag_,2026-08-21T20:05:53.000Z,330,42,41955,"[""08-ig-creator-expansion""]","[""raw/08-ig-creator-expansion-items.json#row=198""]",,,Video,False,https://www.instagram.com/_rania.haggag_/,[],adjacent_fashion_or_other,lexical screening of creator caption/transcript; review source before bag-specific claims,not_available,2026-09-11,15,13
ig:Dc77-yiyHO-,instagram,https://www.instagram.com/p/Dc77-yiyHO-/,"Cocktail party dress OF THE YEAR 🍸 @billy_j_boutique 

ad",,annalise_salm,2026-09-06T06:55:18.000Z,-1,17,92934,"[""08-ig-creator-expansion""]","[""raw/08-ig-creator-expansion-items.json#row=199""]",,,Video,False,https://www.instagram.com/annalise_salm/,"[""outfit_upgrade""]",adjacent_fashion_or_other,lexical screening of creator caption/transcript; review source before bag-specific claims,not_available,2026-09-11,9,1
ig:Dc3AWSxT5U9,instagram,https://www.instagram.com/p/Dc3AWSxT5U9/,"Carry-on meets carry-all.

The Bella 3-in-1 via @olgaudovina 

#VESTIRSI",,shopvestirsi,2026-09-04T08:55:06.000Z,-1,2,4698,"[""08-ig-creator-expansion""]","[""raw/08-ig-creator-expansion-items.json#row=200""]",,,Video,False,https://www.instagram.com/shopvestirsi/,"[""euro_trip"", ""travel_scale""]",adjacent_fashion_or_other,lexical screening of creator caption/transcript; review source before bag-specific claims,not_available,2026-09-11,1,0
ig:DdEvhJquv3N,instagram,https://www.instagram.com/p/DdEvhJquv3N/,"If you love Chanel and Dior, you NEED this dress in your collection, classic elegance at its best.

Love the black and white color-blocking. It so dramatic yet beautifully timeless. Paired it with a minimal clutch and slingback heels for #nyfw2026 Day 1 

Everything is linked on my ShopMy, or comment ‘ELEGANT’ and I’ll send you the links on DM.

Don’t forget to follow if you love discovering chic, timeless pieces before everyone else does.",,jasminapuri,2026-09-09T16:58:37.000Z,167,147,15142,"[""08-ig-creator-expansion""]","[""raw/08-ig-creator-expansion-items.json#row=202""]",,,Video,False,https://www.instagram.com/jasminapuri/,"[""new_brand"", ""old_money"", ""outfit_upgrade""]",adjacent_fashion_or_other,lexical screening of creator caption/transcript; review source before bag-specific claims,not_available,2026-09-11,15,1
ig:DcwKBp-zayN,instagram,https://www.instagram.com/p/DcwKBp-zayN/,"Quiet luxury by the sea 🌊

Navy and white is a combination I will never get tired of, and I was so happy when @rue__sophie came out with this colorway of the Panier skirt. It’s my most-recommended skirt for personal styling clients, and at this point I own it in every color because it really is that good.

Paired it here with this @destree bag I get stopped to ask about every single time I wear it. This look was classic coastal elegance at its best.

Comment ‘ELEGANT’ and I’ll send you the links on DM

Follow along for more minimal, elegant outfit ideas",,jasminapuri,2026-09-01T17:05:54.000Z,143,39,8810,"[""08-ig-creator-expansion""]","[""raw/08-ig-creator-expansion-items.json#row=203""]",,,Video,False,https://www.instagram.com/jasminapuri/,"[""old_money"", ""outfit_upgrade"", ""logo_independence"", ""travel_scale""]",handbag_context,lexical screening of creator caption/transcript; review source before bag-specific claims,not_available,2026-09-11,23,1
ig:Dc-qKXfTcND,instagram,https://www.instagram.com/p/Dc-qKXfTcND/,"Behind the weave.

A step-by-step look at how every Woven bag is handcrafted in Italy.

#VESTIRSI",,shopvestirsi,2026-09-07T08:15:05.000Z,-1,2,1828,"[""08-ig-creator-expansion""]","[""raw/08-ig-creator-expansion-items.json#row=204""]",,,Video,False,https://www.instagram.com/shopvestirsi/,"[""quality_material"", ""seasonal_woven""]",handbag_context,lexical screening of creator caption/transcript; review source before bag-specific claims,not_available,2026-09-11,1,1
ig:DavUaDHuMxX,instagram,https://www.instagram.com/p/DavUaDHuMxX/,"How I saved $100k in two years ↓

1. 💄 No new makeup. I’m grateful to receive PR items too, but I say no new makeup to expand my collection, only to replace empty items

2. 🎮 No subscriptions services for entertainment or shopping. Recurring subscriptions can add up in the long term, so be selective with which ones you keep

3. 📱 No device or tech upgrades. I don’t need a new iPhone or MacBook every year, so no new devices until my current one stops working

#savingtips #personalfinance #budgeting101 #moneysavingtips",,melissasollee,2026-07-13T16:17:05.000Z,962,30,34070,"[""08-ig-creator-expansion""]","[""raw/08-ig-creator-expansion-items.json#row=205""]",,,Video,False,https://www.instagram.com/melissasollee/,"[""designer_spend""]",adjacent_fashion_or_other,lexical screening of creator caption/transcript; review source before bag-specific claims,not_available,2026-09-11,15,8
ig:Dc9YLzXTNFs,instagram,https://www.instagram.com/p/Dc9YLzXTNFs/,"Everything on this weeks list is 🤌🏼

Comment SHOPAHOLIC and I’ll send the links!",,annalise_salm,2026-09-06T20:19:59.000Z,278,122,17865,"[""08-ig-creator-expansion""]","[""raw/08-ig-creator-expansion-items.json#row=206""]",,,Video,False,https://www.instagram.com/annalise_salm/,[],adjacent_fashion_or_other,lexical screening of creator caption/transcript; review source before bag-specific claims,not_available,2026-09-11,15,1
ig:DcpF3cVzveA,instagram,https://www.instagram.com/p/DcpF3cVzveA/,"views in Cali 🤩 

#california #sandiego #losangeles #travel #hollywood",,shezzy.jpeg,2026-08-29T23:15:06.000Z,0,1,163,"[""08-ig-creator-expansion""]","[""raw/08-ig-creator-expansion-items.json#row=207""]",,,Video,False,https://www.instagram.com/shezzy.jpeg/,"[""euro_trip"", ""travel_scale""]",adjacent_fashion_or_other,lexical screening of creator caption/transcript; review source before bag-specific claims,not_available,2026-09-11,1,1
ig:DcBtGv0uGnj,instagram,https://www.instagram.com/p/DcBtGv0uGnj/,"One of my favorite little things. Dare I even say, a little luxury? 

Comment “dishcloth” and I’ll send you my favs.",,calebulf,2026-08-14T16:12:54.000Z,542,314,43048,"[""08-ig-creator-expansion""]","[""raw/08-ig-creator-expansion-items.json#row=208""]",,,Video,False,https://www.instagram.com/calebulf/,[],adjacent_fashion_or_other,lexical screening of creator caption/transcript; review source before bag-specific claims,not_available,2026-09-11,100,2
ig:Db8C8N0IL7x,instagram,https://www.instagram.com/p/Db8C8N0IL7x/,Luxury watches dupes for summer 2026 #classyonabudget,,_rania.haggag_,2026-08-12T11:23:16.000Z,151,6,21578,"[""08-ig-creator-expansion""]","[""raw/08-ig-creator-expansion-items.json#row=209""]",,,Video,False,https://www.instagram.com/_rania.haggag_/,"[""designer_spend"", ""old_money"", ""seasonal_woven""]",adjacent_fashion_or_other,lexical screening of creator caption/transcript; review source before bag-specific claims,not_available,2026-09-11,2,2
ig:DcwAVDVIBtk,instagram,https://www.instagram.com/p/DcwAVDVIBtk/,Which team are you Rolex or Omega #luxurywatches #classyonabudget,,_rania.haggag_,2026-09-01T15:42:17.000Z,856,47,91863,"[""08-ig-creator-expansion""]","[""raw/08-ig-creator-expansion-items.json#row=210""]",,,Video,False,https://www.instagram.com/_rania.haggag_/,"[""designer_spend"", ""old_money""]",adjacent_fashion_or_other,lexical screening of creator caption/transcript; review source before bag-specific claims,not_available,2026-09-11,15,9
ig:DbptyvPzNi3,instagram,https://www.instagram.com/p/DbptyvPzNi3/,The lab-grown diamond brand I’d be paying attention to @laoribeli 💎✨ #FineJewellery #LabGrownDiamonds #Jewellery #luxurystyle,,catspanti,2026-08-05T08:32:28.000Z,-1,47,106721,"[""08-ig-creator-expansion""]","[""raw/08-ig-creator-expansion-items.json#row=211""]",,,Video,False,https://www.instagram.com/catspanti/,"[""designer_spend"", ""outfit_upgrade""]",adjacent_fashion_or_other,lexical screening of creator caption/transcript; review source before bag-specific claims,not_available,2026-09-11,42,14
ig:Db4F-oKvSdc,instagram,https://www.instagram.com/p/Db4F-oKvSdc/,"Feathers, jewels and shoes this week! STATEMENT for the links #styleinspo #summeroutfits #styleguide #whatsinmycart #styleseries",,catspanti,2026-08-10T22:33:18.000Z,9008,4308,178112,"[""08-ig-creator-expansion""]","[""raw/08-ig-creator-expansion-items.json#row=212""]",,,Video,False,https://www.instagram.com/catspanti/,"[""outfit_upgrade"", ""seasonal_woven"", ""travel_scale""]",adjacent_fashion_or_other,lexical screening of creator caption/transcript; review source before bag-specific claims,not_available,2026-09-11,15,0
ig:DbopI80TuC2,instagram,https://www.instagram.com/p/DbopI80TuC2/,"Designer logos don’t always mean chic. Do you think they’re over, or just being rewritten? #designerlogo #designerbag #gucci #hermes #designerfashion",,catspanti,2026-08-04T22:38:35.000Z,-1,46,130317,"[""08-ig-creator-expansion""]","[""raw/08-ig-creator-expansion-items.json#row=213""]",,,Video,False,https://www.instagram.com/catspanti/,"[""outfit_upgrade"", ""logo_independence""]",handbag_context,lexical screening of creator caption/transcript; review source before bag-specific claims,not_available,2026-09-11,31,24
ig:DbRVUGQTkzS,instagram,https://www.instagram.com/p/DbRVUGQTkzS/,"Things that caught my eye last week in New York 🎥

#newyork #newyorkcity #manhattan #nyc",,shezzy.jpeg,2026-07-26T21:17:14.000Z,32,1,868,"[""08-ig-creator-expansion""]","[""raw/08-ig-creator-expansion-items.json#row=214""]",,,Video,False,https://www.instagram.com/shezzy.jpeg/,[],adjacent_fashion_or_other,lexical screening of creator caption/transcript; review source before bag-specific claims,not_available,2026-09-11,1,0
ig:Dbj8V3Xzy-g,instagram,https://www.instagram.com/p/Dbj8V3Xzy-g/,"Zendaya and Law Roach just rewrote the rules of Hollywood marketing 

@zendaya @luxurylaw 

#zendaya #lawroach #theodyssey #popculture #marketing",,shezzy.jpeg,2026-08-03T02:44:09.000Z,110,0,4169,"[""08-ig-creator-expansion""]","[""raw/08-ig-creator-expansion-items.json#row=215""]",,,Video,False,https://www.instagram.com/shezzy.jpeg/,"[""markup_skepticism""]",adjacent_fashion_or_other,lexical screening of creator caption/transcript; review source before bag-specific claims,not_available,2026-09-11,0,0
ig:DckEvBUzcLi,instagram,https://www.instagram.com/p/DckEvBUzcLi/,"Part 2, more bags to help you level up 📈 all bags linked in my bio 

#mensfashion #mensbags #styletips #bagsformen #styleinspo 

@pearledivory @cosstores @fivefourfive @coach",,shezzy.jpeg,2026-08-28T00:28:53.000Z,81,6,5469,"[""08-ig-creator-expansion""]","[""raw/08-ig-creator-expansion-items.json#row=216""]",,,Video,False,https://www.instagram.com/shezzy.jpeg/,"[""outfit_upgrade"", ""social_judgment""]",handbag_context,lexical screening of creator caption/transcript; review source before bag-specific claims,not_available,2026-09-11,5,4
ig:DbZIHKuTkSY,instagram,https://www.instagram.com/p/DbZIHKuTkSY/,The Aussie cool girls were onto this one early - comment SWIM for the links #styleguide #summerfashion #resortwear #styleinspo #summerstyle,,catspanti,2026-07-29T21:56:27.000Z,-1,1122,111389,"[""08-ig-creator-expansion""]","[""raw/08-ig-creator-expansion-items.json#row=217""]",,,Video,False,https://www.instagram.com/catspanti/,"[""outfit_upgrade"", ""seasonal_woven""]",adjacent_fashion_or_other,lexical screening of creator caption/transcript; review source before bag-specific claims,not_available,2026-09-11,15,1
ig:Dc5gmt-zDzR,instagram,https://www.instagram.com/p/Dc5gmt-zDzR/,"Our founders most trusted travel companion.

2 ways to wear, tote or backpack. Meet the Woven Bella.

#VESTIRSI",,shopvestirsi,2026-09-05T08:15:09.000Z,-1,6,4633,"[""08-ig-creator-expansion""]","[""raw/08-ig-creator-expansion-items.json#row=218""]",,,Video,False,https://www.instagram.com/shopvestirsi/,"[""founder"", ""euro_trip"", ""seasonal_woven"", ""work_polish"", ""travel_scale""]",handbag_context,lexical screening of creator caption/transcript; review source before bag-specific claims,not_available,2026-09-11,3,1
ig:DcvV-28BFWQ,instagram,https://www.instagram.com/p/DcvV-28BFWQ/,"Plans change, Woven Bella adapts.

Our founder shares how she’s styling hers this week.

#VESTIRSI",,shopvestirsi,2026-09-01T09:30:05.000Z,-1,2,4972,"[""08-ig-creator-expansion""]","[""raw/08-ig-creator-expansion-items.json#row=219""]",,,Video,False,https://www.instagram.com/shopvestirsi/,"[""founder"", ""seasonal_woven""]",adjacent_fashion_or_other,lexical screening of creator caption/transcript; review source before bag-specific claims,not_available,2026-09-11,1,1
ig:DWmvHcVAQla,instagram,https://www.instagram.com/p/DWmvHcVAQla/,"The only pieces you need this spring to build a city capsule wardrobe

Rue Sophie does quiet elegance better than most brands three times the price. Everything is interchangeable, nothing is wasted.

Use my code JASMINA15 - Full edit linked on my ShopMy.

#springcapsulewardrobe #quietluxury #capsulewardrobe #minimalistfashion #nycstyle",,jasminapuri,2026-04-01T22:09:00.000Z,399,66,53741,"[""08-ig-creator-expansion""]","[""raw/08-ig-creator-expansion-items.json#row=220""]",,,Video,False,https://www.instagram.com/jasminapuri/,"[""designer_spend"", ""old_money"", ""outfit_upgrade"", ""logo_independence""]",adjacent_fashion_or_other,lexical screening of creator caption/transcript; review source before bag-specific claims,not_available,2026-09-11,64,6
ig:DS5aU7XDv7U,instagram,https://www.instagram.com/p/DS5aU7XDv7U/,"Non-designer handbags that feel truly luxury 🤍

If you love the look and quality of designer bags but don’t want to pay the price, these are the styles I’d invest in right now. Timeless shapes, beautiful leather, and pieces that elevate everyday outfits without feeling flashy.

Save this if you’re building a considered, long-term wardrobe.

Shop the pieces via my links",,jasminapuri,2025-12-30T18:09:00.000Z,5648,886,552907,"[""08-ig-creator-expansion""]","[""raw/08-ig-creator-expansion-items.json#row=221""]",,,Video,False,https://www.instagram.com/jasminapuri/,"[""designer_spend"", ""old_money"", ""outfit_upgrade"", ""quality_material"", ""travel_scale""]",handbag_context,lexical screening of creator caption/transcript; review source before bag-specific claims,not_available,2026-09-11,100,10
ig:Dbj-Fl1z_oR,instagram,https://www.instagram.com/p/Dbj-Fl1z_oR/,"Zendaya and Law Roach just rewrote the rules of Hollywood marketing 

@zendaya @luxurylaw 

#zendaya #lawroach #theodyssey #spidermanfarfromhome #popculture",,shezzy.jpeg,2026-08-03T02:59:01.000Z,23,0,2121,"[""08-ig-creator-expansion""]","[""raw/08-ig-creator-expansion-items.json#row=222""]",,,Video,False,https://www.instagram.com/shezzy.jpeg/,"[""markup_skepticism""]",adjacent_fashion_or_other,lexical screening of creator caption/transcript; review source before bag-specific claims,not_available,2026-09-11,0,0
ig:DdIWzdeT1NY,instagram,https://www.instagram.com/p/DdIWzdeT1NY/,"When a brand has all the resources in the world it’s disappointing to see them choose to go the basic route. I was expecting a bit more 👀 

#fashion #aritzia #mensfashion #marketing #fallfashion 

@aritzia",,shezzy.jpeg,2026-09-11T02:39:21.000Z,9,0,1302,"[""08-ig-creator-expansion""]","[""raw/08-ig-creator-expansion-items.json#row=223""]",,,Video,False,https://www.instagram.com/shezzy.jpeg/,"[""markup_skepticism"", ""logo_independence"", ""seasonal_woven""]",adjacent_fashion_or_other,lexical screening of creator caption/transcript; review source before bag-specific claims,not_available,2026-09-11,0,0
ig:Dc1TJz7uvpb,instagram,https://www.instagram.com/p/Dc1TJz7uvpb/,"If you love Brunello Cucinelli and Loro Piana, you NEED this outfit for September, quite luxury at its best. 

Love the natural tones in linen. A minimal, beautifully made, and effortlessly elevated look, perfect for this transitional season.

Everything is linked on my ShopMy, or comment ‘NEUTRALS’ and I’ll send you the links on DM.

Don’t forget to follow if you love discovering chic brands before everyone else does.",,jasminapuri,2026-09-03T17:01:58.000Z,4619,2998,224571,"[""08-ig-creator-expansion""]","[""raw/08-ig-creator-expansion-items.json#row=224""]",,,Video,False,https://www.instagram.com/jasminapuri/,"[""new_brand"", ""outfit_upgrade"", ""seasonal_woven"", ""travel_scale""]",adjacent_fashion_or_other,lexical screening of creator caption/transcript; review source before bag-specific claims,not_available,2026-09-11,100,1
ig:DcUTUMCSU1w,instagram,https://www.instagram.com/p/DcUTUMCSU1w/,"Product vs Marketing: coffee makers 

Comment coffee for a link to my favs",,calebulf,2026-08-21T21:28:21.000Z,3504,632,202939,"[""08-ig-creator-expansion""]","[""raw/08-ig-creator-expansion-items.json#row=225""]",,,Video,False,https://www.instagram.com/calebulf/,"[""markup_skepticism""]",adjacent_fashion_or_other,lexical screening of creator caption/transcript; review source before bag-specific claims,not_available,2026-09-11,15,2
ig:DcKi1vUzmJ7,instagram,https://www.instagram.com/p/DcKi1vUzmJ7/,"put away your backpack, here are some options worth switching to that won’t make you go broke 

#mensfashion #mensbags #styletips #bagsformen #styleinspo 

@cole_buxton @representclo @onequince @maisonsimons @simonshomme @massimodutti",,shezzy.jpeg,2026-08-18T02:34:21.000Z,2790,44,78042,"[""08-ig-creator-expansion""]","[""raw/08-ig-creator-expansion-items.json#row=226""]",,,Video,False,https://www.instagram.com/shezzy.jpeg/,"[""designer_spend"", ""outfit_upgrade"", ""social_judgment"", ""work_polish"", ""travel_scale""]",handbag_context,lexical screening of creator caption/transcript; review source before bag-specific claims,not_available,2026-09-11,15,7
ig:DcIzDS0oTi4,instagram,https://www.instagram.com/p/DcIzDS0oTi4/,Things doesn’t worth your money #classyonabudget #stylingtips,,_rania.haggag_,2026-08-17T10:15:38.000Z,74,4,6024,"[""08-ig-creator-expansion""]","[""raw/08-ig-creator-expansion-items.json#row=227""]",,,Video,False,https://www.instagram.com/_rania.haggag_/,"[""designer_spend"", ""old_money""]",adjacent_fashion_or_other,lexical screening of creator caption/transcript; review source before bag-specific claims,not_available,2026-09-11,3,2
ig:DbHJHjUSulH,instagram,https://www.instagram.com/p/DbHJHjUSulH/,Furry fun things in the cart this week! Comment SHOP for the links #styleinspo #styleguide #fauxfur #summeroutfits #designerbag,,catspanti,2026-07-22T22:17:53.000Z,1331,2082,60319,"[""08-ig-creator-expansion""]","[""raw/08-ig-creator-expansion-items.json#row=228""]",,,Video,False,https://www.instagram.com/catspanti/,"[""outfit_upgrade"", ""seasonal_woven"", ""travel_scale""]",adjacent_fashion_or_other,lexical screening of creator caption/transcript; review source before bag-specific claims,not_available,2026-09-11,11,0
ig:DbmEXXezBNo,instagram,https://www.instagram.com/p/DbmEXXezBNo/,Everything I Want To Buy and it all happens to be colour!?? Comment COLOUR for the links #styleinspo #summeroutfits #maximalist #styleguide #whatsinmycart,,catspanti,2026-08-03T22:33:56.000Z,9168,10303,249277,"[""08-ig-creator-expansion""]","[""raw/08-ig-creator-expansion-items.json#row=229""]",,,Video,False,https://www.instagram.com/catspanti/,"[""outfit_upgrade"", ""seasonal_woven"", ""travel_scale""]",adjacent_fashion_or_other,lexical screening of creator caption/transcript; review source before bag-specific claims,not_available,2026-09-11,15,0
ig:Da2D2vVTHaw,instagram,https://www.instagram.com/p/Da2D2vVTHaw/,"The luxury I refuse to skip. No matter where the day takes me, one ritual comes with me. Lately, it’s been the new Absolue Longevity MD Intercept range from @lancomeofficial. 

Powered by a breakthrough longevity supplement now in advanced skincare*, the range is designed to counter visible signs of aging boosting skin renewal, visibly restoring density, and enhancing glow. #ABSOLUELONGEVITYMD #LANCOMEABSOLUE #LANCOMEAU #LANCOMESKINCARE #AD
 
*Based on a 2026 IQVIA survey of 251 US longevity-focused physicians. Recommendation refers to Urolithin A in dietary supplement form.",,catspanti,2026-07-16T07:06:00.000Z,-1,47,13815,"[""08-ig-creator-expansion""]","[""raw/08-ig-creator-expansion-items.json#row=231""]",,,Video,True,https://www.instagram.com/catspanti/,[],adjacent_fashion_or_other,lexical screening of creator caption/transcript; review source before bag-specific claims,not_available,2026-09-11,24,9
ig:DdJg4lQOOAR,instagram,https://www.instagram.com/p/DdJg4lQOOAR/,Elegant vs vulgaire. What do you think ?,,connoisseurbyhugo,2026-09-11T13:26:16.000Z,0,0,58,"[""08-ig-creator-expansion""]","[""raw/08-ig-creator-expansion-items.json#row=232""]",,,Video,False,https://www.instagram.com/connoisseurbyhugo/,"[""old_money"", ""social_judgment""]",adjacent_fashion_or_other,lexical screening of creator caption/transcript; review source before bag-specific claims,not_available,2026-09-11,0,0
ig:DcpGu64TPGG,instagram,https://www.instagram.com/p/DcpGu64TPGG/,"views in California can’t be beat 

#california #losangeles #malibu #santamonicapier #travel",,shezzy.jpeg,2026-08-29T23:22:28.000Z,2,0,137,"[""08-ig-creator-expansion""]","[""raw/08-ig-creator-expansion-items.json#row=233""]",,,Video,False,https://www.instagram.com/shezzy.jpeg/,"[""euro_trip"", ""travel_scale""]",adjacent_fashion_or_other,lexical screening of creator caption/transcript; review source before bag-specific claims,not_available,2026-09-11,0,0
ig:DVw2w0gjiW8,instagram,https://www.instagram.com/p/DVw2w0gjiW8/,"If you love the understated elegance of The Row and Khaite, these brands should absolutely be on your radar.

Minimal, beautifully made, and incredibly versatile. All my favorite pieces are linked in my ShopMy

Follow along if you love discovering chic brands before everyone else does.

#minimalstyle #quietluxury #fashioninsider #minimalfashion #luxurywardrobe",,jasminapuri,2026-03-11T23:57:17.000Z,2692,133,148159,"[""08-ig-creator-expansion""]","[""raw/08-ig-creator-expansion-items.json#row=234""]",,,Video,False,https://www.instagram.com/jasminapuri/,"[""new_brand"", ""old_money"", ""outfit_upgrade"", ""logo_independence""]",adjacent_fashion_or_other,lexical screening of creator caption/transcript; review source before bag-specific claims,not_available,2026-09-11,82,39
ig:Dc8u26Kue8m,instagram,https://www.instagram.com/p/Dc8u26Kue8m/,"Goodbye summer and Hello September 🤍

A recap of the best looks of the season. I tried to play a little more with color and loved incorporating it into my classic linen neutral styles and my basic white tees. Now I can’t wait for fall fashion.

Let me know which look was your favorite!

Comment ‘BEST LOOKS’ and I’ll send you links to every piece from this reel.

Follow along for more style inspiration as we head into fall.",,jasminapuri,2026-09-06T14:22:36.000Z,315,123,15942,"[""08-ig-creator-expansion""]","[""raw/08-ig-creator-expansion-items.json#row=235""]",,,Video,False,https://www.instagram.com/jasminapuri/,"[""old_money"", ""outfit_upgrade"", ""logo_independence"", ""seasonal_woven""]",adjacent_fashion_or_other,lexical screening of creator caption/transcript; review source before bag-specific claims,not_available,2026-09-11,15,0
ig:Dc8N_O1zScm,instagram,https://www.instagram.com/p/Dc8N_O1zScm/,"The overachiever of the office.

Bella Mini 3-in-1 takes you from desk to dinner and everywhere in between.

#VESTIRSI",,shopvestirsi,2026-09-06T09:30:05.000Z,-1,0,2583,"[""08-ig-creator-expansion""]","[""raw/08-ig-creator-expansion-items.json#row=236""]",,,Video,False,https://www.instagram.com/shopvestirsi/,"[""work_polish""]",adjacent_fashion_or_other,lexical screening of creator caption/transcript; review source before bag-specific claims,not_available,2026-09-11,0,0
ig:DczuSqbSo_F,instagram,https://www.instagram.com/p/DczuSqbSo_F/,"Petition for green to be the colour of spring 🌿 wearing @marttini_bylana 

ad",,annalise_salm,2026-09-03T02:21:26.000Z,-1,31,10531,"[""08-ig-creator-expansion""]","[""raw/08-ig-creator-expansion-items.json#row=237""]",,,Video,False,https://www.instagram.com/annalise_salm/,[],adjacent_fashion_or_other,lexical screening of creator caption/transcript; review source before bag-specific claims,not_available,2026-09-11,15,5
ig:DcgtA1yuAAv,instagram,https://www.instagram.com/p/DcgtA1yuAAv/,"Quiet luxury done right 🖤 Wore this out to dinner and 4 people stopped me to ask where the top was from. 

Love the plunge neckline paired with the perfect wide-leg linen pants by @brochuwalker. Probably one of the most ‘me’ outfits I’ve worn all season 

Comment ‘MONOCHROMATIC’ and I’ll send you the links on DM",,jasminapuri,2026-08-26T17:03:31.000Z,353,211,21956,"[""08-ig-creator-expansion""]","[""raw/08-ig-creator-expansion-items.json#row=238""]",,,Video,False,https://www.instagram.com/jasminapuri/,"[""old_money"", ""outfit_upgrade"", ""logo_independence"", ""seasonal_woven"", ""travel_scale""]",adjacent_fashion_or_other,lexical screening of creator caption/transcript; review source before bag-specific claims,not_available,2026-09-11,15,0
ig:DcbjZSquK3Q,instagram,https://www.instagram.com/p/DcbjZSquK3Q/,"This has been my go-to routine this summer. Sheer coverage that looks like my skin but just a little better, dewy, glowy, and with a little definition

I’ve absolutely been loving the ILIA Skin Tint as my base it has SPF 40, which makes it perfect for protecting my skin from the sun, and it’s packed with skincare ingredients

Comment DEWY MAKEUP and I’ll send you the direct links to all the products",,jasminapuri,2026-08-24T17:12:58.000Z,102,54,13047,"[""08-ig-creator-expansion""]","[""raw/08-ig-creator-expansion-items.json#row=239""]",,,Video,False,https://www.instagram.com/jasminapuri/,"[""seasonal_woven"", ""travel_scale""]",adjacent_fashion_or_other,lexical screening of creator caption/transcript; review source before bag-specific claims,not_available,2026-09-11,15,1
ig:DcsoRENyRWD,instagram,https://www.instagram.com/p/DcsoRENyRWD/,"Visited the new @sheikeandco store at Indooroopilly today and got to try on some incredible pieces (I’m a sucker for suede at the moment) but also SHOOK with the white midi dress! 

Such a beautiful store, definitely give it a visit for a premium shopping experience 🤍 #sheike",,annalise_salm,2026-08-31T08:14:13.000Z,-1,8,20758,"[""08-ig-creator-expansion""]","[""raw/08-ig-creator-expansion-items.json#row=240""]",,,Video,False,https://www.instagram.com/annalise_salm/,"[""outfit_upgrade"", ""quality_material""]",adjacent_fashion_or_other,lexical screening of creator caption/transcript; review source before bag-specific claims,not_available,2026-09-11,4,2
ig:DcwiI4yz7ty,instagram,https://www.instagram.com/p/DcwiI4yz7ty/,"The test I give each eventwear piece over $300 to see if it’s worth buying over hiring! 

Which ones past the test for you? 

Comment EVENT and I’ll send the links to these ones x",,annalise_salm,2026-09-01T20:40:04.000Z,-1,85,18823,"[""08-ig-creator-expansion""]","[""raw/08-ig-creator-expansion-items.json#row=241""]",,,Video,False,https://www.instagram.com/annalise_salm/,"[""designer_spend"", ""purchase_trigger""]",adjacent_fashion_or_other,lexical screening of creator caption/transcript; review source before bag-specific claims,not_available,2026-09-11,14,1
ig:DcrXZl9zQKa,instagram,https://www.instagram.com/p/DcrXZl9zQKa/,Everything on this weeks list 🤌🏼 you know the drill comment SHOPAHOLIC and I’ll send the links,,annalise_salm,2026-08-30T20:27:00.000Z,382,101,22069,"[""08-ig-creator-expansion""]","[""raw/08-ig-creator-expansion-items.json#row=242""]",,,Video,False,https://www.instagram.com/annalise_salm/,[],adjacent_fashion_or_other,lexical screening of creator caption/transcript; review source before bag-specific claims,not_available,2026-09-11,15,2
ig:Dco0cJ6S-vp,instagram,https://www.instagram.com/p/Dco0cJ6S-vp/,"Mini dresses that I actually adore 😏

Comment MINI and I’ll send the links",,annalise_salm,2026-08-29T20:43:27.000Z,2567,854,85532,"[""08-ig-creator-expansion""]","[""raw/08-ig-creator-expansion-items.json#row=243""]",,,Video,False,https://www.instagram.com/annalise_salm/,"[""outfit_upgrade""]",adjacent_fashion_or_other,lexical screening of creator caption/transcript; review source before bag-specific claims,not_available,2026-09-11,15,1
ig:DcMGjF6uOGd,instagram,https://www.instagram.com/p/DcMGjF6uOGd/,"Basics don’t need to be boring — Part 14

A little black dress can feel so predictable but little details like the drop-waist ruffle hem detail on this one can completely transform the look and are proof that a dress this simple can still make an entrance. 

Comment ‘BLACK DRESS’ for more details. I have also linked everything on ShopMy.",,jasminapuri,2026-08-18T17:09:56.000Z,85,50,10257,"[""08-ig-creator-expansion""]","[""raw/08-ig-creator-expansion-items.json#row=244""]",,,Video,False,https://www.instagram.com/jasminapuri/,"[""outfit_upgrade"", ""logo_independence""]",adjacent_fashion_or_other,lexical screening of creator caption/transcript; review source before bag-specific claims,not_available,2026-09-11,15,0
ig:DcmMWyvyP54,instagram,https://www.instagram.com/p/DcmMWyvyP54/,"Do you actually have taste or are you just chasing the rat race of keeping up with trends? 

Having good taste in 2026 has nothing to do with knowing which trends are in and which are out. It’s something much harder than that.

It’s staying true to yourself despite the temptation. And right now that temptation is everywhere … in your feed, in your algorithm, in every “you need this” video telling you what to want next.

The most stylish women I know aren’t wearing the most current things. They’re wearing things they’re completely certain about. 

You already have it. You just have to stop letting the internet talk you out of it 🖤",,annalise_salm,2026-08-28T20:14:45.000Z,956,26,34680,"[""08-ig-creator-expansion""]","[""raw/08-ig-creator-expansion-items.json#row=245""]",,,Video,False,https://www.instagram.com/annalise_salm/,"[""outfit_upgrade"", ""social_judgment""]",adjacent_fashion_or_other,lexical screening of creator caption/transcript; review source before bag-specific claims,not_available,2026-09-11,15,9
ig:DcoDQVMqvdc,instagram,https://www.instagram.com/p/DcoDQVMqvdc/,"The beauty essentials I never travel without ☀️

Soaking up the last few days of summer, ft. my handbag must-haves. I’ve been loving @summerfridays lip butter balm to top off all my lip looks, and their perfume has been my signature scent for the season. A warm, light vanilla fragrance that’s perfect for both day and night

Comment ‘MUST HAVES’ and I’ll send you the links on DM",,jasminapuri,2026-08-29T13:32:29.000Z,175,31,14188,"[""08-ig-creator-expansion""]","[""raw/08-ig-creator-expansion-items.json#row=246""]",,,Video,False,https://www.instagram.com/jasminapuri/,"[""euro_trip"", ""seasonal_woven"", ""travel_scale""]",handbag_context,lexical screening of creator caption/transcript; review source before bag-specific claims,not_available,2026-09-11,15,1
ig:DbwXwijz5I9,instagram,https://www.instagram.com/p/DbwXwijz5I9/,The Fashion Girl’s Guide to Watches part 1: what’s worth the investment both vintage & current #watch #cartier #rolex #bvlgari #designerwatch,,catspanti,2026-08-07T22:37:15.000Z,-1,6,44352,"[""08-ig-creator-expansion""]","[""raw/08-ig-creator-expansion-items.json#row=247""]",,,Video,False,https://www.instagram.com/catspanti/,"[""designer_spend""]",adjacent_fashion_or_other,lexical screening of creator caption/transcript; review source before bag-specific claims,not_available,2026-09-11,6,4
ig:DcROrEZO6Tw,instagram,https://www.instagram.com/p/DcROrEZO6Tw/,"Adding some color into my summer wardrobe with these @laganinistudio trousers 💙

Stripes have been such a huge trend this season, and they’re a great way to introduce color and pattern into a look without it feeling overwhelming. I love the extra pop of color the turquoise necklace brings, it makes for such a chic summer look

Comment PANTS and I’ll send you the direct link

Follow for more classic, effortless pieces worth building a wardrobe around",,jasminapuri,2026-08-20T16:50:03.000Z,222,84,20137,"[""08-ig-creator-expansion""]","[""raw/08-ig-creator-expansion-items.json#row=248""]",,,Video,False,https://www.instagram.com/jasminapuri/,"[""designer_spend"", ""old_money"", ""euro_trip"", ""outfit_upgrade"", ""seasonal_woven"", ""travel_scale""]",adjacent_fashion_or_other,lexical screening of creator caption/transcript; review source before bag-specific claims,not_available,2026-09-11,15,0
ig:Dc_q3RPBd1b,instagram,https://www.instagram.com/p/Dc_q3RPBd1b/,"If you love the feminine elegance of Oscar de la Renta or Carolina Herrera, then you NEED this dress.

This is proof that color can be just as elegant as neutrals when it’s done right. The key is to not overload it with accessories and if you’re easing yourself into this, pair it with neutrals or shades within the same color palette.

Everything is linked on my ShopMy, or comment ‘ELEGANT’ and I’ll send you the links on DM.

Don’t forget to follow if you love classic, elegant pieces with a modern twist.",,jasminapuri,2026-09-07T17:41:23.000Z,179,217,14405,"[""08-ig-creator-expansion""]","[""raw/08-ig-creator-expansion-items.json#row=249""]",,,Video,False,https://www.instagram.com/jasminapuri/,"[""old_money"", ""outfit_upgrade""]",adjacent_fashion_or_other,lexical screening of creator caption/transcript; review source before bag-specific claims,not_available,2026-09-11,15,0
ig:Dc1oU-GyLKY,instagram,https://www.instagram.com/p/Dc1oU-GyLKY/,"for real jackets on a night out are so hard to style 🥲 but these are my main tips & tricks that save me on cooler nights out 🥂

Comment JACKET and I’ll send the links 🤍",,annalise_salm,2026-09-03T20:07:21.000Z,1605,315,41892,"[""08-ig-creator-expansion""]","[""raw/08-ig-creator-expansion-items.json#row=250""]",,,Video,False,https://www.instagram.com/annalise_salm/,"[""outfit_upgrade""]",adjacent_fashion_or_other,lexical screening of creator caption/transcript; review source before bag-specific claims,not_available,2026-09-11,14,0
ig:DczFfxOy6mx,instagram,https://www.instagram.com/p/DczFfxOy6mx/,Elevated & Classy going out tops 🍸 comment TOP and I’ll send the links to my faves,,annalise_salm,2026-09-02T20:24:44.000Z,516,366,22289,"[""08-ig-creator-expansion""]","[""raw/08-ig-creator-expansion-items.json#row=251""]",,,Video,False,https://www.instagram.com/annalise_salm/,"[""old_money"", ""outfit_upgrade""]",adjacent_fashion_or_other,lexical screening of creator caption/transcript; review source before bag-specific claims,not_available,2026-09-11,15,0
ig:DcJgEKquiXk,instagram,https://www.instagram.com/p/DcJgEKquiXk/,"Effortless Summer 🤍

This flowy slip maxi is everything I want to on hot summer evenings

comment SUMMER DRESS and I’ll send you the direct links

follow for more effortless, elevated everyday styles 🤍",,jasminapuri,2026-08-17T16:47:38.000Z,117,30,11461,"[""08-ig-creator-expansion""]","[""raw/08-ig-creator-expansion-items.json#row=252""]",,,Video,False,https://www.instagram.com/jasminapuri/,"[""outfit_upgrade"", ""seasonal_woven""]",adjacent_fashion_or_other,lexical screening of creator caption/transcript; review source before bag-specific claims,not_available,2026-09-11,15,0
ig:DcDvN_Do4YE,instagram,https://www.instagram.com/p/DcDvN_Do4YE/,The difference between both…,,_rania.haggag_,2026-08-15T11:06:04.000Z,40,2,14769,"[""08-ig-creator-expansion""]","[""raw/08-ig-creator-expansion-items.json#row=253""]",,,Video,False,https://www.instagram.com/_rania.haggag_/,[],adjacent_fashion_or_other,lexical screening of creator caption/transcript; review source before bag-specific claims,not_available,2026-09-11,1,0
ig:DceH-O5OX44,instagram,https://www.instagram.com/p/DceH-O5OX44/,"I love a great coord set when I’m on vacation and this one might be my favorite yet 🤍 it’s probably one of my most complimented summer looks ever 

Easy to wear, easy to pack and genuinely the best vacation look I own.

Comment SET and I’ll send you the direct links

Follow for more vacation pieces worth packing 🤍",,jasminapuri,2026-08-25T17:01:58.000Z,202,180,13313,"[""08-ig-creator-expansion""]","[""raw/08-ig-creator-expansion-items.json#row=254""]",,,Video,False,https://www.instagram.com/jasminapuri/,"[""designer_spend"", ""euro_trip"", ""social_judgment"", ""seasonal_woven"", ""travel_scale""]",adjacent_fashion_or_other,lexical screening of creator caption/transcript; review source before bag-specific claims,not_available,2026-09-11,1,0
ig:DdCMJfjBhRV,instagram,https://www.instagram.com/p/DdCMJfjBhRV/,"If you love The Row and Khaite you NEED this look - quiet, minimal neutrals in luxury fabrics. 

The silk-wool tailored shorts feels like off-duty ease but looks fully put together and of course the clutch is the best finishing touch for an easy day-to-night switch.

Comment ‘BASICS’ and I’ll send you the details. Everything is also linked on my ShopMy.

Follow if you love discovering chic, quiet-luxury pieces before everyone else does.",,jasminapuri,2026-09-08T17:10:53.000Z,65,35,5416,"[""08-ig-creator-expansion""]","[""raw/08-ig-creator-expansion-items.json#row=255""]",,,Video,False,https://www.instagram.com/jasminapuri/,"[""new_brand"", ""old_money"", ""outfit_upgrade"", ""quality_material"", ""logo_independence""]",adjacent_fashion_or_other,lexical screening of creator caption/transcript; review source before bag-specific claims,not_available,2026-09-11,15,0
ig:DcWKfE4uRaB,instagram,https://www.instagram.com/p/DcWKfE4uRaB/,"Vacation mode officially activated 🌊

Proof that beachwear can still feel put together. Love this cutout one piece with my tailored @una_lab shorts. The perfect look to transition from beach to lunch without changing anything

Comment BEACH and I’ll send you the direct link",,jasminapuri,2026-08-22T14:49:58.000Z,126,26,7946,"[""08-ig-creator-expansion""]","[""raw/08-ig-creator-expansion-items.json#row=256""]",,,Video,False,https://www.instagram.com/jasminapuri/,"[""euro_trip"", ""outfit_upgrade""]",adjacent_fashion_or_other,lexical screening of creator caption/transcript; review source before bag-specific claims,not_available,2026-09-11,15,0
ig:DbB99LzyRMd,instagram,https://www.instagram.com/p/DbB99LzyRMd/,The resort collection and brand that’s been living rent-free in my head!!! Comment RESORT for the links #resortwear #summeroutfits #styleinspo #eurosummer #vacationstyle,,catspanti,2026-07-20T22:03:53.000Z,590,605,33508,"[""08-ig-creator-expansion""]","[""raw/08-ig-creator-expansion-items.json#row=257""]",,,Video,False,https://www.instagram.com/catspanti/,"[""euro_trip"", ""outfit_upgrade"", ""seasonal_woven"", ""travel_scale""]",adjacent_fashion_or_other,lexical screening of creator caption/transcript; review source before bag-specific claims,not_available,2026-09-11,15,0
ig:DctmVKyBzzd,instagram,https://www.instagram.com/p/DctmVKyBzzd/,"The pants I’ve been wearing on repeat. Paired them here with a few seasonal staples including a raffia belt and my go-to @loewe tank for the easiest weeknight dinner look

Comment STRIPES and I’ll send you the links on DM",,jasminapuri,2026-08-31T17:15:08.000Z,114,31,10008,"[""08-ig-creator-expansion""]","[""raw/08-ig-creator-expansion-items.json#row=258""]",,,Video,False,https://www.instagram.com/jasminapuri/,"[""euro_trip"", ""seasonal_woven"", ""travel_scale""]",adjacent_fashion_or_other,lexical screening of creator caption/transcript; review source before bag-specific claims,not_available,2026-09-11,15,1
ig:DccF8FiAFIx,instagram,https://www.instagram.com/p/DccF8FiAFIx/,"proof you don’t need a whole new wardrobe, just better statement pieces 🐆👜🍂 i curated a full shopmy edit of the statement pieces worth adding this fall, comment FALL FASHION and i’ll send it straight to your DMs ✨ #fallfashion #fashionreels #fashiontrends #styleinspo #outfitideas",,steffieinthecity,2026-08-24T22:07:54.000Z,2783,944,93597,"[""08-ig-creator-expansion""]","[""raw/08-ig-creator-expansion-items.json#row=259""]",,,Video,False,https://www.instagram.com/steffieinthecity/,"[""designer_spend"", ""outfit_upgrade"", ""seasonal_woven"", ""travel_scale""]",adjacent_fashion_or_other,lexical screening of creator caption/transcript; review source before bag-specific claims,not_available,2026-09-11,15,0
ig:DcRr654AS2N,instagram,https://www.instagram.com/p/DcRr654AS2N/,"your face deserves an everything shower too 🫧✨ no better way to reset than depuffing, extracting + hydrating your skin all in just 10 min!! and I FINALLY found this on sale but it’s only going on for the next few days 👀 comment GLOW and I’ll send the link straight to your DMs 💌 #facial #skincare #sharkninja #skincaretips #beautyreels @sharkbeauty",,steffieinthecity,2026-08-20T21:07:01.000Z,693,64,16573,"[""08-ig-creator-expansion""]","[""raw/08-ig-creator-expansion-items.json#row=260""]",,,Video,False,https://www.instagram.com/steffieinthecity/,"[""purchase_trigger""]",adjacent_fashion_or_other,lexical screening of creator caption/transcript; review source before bag-specific claims,not_available,2026-09-11,15,3
ig:DcjwJCzAquu,instagram,https://www.instagram.com/p/DcjwJCzAquu/,i simply cannot have my girls out here paying silk prices for polyester!!!,,steffieinthecity,2026-08-27T21:28:30.000Z,1428,40,28519,"[""08-ig-creator-expansion""]","[""raw/08-ig-creator-expansion-items.json#row=261""]",,,Video,False,https://www.instagram.com/steffieinthecity/,"[""designer_spend""]",adjacent_fashion_or_other,lexical screening of creator caption/transcript; review source before bag-specific claims,not_available,2026-09-11,15,8
ig:DceirRDgu_y,instagram,https://www.instagram.com/p/DceirRDgu_y/,"the reservation can wait, my concealer cannot 🤷‍♀️ comment GLAM & i’ll send everything i used straight to your DMs 💋 #relatable #makeupinspo #trending #grwm #makeupreels @rhode @colleenrothschild @diorbeauty @victoriabeckhambeauty @jouercosmetics @chanelbeauty @tower28 @westmanatelier @drdennisgross @makebeauty",,steffieinthecity,2026-08-25T20:56:32.000Z,862,73,27232,"[""08-ig-creator-expansion""]","[""raw/08-ig-creator-expansion-items.json#row=262""]",,,Video,False,https://www.instagram.com/steffieinthecity/,[],adjacent_fashion_or_other,lexical screening of creator caption/transcript; review source before bag-specific claims,not_available,2026-09-11,15,5
ig:DcMmDt9AVpc,instagram,https://www.instagram.com/p/DcMmDt9AVpc/,"matthieu blazy vibes, but make it under $500 🤏🏻🤏🏻 comment BAGS & i’ll send the links to both of these straight to your DMs 🐆🐆 #unboxing #handbag #affordablefashion #chanel #handbag",,steffieinthecity,2026-08-18T21:38:10.000Z,725,219,23939,"[""08-ig-creator-expansion""]","[""raw/08-ig-creator-expansion-items.json#row=263""]",,,Video,False,https://www.instagram.com/steffieinthecity/,"[""designer_spend""]",handbag_context,lexical screening of creator caption/transcript; review source before bag-specific claims,not_available,2026-09-11,100,11
ig:DcPNqGPADbB,instagram,https://www.instagram.com/p/DcPNqGPADbB/,the row taste 🤝 refusing to pay the row prices 🤏🏻🤏🏻 comment LUXE & i’ll send the links to all of these straight to your DMs 🤍 #quietluxury #fashionreels #therow #fashioninspo #fallfashion,,steffieinthecity,2026-08-19T22:03:23.000Z,1055,530,55487,"[""08-ig-creator-expansion""]","[""raw/08-ig-creator-expansion-items.json#row=264""]",,,Video,False,https://www.instagram.com/steffieinthecity/,"[""designer_spend"", ""logo_independence"", ""seasonal_woven""]",adjacent_fashion_or_other,lexical screening of creator caption/transcript; review source before bag-specific claims,not_available,2026-09-11,14,0
ig:DcmYotCgdMV,instagram,https://www.instagram.com/p/DcmYotCgdMV/,consider this your little black book of bags under $700 that look $$$$ 👀 comment LUXE and i’ll send the links to all of these straight to your DMs 🤍 #fashionreels #handbags #designerbags #baglover #affordablefashion @sabatier1947 @demellierlondon @manu_atelier @maisondesabre @veronicabeard @indigolush @alexisbittar @elleme @bembien @reh__studios @furla @jwpei_official,,steffieinthecity,2026-08-28T22:01:09.000Z,3766,2360,169077,"[""08-ig-creator-expansion""]","[""raw/08-ig-creator-expansion-items.json#row=265""]",,,Video,False,https://www.instagram.com/steffieinthecity/,"[""designer_spend"", ""european_style"", ""euro_trip""]",handbag_context,lexical screening of creator caption/transcript; review source before bag-specific claims,not_available,2026-09-11,15,0
ig:DcuCnEBg3DD,instagram,https://www.instagram.com/p/DcuCnEBg3DD/,"if u or a loved one are suffering from a case of the shoppies, talk to your doctor about attending the next @circavintageshow for the cure 👀 #vintagefashion #shopwithme #shopping #shoppingvlog #fashionreels",,steffieinthecity,2026-08-31T21:26:17.000Z,1064,60,27290,"[""08-ig-creator-expansion""]","[""raw/08-ig-creator-expansion-items.json#row=266""]",,,Video,False,https://www.instagram.com/steffieinthecity/,[],adjacent_fashion_or_other,lexical screening of creator caption/transcript; review source before bag-specific claims,not_available,2026-09-11,15,6
ig:Dct7l4XT_Xx,instagram,https://www.instagram.com/p/Dct7l4XT_Xx/,"Unique wedding guest dresses for best dressed 🤍🥂

Comment WEDDING and I’ll send the links",,annalise_salm,2026-08-31T20:21:40.000Z,2025,836,111340,"[""08-ig-creator-expansion""]","[""raw/08-ig-creator-expansion-items.json#row=267""]",,,Video,False,https://www.instagram.com/annalise_salm/,"[""outfit_upgrade""]",adjacent_fashion_or_other,lexical screening of creator caption/transcript; review source before bag-specific claims,not_available,2026-09-11,15,0
ig:DchHQdSgVPb,instagram,https://www.instagram.com/p/DchHQdSgVPb/,"the pre-fall starting lineup is STACKED 👜🍂🤎 and yes, I did some digging to find a few of the designer ones at much nicer price points 👀 comment BAGS and i’ll send you the full lineup + links 💌 #bagcollection #handbags #fallfashion #falltrends #fashionreels",,steffieinthecity,2026-08-26T20:53:22.000Z,567,111,22262,"[""08-ig-creator-expansion""]","[""raw/08-ig-creator-expansion-items.json#row=268""]",,,Video,False,https://www.instagram.com/steffieinthecity/,"[""designer_spend"", ""seasonal_woven""]",handbag_context,lexical screening of creator caption/transcript; review source before bag-specific claims,not_available,2026-09-11,15,1
ig:Dbq5AplRRSA,instagram,https://www.instagram.com/p/Dbq5AplRRSA/,"This top!!!! It’s perfect now and during the transition to fall!.Also, first time break up one of my fave matching sets.
✨Comment SHOP and I’ll send you the links! ✨
For sweater and pants use promo code: thechelseastandard_10

https://liketk.it/6kaYt #ltkcreator #commense #commensefam #commensereview #transitionalstyle",,thechelseastandard,2026-08-05T19:31:08.000Z,42,11,8817,"[""08-ig-creator-expansion""]","[""raw/08-ig-creator-expansion-items.json#row=269""]",,,Video,False,https://www.instagram.com/thechelseastandard/,"[""outfit_upgrade"", ""seasonal_woven"", ""purchase_trigger""]",adjacent_fashion_or_other,lexical screening of creator caption/transcript; review source before bag-specific claims,not_available,2026-09-11,9,2
